Year,DOI,ArticleNumber,FigId,FigNumber,Label,ImageType,ImageFileName,Width,Height,DriveFileId,Caption
2021,10.1109/VIS49827.2021.9623306,9623306,fig1,1,Figure 1:,F,vis_2021_9623306_fig_1.png,3475,975,1Jr8NwyjTryzLzL1_Gp9BXN4wwrfLVY_J,An example of a line chart automatically generalized to different display sizes. The algorithm preserves the various elements of the line chart based on their semantic importances at a given display size.
2021,10.1109/VIS49827.2021.9623306,9623306,fig2,2,Figure 2:,F,vis_2021_9623306_fig_2.png,2042,1042,19NLSLQ1P9EZlztj0N0d8qe6t7vf3qUQG,"Computing density. The entire multivariate line chart view is divided into n × m uniform cells and density at each cell is calculated to determine the number of elements visible within each cell area. Darker the square, higher the density."
2021,10.1109/VIS49827.2021.9623306,9623306,fig3,3,Figure 3:,F,vis_2021_9623306_fig_3.png,2000,617,1UjJY1RkjsDdcjlzX-qVcixHtvx0Jl_j5,"Left: Before elimination. Right: After elimination. Here, a few intermediate labels are removed as they are less important than other labels denoting start and end points as well as local maxima."
2021,10.1109/VIS49827.2021.9623306,9623306,fig4,4,Figure 4:,F,vis_2021_9623306_fig_4.png,2000,392,1QK7zOLke--dOz3nvx78nXXgjrbLyybZC,"Left: Before merging. Right: After merging. Here, the domain of the x-axis is updated to merge yearly tick marks to two-year intervals."
2021,10.1109/VIS49827.2021.9623327,9623327,fig1,1,Figure 1:,F,vis_2021_9623327_fig_1.png,2008,925,1bAOJ9Pd1y-j2WXj4HWPB-4T5kyR7n8a4,"A 3D visualization of a DEM region without cloud artifact removal, showing large spikes where the height of the land is incorrectly labelled with the height of a cloud."
2021,10.1109/VIS49827.2021.9623327,9623327,fig2,2,Figure 2:,F,vis_2021_9623327_fig_2.png,2008,1133,1_0ewp-g6cBeKU9Ox5Pxf_dxzsTFsncHf,Final cloud-free cinematic rendering of the Jakobshavn glacier used in the Atlas of a Changing Earth documentary.
2021,10.1109/VIS49827.2021.9623327,9623327,fig3,3,Figure 3:,F,vis_2021_9623327_fig_3.png,2000,1092,1ziXI_MMTSmqnp3QCxBi1bWhXjO0QaiJN,"Example showing the inputs (left, middle) used to output a hand-drawn mask (right) for one sample timestep. Top row shows individual strips, bottom row shows accumulated buildup of strips. Left column shows DEM data, middle column shows artificially shaded preview, right column shows resulting mask (repeated in both rows)."
2021,10.1109/VIS49827.2021.9623327,9623327,fig4,4,Figure 4:,F,vis_2021_9623327_fig_4.png,2008,958,1_1EVoB41avDipwRsEqEQqaHsGJnySAca,GLCM features for three main types of land covers.
2021,10.1109/VIS49827.2021.9623327,9623327,fig5,5,Figure 5:,F,vis_2021_9623327_fig_5.png,2008,642,1qJ2ytell_7CS3wuJ7MrQOsfX5FAly4DV,"The CloudFindr architecture, based on U-Net [14]."
2021,10.1109/VIS49827.2021.9623327,9623327,fig6,6,Figure 6:,F,vis_2021_9623327_fig_6.png,2008,483,1OqLFtGtKtR2pUMgAXKpnPFYwO7zcPBlv,"One example patch where it would be difficult for a casual observer to identify clouds, but the expert and machine learning prediction have closely-aligned results. From left to right: Input DEM patch, ground truth mask hand-drawn by an expert, confidence of prediction after ensemble voting, final thresholded predicted mask."
2021,10.1109/VIS49827.2021.9623327,9623327,fig7,7,Figure 7:,F,vis_2021_9623327_fig_7.png,2008,483,1CQz0pQSjUWORnwF5Em-YSNEC9o49Ee2k,Confusion matrix showing the success of the predictions after all processing.
2021,10.1109/VIS49827.2021.9623327,9623327,fig8,8,Figure 8:,F,vis_2021_9623327_fig_8.png,2008,2125,1OBlNR03iC5vCAm8MNaZi7cbJgLwzomvi,Images showing the same single frame of a final 3D render. Top: using no cloud mask. Middle: using cloud mask created via the method described here. Bottom: using masks created manually by a rotoscoping expert. Red boxes draw attention to areas with especially visible clouds; yellow boxes show that the clouds have been mostly removed; green boxes show that they have been entirely removed.
2021,10.1109/VIS49827.2021.9623303,9623303,fig1,1,Figure 1:,F,vis_2021_9623303_fig_1.png,1858,592,1WzYATtnECpqLj-jR4OtKOb9J0raBvcUS,Terminology used to describe rules. Using rule set generated on the diabetes data set as an example.
2021,10.1109/VIS49827.2021.9623303,9623303,fig2,2,Figure 2:,F,vis_2021_9623303_fig_2.png,3783,1408,1hiqYEGuh2DUyUkgW31bwUq4N5p5eyRJ_,"Part (1) includes four visual factors we identified that play a role in the process of human understanding a set of rules: a. Feature Alignment, b. Feature Ordering, and c. Rule Ordering which are strategies relevant to the Spatial Arrangement of predicates; d. Predicate Encoding includes the strategies of how to express the predicates in rules. Part (2) includes example combinations of different visual factors."
2021,10.1109/VIS49827.2021.9623303,9623303,fig3,3,Figure 3:,F,vis_2021_9623303_fig_3.png,1900,600,1-szWmBhtrVWgEw6Dt5iAwZSIKmFHD-8g,"Performance of Task 1. (A) shows the mean values and 95% CI of accuracy, time, and confidence. (B) shows the absolute effect size as well as the confidence interval of the comparison between aligned conditions (SA, GA, HA) with the baseline (SU)."
2021,10.1109/VIS49827.2021.9623303,9623303,fig4,4,Figure 4:,F,vis_2021_9623303_fig_4.png,1892,608,1s9QadWi_d1FO7dv7quBRwtS5BVpgnpd_,Task 2 Performance. (A) shows the mean values and 95% CI for each performance metric. (B) includes the absolute effect size and 95% CI compared with SU.
2021,10.1109/VIS49827.2021.9623323,9623323,fig1,1,Figure 1:,F,vis_2021_9623323_fig_1.png,3808,575,1UouBDUiBBFBq-OhSTsx6sxFEK7hX2-h3,"Gaussian kernel density estimation for a single impulse value ( \$m=512\$ bins, \$\sigma=0.2\$ ). lterated uniform (box”) filters [8,26] (red & dashed) underestimate the mode and overestimate the sides of the distribution. Deriche's [4,5] linear-time recursive filter approximation (blue) produces a pixel-perfect match to the true distribution (grey)."
2021,10.1109/VIS49827.2021.9623323,9623323,fig2,2,Figure 2:,F,vis_2021_9623323_fig_2.png,4158,1150,1nEngIzN19G1Rc08eFd2E2oI2lQ4VElqU,"1D estimation error for a single impulse. Error (plotted on a log scale) is measured as the maximum pixel error given a 100-pixel plot height. Box filters exhibit an oscillating pattern due to bandwidth quantization; the extended box method smooths these artifacts. Deriche approximation consistently produces lower error, typically with sub-pixel accuracy. Linear binning further reduces the error rate."
2021,10.1109/VIS49827.2021.9623323,9623323,fig3,3,Figure 3:,F,vis_2021_9623323_fig_3.png,4158,1175,1ESqGYfwSTzYuR7n7oisHvwL-zU_xQJAm,1D estimation error for Gentoo penguin body mass. Error (plotted on a log scale) is measured as the maximum pixel error given a 100-pixel plot height. Dashed gray lines indicate the normal reference density (NRD) heuristic for automatic bandwidth ( \$\sigma\$ ) selection [20]. The combination of linear binning and Deriche approximation consistently produces the most accurate estimates.
2021,10.1109/VIS49827.2021.9623323,9623323,fig4,4,Figure 4:,F,vis_2021_9623323_fig_4.png,2008,867,1INJ5LSHjnibKtFZ1bxfdcFf5jMw_ZEpP,"KDE of Gentoo penguin body mass ( \$m=512\$ bins, \$\sigma=50\$ ). Box filters tend to underestimate peaks and overestimate valleys, in some cases “eroding” local peaks (e.g., around 4.9k & 5.7k grams). Deriche approximation instead produces a pixel-perfect result."
2021,10.1109/VIS49827.2021.9623323,9623323,fig5,5,Figure 5:,F,vis_2021_9623323_fig_5.png,2008,683,1OfBwwI9cWvWD9KiMF_4Qktd-7Xn5Bht3,"Running time of 1D estimation on resampled penguin data ( \$m=512\$ bins). As n increases, the running time of the approximation methods is dominated by the \$O(n)\$ binning cost."
2021,10.1109/VIS49827.2021.9623323,9623323,fig6,6,Figure 6:,F,vis_2021_9623323_fig_6.png,4200,1242,13jSsM4yWB57NzwGsKBFRNq4yzUpnynAZ,"2D estimation error for car data. Error (on a log scale) is measured as the maximum pixel error given a 100-pixel plot height. Dashed gray lines indicate the NRD \$\sigma\$ value. With 512 bins and linear binning, the Deriche method results in sub-pixel accuracy at all sampled bandwidths."
2021,10.1109/VIS49827.2021.9623323,9623323,fig7,7,Figure 7:,F,vis_2021_9623323_fig_7.png,2008,1192,1GT958yGPCOGdFsNENjIFRL72Mn2JBAOC,"Running time of 2D estimation on car data, by bandwidth. At low bandwidths, Deriche's method is slightly slower due to more arithmetic operations. As the bandwidth increases, the box filters require larger grids, leading to longer running times."
2021,10.1109/VIS49827.2021.9623323,9623323,fig8,8,Figure 8:,F,vis_2021_9623323_fig_8.png,2008,2783,1aOg0iHE5JzZcjQySV9SE5Aa2oBrEWgoe,Heatmaps and contour plots of car data (miles per gallon vs. horsepower). Top: plots per density method. Bottom: contour lines per method overlaid to facilitate comparison. Deriche's approximation matches the precise density estimate. Box filter methods result in additional and/or missing contour lines and distorted shapes.
2021,10.1109/VIS49827.2021.9623268,9623268,fig1,1,Figure 1:,F,vis_2021_9623268_fig_1.png,2008,1158,1Iv4RIhYTZQru-NFLfj7DmgUxfzyeha_j,"Our Tug-of-War game environment. Two AI players, Friendly AI (left) and Enemy AI (right), play against each other on top and bottom lanes by making a decision every 30 second over time."
2021,10.1109/VIS49827.2021.9623268,9623268,fig2,2,Figure 2:,F,vis_2021_9623268_fig_2.png,2008,825,1GvYuPLsfSFfgjiMYWzcxzMOt9kjwHaDZ,AAR/AI Description form helps users systematically reason about AI’s decisions by answering a series of open-ended questions.
2021,10.1109/VIS49827.2021.9623268,9623268,fig3,3,Figure 3:,F,vis_2021_9623268_fig_3.png,4208,2000,1yYXtMokjnIE5CJmt8Fi2vGx0MsDRlES9,"Domain experts can analyze complex AI agents with our visual analytics tool that integrates the AAR/AI process at three different levels. A. They can start with episode-level analysis to determine which decision to further explore, then B. take a detailed look into each decision by following the two-step AAR/AI process to formalize their understanding of AI, and then C. dive into AI’s detailed reasoning process using the explanation that visualizes the AI’s reasoning as an interactive look-ahead tree. The tool consists of multiple views, and while the users exploring each view, the AAR/AI forms serve as guidance for their analysis."
2021,10.1109/VIS49827.2021.9623268,9623268,fig4,4,Figure 4:,F,vis_2021_9623268_fig_4.png,2008,1150,1vohxioA4uNTN6Pa-QpqiwjwycR-2kOps,"Explanation Tree for Decision Point #13 reveals a suspicious pattern in the AI’s reasoning: the first two actions were nearly identical (i.e., only 1 Marine difference), but they yielded completely different outcomes (i.e., 98.7% vs. 0.5% chance of win)."
2021,10.1109/VIS49827.2021.9623285,9623285,fig1,1,Figure 1:,F,vis_2021_9623285_fig_1.png,3817,2517,1MvNm5k1KnyFwks6xoUWY5FdpYCOQ-TgA,"The VAINE (Visualization and AI for Natural Experiments) system interface. The three main views–the Clusters view, the Average Treatment Effect view, and the Covariates view–enable analysts to estimate the effect size of the treatment on the outcome variable of interest. Interactive menu options can be used to adjust clusters, exclude outliers, and inspect covariates."
2021,10.1109/VIS49827.2021.9623285,9623285,fig2,2,Figure 2:,F,vis_2021_9623285_fig_2.png,2008,2375,1Pf6IXebM9LtpVsoNP4NyRNJQhGBaRypj,"After setting the number of clusters for a treatment and outcome pair, the clustering can be verified in the Covariates view."
2021,10.1109/VIS49827.2021.9623285,9623285,fig3,3,Figure 3:,F,vis_2021_9623285_fig_3.png,2008,700,1S-eIdpGHlyeXGWaHi_WAMs6xhNDsaos2,"Outliers identified in the Average Treatment Effect view can be excluded from analysis, updating the axes and ATE value."
2021,10.1109/VIS49827.2021.9623285,9623285,fig4,4,Figure 4:,F,vis_2021_9623285_fig_4.png,2008,2267,1SrFjkEQK-NWY6B9bZx3GMvaQf25yhZf3,"By inspecting the purple and lime clusters in greater detail, we can conclude that Lot Area has a stronger effect on Sale Price for smaller properties without a second floor."
2021,10.1109/VIS49827.2021.9623322,9623322,fig1,1,Figure 1:,F,vis_2021_9623322_fig_1.png,3808,967,1X83KT76HfIloLJ7PwIRGhHRDuvovt2H8,"Screenshots during the analysis of COVID-19 research articles about four different risk factors using an interactive DR system powered by deep learning with BERT. (a) With semantic interactions, the analyst can provide visual feedback regarding articles about different risk factors by directly manipulating the initial data projection. These interactions are then exploited to tune the DR model. (b) The resulting projection is updated by the human-steered model. However, the nonlinear model lacks explanations of the meaning of the clusters created. (c) Our proposed semantic explanation solution visualizes how the human-steered model directly manipulated the projection and why."
2021,10.1109/VIS49827.2021.9623322,9623322,fig2,2,Figure 2:,F,vis_2021_9623322_fig_2.png,2008,200,1cPUvc4pUUpkiH8_Df4ZcOPAOB04dElKN,"Interactive DR with SI in which analysts directly manipulate the projection to externalize their intents. Adapted from [14], [27]."
2021,10.1109/VIS49827.2021.9623322,9623322,fig3,3,Figure 3:,F,vis_2021_9623322_fig_3.png,2042,1008,1Bmw3JD2d5c0Jb2Aaqkj8dLx36mHwdkCn,Design rationale of SE.
2021,10.1109/VIS49827.2021.9623322,9623322,fig4,4,Figure 4:,F,vis_2021_9623322_fig_4.png,2008,333,1FZXrJXNzZVeaK5iMqWhGQ5LpXzZp78sW,Interactive DR pipeline with SE.
2021,10.1109/VIS49827.2021.9623322,9623322,fig5,5,Figure 5:,F,vis_2021_9623322_fig_5.png,2008,1100,1gmvUAlmplDGfd-RhpmsuIyA8a_jugg1p,"The visual interface of DeepSE, and Case Study 1."
2021,10.1109/VIS49827.2021.9623322,9623322,fig6,6,Figure 6:,F,vis_2021_9623322_fig_6.png,2008,892,1y0CLL_sRWj5NDVt88pOI5yG3ts86rsZL,Explanations of two clusters formed in Case Study 2.
2021,10.1109/VIS49827.2021.9623271,9623271,fig1,1,Figure 1:,F,vis_2021_9623271_fig_1.png,3050,1900,1YvdXCoElkURmoGKKZ_Lv3Y60mnBAREEB,"Complete visual interface for AdViCE. ①main visualization, ② filtering section, ③ model prediction range selector ④ confusion matrix, ⑤ feature range selector, ⑥ feature sub-column, ⑦ information toggles, ⑧ median value, ⑨ histogram bin, ⑩ set of counterfactual explanations, ⑪ sorting method"
2021,10.1109/VIS49827.2021.9623271,9623271,fig2,2,Figure 2:,F,vis_2021_9623271_fig_2.png,2008,708,1TL_dPtOyj6SVbyRZVfOomRKCgPOBj6nW,(a) Comparing distributions (b) Using parallel coordinates to observe trends (c) Highlighting common counterfactuals
2021,10.1109/VIS49827.2021.9623289,9623289,fig1,1,Figure 1:,F,vis_2021_9623289_fig_1.png,1908,417,1j-V6sGMQMT2WE_rsu53eIfiJBVldOLCO,"Our ML architecture for computing an outlier score for an image using a pre-trained CNN and our actively trained DRE-based model. We highlight the two vector latent representations of interest, \$\boldsymbol{z}_{\boldsymbol{i}}\$ and \$\boldsymbol{d}_{\boldsymbol{i}}\$ , which are compared in our user study."
2021,10.1109/VIS49827.2021.9623289,9623289,fig2,2,Figure 2:,F,vis_2021_9623289_fig_2.png,2008,2192,1UvE07Qs8MBgKx_yWy3CgyMVJzlmDzAvC,"Our side-by-side histogram is designed to help users easily compare the distributions of training and test set images (here we used the term “original”, “new”, and “suspicion score”–instead of “training set”, “test set”, and “inverse density ratio”–for non-expert users). It shows both training and test set images (on the left and right side, respectively) that are close to a selected image (shown at top). In this example, the similar test set images on the right side have more images with high outlier scores compared to the training set on the left, and only the right side includes face images with smiles and neckties while the left side does not include such images."
2021,10.1109/VIS49827.2021.9623289,9623289,fig3,3,Figure 3:,F,vis_2021_9623289_fig_3.png,1808,800,1t03AlvcAcR_2yEKc8Act6U3gVOXsigz4,Front page of the interface for the cluster-to-cluster exploration. Images in Cluster #10 include face images with sunglasses. We replaces the term “clusters” with “groups” for non-expert users.
2021,10.1109/VIS49827.2021.9623289,9623289,fig4,4,Figure 4:,F,vis_2021_9623289_fig_4.png,2008,808,1rqE8XM2vB0BIvChahsKD24SAZt0h2mlJ,"The side-by-side histogram with the cluster workflow, showing only the top portion of the interface."
2021,10.1109/VIS49827.2021.9623289,9623289,fig5,5,Figure 5:,F,vis_2021_9623289_fig_5.png,1850,917,1BR8dJZWtLblO5Hpbkvo3b71UYemrJo9d,"Number of participants on how many shifts they found among three (for shift set #1) or two different shifts (for shift set #2). For example, for the NN-DR condition for shift set #1, 14 out of 15 participants found at least one shift and two found all the three shifts."
2021,10.1109/VIS49827.2021.9623320,9623320,fig1,1,Figure 1:,F,vis_2021_9623320_fig_1.png,3808,1600,1LsyjIGFy132xJiHST4mPAVspSK_bXiI0,"TimeElide. (a) Select data source and slicing method, (b) select visualization type, (c) sparkbox visualization to show the number of per-player events during 22 soccer matches, (d) tooltip for the currently active slice, and (e) global timeline. Alternative visual encodings: (f) 2D heatmap with absolute slice timing, and (g) 2D heatmap with normalized slice timing. (h) Illustration of extracting non-contiguous time series slices according to given periods of interest (manual slicing)."
2021,10.1109/VIS49827.2021.9623320,9623320,fig2,2,Figure 2:,F,vis_2021_9623320_fig_2.png,2008,1600,1kDdWl9YixhuxvFqIzmd1E7PwUnu3urwO,(a) Manually specify desired slices. (b) Global timeline shows the regularity of slice intervals. Building occupancy on weekend days visualized as (c) box-plot-bars and (d) multi-series line chart with absolute slice timing.
2021,10.1109/VIS49827.2021.9623320,9623320,fig3,3,Figure 3:,F,vis_2021_9623320_fig_3.png,4200,1600,1Ry4QFg3U93DSpzJ3ePzsMbXd37DHG6O4,"Visual encoding design space for non-contiguous time series slices. Supported, Partially supported, Not supported"
2021,10.1109/VIS49827.2021.9623282,9623282,fig1,1,Figure 1:,F,vis_2021_9623282_fig_1.png,3433,1025,1zIYC9LgqARyEwSuZh2_FsgSP60dW3Mwu,"We study the complexity of alluvial diagrams with the following workflow: (1) We generate a publicly-available testing dataset of alluvial diagrams that vary complexity based on a combination of features. (2) We conduct two crowdsourced user studies to measure the task performance and perceived complexity of the charts. (3) Applying a combination of factor and regression analysis to weight feature contributions, (4) we model the complexity of alluvial diagrams."
2021,10.1109/VIS49827.2021.9623282,9623282,fig2,2,Figure 2:,F,vis_2021_9623282_fig_2.png,1008,492,1wJdvb2EmX1OGromAEat6nYOIBVjDwD0S,An example Sankey diagram showing energy flow.
2021,10.1109/VIS49827.2021.9623282,9623282,fig3,3,Figure 3:,F,vis_2021_9623282_fig_3.png,1008,417,1nHtyelCwT46Y8SpeBPsZt4Hl2cTk8z4y,This histogram shows the distribution of chart complexities of the alluvial diagrams used in the studies.
2021,10.1109/VIS49827.2021.9623282,9623282,fig4,4,Figure 4:,F,vis_2021_9623282_fig_4.png,2008,450,1h7pew8oabLW9AgDBi_83grEdX8fqwceL,"Three example alluvial diagrams used in the studies \$(a=1, 47, 45)\$ , along with their estimated complexity score Sa."
2021,10.1109/VIS49827.2021.9623282,9623282,fig5,5,Figure 5:,F,vis_2021_9623282_fig_5.png,2008,1417,1A8FiZ5SX_gW1tc0duzEJkZW5qjz6teNm,"Study #1 results: For tasks T1–T4, each point shows one alluvial diagram in the dataset, plotted by its task performance accuracy (vertical axis) and Sa value (horizontal axis), fitted with a regression line and 95% confidence interval bands. The R2 value is also reported for each task \$(p \lt 0.001\$ for all tasks)."
2021,10.1109/VIS49827.2021.9623282,9623282,fig6,6,Figure 6:,F,vis_2021_9623282_fig_6.png,967,617,1PSOKgX1N09jOMyn4Lav6qdtzAFqP0UdO,"Study #2 results: each point shows one alluvial diagram in the dataset plotted by its perceived complexity (vertical axis) and its Sa value (horizontal axis), fitted with a regression line \$(R^{2}=0.981, p \lt 0.001)\$ and 95% confidence interval bands."
2021,10.1109/VIS49827.2021.9623282,9623282,fig7,7,Figure 7:,F,vis_2021_9623282_fig_7.png,1717,1467,1R_CMZqe0RDl14qIY8jWquUMULQLZmk5b,"These mosaic charts show the diagram-wise Bayesian prediction frequency (i.e., binning percentage) from the (a) \${Acc}_{4}\$ , (b) \${Acc}_{3}\$ , and (c) \$S_{v.c.}\$ models when classifying our dataset of alluvial diagrams into classes of easy (< 0.33), medium (>= 0.33 and < 0.67), and hard (>= 0.67). Each vertical slot corresponds to an alluvial diagram, ordered by Sa value from least to most complex."
2021,10.1109/VIS49827.2021.9623314,9623314,fig1,1,Figure 1:,F,vis_2021_9623314_fig_1.png,3808,1117,1JfJYRsb5D8YfcjHoS-iDKHreta1KbhBA,"We asked crowd workers to “choose the most appropriate color palette” among categorical, sequential and diverging palettes for different visualizations and data types. We find that participants rely on a range of different, sometimes diverging reasons, to motivate their choice, even for the same task. Here, we show some responses for a choropleth map featuring categorical data."
2021,10.1109/VIS49827.2021.9623314,9623314,fig2,2,Figure 2:,F,vis_2021_9623314_fig_2.png,1175,1100,1D1mdim9o_OfHZzzBzpmUtLlaZ20jc0-J,"Example of a coloring task with a choropleth map featuring categorical data. For each task, participants could choose from the same set of palettes. Before validating their choice, participants could experiment with palettes by previewing the resulting visualization (palette colors are mapped to legend items in order)."
2021,10.1109/VIS49827.2021.9623314,9623314,fig3,3,Figure 3:,F,vis_2021_9623314_fig_3.png,4167,1400,1w8vqgd9KwvLqYlwmfNy0ZqVC4xhE-cVZ,Number of participants choosing each individual palette (and palette type) for each of our six coloring tasks.
2021,10.1109/VIS49827.2021.9623326,9623326,fig1,1,Figure 1:,F,vis_2021_9623326_fig_1.png,2550,1417,1kb1W7KAz65J6C60GoR0ML1B2hCJ__Z5G,"These two different-looking plots show the results of the same image classification model. The images are paired with their predictions as indicated by colored borders. The top plot utilizes a strong grouping of the data items, while the bottom one does not. We investigated how these differences affected the users’ capability to predict a model’s accuracy visually."
2021,10.1109/VIS49827.2021.9623326,9623326,fig2,2,Figure 2:,F,vis_2021_9623326_fig_2.png,1683,1733,1P1qCN8zDvtGoWeeelQDXp4z0g9JFkoIc,"The same data elements across all nine between-subject conditions (feature-strength × degree of supervision). Here, dots are the images, and color encodes the GT labels (not predicted labels)."
2021,10.1109/VIS49827.2021.9623326,9623326,fig3,3,Figure 3:,F,vis_2021_9623326_fig_3.png,4183,2183,16-d4mwcX80lWJQnaeVglWF2Y83Wwii3N,Overview of the study results.
2021,10.1109/VIS49827.2021.9623301,9623301,fig1,1,Figure 1:,F,vis_2021_9623301_fig_1.png,3808,1092,1NH4oQ-hjKw1mfBRuB8UkzxbYJbSUR_EB,"Selection of histogram datasets used in our study. We evaluated how well human viewers can detect the underlying data distribution in a histogram when different sample sizes and bins are used. For this, we created datasets with a different number of samples (first row: few, last row: many) and a different number of bins (left column: 2, right column: 100). A bimodal distribution was used to create the datasets in this illustration."
2021,10.1109/VIS49827.2021.9623301,9623301,fig2,2,Figure 2:,F,vis_2021_9623301_fig_2.png,2008,2133,1iLvBO60nD2NsUmmNEf7heP6GTYymQoF3,"Calculated average errors of the four moments based on 100,000 draws from binned samples \$(n=1,000,000)\$ compared to the actual moments of the underlying distribution. The x-axis shows the number of bins, the y-axis shows the error in percent. Note that the y-axes are scaled differently."
2021,10.1109/VIS49827.2021.9623301,9623301,fig3,3,Figure 3:,F,vis_2021_9623301_fig_3.png,1808,1883,1cQ9xKsXM9Z1e-8SsPgVTKjhBTKpPuULl,Study question. Participants were shown a histogram depicting the data’s underlying distribution and asked to click the appropriate icon. Participants were also asked to state how confident they are about their answers. In this example normal and confident have been selected.
2021,10.1109/VIS49827.2021.9623301,9623301,fig4,4,Figure 4:,F,vis_2021_9623301_fig_4.png,2008,1500,1Ob807_G_Vndk2ZK9jqc-auLpAAweNIqX,"Correct (blue) and wrong (orange) answers based on the number of bins and sample size. With only 100 samples, the data distribution recognition is generally challenging. For larger sample sizes, a larger number of bins increases the recognition of the correct distribution. However, beyond 20 bins, the detection rate does not increase significantly anymore."
2021,10.1109/VIS49827.2021.9623301,9623301,fig5,5,Figure 5:,F,vis_2021_9623301_fig_5.png,2008,1500,134JtGOgLC8RCktMagHdnOGi0jIsbCO0-,"Recorded Answers by distribution and bin size. The chart title shows the actual shown distribution, the colored segments show the user responses. Users could mostly identify gamma and uniform distributions with two bins, needed three bins to distinguish a normal distribution, and they needed at least ten bins to recognize a bimodal distribution."
2021,10.1109/VIS49827.2021.9623273,9623273,fig1,1,Figure 1:,F,vis_2021_9623273_fig_1.png,4208,1342,1XmbMcK-dS34fMBL3BfbLvmbs7052rPjg,"Types of plots shown in our tasks, along with an example dinosaur."
2021,10.1109/VIS49827.2021.9623273,9623273,fig2,2,Figure 2:,F,vis_2021_9623273_fig_2.png,1208,1208,1kmEn35G9EKNUS50pn9k3p_92yxsbhqbf,Rates of inattentional blindness (percent of participants who missed the dinosaur) by task and plot speed.
2021,10.1109/VIS49827.2021.9623273,9623273,fig3,3,Figure 3:,F,vis_2021_9623273_fig_3.png,4208,1175,1sDpXhEeiLHv6CH2PXWBF5hbFsJ5NG4dD,"A plot showing how designers can effectively communicate data to limit filtering operations. Some designers might default to creating only the two left-most plots. However, including the third plot – which shows differences between groups – reduces the number of comparisons a reader needs to make and points them to the “right” pattern in the data."
2021,10.1109/VIS49827.2021.9623305,9623305,fig1,1,Figure 1:,F,vis_2021_9623305_fig_1.png,2008,367,1M11MsNgtJG2IOTI1v6tDLXQiNemSnvqc,"The paper collection process consists of three main steps: (1) Automated filtering, (2) manual filtering, and (3) cross-referencing."
2021,10.1109/VIS49827.2021.9623286,9623286,fig1,1,Figure 1:,F,vis_2021_9623286_fig_1.png,1608,875,1dhpX5CZM3rCs0mQ7VESFvA_JVBiZbuvz,The FCT framework developed by Lohfink et al.
2021,10.1109/VIS49827.2021.9623286,9623286,fig2,2,Figure 2:,F,vis_2021_9623286_fig_2.png,2008,1000,1KMixJWL-jpdkE0YQqSd0fyTZ68utBOnX,The time-varying Fuzzy Contour Tree interface: Time selector and the FCT of the selected time steps.
2021,10.1109/VIS49827.2021.9623286,9623286,fig3,3,Figure 3:,F,vis_2021_9623286_fig_3.png,2008,1500,1NsIklmHd1RmqDQBmZj-wfUF92Xdp28Qy,The trickle-down-layout of the T-FCT: The layout of the overall alignment (Level I) carries over to sub-alignments (Level II) that are compared in the time selector. Their layout propagates further to the individual contour trees (Level III).
2021,10.1109/VIS49827.2021.9623286,9623286,fig4,4,Figure 4:,F,vis_2021_9623286_fig_4.png,2008,225,1Tj1orFU5V_bIFuDj2Ggj6yqBqZhSY8aM,The time selector: The complete data set with highlighted selected time steps. Buttons allow the manipulation of the selection.
2021,10.1109/VIS49827.2021.9623286,9623286,fig5,5,Figure 5:,F,vis_2021_9623286_fig_5.png,2008,750,1HK9T407Svqk3BUUB0xwpbXm3kZRFhrsL,Time selector options Different selections and coloring.
2021,10.1109/VIS49827.2021.9623286,9623286,fig6,6,Figure 6:,F,vis_2021_9623286_fig_6.png,1608,800,1Pi_S_-_cQCLV_02TKPTAnRun_tczDr9F,"Tree highlighting: Right: Hovering selected time steps highlights the individual contour tree in the FCT. Left: For time steps that are not part of the current sub-alignment, only contained branches are highlighted without indication of specific nodes and saddles."
2021,10.1109/VIS49827.2021.9623286,9623286,fig7,7,Figure 7:,F,vis_2021_9623286_fig_7.png,1808,808,1jiqvRCTEaY8T9usDh7a3g4bbIf3u_dhK,"Periodic behavior in the sea ice data set. The marked branch is contained in the contour tree only during winter months. (period 12, volume metric)"
2021,10.1109/VIS49827.2021.9623286,9623286,fig8,8,Figure 8:,F,vis_2021_9623286_fig_8.png,2008,517,1uWI0enx7bxSo6Q8zR4t4kfACzeeyXzHo,"Sea ice extent during individual months. Similar structures are highlighted. For March, the comparison between the FCT with and without optimized branch spacing is given (overlap metric)."
2021,10.1109/VIS49827.2021.9623286,9623286,fig9,9,Figure 9:,F,vis_2021_9623286_fig_9.png,1358,808,1YyJFtTQWCHfoE6Pyd3YLM-suvFoOR8IK,"Vanishing branches over time show the yearly decreasing extent of the sea ice. In 1994 the sea ice extent peaked and the branch re-occurs (period 12, volume metric)."
2021,10.1109/VIS49827.2021.9623286,9623286,fig10,10,Figure 10:,F,vis_2021_9623286_fig_10.png,1608,1525,1kIUzFr4zsg60m0VKHfYOiannMSJQlBee,"Sliding Window: Advancing step by step through the convection simulation result provides a clear understanding of the ongoing processes. We chose an expressive subset of time steps, the step number is given above the FCTs."
2021,10.1109/VIS49827.2021.9623298,9623298,fig1,1,Figure 1:,F,vis_2021_9623298_fig_1.png,3725,917,16UpFUe1TPNu31vub_h87WdbigH_702Ki,Renderings with secondary effects obtained with the proposed approach on an NVIDIA RTX 8000 GPU: (a) Plasma64 dataset rendered at 46.6 frames per second (fps). (b) Jets dataset rendered at 48.5 fps. (c) Fusion dataset rendered at 13.9 fps. (d) Agulhas dataset rendered at 5.6 fps.
2021,10.1109/VIS49827.2021.9623298,9623298,fig2,2,Figure 2:,F,vis_2021_9623298_fig_2.png,2000,533,15Q3uxO0GF03DxuLMraZ8kbMrY-uqN1xx,"Shell-To-Shell Traversal in 2-D. Left: a non-convex tetrahedral volume with the shells in purple. Right: Example path where I) is the viewing ray. II) is a ray (blue) we cast backward to find the entry shell-face of the current volume segment. III) takes us to the next segment after tet marching the first segment completed. Finally, IV) is again cast to find the entry face and V) is cast to find the exit face for the second volume segment."
2021,10.1109/VIS49827.2021.9623298,9623298,fig3,3,Figure 3:,F,vis_2021_9623298_fig_3.png,1933,292,1dhvinjJfmKOXZF8yDOpPc-EnOBtROHSE,"Tetrahedra memory layouts: each integer is four bytes. Tet32, Tet20, and Tet16 occupy 32, 20, and 16 bytes, respectively."
2021,10.1109/VIS49827.2021.9623298,9623298,fig4,4,Figure 4:,F,vis_2021_9623298_fig_4.png,1617,808,1tnvM_fHgQ2iq7lJ3sI8MlBfrcpjAn_GI,Gradient-shaded depth cues: (a) Jets dataset with shading off (left) and on (right) (113.3 fps vs. 70.45 fps). (b) Fusion dataset with shading off (left) and on (right) (87.3 fps vs. 12.2 fps).
2021,10.1109/VIS49827.2021.9623298,9623298,fig5,5,Figure 5:,F,vis_2021_9623298_fig_5.png,1625,808,18G0CgIdRTUUbTaFZvE6kYxdffQh_f1fm,The Impact dataset. Left: with emission and absorption. Right: with gradients.
2021,10.1109/VIS49827.2021.9623298,9623298,fig6,6,Figure 6:,F,vis_2021_9623298_fig_6.png,1925,1283,1fuv-KnyxAZpVg9XNB9lR-OSvkxzCxw0n,"Shadows and ambient occlusion: (a) Plasma64 dataset rendered with emission and absorption at 141.5 fps, (b) with AO at 32.3 fps, and (c) with shadows at 104.1 fps. (d) Agulhas dataset rendered with emission and absorption at 42.4 fps, (e) with AO at 4.5 fps, and (f) with shadows at 30.9 fps."
2021,10.1109/VIS49827.2021.9623300,9623300,fig1,1,Figure 1:,F,vis_2021_9623300_fig_1.png,3808,850,1DjH7M6sP1H0rQmAStGru-nsi6rcYOVLI,"Studying electronic transitions in a copper complex Cu-PHE-PHEOME. (a) Continuous scatter plot (CSP) of the hole and particle NTO \$\left(\phi_{h}, \phi_{p}\right)\$ and query line segments (green and red). (b) Fiber surfaces corresponding to the query line segments displayed on a ball-and-stick model of the molecule. (c) A Voronoi diagram-based segmentation of the molecule into its subgroups. (d,e,f) Peeled CSP corresponding to the subgroups (Cu, PHE, PHEOME; inset - Voronoi regions) help study their behavior."
2021,10.1109/VIS49827.2021.9623300,9623300,fig2,2,Figure 2:,F,vis_2021_9623300_fig_2.png,3783,1392,1WjR6zGzFAvF8vAdFV-ZTp-XjLxLI3Rpf,"Visual analysis workflow. Molecular structure, electron density fields, and subgroup descriptions are available as input. A weighted Voronoi segmentation identifies atomic regions. The segment corresponding to a molecular subgroup is computed as the union of atomic regions. The CSP of the bivariate field may be explored either using fiber surfaces or peeled on demand based on individual segments corresponding to the subgroups. Peeled CSPs are visually analyzed side-by-side and in comparison with the CSP of the bivariate field for subgroup classification and donor-acceptor strength comparisons."
2021,10.1109/VIS49827.2021.9623300,9623300,fig3,3,Figure 3:,F,vis_2021_9623300_fig_3.png,3458,2267,1mePbxj7o8qIjcaNaaRfOkI6ORseP7Zmo,"CSP peeling for analyzing Thiophene-Quinoxaline (green and orange planes, respectively) for varying dihedral angle based conformations of state 1. In the 60° and 90° conformations, the peeled CSP for Thiophene covers a small region suggesting local excitation within Quinoxaline. 90° exhibits least charge transfer from Thiophene to Quinoxaline. Thiophene behaves as a donor within other molecular conformations."
2021,10.1109/VIS49827.2021.9623300,9623300,fig4,4,Figure 4:,F,vis_2021_9623300_fig_4.png,1483,2442,1mzT8RQZlODbbjIKAlOFx-giKxUZG1PA1,"CSP peeling for analyzing copper complexes with different ligand configurations, all in state 1. Copper behaves as a donor and PHE behaves as an acceptor within all complexes. The charge transfer from Cu is symmetric in Cu-PHE-PHE."
2021,10.1109/VIS49827.2021.9623300,9623300,fig5,5,Figure 5:,F,vis_2021_9623300_fig_5.png,1958,2092,1P4Oe8vHAT-Bm7TIP6INCYZMOFqT4YXK-,"CSP peeling for comparing different excitation states. For Cu-PHE-PHEOME, we observe charge transfer in state 9 and local excitation within PHE in state 10. For Cu-PHE-XANT, in state 3 we note charge transfer and local excitation within XANT in state 10."
2021,10.1109/VIS49827.2021.9623310,9623310,fig1,1,Figure 1:,F,vis_2021_9623310_fig_1.png,1992,942,1G4jh5FbLMoJ3_XlBiiQ4xw4ydoq7Vux5,"Ring representation of two sets of rational inequality solutions. Solid dots and hollow dots, respectively, are the solutions of the numerators and denominators."
2021,10.1109/VIS49827.2021.9623310,9623310,fig2,2,Figure 2:,F,vis_2021_9623310_fig_2.png,4192,2383,1S-3ppX7ZBm7MePzahwXOux08SNHtF-pP,"Possible configurations of PV curves intersecting a tetrahedron: (a) single branch with a normal interval, (b) single branch with a critical point of v, (c) single branch with a critical point of v and w, respectively, (d) two branches with normal intervals, (e) two branches with a critical point on each branch, (f) three branches, (g) three branches with a critical point of w on one of the branches, (h) four branches with a critical point of w on one of the branches. Red and blue arrows, respectively, indicate the v and w vectors."
2021,10.1109/VIS49827.2021.9623310,9623310,fig3,3,Figure 3:,F,vis_2021_9623310_fig_3.png,2000,600,1FKGAcMVV66FPzEZrOhHjA-Kbpypfj95L,PV curves extracted from a flow-past-cylinder dataset
2021,10.1109/VIS49827.2021.9623267,9623267,fig1,1,Figure 1:,F,vis_2021_9623267_fig_1.png,2008,408,17tH93A3Wvg9UbnDgrq7WhAvuTCbgpqoc,"Depiction of the MS topology cases: If data \$(d_{ij}) \ge\$ isovalue \$(k)\$ , the vertex is marked +; otherwise, it is marked −. The level-set topology (green) is shown for different sign configurations."
2021,10.1109/VIS49827.2021.9623267,9623267,fig2,2,Figure 2:,F,vis_2021_9623267_fig_2.png,1908,2608,16h36TY6sUhY3BQXZ6YFliEbnpc5rEajF,"Level-set uncertainty visualizations for the Ackley dataset [1] at isovalue \$k =-3.25\$ using the state-of-the-art techniques in images (b-d) and our proposed techniques in images (e-f). The orange and pink dotted boxes mark the positions with the relatively high and low topological variations, respectively."
2021,10.1109/VIS49827.2021.9623267,9623267,fig3,3,Figure 3:,F,vis_2021_9623267_fig_3.png,1608,1000,1oNT8C6TOs3B8EIA7IyHwM2qE7jhI8xvX,A boxplot of the entropy of grid cells with nonzero entropy is visualized per sampled isovalue to understand the topological uncertainty distribution of isovalues for the Ackley dataset.
2021,10.1109/VIS49827.2021.9623267,9623267,fig4,4,Figure 4:,F,vis_2021_9623267_fig_4.png,4117,2042,15ym-1504_iImIO7yn73P55WLyHPioiQo,"Uncertainty visualization of the wind dataset [8] at \$k =-40\$ with noise modeling using independent Gaussians in images (b-d, f) and multivariate Gaussians in images (e,h). The reduced topology counts and entropy in images (e) and (h) compared to those in images (d) and (f), respectively, imply the more deterministic nature of the topology for multivariate noise models than independent noise models. In images (g,i), the high probability topology cases are depicted in the bottom rows. The vertex signs for any topology case (green segments) in images (g,i) are read from the top left corner of square cells in a counter-clockwise direction, in which 1 denotes a positive and 0 denotes a negative vertex."
2021,10.1109/VIS49827.2021.9623267,9623267,fig5,5,Figure 5:,F,vis_2021_9623267_fig_5.png,4133,2133,1kOY2YVIQGyTdokhBtNpH3N08HeaCMTax,"Uncertainty visualizations for the stag beetle [24] hixel dataset at \$k=900\$ . The noise in the data results in the breaking of the beetle leg in image (b). In probabilistic marching cubes, it is difficult to distinguish between the regions of high and topological uncertainty, which is easier using our visualizations in images (d-f). The relatively high sensitivity of the beetle leg topology to noise is detected in images (d-f) by the red regions. In image (f), the most probable level-set (gray) is overlaid with the entropy volume level-set (red) for entropy isovalue 5."
2021,10.1109/VIS49827.2021.9623307,9623307,fig1,1,Figure 1:,F,vis_2021_9623307_fig_1.png,3808,2208,1g3sKQSuB4t29Vm1FrLoaMWvP7PKwTV6X,"Comparison of a Intercept Graph (a) and other existing visualization tools for state change comparison, i.e. slope graphs (b) and grouped bar charts (c), representing the Points per Games (PPG) changes of 321 players across two seasons from a basketball statistics. The changes of PPG in two seasons before and after are indicated by intercepted line segment, line slopes and clustered bars’ differences of (a), (b) and (c), respectively. (a)(left) accentuates players with top 30 PPG changes of the rising (left semi-circle, red) and dropping (right semi-circle, green) trends."
2021,10.1109/VIS49827.2021.9623307,9623307,fig2,2,Figure 2:,F,vis_2021_9623307_fig_2.png,1792,1408,18Gt9txNlB59PojC96rK6_asgZMW9d-Fg,Existing visual designs and Intercept Graph encoding the same data. (a) Slope graph (b) Intercept Graph (c) Grouped bar chart (d) Stacked bar chart
2021,10.1109/VIS49827.2021.9623307,9623307,fig3,3,Figure 3:,F,vis_2021_9623307_fig_3.png,1833,892,1DwTwg7V6LV22aOUj4ofe5HccmxRbeQ7B,(a) An example showing that state changes are linearly encoded by central angles. (b) Analytic geometry diagram of Intercept Graph for the calculation of the radius of inner circular axis.
2021,10.1109/VIS49827.2021.9623307,9623307,fig4,4,Figure 4:,F,vis_2021_9623307_fig_4.png,1842,800,1ix8GYEQ2kinCOpUMhbV8LElDVgsPMYmW,Alternative designs of Intercept Graph. (a) A draft with lines in the same semi-circular axis. (b) Extending (a) by introducing the inner circular axis for item filtering. (c) The final visual design.
2021,10.1109/VIS49827.2021.9623319,9623319,fig1,1,Figure 1:,F,vis_2021_9623319_fig_1.png,3808,842,1vLzkNJz5tznPRodDqt8n7bMNJYirgB_7,"Four interactive visualizations that have different rescaling policies for the y-axis. (a) COVID-19 infection statistics rescales whenever the chart data changes in response to range slider interactions. (b) UK Balance of Trade on Tableau Public rescales whenever the user clicks a different year or statistic. Note chart is flipped, so the “y-axis” is horizontal. (c) Gapminder visualization uses fixed axes that are not rescaled during the animation and slider interactions. (d) New York Times animates in temperature over time as the user scrolls down, and rescales the y-axis to transition from historical to future temperatures."
2021,10.1109/VIS49827.2021.9623319,9623319,fig2,2,Figure 2:,F,vis_2021_9623319_fig_2.png,1608,1783,15z-hhplGFAEspihZrN-n2o81DPSGMRY9,The user interface for the pilot study
2021,10.1109/VIS49827.2021.9623319,9623319,fig3,3,Figure 3:,F,vis_2021_9623319_fig_3.png,4133,792,1TpgcfQkIxTERgc0AHublhIIYHUckIYb-,Results from first Pilot study
2021,10.1109/VIS49827.2021.9623319,9623319,fig4,4,Figure 4:,F,vis_2021_9623319_fig_4.png,1608,808,1sN2DyYaXQ3OzDl8w6yf7ULBMoJG-iX70,"Response latency, Task 1, Second Pilot."
2021,10.1109/VIS49827.2021.9623319,9623319,fig5,5,Figure 5:,F,vis_2021_9623319_fig_5.png,1608,808,1xuZRRxoeZQwM8x4_RtYkTzz9I_47NV58,"Response accuracy, Task 2, Second Pilot."
2021,10.1109/VIS49827.2021.9623319,9623319,fig6,6,Figure 6:,F,vis_2021_9623319_fig_6.png,4133,792,1PZk-A0EkwvcqpzXqFneep6m3zaPQjug2,Results from third study
2021,10.1109/VIS49827.2021.9623319,9623319,fig7,7,Figure 7:,F,vis_2021_9623319_fig_7.png,1608,775,1Nbh7NjncBu9SIVCvpWud-V6OtZCj_LLj,Visual indicators on the slider denoting the locations of breakpoints.
2021,10.1109/VIS49827.2021.9623318,9623318,fig1,1,Figure 1:,F,vis_2021_9623318_fig_1.png,3425,1908,1bvMkLEjs_jfMnoDNG-_Vr5B1fcIijPh7,"Our mixed-initiative visual analytics approach, a subset of the Causemos platform, accelerates the ability of analysts to assemble qualitative models of complex socio-natural systems by leveraging causal relationships automatically extracted from domain literature. A. Mental Model Expansion shows how the analyst captures prior knowledge about the key relationships relevant to food security in East Africa as a causal analysis graph (CAG). B. Knowledge Discovery shows a faceted explorer of the underlying knowledge base. The top map displays East Africa as a user-selected region of focus. The bottom graph displays a set of filtered causal statements using a hierarchical graph layout that organizes graph nodes by domains, such as economy, policy and health. C. Models Integration and Curation shows how two different models related to economy and health can be merged together with an agricultural model to form a more comprehensive model. Ambiguous polarities and near-duplicate nodes are curated in bulk by the analyst using system recommendations."
2021,10.1109/VIS49827.2021.9623318,9623318,fig2,2,Figure 2:,F,vis_2021_9623318_fig_2.png,1617,958,1DpWrQNU6y2qDo-iAVYy4OGfFJ2I_J__M,Aggregation schema of causal statements. Extracted causal statements (with underlying evidence) are rolled up into the graph edge “violence →food security”. An example of the evidence-supporting the statement between conflict and production is shown.
2021,10.1109/VIS49827.2021.9623272,9623272,fig1,1,Figure 1:,F,vis_2021_9623272_fig_1.png,4200,1842,1BO7g4cboBgfCyhFt8CjA2tYj9_eHyBBL,"The interface of the visual analytics system for WDS optimization. Here, the NET3 simulations are analyzed. The system is composed of (A) the feature distributions view, (B) simulation overview, (C) summary view, (D) decision tree view, and (E) time-series views."
2021,10.1109/VIS49827.2021.9623272,9623272,fig2,2,Figure 2:,F,vis_2021_9623272_fig_2.png,2008,1433,1fDggEvRddeRbmxJGY4GWQA3jLJQEVccw,Interactive analysis performed for the Case Study.
2021,10.1109/VIS49827.2021.9623317,9623317,fig1,1,Figure 1:,F,vis_2021_9623317_fig_1.png,3808,1525,18lOSh0mMfdFuGAsLxnFr188bcDjx5RTq,"Workflow through CellProfiler Analyst Web: The first step shows the data received from CellProfiler (left) with biological microscopy images of cells, then fetching cells to be trained in the second active learning step with tensorflow.js and classified by the machine learning classifier into its corresponding class. The third step shows the final scores ready for data exploration and analysis by the user. A demo of CellProfiler Analyst Web can be found here: https://mpsych.github.io/CellProfilerAnalystWeb/."
2021,10.1109/VIS49827.2021.9623317,9623317,fig2,2,Figure 2:,F,vis_2021_9623317_fig_2.png,4208,1400,1gOW1JS7xq8HwgB7MRDjMG6IZnawzdhwE,"CellProfiler Analyst 3.0 user interface on the left and CellProfiler Analyst Web user interface on the right side. React.js and Material.ui provide a clean and modern designed user interface look in the browser. CellProfiler Analyst Web is accessible without the need of any installation, while CellProfiler Analyst 3.0 requires installation which can be difficult for some users."
2021,10.1109/VIS49827.2021.9623312,9623312,fig1,1,Figure 1:,F,vis_2021_9623312_fig_1.png,3808,2225,1fovtOoerdWzJh5o_K8nhL32E8N6Ym3tN,"(A) Projection View compares the projections in different ranking schemes. (B) Ranking Comparison View supports analysts to seek explanations of different ranking schemes at an instance level. (C) Ranking Tabular View displays the data attributes, lists the current ranking schemes, and enables analysts to adjust the ranking."
2021,10.1109/VIS49827.2021.9623312,9623312,fig2,2,Figure 2:,F,vis_2021_9623312_fig_2.png,2008,958,1xL9F9M7x2Z_0zl0fNoFdd9o3M8WHOOBC,Beijing Rural Commercial Bank belongs to “Rural Commercial Bank” but ranks higher with rating of 2. Bank of Communications belongs to “Large State-owned Commercial Bank” with a low rating.
2021,10.1109/VIS49827.2021.9623312,9623312,fig3,3,Figure 3:,F,vis_2021_9623312_fig_3.png,2008,1092,10hQtffaRrcc2vHOKRK4qzWhCP9ob0JBy,"Capital adequacy ratio is more important in Local Weight. In Global Weight, asset size, capital adequacy ratio, and capital profit ratio are emphasized. In Type Weight, asset size and non-performing loans ratio is mainly considered in large state-owned commercial banks and rural commercial banks, respectively."
2021,10.1109/VIS49827.2021.9623312,9623312,fig4,4,Figure 4:,F,vis_2021_9623312_fig_4.png,2008,567,1wBDiwQtFpbfX3tJkgCdVIp1pWvX-V1t8,"Ranking comparison of four banks among Default Scheme, Local/Global/Type Weight rankings."
2021,10.1109/VIS49827.2021.9623295,9623295,fig1,1,Figure 1:,F,vis_2021_9623295_fig_1.png,2008,833,1AlChObH-u87BeXAbR0-F8wIqmL-j3u50,The visual analytics tasks in the assessment phase and their relationship to the Measure and Improve phases.
2021,10.1109/VIS49827.2021.9623295,9623295,fig2,2,Figure 2:,F,vis_2021_9623295_fig_2.png,2008,1125,1joQFfiflxAyEUrLOickATruw1lnulOv6,Root cause analysis UI. The visualization of significant feature values shows the magnitude of failures and successes
2021,10.1109/VIS49827.2021.9623295,9623295,fig3,3,Figure 3:,F,vis_2021_9623295_fig_3.png,2008,975,1_RsDS4Cki-eppTigrK-adSk-IVgDGXDO,"Flow analysis UI. Statistical information such as visits, abandonment and trend over time is presented for each dialog node"
2021,10.1109/VIS49827.2021.9623295,9623295,fig4,4,Figure 4:,F,vis_2021_9623295_fig_4.png,2008,392,1A-mT9BKN4KD8zmnMjwTWn-FjPcH5nduP,Dialog node sequences related to failure of Timeoff Request task
2021,10.1109/VIS49827.2021.9623295,9623295,fig5,5,Figure 5:,F,vis_2021_9623295_fig_5.png,2008,367,17ufjYv03k1Z9MEJFI7lJ6zWEjq49TIRY,User struggle in Timeoff Request task. Next-step flow distributions and user abandonment can be observed
2021,10.1109/VIS49827.2021.9623295,9623295,fig6,6,Figure 6:,F,vis_2021_9623295_fig_6.png,2008,658,1KA45K73J36Kkobq6dlSJBLm-OlCL6FoP,Bigrams in user inputs leading to escalation
2021,10.1109/VIS49827.2021.9623295,9623295,fig7,7,Figure 7:,F,vis_2021_9623295_fig_7.png,2008,550,1GwUc3ortCxg7ENOj5KOL3-qKCnAKj5tf,Reverse path flow chart showing skills that lead to escalation
2021,10.1109/VIS49827.2021.9623287,9623287,fig1,1,Figure 1:,F,vis_2021_9623287_fig_1.png,3808,2167,1iAEQnp3ia6w9DFloOT_xGnEJkX3oqHM4,Snapshots of the Historical layout of AiR: (1) [A] AQI info-graphic [B] Location Dropdown [C] Live toggle [D] Date Selector [E] Selected Date [F] Location override (2) Date picker pop-up [A] Available Dates [B] Unselectable dates [C] Control toggles (3) Detailed info-panel [A] Pollutant Concentrations [B] AQI Indicator [C] Historical Air Quality [D] Breakpoints for good state
2021,10.1109/VIS49827.2021.9623287,9623287,fig2,2,Figure 2:,F,vis_2021_9623287_fig_2.png,2008,1425,1ONaWQQ9EbDBz31YPX8QFQ0MqBGqfWEbv,Snapshots of the Live layout: (1) Start screen: [A] AQI info-graphic button [B] Selected Location [C] Historical toggle [D] Temperature Info [E] About option (2) Detailed info panel: [A] Pollutant Concentrations [B] AQI indicator [C] Current AQI [D] Nearest station [E] Distance from station (3) Pollutant info panels: [A] Molecular Structure [B] Pollutant Info [C] Ill effects [D] Sources
2021,10.1109/VIS49827.2021.9623287,9623287,fig3,3,Figure 3:,F,vis_2021_9623287_fig_3.png,2008,1183,1lfGVMYtu8irxk9zWxWvxQAkI_-EK6dYW,Workflow of building AiR
2021,10.1109/VIS49827.2021.9623287,9623287,fig4,4,Figure 4:,F,vis_2021_9623287_fig_4.png,2008,1658,11788w-4oxVeP366VZ_H4aXpVMZdCwxLV,Subfigures A and B depict the city of Delhi during Unlock 3.0 and 6.0 phases respectively as seen within AiR
2021,10.1109/VIS49827.2021.9623269,9623269,fig1,1,Figure 1:,F,vis_2021_9623269_fig_1.png,3808,1642,1kw23-pfnigPP48k_7zgAYL3Is_pAhRlS,"ConVIScope Views (see §4): Metadata (A), Topics (B), Analysis (C) and Conversations (D). Trend View shown in Fig. 2."
2021,10.1109/VIS49827.2021.9623269,9623269,fig2,2,Figure 2:,F,vis_2021_9623269_fig_2.png,1908,1175,1xSEYyFtKl6X6UbF9jrCvBhaFU-7N8N5o,The Trend View (E) visualizes the number of conversations for each parent topic over each week.
2021,10.1109/VIS49827.2021.9623269,9623269,fig3,3,Figure 3:,F,vis_2021_9623269_fig_3.png,2008,1092,10fH3jHO0Af0xn5mwnhNFXjmO8ajT76pz,An example of cross-filtering.
2021,10.1109/VIS49827.2021.9623313,9623313,fig1,1,Figure 1:,F,vis_2021_9623313_fig_1.png,3800,1867,1gSLvD-YePaGsY4wV6ONAc5IApfGL6uMD,VisKonnect interface visualizing the result of a query on soccer player: (A) An event timeline shows individual (uni-colored rectangles) and shared (multi-colored rectangles) life events of all historical figures in a user query. (B) An event map provides a geographic perspective of those events. (C) A relationship graph provides an overview of all shared events. (D) Clicking an event brings up a related article from Wikipedia. (E) A chat interface enables typing in a query and generates a short textual answer.
2021,10.1109/VIS49827.2021.9623313,9623313,fig2,2,Figure 2:,F,vis_2021_9623313_fig_2.png,2008,700,1NAaq_V7DJwsI03HrDKWaEvDt2cOQ4SCb,An excerpt of EventKG about the relationship between Mats Hummels and Miroslav Klose; sub class*. denotes transitivity.
2021,10.1109/VIS49827.2021.9623313,9623313,fig3,3,Figure 3:,F,vis_2021_9623313_fig_3.png,2017,1308,167i7XtnLJwGjvoggImKJym3Mz93JPhv7,Chat responses based on templates (left) and GPT-3 (right).
2021,10.1109/VIS49827.2021.9623313,9623313,fig4,4,Figure 4:,F,vis_2021_9623313_fig_4.png,4208,917,1GvlMemYU0DhETGeRrlMv5ugczn68osNj,Cut-outs of two responses generated by VisKonnect. (1) Event timeline for Example 2. (2) Relationship graph for Example 3.
2021,10.1109/VIS49827.2021.9623313,9623313,fig5,5,Figure 5:,F,vis_2021_9623313_fig_5.png,2008,792,1ehA6zhW1aNmcDG2-k19qo4KBgSZyBBWf,Excerpt of a question about Einstein and Schrödinger (Example 4). The template-based answer identifies Solvay conference as a shared event where the two scientists were photographed together.
2021,10.1109/VIS49827.2021.9623328,9623328,fig1,1,Figure 1:,F,vis_2021_9623328_fig_1.png,2008,1167,1ZnxjzBNB1aZG5yZfwMjdJPrsV51mHvgh,"Here, we show the version of the system in which missing data are visually represented. (a) Users can assign data attributes to the x and y axes using the drop down menu next to the screen view. (b) Users can hover the mouse cursor over a data item (stock WYX here) to see all of its data attribute values. (c) Users can search for an item by name (highlighted in red). (d) Users can track a data item by clicking on its circle, which colors it orange and adds a label to it. These interactions were selected based on the interaction framework by users’ intent [38] to support visual exploration for people."
2021,10.1109/VIS49827.2021.9623328,9623328,fig2,2,Figure 2:,F,vis_2021_9623328_fig_2.png,3992,625,1v4uqLu8FMjL6hBKa8zVypRBcPqE5xR8K,"Stages of the observed decision making process in error-bars (A) and baseline (B). The results revealed that in condition (A), participants were more likely to stick with their original plan. Their decision-making process was consistent and regular because they were able to weigh the evidence for data items with missing values. In (B), participants faced challenges when attempting to weigh the evidence to select data items for future selection. These challenges were that it was harder for participants to locate where a data item is missing and it was difficult to compare such a data item with other data items. This tended to lead participants to be entangled in that phase and they had to regenerate a new strategy."
2021,10.1109/VIS49827.2021.9623324,9623324,fig1,1,Figure 1:,F,vis_2021_9623324_fig_1.png,3817,1617,1nRcH8inKR8oJRPw1JLraVOxdphBvl_ho,"Screenshot of GeoSneakPique showing a query for largest magnitude earthquakes (a) within a user-specified free draw polygon for a geographic area of interest (c). The GeoSneakPique widget (b) provides a hexbin-based preview of the data distribution as well as a detailed basemap for additional spatial context. The system interface provides feedback (d) on administrative geographic regions included (i.e., states) and allows for naming and saving the region for future queries (“middle us”)."
2021,10.1109/VIS49827.2021.9623324,9623324,fig2,2,Figure 2:,F,vis_2021_9623324_fig_2.png,4208,1133,1i7m7XL-AnLp4h1uNnTTg33-1lh9B5cjV,Left: Corresponding data points in the quad-tree representation from the user’s rectangular selection in the map widget. Right: Determine the coverage of state areas based on the user selected region.
2021,10.1109/VIS49827.2021.9623315,9623315,fig1,1,Figure 1:,F,vis_2021_9623315_fig_1.png,1608,817,1gX22PCeMgKWbuQMPLY9ZH5EvMhpap7Mk,The visualization object model (VOM) in Atlas
2021,10.1109/VIS49827.2021.9623315,9623315,fig2,2,Figure 2:,F,vis_2021_9623315_fig_2.png,1967,1925,1_G7051yfxpvBQWdTLHBScYSpGxLieeFs,Creating a diverging bar chart using the Atlas grammar
2021,10.1109/VIS49827.2021.9623315,9623315,fig5,1,Listing 1:,L,vis_2021_9623315_listing_1.png,2008,1833,1fsUBltOxWj1gQ727226YMdbzvvqh0CjY,Using Atlas.js to generate a diverging bar chart
2021,10.1109/VIS49827.2021.9623315,9623315,fig3,3,Figure 3:,F,vis_2021_9623315_fig_3.png,2008,1225,1_9fnhXyb_gC1Q48PVoXiujSKIeQcOzN3,"Rules for graphics-data join: repeat, divide, and densify. Here each input mark is joined with three (3) unique field values."
2021,10.1109/VIS49827.2021.9623315,9623315,fig4,4,Figure 4:,F,vis_2021_9623315_fig_4.png,4200,850,1auVebs4I7Ie7E07Ca-uoGGoLDAdQAZ-u,The process of creating Radar Chart and Stellar Chart both showing adjusted monthly gasoline sales in the U.S. in 2020.
2021,10.1109/VIS49827.2021.9623294,9623294,fig1,1,Figure 1:,F,vis_2021_9623294_fig_1.png,4200,817,1MnKU7GOz4okz6F_t2vkPvavrt5xezM7G,A zine summarizing the content of this paper. Zoom in to read or see the page-size version in the appendix.
2021,10.1109/VIS49827.2021.9623294,9623294,fig2,2,Figure 2:,F,vis_2021_9623294_fig_2.png,4200,1558,1DHH_hJQHtigeC60p8ebhlkZcUPY3-NNk,"Excerpts from zines submitted to the static project in our data visualization for public policy course, reproduced with permission. Being unbound from the compositional restrictions of forms like web pages prompted exploration and creativity in annotation, encoding, and layout."
2021,10.1109/VIS49827.2021.9623296,9623296,fig1,1,Figure 1:,F,vis_2021_9623296_fig_1.png,3700,1017,1xA826yFQsnVuqGK__jM1VweXrPbTeSjh,"Narrative map examples created by participants for the two tasks Directed Task (DT) and Open-ended Task (OT). Annotations highlight key elements in these maps. Note how in the DT map all storylines converge into a single ending event, emphasizing the focused nature of this task. In contrast, the OT map has a series of storylines that interact with one another, representing the different outcomes found by the participant."
2021,10.1109/VIS49827.2021.9623296,9623296,fig2,2,Figure 2:,F,vis_2021_9623296_fig_2.png,1708,1458,1KIhk7ALKdr4I3_VDGNuPmw7Yu43helUD,"Narrative map construction strategies. (a) Clustering strategies: no clustering, clustering during preprocessing, or clustering in the middle of construction. b) Construction focus: whether participants created the main story (in blue) first, the side stories first, or a mixed strategy. (c) Algorithm type: the order in which nodes were added, following either a breadth-first, depth-first, or clustering approach. (d) Inter-story connections: some participants checked for inter-story connections (in red) when adding events, others checked when completing a storyline."
2021,10.1109/VIS49827.2021.9623264,9623264,fig1,1,Figure 1:,F,vis_2021_9623264_fig_1.png,3542,2117,1gIasBAQclNCkwORDk7S9MlIceYAitKdG,"Storifier, a tool for journalistic text analysis focused on reading. The interface features (A) a Search panel, for keyword and entity search, (B) the Overview panel, listing prominent terms and entities ((B) with active filters on far left), (C) a Snippets panel listing a document timeline and search results, and (D) the Document view, listing full documents in a continuous scroll view."
2021,10.1109/VIS49827.2021.9623288,9623288,fig1,1,Figure 1:,F,vis_2021_9623288_fig_1.png,4208,2083,18v9mOYFenNT2MS5c1Otcrwi8vVgJeNok,"Mapping between content moderation goals and visual analytic tasks. Scenarios illustrating how moderators can leverage the expressive power of visualizations for making offline and real-time decisions about the who, what, and how dimensions of data-driven moderation."
2021,10.1109/VIS49827.2021.9623288,9623288,fig2,2,Figure 2:,F,vis_2021_9623288_fig_2.png,1842,2050,1l24GgKIde5mMW7qqU902DdMbHY6GuqqL,"Examples of techniques for visualizing conversations.(a) ConToVi identifies the shifts in conversation topics for navigating the online discussions [15], (b) Park et al. describes a user-centric design approach to select flagged comments with the help of comment analytic scores which can detect only a small set of messages because of keyword limitations [36], (c) Seebacher et al. displays relevant conversational dynamics while fading out the non-relevant ones [39]."
2021,10.1109/VIS49827.2021.9623299,9623299,fig1,1,Figure 1:,F,vis_2021_9623299_fig_1.png,2133,1542,1cV2LmS20elRA-ZO0GS-AUNEdxWPOCnZT,"Two sketches from our corpus. #1 includes textual representations, a comparison story, and positional/color encodings. #32 includes mostly symbolic representations, a change over time story, and color, positional, and shape encodings."
2021,10.1109/VIS49827.2021.9623299,9623299,fig2,2,Figure 2:,F,vis_2021_9623299_fig_2.png,1125,1533,16ggl-c2WsCagyrOInr8DQt0pPTx7k35n,Sketch #85 from our corpus.
2021,10.1109/VIS49827.2021.9623299,9623299,fig3,3,Figure 3:,F,vis_2021_9623299_fig_3.png,1658,542,1CeRwTqDOEdbRbiyjQrO6ErCbuVwEY_Zg,The number of sketches using various types of visual encodings.
2021,10.1109/VIS49827.2021.9623299,9623299,fig4,4,Figure 4:,F,vis_2021_9623299_fig_4.png,1658,1333,1n6ODoxTxY4dWabnN1m0QjEw6a0zaNbON,The use of various types of representations in our corpus.
2021,10.1109/VIS49827.2021.9623299,9623299,fig5,5,Figure 5:,F,vis_2021_9623299_fig_5.png,1658,408,1fwaO20N9sM6WxSPmCvEcCOy7rpA1YXNi,The number of sketches that employed each type of story.
2021,10.1109/VIS49827.2021.9623291,9623291,fig1,1,Figure 1:,F,vis_2021_9623291_fig_1.png,2008,2142,1EdhojumXvEIq62ZyEE0AelzelayJ00cz,"Staged animation timelines recommended by Gemini and Gemini2 for a transition where data are filtered and aggregated. The gray lines represents timelines, and the circles indicate start, end, and intermediate states. Gemini2 generates a keyframe chart (yellow circle) to separate two data transformations, which Gemini cannot do."
2021,10.1109/VIS49827.2021.9623291,9623291,fig2,2,Figure 2:,F,vis_2021_9623291_fig_2.png,2000,1217,1r5OHBn5JeXSMyVOuOtA1Y-DONDMjjqcE,"GraphScape’s chart sequence recommendation process for a given transition. For given start and end charts, GraphScape enumerates chart sequences by itemizing their changes into edit operations and recombining the operations. Then, it scores the sequences to rank them according to predefined prioritizing rules (see Table 1)."
2021,10.1109/VIS49827.2021.9623291,9623291,fig3,3,Figure 3:,F,vis_2021_9623291_fig_3.png,2000,608,13uOOWkMwsi1grH6f7OEPUxWbMKxKpY1I,Example Gemini2 keyframes for the staged elaborate animation for the median aggregate operation [14].
2021,10.1109/VIS49827.2021.9623291,9623291,fig4,4,Figure 4:,F,vis_2021_9623291_fig_4.png,2008,1275,1PrcbJfHVhb2XgdnRAY5EsepUoDxxWAcN,Bootstrapped means and 95% confidence intervals for each animation design per stimulus.
2022,10.1109/VIS54862.2022.00009,9973195,fig1,1,Figure 1:,F,vis_2022_00009_fig_1.png,958,421,1AMsGcUBiY64I9sc33GcTNnzHf95bxa-m,"Example images shared online to convey desired visualizations (A, E, F, & G), interactions (B), and modifications (C & D)."
2022,10.1109/VIS54862.2022.00010,9973222,list1,1,Listing 1:,L,vis_2022_00010_listing_1.png,1034,1587,1jrTeTj7KouyaEHL1xX57xPIeGfL615BH,Python code illustrating how developers can enable conversational interaction in their applications using NL4DV.
2022,10.1109/VIS54862.2022.00010,9973222,fig1,1,Figure 1:,F,vis_2022_00010_fig_1.png,985,426,1ZWrxUMpShtMUQvFpJwYof4J8S8MXD7oy,Original NL4DV architecture [29] (in gray) extended to support conversational interaction (in orange). The arrows indicate the flow of information between the modules.
2022,10.1109/VIS54862.2022.00010,9973222,list2,2,Listing 2:,L,vis_2022_00010_listing_2.png,985,397,1vRGqRVvblti66pb1yLuz4tvIQvJGwVsq,"Data structure to store multiple conversations, including branches (multiple follow-ups to the same query)."
2022,10.1109/VIS54862.2022.00010,9973222,list3,3,Listing 3:,L,vis_2022_00010_listing_3.png,989,954,1ZuRCLMeCCux8lq75b1pDcqHEtSsaNGbM,Python code illustrating how NL4DV helps resolve ambiguities via update_query(obj) (line 6).
2022,10.1109/VIS54862.2022.00010,9973222,fig2,2,Figure 2:,F,vis_2022_00010_fig_2.png,1002,436,1kZ41j_bdfgrA75H24yTVW2WC-JbREwo5,"An NLI that helps users learn vega-lite syntax (e.g., the transform property to apply filters), through NL queries."
2022,10.1109/VIS54862.2022.00010,9973222,fig3,3,Figure 3:,F,vis_2022_00010_fig_3.png,1003,598,1a4kpSdgOrnj3cgOYcg64KSzOA6Ke9Wh9,A mind mapping app that enables users to have free-flowing conversations about a dataset. Three dialogs with follow-ups are connected to the “dataset” via dashed lines.
2022,10.1109/VIS54862.2022.00010,9973222,fig4,4,Figure 4:,F,vis_2022_00010_fig_4.png,1002,668,1azLyQH5cmvi-0xZ2vgcCt1gygRhSAONy,A chatbot where the system collaborates with the user to resolve ambiguities during query interpretation.
2022,10.1109/VIS54862.2022.00011,9973205,fig1,1,Figure 1:,F,vis_2022_00011_fig_1.png,1802,476,1jpl-CS2-KsBTkkTyfRsXpgMiqrLhOQsJ,"A generic vega specification is automatically partitioned by the VegaFusion planner into a runtime specification for the vegafusion middleware (describing operations on large datasets) and a client specification for vega (describing the visualization of the output of these operations as well as client-side interactions). The middleware dynamically responds to interaction signals from vega by querying an out-of-browser, natively-compiled vegafusion runtime instance and relaying the results back to vega. The pseudocode on the right illustrates a typical partition for a brushed histogram specification, including the dependencies between data and signals."
2022,10.1109/VIS54862.2022.00011,9973205,fig2,2,Figure 2:,F,vis_2022_00011_fig_2.png,963,425,1_HonRB-hHbhBeAyXlWC6v0WmXeHkgdyU,"A sequence of two VegaFusion queries along with the state of the cache before the query, and the nodes whose values must be computed to respond to the query. Queries are computation graph specifications with nodes whose values are requested in orange and root nodes in blue. Query 1 contains a data node whose value is the URL of a dataset and whose hashed fingerprint is A, as well as leaf nodes D and E representing the heights of the bars in a histogram, dependent on intermediate node C representing the binned dataset. Node e additionally depends on signal node B, which represents a brush whose initial value is 0–500. When the runtime receives query 1, its cache is empty so the values of C, D and E are computed and cached, and the values of D and E are returned as requested. When the user changes the brush range to 135–275, the middleware will issue query 2, whose graph is slightly different: The signal node has a new fingerprint F because it has a new value and the requested node has fingerprint G, as it depends on F. Only G's value must be computed because c's value is in the cache."
2022,10.1109/VIS54862.2022.00012,9973201,fig1,1,Figure 1:,F,vis_2022_00012_fig_1.png,786,461,1w93FigMO_e8x3w7cauql4vBXYjSNlU3z,"Examples of bespoke visualizations from our analysis. (A) Renders the number of IMDB votes and corresponding ratings of movies in a movies dataset. (B) is a narrative chart of scenes from star wars: Episode IV. (C) Visualizes a braille clock, (D) is a D3 rendering of sierpinski charlet, and (E) is a rendering of bounding box collisions using D3's force simulation."
2022,10.1109/VIS54862.2022.00012,9973201,fig2,2,Figure 2:,F,vis_2022_00012_fig_2.png,1815,500,1DyUmpP7dasvD9qpV7TiSNWssJYzLeq7P,Results from analysis carried out on the three example corpus (a) presents the frequency of the top visualization types and their corresponding interactions observed in our datasets. Visualizations with 1 % and less frequency are captured in the “others” category. (b) Shows the number of times different interaction types were implemented for each visualization type in our corpus
2022,10.1109/VIS54862.2022.00012,9973201,fig3,3,Figure 3:,F,vis_2022_00012_fig_3.png,1916,411,13JmJUrSYmBwk96SQY8g6bMtPoy7SDqNv,"Reoccurring code blocks (1, 2 & 3) in two scatterplot examples (A & B) are synthesized into a generic scatterplots template (C)."
2022,10.1109/VIS54862.2022.00013,9973221,fig1,1,Figure 1:,F,vis_2022_00013_fig_1.png,1820,660,1gVWsi-DxQT-EvJxFKDu7rILIVtbaKa1S,"High-level overview of plotly-resampler's dynamic aggregation functionality (see gif). A front-end graph interaction event (i.e, zoom event) (1) triggers a callback, sending the layout-change (i.e., relayoutdata) to the back-end. In the dash back-end (2), the relayoutdata is processed to perform data aggregation for the new regions of interest. Finally, only the to-be-updated data (i.e., updatedata) is sent to the front-end, on its end triggering a graph update (3). The presence of an [R] legend prefix indicates that an aggregation of the data is shown. The ~<time> suffix in the legend represents an estimate of the aggregation bin size."
2022,10.1109/VIS54862.2022.00013,9973221,fig2,2,Figure 2:,F,vis_2022_00013_fig_2.png,2005,1045,1N2eXZPW-wabnCO7zYI7WBhmaHnRv2tsi,"Benchmark results for a line-graph visualization task (code [30]). The top charts display the average duration of constructing and rendering the graph. The bottom charts indicate the peak memory usage. The columns indicate the data size per signal, thus showing a trend when scaling to larger datasets. In each chart, the number of visualized traces (i.e., lines) is represented on the x-axis. Each toolkit configuration was benchmarked until the duration exceeded 2 minutes. Dynamic aggregation is realized in holoviews LTTB by using plotly-resampler's LTTB aggregation functionality, whereas holoviews rasterize uses the built-in datashader-rasterize function."
2022,10.1109/VIS54862.2022.00013,9973221,fig3,3,Figure 3:,F,vis_2022_00013_fig_3.png,962,404,1fzv7qH7R1hbw5AyaY4afl9YlK-txRCQ7,"Influence of data aggregation method on aliasing. The middle graph uses the LTTB aggregation algorithm, whereas the bottom graph employs the naive everynth algorithm."
2022,10.1109/VIS54862.2022.00013,9973221,fig4,4,Figure 4:,F,vis_2022_00013_fig_4.png,2013,784,1TD3j2oeQF5Gk6zmJX68PJXh4ripR4M2M,"Sleep stage classification example, demonstrating the joined visualization of raw sensor data with probabilistic predictions. The first two rows show the raw data, i.e., EEG signals which are sampled at 100 Hz, and an EMG signal which is sampled at 1 Hz, respectively. The third row shows the sleep stages, also called a hypnogram on the right y-axis (black line), and the hypnodensity, i.e., a probabilistic hypnogram, on the left y-axis. The final row shows probabilistic hypnodensity predictions of a machine learning pipeline, empowered by tsflex [31]."
2022,10.1109/VIS54862.2022.00014,9973216,fig1,1,Figure 1:,F,vis_2022_00014_fig_1.png,1589,949,1Qm9B_mu6qhhYo_8AwXHe9hHRYucpdaXd,"Misvis helps users assess a website's reliability and understand how the site may be involved in spreading false information by visualizing its hyperlink connectivity. When a user visits a website, MisVis is displayed interstitially over the website, blurring its contents and blocking user interactions. The misvis user interface consists of (A) a header message about the reliability of the website being visited by the user, (B) brief explanation about how to interpret the MisVis visualization, and (C) the main window that visualizes the connectivity of the visited website in two coordinated views: Graph view and summary view. (1) The Graph View shows how the website connects to other websites via hyperlinks. Dots are websites, and edges are hyperlinks; the site being visited is shown in the middle. Misvis visualizes the information flow among sites through animation. (2) The Summary View shows the site's overall reliability by summarizing the reliability of its connected sites. In both views, controversial sites are shown in orange, verified in purple, and unlabeled in gray."
2022,10.1109/VIS54862.2022.00014,9973216,fig2,2,Figure 2:,F,vis_2022_00014_fig_2.png,925,398,1IynXCphZTeGux7uCQhRplKbOXPPfBVkX,"Twitter window presents two key characteristics of the twitter accounts that mention the visited website (e.g., zerohedge.com [13], [17]): (1) the reliability distributions of the other sites shared by those Twitter accounts and (2) the number of bots among those accounts."
2022,10.1109/VIS54862.2022.00014,9973216,fig3,3,Figure 3:,F,vis_2022_00014_fig_3.png,933,254,1EIhNR0IPFBlE2B8ePi1zsSHaTZj9ovu0,The settings panel allows users to switch the view of the main window between the graph view and the summary view; switch the summary view mode between normalized and absolute; select which reliability labels to visualize in the main window; show or hide the outer ring for 2-hop neighbors; and show or hide the visualization for the websites that the visited website contains hyperlinks to.
2022,10.1109/VIS54862.2022.00014,9973216,fig4,4,Figure 4:,F,vis_2022_00014_fig_4.png,954,675,1ds4szE6gnWJJONi7tvatMRtNuyJhSwBF,Average ratings from 139 participants about MrsVis. Most participants found misvis and its features easy to use and helpful.
2022,10.1109/VIS54862.2022.00015,9973200,fig1,1,Figure 1:,F,vis_2022_00015_fig_1.png,1817,1009,1_uIzE9YzR7P8ckCk6aW6zkBrm05G1q50,"The power grid of north america explored using a path connecting the lower 48 states of the U.S. On the left, a map visualization of the path and the nearby power grid nodes is displayed as an overview. In the middle, a representation of the node frequency along the path is used to brush and filter for the subsection of the path from atlanta, GA to augusta, ME. On the right, a detailed force-directed node-link diagram is given for the selected portion of the path, indicating disconnected network components."
2022,10.1109/VIS54862.2022.00015,9973200,fig2,2,Figure 2:,F,vis_2022_00015_fig_2.png,905,590,19a2-_r7JtnuNEEv_7_rOh3VRD5w38GeZ,Each node within the query region is assessed to determine the point along the path that it is closest to and the distance to that point. The region encloses the path and its endpoints in a radial envelope. Points associated with the same endpoint are clustered to minimize redundancy and reveal frequency in the brush and filter view.
2022,10.1109/VIS54862.2022.00015,9973200,fig3,3,Figure 3:,F,vis_2022_00015_fig_3.png,960,521,1aFbEeSCyTte9riHv3h5CwtSFH7FaSuYP,"The power network around washington, D.C. is explored at a 200km radius. Given a single point, the system extends a search line at bearing \$0^{\circ}\$ (due North) and bearing \$180^{\circ}\$ (due south). The resulting path filters the points within the search radius of the point (yellow circle) and defines a placement axis for the frequency and force-directed views. This reveals two major energy components around the DC area: One to the northeast and one to the southwest."
2022,10.1109/VIS54862.2022.00015,9973200,fig4,4,Figure 4:,F,vis_2022_00015_fig_4.png,1507,747,1GmMfWwMVhFFgybxE-CT_MoiPixe8xpeH,"The route from washington, DC to los angeles in the context of a power grid network. The user has selected a subset of the route in the relatively less-populated midwestern region of the trip. The node-link diagram reveals three major clusters along this section of the route that are only tenuously connected by a single path."
2022,10.1109/VIS54862.2022.00016,9973197,fig1,1,Figure 1:,F,vis_2022_00016_fig_1.png,797,689,1qeNoHdVTFzS1jmSFvvMekV7fZwQ3GERF,A sample figure-annotation pair from linecap compared to the caption provided in the scicap dataset.
2022,10.1109/VIS54862.2022.00016,9973197,fig2,2,Figure 2:,F,vis_2022_00016_fig_2.png,958,423,18Ch6Lh149ah4gJ3jmzv6u49jjL65h9BE,"The deep learning pipeline for caption generation where n is the predicted number of lines in the figure, i is the line index which iterates from 1 to n, and captioniis the generated caption for line i."
2022,10.1109/VIS54862.2022.00016,9973197,fig3,3,Figure 3:,F,vis_2022_00016_fig_3.png,958,753,1_zm0Um1nPUUcTGF5vl7INhZh4P0fzLfi,"The architecture of the caption generation model. Several copies of the line index, i, and number of lines in the figure, n, are concatenated to the LSTM and densenet features, and are given as inputs to the fusion blocks. The line count prediction model has the same overall architecture but does not have an LSTM."
2022,10.1109/VIS54862.2022.00016,9973197,fig4,4,Figure 4:,F,vis_2022_00016_fig_4.png,2016,934,12Ol2n1GM9sukXzHbdqkO-2WZRZtaAZcx,"Sample gold and generated line descriptions for figures with one, three, and five lines."
2022,10.1109/VIS54862.2022.00017,9973198,fig1,1,Figure 1:,F,vis_2022_00017_fig_1.png,1830,850,1FykLY3C1x_H8SKh6yfV8FdU5p_XZ0R9_,"(A) Mixed-initiative interaction for caption authoring in intentable. First, the author expresses their insights that they want to describe as caption intents. Together with contextual information (e.g., the title of a data table and a visualization type), the caption intents are encoded as a JSON-based caption recipe (code in the green boxes of B-E). Given a recipe, a generation model composes natural language sentences (sentences in the purple boxes of B-E). Intentable supports four intent types with different semantic levels: Overview (B), describe (C), compare (D), and trend (E)."
2022,10.1109/VIS54862.2022.00017,9973198,fig2,2,Figure 2:,F,vis_2022_00017_fig_2.png,962,487,1eIUGX3joYNJfI8-JxwKp-YdIgTJhZp49,User interface of intentable
2022,10.1109/VIS54862.2022.00017,9973198,fig3,3,Figure 3:,F,vis_2022_00017_fig_3.png,1013,566,14TA3_wOvizqL5BNs6QGAI6wNJxlt8AE0,Grammar of caption recipes
2022,10.1109/VIS54862.2022.00018,9973204,fig1,1,Figure 1:,F,vis_2022_00018_fig_1.png,1738,941,1ZWp3SlnVl9S4rLTxVAPa7vj5K_6Nj4or,"Visual auditor provides an overview of underperforming data slices to show where intersectional biases exist. (A) The slice settings sidebar contains options for filtering the data and modifying the visualization, such as customizing the size and color encodings, showing the top k slices, or selecting particular features of interest. (B) The summary view provides a visual overview of the underperforming data slices. Here currently displays the force layout which shows underperforming data slices as nodes on a grid. The location of each node is determined by the features that define the data slice. Users can view clusters of similar data slices to better understand where intersectional bias might exist in their model. (C) Visual auditor is an open-source tool that easily integrates within existing data science workflows and can be accessed directly within computational notebooks."
2022,10.1109/VIS54862.2022.00018,9973204,fig2,2,Figure 2:,F,vis_2022_00018_fig_2.png,1005,891,1hzm-qDpPQijwRUkZeh2HuwpA-99C7d8s,Users can also view overperforming slices to compare and learn from. This figure shows the graph layout which connects two slices with an edge if they share many data instances. Thicker edges indicate stronger relationships between slices and a darker node color indicates higher performance compared to the overall model.
2022,10.1109/VIS54862.2022.00018,9973204,fig3,3,Figure 3:,F,vis_2022_00018_fig_3.png,959,470,1xurtiCi3QPiiiTy63vwvNjQynVKIoMyD,"In our user evaluation, participants thought visual auditor was easy and enjoyable to use. The domain experts rated the useful-ness of the tool very favorably, providing support that our interactive tool is effective at summarizing and analyzing model bias."
2022,10.1109/VIS54862.2022.00019,9973226,fig1,1,Figure 1:,F,vis_2022_00019_fig_1.png,1921,968,12lRaBG6kO3022BBkOaEPFOC-KoxGycfF,RMExplorer: (A) Subgroup builder shows the distribution of patients by variables that can be used to create subgroups; (B) risk score distribution displays the summary of risk scores and the estimated disease onset rate; (C) subgroup summary presents the model performance (top) and the fairness of subgroups (bottom); (D) model behavior explanations provide feature contributions to the risk scores; (E) feature distributions show the mean and confidence intervals of a selected subgroup across variables.
2022,10.1109/VIS54862.2022.00019,9973226,fig2,2,Figure 2:,F,vis_2022_00019_fig_2.png,997,515,1iRV4RpsNg8kLy3TttxpNsuHUclOSRZhS,The subgroup summary shows differences in model performance and fairness among the five income subgroups: (a) Model performance; (b) atrial fibrillation (AF) free survival curves; (c) fairness on sex; (d) fairness on race.
2022,10.1109/VIS54862.2022.00019,9973226,fig3,3,Figure 3:,F,vis_2022_00019_fig_3.png,998,504,1gIXoSOtjWHlnpd4oEwbEnmQTx2n3HY8v,"The subgroup summary compares EHR-AF, CHARGE-AF, and \$\mathrm{C}_{2}\$ HEST. The polygon areas with distinct colors show differences in the scores across subgroups, and the coordinate location of vertices per each polygon summarizes the differences in scores among risk models within each subgroup."
2022,10.1109/VIS54862.2022.00019,9973226,fig4,4,Figure 4:,F,vis_2022_00019_fig_4.png,1002,304,1cNHwehnKdE0P0THaW8H54Ugwd-iPcigm,The fairness plots show differences when the 5-year predicted risk threshold is adjusted from 0.05 to 0.08.
2022,10.1109/VIS54862.2022.00020,9973191,fig1,1,Figure 1:,F,vis_2022_00020_fig_1.png,1826,1096,1jSfPvwIDko0HrO0pdkTEvgzpmQP75mj5,"Overview of the our proposed system as a first prototype. It consists of (A) control panels for the selection of the dataset, trained model and logging (B) the main rule list view containing rule attributes as well as quality metrics (C) hierarchical tree view containing ICD and OPS codes and (D) feature interaction view showcasing how code combination are distributed across a user-selected subset of rules."
2022,10.1109/VIS54862.2022.00020,9973191,fig2,2,Figure 2:,F,vis_2022_00020_fig_2.png,1985,286,15tgbW10aNvti67EBtqsQNmMsonaGiuyw,"System detail: The main view contains a list of all rules, describing their contents and metrics in detail including (1) a rule fingerprint displaying which ICD and OPS codes are inclusive (blue) or exclusive (yellow) conditions within the rule, (2) relevant rule metrics consisting of coverage, precision and recall regarding the training data and (3) rule editing elements to add or remove individual codes as well as duplicate or remove entire rules from the set. The rule set can be filtered and sorted via respective description fields and buttons to select for rules of interest."
2022,10.1109/VIS54862.2022.00020,9973191,fig3,3,Figure 3:,F,vis_2022_00020_fig_3.png,734,814,1BdRw_tDNNx4860bN-dfDZ-X2dmDPYicx,"The hierarchical code view juxtaposes global and local structure. The radial tree view displays codes and their relationships. Codes from selected rules in main view are replaced by pie charts depicting the distribution of positive (blue), negative (yellow) or no incidence (gray). Below, the top-down tree highlights dependencies."
2022,10.1109/VIS54862.2022.00021,9973202,fig1,1,Fig. 1:,F,vis_2022_00021_fig_1.png,1832,1033,1dmZu8x8yBe2FYqyJgv1TKk5l4SFQhl1T,"Timbertrek empowers domain experts and data scientists to easily explore thousands of well-performing decision trees so they can find and collect those trees that best reflect their knowledge and values. Consider the task of predicting whether a criminal is likely to commit a crime in the next two years. (A) The rashomon overview visually summarizes all well-performing decision trees by organizing them based on their decision paths, enabling users to seamlessly transition across different model subsets and explore trees with similar prediction patterns. (B) Clicking a tree opens a repositionable tree window showing details of a decision tree: Multiple windows allow users to compare several model candidates' prediction patterns. (C) The search panel provides filtering tools, enabling users to quickly identify decision trees with desired properties, such as accuracy, robustness, simplicity, and used features."
2022,10.1109/VIS54862.2022.00021,9973202,fig2,2,Fig. 2:,F,vis_2022_00021_fig_2.png,961,372,1ypd2LANC5dLQZeTKTY3TJ-9PL9Wg52SL,TimberTrek's tightly integrated views enable users to charac-terize and curate model candidates by seamlessly traversing across abstraction levels. (A) The rashomon overview summarizes the entire rashomon set; (B) zoomable sunburst enables users to focus on a subset of models with similar prediction patterns; and (C) the tree window presents the details of a selected decision tree.
2022,10.1109/VIS54862.2022.00021,9973202,fig3,3,Fig. 3:,F,vis_2022_00021_fig_3.png,343,303,1mPIsoXZQQo9rjbSnXt6zVk3aYFFWutXB,TimberTrek helps users inspect and curate decision trees. (A1) The Tree Window visualizes a decision tree's prediction pattern via a node-link diagram; (A2) a funnel-like complementary view scales tree nodes by their sample sizes. (B) The favorite panel allows users to keep track of bookmarked models with curation documentation.
2022,10.1109/VIS54862.2022.00021,9973202,fig4,4,Fig. 4:,F,vis_2022_00021_fig_4.png,933,724,1mChEsSIeHpQqowPf4jcavrCAx6d7FWeX,"With timbertrek, users can easily search for models with desirable properties. Here, in the example of criminal recidivism assessment, (A) the search panel enables users to query models that do not use protected attributes (e.g., age and sex); (B) the rashomon overview animates to only display models meeting the query criteria. (C) The tree window provides details of selected model query result."
2022,10.1109/VIS54862.2022.00021,9973202,fig5,5,Fig. 5:,F,vis_2022_00021_fig_5.png,967,727,1SUW71_bzCWY4KpVgtoQZSMO0tqN8nLb-,"Our tool works in computational notebooks-commonly used in ml development workflows. With sticky cells, users can create multiple TimberTrek instances and compare different rashomon subsets side by side. Take car evaluation as an example: (A) Reveals all trees in the rashomon set use either person or safety as root, and (B) provides an additional view to focus on trees with a person root."
2022,10.1109/VIS54862.2022.00022,9973194,fig1,1,Figure 1:,F,vis_2022_00022_fig_1.png,1829,713,1BCsutdJlwnFVnFp-FwXVZwPalEgWPVDO,"Fairfuse provides multiple views supporting fairness-oriented ranking workflows: A) consensus generation view, B) rank similarity view, C) attribute / protected attribute legends, D) group fairness view, E) ranking exploration view. (Right) Illustrating a fairness-oriented ranking workflow enabled by FairFuse."
2022,10.1109/VIS54862.2022.00022,9973194,fig2,2,Figure 2:,F,vis_2022_00022_fig_2.png,914,447,1ee-UEyjQuLpk9GVaNM3WlZt-3d1thvKE,Candidate card contains glyphs representing multi-variate attributes. The protected attribute is emphasized with a large (versus smaller) shape. Color represents the value of the attribute.
2022,10.1109/VIS54862.2022.00022,9973194,fig3,3,Figure 3:,F,vis_2022_00022_fig_3.png,944,296,17ZfCLT3xpCGhp0G0NZaobgYvbHEYpsMi,"Group fairness view design iterations. A) colored barchart for FPR; gray bar for ARP. B) dot plot for FPR, box-plot for distribution of groups in ranking. C) final design: Dot plot represents FPR, heatmap the distribution of groups, and shaded region the ARP."
2022,10.1109/VIS54862.2022.00022,9973194,fig4,4,Figure 4:,F,vis_2022_00022_fig_4.png,963,454,1UgvO4knKJ87lQhoPHHOkfH34TRlQ4QC5,"Compressed view with a group selected. When a group is selected in the group fairness view, all candidates of that group are highlighted, facilitating the decision-maker in focusing on both group and individual fairness considerations."
2022,10.1109/VIS54862.2022.00023,9973212,fig1,1,Figure 1:,F,vis_2022_00023_fig_1.png,974,503,1kTAyToFHbCQlxNR1nLi3r9qm_vwmQAsu,A view of the prototype system for the epidemic dataset.
2022,10.1109/VIS54862.2022.00023,9973212,fig2,2,Figure 2:,F,vis_2022_00023_fig_2.png,779,385,1V9l5qHs6bxHsfvAW5HTY2Vgha-hRP0uT,Distribution of proportion of bookmarks resulting from the active search suggestions.
2022,10.1109/VIS54862.2022.00023,9973212,fig3,3,Figure 3:,F,vis_2022_00023_fig_3.png,779,390,1tG9vw8O3Rw4P8UqYI1vIMgUg8O6KS9Z9,The average number of relevant microblogs discovered and the 95% confidence interval for each group.
2022,10.1109/VIS54862.2022.00024,9973230,fig1,1,Figure 1:,F,vis_2022_00024_fig_1.png,947,331,1Z_4BD9MCLTsxJqJFYGXC7oVIs5hYG1Fw,The activation function and optimizer are essential when training neural networks to reduce data's dimensionality. This experi-ment was conducted on the MNIST dataset.
2022,10.1109/VIS54862.2022.00024,9973230,fig2,2,Figure 2:,F,vis_2022_00024_fig_2.png,1989,661,1u1ioBN70nc2zKFHsen5VX0SE1b59FqCW,We project high dimensional data to planar space for visual comparison. Each dot is a sample and each distinct color indicates a class.
2022,10.1109/VIS54862.2022.00025,9973206,fig1,1,Figure 1:,F,vis_2022_00025_fig_1.png,1945,387,1UmmuqcHF4fsmHVQJac8kYlwa0IMqHhsD,"The illustration of the overall UMATO pipeline. Based on (1) given HD data, (2) we first find kNN for each point. (3) Then, we count the frequency of each point in the kNN index table and sort them in decreasing order (4) Next, points are categorized into hub points, expanded nearest neighbors (eNN), and outliers based on their connectivity to other points. (5) We initialize and optimize the positions of hubs (global optimization). (6) Leveraging the hubs' positions, the positions of eNN are optimized (local optimization). (7) Finally, outliers are arranged. The procedures described in sect. 3.1 are depicted with purple arrow and captions, while the ones described in sect. 3.2 are represented in blue."
2022,10.1109/VIS54862.2022.00025,9973206,fig2,2,Figure 2:,F,vis_2022_00025_fig_2.png,944,602,1HuOF42PikbgGd3eMtR_ESbEaVECtbcJt,"2D embeddings of UMATO and six competitors. Overall, UMATO surpassed other techniques in preserving global structure while showing comparable performance in capturing local structure. A high-resolution version of this figure is provided in appendix J."
2022,10.1109/VIS54862.2022.00026,9973231,fig1,1,Figure 1:,F,vis_2022_00026_fig_1.png,954,517,10kIp9RsJWP8uDpxwmXuqqwxXMOJfWkYX,"An overview of the personalized visualizations corpus based on the (a) personalized attributes contained in the article, (b) granu-larity, and (c) resulting codes for different publications. The full list of individual codes is included in the supplemental material. Attributes that only appeared in 1–3 articles are grouped together under “other.”"
2022,10.1109/VIS54862.2022.00027,9973225,fig1,1,Figure 1:,F,vis_2022_00027_fig_1.png,965,522,1bEw8aOL8k1a95-LSPcmLMzpXUfGRtLiA,"Schematic presentation of the used visualizations. (A) and (C) show a bar chart, while (B) and (D) depict a scatter plot. (A) and (B) show visualizations which are not adapted. On the other hand, (C) and (D) show adapted visualizations using de-emphasis."
2022,10.1109/VIS54862.2022.00027,9973225,fig2,2,Figure 2:,F,vis_2022_00027_fig_2.png,2012,482,1hhzr6CzwwUS67RX1NgkYKfY2N5E-CqLR,"The linear regression of all dependent variables (task completion time as TCT and task accuracy as TA) over the VL. Bar chart and scatter plot are presented in different plots, while adapted and non-adapted are presented as different lines. The shadow behind the lines shows the confidence interval of 95%."
2022,10.1109/VIS54862.2022.00028,9973228,fig1,1,Figure 1:,F,vis_2022_00028_fig_1.png,1464,324,1KTKtws6OY-cyLQGI_j_A4H8qQQRon6Hi,"In VisQuiz, we explore feedback for graphical perception tasks. Animation and visual design were found to be crucial elements in guiding user attention to reflect on their performance across trials. Similar animation feedback sequences were designed for pie, stacked bar, and bubble charts."
2022,10.1109/VIS54862.2022.00028,9973228,fig2,2,Figure 2:,F,vis_2022_00028_fig_2.png,1516,545,1CtUPai49FpSsYa-YoaOm-OLnlOCa3EZ8,"A multistage quiz-style experiment: Each stage consists of 40 visualization comparison tasks followed by a feedback page displaying the participant's accuracy score for each type of visualization, its associated letter grade, an animated replay of how each trial was answered, and a space for participants to type how they felt about their performance. In stage 2, in the feedback condition, participants additionally receive animated per-trial feedback after each answer. For each trial, the type of visualization, the true percentage, the participant's answer are recorded."
2022,10.1109/VIS54862.2022.00028,9973228,fig3,3,Figure 3:,F,vis_2022_00028_fig_3.png,868,706,1ZRcCqDLzyrp3Nd-FxDBAu9zjKWVfvfEh,"Example task from stage 2 in the feedback condition showing feedback given after an answer is submitted. The greyed area illustrates a frame of the animation before the final result (right) where the orange circle transitions onto the blue one, contrasting the partici-pant's answer with the correct answer."
2022,10.1109/VIS54862.2022.00028,9973228,fig4,4,Figure 4:,F,vis_2022_00028_fig_4.png,867,960,1AsgA7PjWAodYgIRSSJXpOoe8XWiL1my1,"Participants receive summary pages showing their performance across all trials in previous sections. In addition to a visual summary of trial performance, participants are guided to click on par-ticular trials to replay their answers and animated feedback for further reflection."
2022,10.1109/VIS54862.2022.00028,9973228,fig5,5,Figure 5:,F,vis_2022_00028_fig_5.png,1787,471,1_FsY3A2FzKj_iKp5XV-RYp78PjfFB5x-,"Results of the experiment comparing feedback condition \$n=40\$ to control condition \$n=40\$ across three stages of 40 trials each. Error in stage 1 is largely similar, with differences emerging between groups as feedback is enabled (stage 2) and then removed again (stage 3)."
2022,10.1109/VIS54862.2022.00029,9973213,fig1,1,Figure 1:,F,vis_2022_00029_fig_1.png,1704,1089,1YVJyVWkGJCoDX6K8220urq8JbhIyjFpm,"Visualizations showing comparisons of bins for data on per-country life expectancy (left) and per-U.S. County obesity rates (right). The top-row bins are computed based on statistical properties, while the bottom-row bins are computed by oscar. Semantic bins have benefits for legibility, reducing the number of bins (i.e., the visual complexity of the map or histogram), and taking advantage of non-uniformity to either highlight areas of interest or compress long tails of the distribution into single bins."
2022,10.1109/VIS54862.2022.00029,9973213,fig2,2,Figure 2:,F,vis_2022_00029_fig_2.png,961,756,12HG16foN-NGHneLbi_6goeJADvi7-I_3,Semantic bin lookup for the attribute base pay in oscar.
2022,10.1109/VIS54862.2022.00029,9973213,fig3,3,Figure 3:,F,vis_2022_00029_fig_3.png,933,955,1FCG2-D_HWKhD8JNMM6HuUzT3XqjDrY-p,"Default binning (Fig. 3d) heuristics applied on a dataset of 100 integers drawn from a normal distribution. The bins are 1) limited in number (especially for use in color ramps, where the ability to distinguish colors is limited, compared to fig. 3a), 2) consistent with the data grain (e.g., if the data are integers, then the bins should not be decimal numbers as in fig. 3b), and 3) rounded to “nice” values (say, powers of 5 or 10, rather than widths of 4 in fig. 3c)."
2022,10.1109/VIS54862.2022.00030,9973209,fig1,1,Figure 1:,F,vis_2022_00030_fig_1.png,1798,965,1ccH00SqMOcW81hyIhyZSI5n2CSBpZ66U,"Examples of MV layout designs based on factors of user perception (a-g) and view content (h-j), which highlights broadening the design considerations from purely perception-driven to intelligently content-driven."
2022,10.1109/VIS54862.2022.00030,9973209,fig2,2,Figure 2:,F,vis_2022_00030_fig_2.png,963,569,1auekmihoPdHYCsy5pjQmvtdF1S5so6Uz,"An example of an MV system with a poor layout (A) and a revised, improved layout (B) using a systematic layout design."
2022,10.1109/VIS54862.2022.00031,9973227,fig1,1,Figure 1:,F,vis_2022_00031_fig_1.png,963,417,1S93wPLPeWgpjgvxtI0xXWGpDzPyowMU4,"Examples of data composition missingness (top), including: 1) missing data entity, 2) missing data attribute, and 3) missing data value, and data relationship missingness (bottom)."
2022,10.1109/VIS54862.2022.00031,9973227,fig2,2,Figure 2:,F,vis_2022_00031_fig_2.png,961,296,1W7Y3h7jVCUM2FdpFu-2bD212bLmMv9IJ,"Two possible missingness in data usage: 1) missing data selection, and 2) missing analytical method selection."
2022,10.1109/VIS54862.2022.00031,9973227,fig3,3,Figure 3:,F,vis_2022_00031_fig_3.png,960,163,1kjyYeoA_IKAfHA-Xqtriq7O79EZgIxi8,"Compared to listing connections between individual entities (left), it is easier for users to see missing connections when showing the same data in a matrix with different cell colors (right)."
2022,10.1109/VIS54862.2022.00032,9973211,fig1,1,Figure 1:,F,vis_2022_00032_fig_1.png,1420,747,1RTUFqDN72q12dI3q915oOswNwTzDQNwY,"Rendering arterial model on two types of display modes. 3D/XR (with immersion) and 2D monoscopic (without immersion) displays both with stylus controller. A: High resolution models (all vessels \$> 1mm\$ diameter), B: Low resolution models (up to 1st and 2nd branching order). Insets identify the spatial region related to the location of coronary artery bypass graft placement."
2022,10.1109/VIS54862.2022.00032,9973211,fig2,2,Figure 2:,F,vis_2022_00032_fig_2.png,1994,585,1cbbE7G3-ADJ90rkHAIGXAJKz6l_ugoLP,Coronary artery geometries with two levels of anatomic complexity. The insets identify the location of coronary artery bypass graft placement. 1–3 are left coronary arteries. 4–6 are right coronary arteries. A. High resolution models B. Low resolution models
2022,10.1109/VIS54862.2022.00032,9973211,fig3,3,Figure 3:,F,vis_2022_00032_fig_3.png,769,401,1FGS6GH5QmS-uDUcvZU_EYeu2bYyQ2qYq,Coronary artery bypass graft placement (CABG) using harvis. The graft placement between arterial vessels. Inset identifies the region related to the location of CABG placement.
2022,10.1109/VIS54862.2022.00032,9973211,fig4,4,Figure 4:,F,vis_2022_00032_fig_4.png,1991,604,1tQO4ZAA1ycAN18pFBMoxomrqoPnSEOUn,"Overall mean distance deviation on 3D (left) and 2D (right) displays, broken down by: A. High resolution models, B. Low resolution models. \$\text{Data}=\text{Mean-lower}\$ and upper confidence interval]"
2022,10.1109/VIS54862.2022.00033,9973224,fig1,1,Figure 1:,F,vis_2022_00033_fig_1.png,961,530,19uT_DY5FdvtHoI0LrzhMHMiNHUnMtufX,The architecture of the ARShopping prototype.
2022,10.1109/VIS54862.2022.00033,9973224,fig2,2,Figure 2:,F,vis_2022_00033_fig_2.png,967,517,1o5Ry9jvNFBcIwTxkTc8rKVHPMGjK012W,The ARShopping interface. (a) Filtering. (b) Multivariate data glyphs. (c) Adding products to favorites. (d) Comparison view.
2022,10.1109/VIS54862.2022.00033,9973224,fig3,3,Figure 3:,F,vis_2022_00033_fig_3.png,955,271,1DWU38xDlJuJBuF3Lw4eoj4_aBxt0W46N,A comparison of product detection and glyph placement results with (a) marker detection only and (b) \$\text{marker}+\text{object}\$ detection.
2022,10.1109/VIS54862.2022.00033,9973224,fig4,4,Figure 4:,F,vis_2022_00033_fig_4.png,942,228,1ibd7U0fbQbbNYoOBBM7eL6mZa9f26hBB,"Post-study survey results with technology acceptance model (TAM) instruments. Responses were made on a 7-point likert scale ( \$1=^{\prime\prime}\text{strongly}\$ disagree”, \$7=^{\prime\prime}\text{strongly}\$ agree”). Q1–Q4 explore the perceived usefulness (in red), Q5–Q7 explore the perceived ease of use (in blue), and Q8 asks about intention of use (in orange)."
2022,10.1109/VIS54862.2022.00034,9973199,fig1,1,Figure 1:,F,vis_2022_00034_fig_1.png,1862,727,15Lw_HKYKh3tSzeLycrEFIcEVanjUN0S-,"Scatterplots of meteorological data for the ice water content in clouds (time height series) featuring large value ranges encoded using the color schemes viridis, rainbow, ColorCrafter and two versions of our order of magnitude colors design."
2022,10.1109/VIS54862.2022.00034,9973199,fig2,2,Figure 2:,F,vis_2022_00034_fig_2.png,984,713,1e5xyL4jHid-AtquaDhxLHKisDtxFewMV,Order of magnitude colors color scheme.
2022,10.1109/VIS54862.2022.00034,9973199,fig3,3,Figure 3:,F,vis_2022_00034_fig_3.png,984,713,1MFE8yiXIHv5jderdQkyJeVxCPZOOTEUo,\$OMC\$ smoothed lightness color scheme.
2022,10.1109/VIS54862.2022.00034,9973199,fig4,4,Figure 4:,F,vis_2022_00034_fig_4.png,2061,678,1begQ5rF-SnMBdGkBC10LYwXS3GqLyK9N,Percentages of correct answers (the more the better) and response times in seconds (the less the better) for tasks and colormaps.
2022,10.1109/VIS54862.2022.00034,9973199,fig5,5,Figure 5:,F,vis_2022_00034_fig_5.png,983,401,1nNlWc8LFxkXlPjK2JFLcoc7xrt3Ey60q,Sizes of the value ranges answered for value reading.
2022,10.1109/VIS54862.2022.00035,9973193,fig1,1,Figure 1:,F,vis_2022_00035_fig_1.png,1652,226,1DCcPiJv4y7DAfVAC-kqBq6dhMQUQ78nn,"Inspired by word search puzzles, we present volume puzzle, a framework that allows us to interactively and/or automatically reveal spatial patterns from segmented volumes with associated multivariate attributes"
2022,10.1109/VIS54862.2022.00035,9973193,fig2,2,Figure 2:,F,vis_2022_00035_fig_2.png,956,138,1_JX912k9r5zIwNpOofKD09J7rk-5hPZe,"Density-based automatic transfer function: The computation pipeline (left to right) starts by attribute projection through dimensionality reduction, density-function computation through kernel density estimation, generating morse-smale complex manifolds, and finally performing the geodesic interpolation."
2022,10.1109/VIS54862.2022.00035,9973193,fig3,3,Figure 3:,F,vis_2022_00035_fig_3.png,772,243,1bCTUNTnD45HUA7_V3LpCvzr0VJZjlWXV,Geodesic interpolation. (a): For each sample \$\mathbf{x}\$ we compute a normalized geodesic interpolation factor by computing the geodesic distance from the peak and the valley in the same morse-smale partition through backward and forward integration of the gra-dient field. (b): Example of geodesic interpolation. (c): Examples of linear interpolation. Blued dots represent peaks of the morse smale complex while red dots represent valleys.
2022,10.1109/VIS54862.2022.00035,9973193,fig4,4,Figure 4:,F,vis_2022_00035_fig_4.png,845,197,1ZSNyZBeFw5WvIMBZAuBT-4uXu3-VkJ7T,Visual analysis of synthetic data: Two examples of test volumes containing spheres associated with scalar attributes. Only the automatic transfer function is able to highlight the spatial pattern.
2022,10.1109/VIS54862.2022.00035,9973193,fig5,5,Figure 5:,F,vis_2022_00035_fig_5.png,850,197,1wuB1ay8FPCc3C2Du1yGKTTbIBPsyNmjP,"Visual analysis of XRay CT of fiber-reinforced polymers: Volumepuzzle can support materials science experts for individuating spatial patterns in fiber organizations. Left: 2D transfer functions for highlighting patterns due to different orientations. Right: Automatic density-based transfer function for highlighting patterns due to orientation or other geometric features (length, diameter)."
2022,10.1109/VIS54862.2022.00035,9973193,fig6,6,Figure 6:,F,vis_2022_00035_fig_6.png,835,197,1IZSh8kdumIXBbVbUC28Ux9kjLc1TlnzD,"Visual analysis of SSEM rodent brain sample: Vol-umepuzzle can support neuroscience experts for individuating spatial patterns in neural structures, like axon bundles (left) or post-synaptic density formation (right)."
2022,10.1109/VIS54862.2022.00036,9973207,fig1,1,Figure 1:,F,vis_2022_00036_fig_1.png,1680,309,1ZqK6awmidqLAG7DwzBX48hgukzoU7DGV,"Pathlines for two examples from the colliding drops dataset. Droplets exhibit large translational (a) and rotational (c) velocity components that overshadow the internal flow. (b),(d) droplet-local flow reveals more detailed flow patterns. Glyphs replace removed velocity components: Translation (round arrow) and rotation (bent arrow and axis). Flow direction from white to red."
2022,10.1109/VIS54862.2022.00036,9973207,fig2,2,Figure 2:,F,vis_2022_00036_fig_2.png,964,308,1LVFG3cgu9nq0Tuq_Aw_cUxt1y21I5612,"Time series of the integration within the original velocity field u (black), and simultaneous integration within the droplet-local velocity field \$\mathbf{u}(\mathrm{T}_{\omega}^{-}\tilde{\mathbf{u}})\$ (red). (a) Advection of \$\mathbf{x}(t_{0})\$ in the original velocity field \$\mathbf{u}\$ (black arrow), and in the droplet-local velocity field \$\tilde{\mathbf{u}}\$ (red arrow). (b)-(c) in the subsequent time steps, the droplet-local velocities \$\tilde{\mathbf{u}}\$ (orange arrows) are sampled at the positions \$\mathbf{x}\$ of the ad-vected original particle and used to advect the droplet-local particle positions \$\tilde{\mathbf{x}}\$ using the transformed velocity field \$(\mathrm{T}_{\omega}^{-1}\tilde{\mathbf{u}})\$ (red arrows)."
2022,10.1109/VIS54862.2022.00036,9973207,fig3,3,Figure 3:,F,vis_2022_00036_fig_3.png,864,347,1fmWNFgyakiRF0vOEboiwjAOKNkd_omvM,"Glyphs conveying the frame of reference. (a) Different aspects of information surrounding the droplet (black). A circum-sphere (orange) around the center of mass is constructed for positioning, its radius slightly larger than the droplet (indicated in red). The axis of rotation (blue, middle) goes through the center of mass, its length the diameter of the sphere. Effective rotation (blue, upper left) is visualized as a bent arrow (blue) with a corresponding length. The arrow visualizing translation (blue, right) is also attached to the sphere, its length coincides with the actual translation. (b) Example droplet from the colliding drops dataset, showing translation (volumetric blue arrow), axis of rotation (blue tube), and effective rotation (curved flat arrow with time additionally encoded from white to blue)."
2022,10.1109/VIS54862.2022.00036,9973207,fig4,4,Figure 4:,F,vis_2022_00036_fig_4.png,952,525,1Hr4JvHLdxtx7E2RsCQIb3hA98kqlg-vw,"Examples from different time steps of the colliding drops dataset in columns. (a)-(d) original and (e)-(h) droplet-local stream-, path-, and streaklines. Flow direction is encoded from white to red."
2022,10.1109/VIS54862.2022.00037,9973196,fig1,1,Figure 1:,F,vis_2022_00037_fig_1.png,966,429,1CCPuEtZe19ZQpAks2T2W_pjml9GGc_4t,"An example for forward tracing of control points. Given the pathline tracing starting point (red dot), we first identify the neighbor curves by evaluating \$C(u)\$ (blue). We find the nearest knots and control points (green) to \$C(u)\$ in future time steps. And then neighbor particles (blue dots in the square) and the nearest knots and control points \$P_{d}\$ are used to reconstruct knots and control points \$P_{r}\$ for the new pathline. We then similarly interpolate knots and control points to get the next iteration knots and control points \$P_{r+1}\$ for the new pathline."
2022,10.1109/VIS54862.2022.00037,9973196,fig2,2,Figure 2:,F,vis_2022_00037_fig_2.png,1002,284,1JGwtvesm4UIrOVUpTKqkDRUU245K3jr9,B-spline fitting error in RSME. The left figure compares the 3D curve parameterized by time and the 4D curve parameterized by chord length. The right figure compares the 3D curve using different numbers of control points.
2022,10.1109/VIS54862.2022.00037,9973196,fig3,3,Figure 3:,F,vis_2022_00037_fig_3.png,981,306,1QuH056Mxm5fCLlqVwTna-XvrjLA3FDZa,The pathline tracing results that start at different time steps (0 and 750) using our method and the method proposed by chandler et al. [3]. Our method has a slightly lower error under almost all conditions.
2022,10.1109/VIS54862.2022.00037,9973196,fig4,4,Figure 4:,F,vis_2022_00037_fig_4.png,971,498,11AIMwWvlcCnNj4lEnD6Ba4Vnd_OqVdUI,The single pathline tracing results (a) and the tested pathline tracing results (b). Our method is on the left and the baseline approach is on the right. Color denotes the error to the ground truth pathlines. Two methods have similar results both in (a) and (b).
2022,10.1109/VIS54862.2022.00038,9973214,fig1,1,Figure 1:,F,vis_2022_00038_fig_1.png,1827,554,1NKSsSgNMMwv7cM6V8NkUtnEI7FLbicff,"Confidence intervals for critical point occurrence probabilities for two ensembles of synthetic fields with different number of members. The red, blue, and green thirds of the glyphs show the confidence intervals for maxima, minima, and saddles at the respective grid points. The area of the darker, inner arcs is proportional to the lower bounds of the found confidence intervals, the area of the lighter, outer arcs to their upper bounds. The black line marks the point estimate for the probability of a critical point of each type computed from the input ensemble. Glyphs showing a large portion of a dark color (e.g., (B) and (C)) mark points where a critical point of the respective type can be expected with high confidence (95% confidence level), whereas glyphs with high uncertainty (due to small sample approximations) feature wider outer arcs in lighter colors (e.g, (A) and (b)) (cf. Legend at the bottom)."
2022,10.1109/VIS54862.2022.00038,9973214,fig2,2,Figure 2:,F,vis_2022_00038_fig_2.png,946,265,1dkzEzKtt7cQP_ZmF_ze_1xuNtdZ8CBvx,"Critical points are classified based on the values at the direct neighbors of a grid point (purple parts in (a). Higher and lower function values are represented as red and blue dots, respectively. The grid point is a minimum/maximum if all neighboring points have a larger/lower function value ((b) and (c)). If the neighborhood decomposes into more than two connected components consisting only of points with higher or lower function values (light red and light blue), the point is a saddle point (d)."
2022,10.1109/VIS54862.2022.00038,9973214,fig3,3,Figure 3:,F,vis_2022_00038_fig_3.png,891,425,1WxCt0noPeV_rPh5BWMuFEOpYk0B-Gbhj,Leading EOF mode of sea-level pressure fields computed over the depicted region and the winters of 2029/30-2078/79 featuring the typical NAO pattern over the north atlantic.
2022,10.1109/VIS54862.2022.00038,9973214,fig4,4,Figure 4:,F,vis_2022_00038_fig_4.png,1968,1045,1_eexFbaX7eMVpUBJsL_wJtx3majBkZMh,"Confidence intervals for critical point occurrence probabilities for an ensemble of sea-level pressure fields over the north atlantic, indicating the northern (top row) and southern (bottom row) centers of action of the winter-time north atlantic oscillation at the beginning (left column) and end (right column) of a 150-years long global warming simulation with an increase in the CO2 concentration of 1% per year."
2022,10.1109/VIS54862.2022.00039,9973218,fig1,1,Figure 1:,F,vis_2022_00039_fig_1.png,1700,916,1IoSTI5VU_Jlc1bjE6vN5X8_lgeYt9r7I,"The interactive analysis tool ASEVis: A programming interface (a) allows for the definition of time-dependent measures as well as aggregations. Aggregated measures are shown in a heatmap (b) while the aggregation over time is visualized in the timeplot (d). Detail visualizations for single ensemble members include animations (c), a line plot, and a scatter plot matrix (SPLOM)."
2022,10.1109/VIS54862.2022.00039,9973218,fig2,2,Figure 2:,F,vis_2022_00039_fig_2.png,963,555,1F0TXbzqU64Xc16DVduTBZUApoMbYMJ4B,Analytical workflow when using ASEVis: Time-dependent and time-independent measures are defined iteratively and then used to gain insights into the data.
2022,10.1109/VIS54862.2022.00039,9973218,fig3,3,Figure 3:,F,vis_2022_00039_fig_3.png,2005,828,1ZgCBtcl6SEB3EiVyUCVy5N7R8gd8d0L_,"Visualizations for the investigation of single runs. a the line plot showing the variation of the x-coordinate for the single particles \$(\text{beta}=-27, \mathrm{d}=2.3)\$ indicates a periodic motion. \$\mathbf{b}\$ the SPLOM showing the PCA of the complete data confirms this. \$\mathbf{c}\$ The line plot for the run with \$\text{beta}=0.0, \mathrm{d}=2.3\$ shows no clear patterns. \$\mathbf{d}\$ the SPLOM also does not reveal a pattern. Here, we need 20 dimensions to cover 99.9% of the data but show only the first 8 dimensions."
2022,10.1109/VIS54862.2022.00040,9973217,fig1,1,Figure 1:,F,vis_2022_00040_fig_1.png,1445,749,1pDF0GTlqsCPf0qHCZTNfO7csYFy3mINS,Visualizations of the level-crossing probability for isovalue 0.1 in the red sea data set [36] using our proposed neural network. Image (a) shows the level-crossing probabilities calculated using the original probabilistic marching cubes algorithm [25]. Image (b) shows the result computed by our trained model. The zoomed-in views are displayed in the top right. Our method can provide a visually identical result and is 10x faster than the original probabilistic marching cubes algorithm with parallel computing.
2022,10.1109/VIS54862.2022.00040,9973217,fig2,2,Figure 2:,F,vis_2022_00040_fig_2.png,954,325,1bBSYRHKpNOoydc1P85Id3fObaKaN70K8,Spaghetti plot vs. Probabilistic marching cubes for uncer-tainty visualization of level sets.
2022,10.1109/VIS54862.2022.00040,9973217,fig3,3,Figure 3:,F,vis_2022_00040_fig_3.png,903,585,1xYF20HL9sISWwCwQkRkYuGa8dBtv8diR,"Network architecture. The network of our method built with multilayer perceptrons (MLP) with the sinusoidal activation function. The network takes the mean values (vector_mean), variances and covariances (vector_cov), the iso-value (vector_iso), and the targeted LCP \$(p)\$ as input, and outputs the predicted LCP \$(\hat{p})\$ . The vector_mean, vector_cov and vector_iso are used for predicting the LCP \$\hat{p}\$ and the targeted \$\mathsf{LCP}p\$ is used to compute the loss."
2022,10.1109/VIS54862.2022.00040,9973217,fig4,4,Figure 4:,F,vis_2022_00040_fig_4.png,853,686,1FZ7hkMcuepil9OK__fYk17o19BtETMuN,"Visualization of the inferred results (right column) using our trained neural network. The ground truth (left column) is computed using the probabilistic marching cubes algorithm with 8,000 monte carlo samples. Our trained model can predict the LCP visually indis-tinguishable from the ground truth."
2022,10.1109/VIS54862.2022.00040,9973217,fig5,5,Figure 5:,F,vis_2022_00040_fig_5.png,970,1452,1AnaWUfl_B6pulSAo14qtAkQhK2sZRC9H,"Boxplots visualizing errors for the model trained using an increasing number of training samples. The errors are calculated as the pixel-wise absolute differences between model predicted results and the ground truth. The evaluations are performed using the test data from the five time for each data set. The outlier error values are not displayed in the boxplots. The results show that the inference ac-curacy can be improved by increasing the number of training samples, but the improvement is less with more training samples."
2022,10.1109/VIS54862.2022.00040,9973217,fig6,6,Figure 6:,F,vis_2022_00040_fig_6.png,936,1120,1cgQSW0vXwqm527USMEqbd_kL7EMiW5bO,"The computational time over the number of monte carlo samples. In the left column, we compare the performance of the serial probabilistic marching cubes algorithm [25] with a parallel version. The right column depicts the performance of our deep-learning method with CPU and GPU inferences. The parallel probabilistic marching cubes algorithm is up to 19X faster than the serial version, and our deep learning method further accelerates the parallel probabilistic marching cubes approach up to 10X."
2023,10.1109/VIS54172.2023.00009,10360930,fig1,1,Figure 1:,F,vis_2023_00009_fig_1.png,3617,925,1Dkzg3aH0iMPtqCvQZkKvqkvrD9DlY1lH,"“Infection by age” glyph at a high spatial resolution across a region. Turquoise is ‘susceptible” (uninfected), pink is ‘dead’, see Fig. 3c for others. Each glyph shows the proportion of the population in each age group (younger at top; older at bottom) in each infection category for days 17, 21 and 25. Temporal lags across the region are apparent as are more deaths for older age groups. Fainter squares have lower population densities, allowing us to see that the disease is spreading slower to smaller populations."
2023,10.1109/VIS54172.2023.00009,10360930,fig2,2,Figure 2:,F,vis_2023_00009_fig_2.png,1908,675,1_a-wexDliD6WGYTpzHB_k6jSaf02iTh_,Population glyphs showing comparatively young populations in Edinburgh and Glasgow (young to old from top to bottom).
2023,10.1109/VIS54172.2023.00009,10360930,fig3,3,Figure 3:,F,vis_2023_00009_fig_3.png,1908,2417,1u6S0VvfD8WS_JL6yXfgQeQAI8wxbil0W,"Glyphs used in gridded glyphmaps that supported COVID modelling [5, 16] in two versions, one based on counts and one based on proportions. Opacity indicates population size in the latter, deemphasising small sample size proportions. ( https://www.staff.city.ac.uk/~sbbb717/glyphmaps/covid/ )."
2023,10.1109/VIS54172.2023.00009,10360930,fig4,4,Figure 4:,F,vis_2023_00009_fig_4.png,1908,1792,1ya-gKApwm6P-mJl98LHddLcKGSu9TfXe,"Relative version of “infection timeseries” glyphs for the most populated area of Scotland. Glyphs representing low populations are faint. Time tick-lines indicating the 9-day position on the x-axes based on mouse pointer position, helps determine time-lags."
2023,10.1109/VIS54172.2023.00009,10360930,fig5,5,Figure 5:,F,vis_2023_00009_fig_5.png,1908,1783,1XtZtz10dzBcjkKwVbWhbIMn6Mk1sDO2u,"Top: Timeseries of the internal “force of infection” value that drives outputs, some of which have double-peaks. Bottom: A model run where “force of infection” was too low for infection to spread outside populated areas, contrary to the case data at the time. ‘Susceptible’ has been hidden on the right, reinforcing this observation."
2023,10.1109/VIS54172.2023.00009,10360930,fig6,6,Figure 6:,F,vis_2023_00009_fig_6.png,1908,1042,1K6WfO09SEMuA_nypMmpJOs8RC0Hj6ZeB,Comparison between between two model runs.
2023,10.1109/VIS54172.2023.00010,10360904,fig1,1,Figure 1:,F,vis_2023_00010_fig_1.png,3450,1575,1veze-1Nd5_NCMrXw1yl4fh8dHUosNlN-,"Still Life With Quince, Cabbage, Melon, and Cucumber (Juan Sánchez Cotán, c. 1602) and its compositional analysis in terms of leading lines."
2023,10.1109/VIS54172.2023.00010,10360904,fig2,2,Figure 2:,F,vis_2023_00010_fig_2.png,1858,683,1Cxw9YuqcfPFQ8dQ6r2jpuCJUnsXAoS1w,"Results obtained through thresholding. The first percentage indicates the threshold value relative to the highest persistence value, while the second the resulting number of critical points."
2023,10.1109/VIS54172.2023.00010,10360904,fig3,3,Figure 3:,F,vis_2023_00010_fig_3.png,3825,1358,1A1xSRmMKkBhMm9E5IsKEe0461slWjE4t,"A comparison of the outcomes generated by our approach when applied to the painting in Fig. 1, and the eye tracking data collected from six graduate/undergraduate students majoring in computer science. The size of each plot indicates the duration of fixation at a specific point, while the number on the plot signifies the sequence of the observed gaze trajectories. Supplementary materials that provide high-resolution versions of these results for diverse artworks are available."
2023,10.1109/VIS54172.2023.00010,10360904,fig4,4,Figure 4:,F,vis_2023_00010_fig_4.png,1900,867,1iQK_sQ0IikE_45knglIIPDtSFggpeiKo,A screenshot of the graphical user interface used for the visual analysis of leading lines. The threshold value is adjusted in the panel enclosed in red on the left side of the screen.
2023,10.1109/VIS54172.2023.00010,10360904,fig5,5,Figure 5:,F,vis_2023_00010_fig_5.png,3975,1958,1cFy8EPZeDP0YPHQms-XJ5uhFLf7KNcUt,"The leading lines approximated in various paintings and photographs using our method. The threshold values and high-resolution versions of these outputs, along with the corresponding eye tracking results for each image, are available as the supplementary materials."
2023,10.1109/VIS54172.2023.00011,10360928,fig1,1,Figure 1:,F,vis_2023_00011_fig_1.png,3617,925,1HPb4NCJky1XQikgTUSynXtf1Hk2C7uRS,"In this study, participants were asked which side of a colormap data visualization (left/right) represented data of greater magnitude. We applied 10 color scales to each of 8 conditions for each colormap: 2 granularity levels (grid/continuous) × 2 background colors (black/white) × 2 two data distributions (shifted or unshifted)."
2023,10.1109/VIS54172.2023.00011,10360928,fig2,2,Figure 2:,F,vis_2023_00011_fig_2.png,1108,750,1rVcT3_NlcmuZMHZEE7eJGdqT1n2kH3fA,"Shifted colormaps created using Plasma/Magma+ [8] color scales. (A) should not elicit the percept of a hole because the large dark area does not match the background. (B) should elicit the percept of a hole, as the large dark area matches the background [13]."
2023,10.1109/VIS54172.2023.00011,10360928,fig3,3,Figure 3:,F,vis_2023_00011_fig_3.png,1767,1433,1v9SZQwQsA4frAvwVtazzKWsG_b_lkWOo,"Example experimental trials for the (A) unshifted and (B) shifted grid colormaps, and corresponding Sigmoid curves for the (C) unshifted and (D) shifted conditions used to sample the values at each point for generating the colormap images."
2023,10.1109/VIS54172.2023.00011,10360928,fig4,4,Figure 4:,F,vis_2023_00011_fig_4.png,1817,858,1IhgXRQUdlj9mswDYFqL3CO2_Hij62l0d,Dendrogram showing hierarchical clustering of color scales according to responses for the 8 conditions within each color scale.
2023,10.1109/VIS54172.2023.00011,10360928,fig5,5,Figure 5:,F,vis_2023_00011_fig_5.png,1858,1800,1JG5zOD-aySRjvxten2unMtR7peRXQcWQ,"Mean proportion of dark-more responses, averaged over participants and color scales within each cluster (Mono, B&W, and Spiral). Shift is on the x-axis and background color is using mark fill (black/white marks indicate black/white backgrounds). Error bars represent +/- standard errors of the means. Significant difference from chance (Bonferroni-Holm corrected) is indicated near each point (* * * <.001, * <.05, ns = not significant. Single indicators of significance placed at one x-axis location apply for both backgrounds."
2023,10.1109/VIS54172.2023.00012,10360913,fig1,1,Figure 1:,F,vis_2023_00012_fig_1.png,1817,2008,1kqPl7rU7rygbGoyLSuKYRWpqHb8URFfB,Summary of experiment design.
2023,10.1109/VIS54172.2023.00012,10360913,fig2,2,Figure 2:,F,vis_2023_00012_fig_2.png,1817,1067,1j64xA-7uKs8uFvSmYQeVZ0j_UNaPhtim,"MAE of the six encoding types for tactile (left) and visual (right). Lower MAE corresponds to higher accuracy. In the legend, we present the visual encoding hierarchy hypothesized by Cleveland and McGill [5, 6]."
2023,10.1109/VIS54172.2023.00012,10360913,fig3,3,Figure 3:,F,vis_2023_00012_fig_3.png,1817,1825,17NE8McDgs-0PnowyVQZbw-wZkNzs8N1Q,"A side-by-side comparison of the visual and tactile modalities, where each encoding type is distinguished by color. The x-axis represents the true proportion, and the y-axis displays the absolute error (%). The dots represent MAE associated with each true proportion. Curves are fitted using a polynomial of degree 2."
2023,10.1109/VIS54172.2023.00013,10360915,fig1,1,Figure 1:,F,vis_2023_00013_fig_1.png,3617,1117,1dlszyBaulX1wvw0I2dVfzBWLf2_UJbYC,"Visual analysis of MinMax (column 1), MinMaxLTTB with preselection ratio \$ r_{ps}\in\{2,4\}\$ (column 2-3), and LTTB (column 4). Each row corresponds to a unique template, with the rightmost column presenting the reference images, constructed from 200k data points. The four adjacent aggregations utilize an equal number of output samples \$(n_{out}=200)\$ . Columns 2 and 3 illustrate the effect of the preselection ratio \$r_{ps}\$ for MinMaxLTTB. Visualization properties used include: Plotly as toolkit, line-width of 2 pixels, and anti-aliasing enabled. A GIF further demonstrates the above visualization for varying values for \$n_{out}\$ ."
2023,10.1109/VIS54172.2023.00013,10360915,fig2,2,Figure 2:,F,vis_2023_00013_fig_2.png,3792,4108,1QvVTj_Z2Ih8qypYOmLMXQe0mBOAAzMrm,"Assessing visual representativeness of MinMaxLTTB with \$r_{ps}\in\{2,4,6\}\$ for various time series templates. Each row displays a distinct time series dataset, with columns indicating the template size. All image templates, including the blue reference templates which are depicted above the metric subplots, were generated using Plotly’s default settings (linear interpolation, line-width of 2 pixels). The metric subplots reveal trends in aggregation algorithm performance as \$n_{out}\$ (x-axis) increases (range [200, 2000]). More information about these trends, metrics, conv-mask scaling, and templates can be found in [26]. PEM-20 refers to Pixel Error with a Margin of 20, where pixels differences above 20 are binarized and divided by the conv-mask size to obtain a ratio. DSSIM denotes conv-mask scaled structural dissimilarity, while MSE represents conv-mask scaled Mean Squared Error. A GIF and an HTML animation further demonstrate the visual representativeness of MinMaxLTTB for \$r_{ps}\in[1-8]\$ ."
2023,10.1109/VIS54172.2023.00013,10360915,fig3,3,Figure 3:,F,vis_2023_00013_fig_3.png,1908,1300,1ZFIA0HHAkMNDJ-ljhp3lnZJmb3Wd9KBv,"Illustration of LTTB’s tendency to (i) select contrasting extrema values in neighboring buckets and (ii) favor extrema proximity to the left-bin edge. For all points in \$B_{i}\$ , triangular areas are calculated using the prior selected point from \$B_{i-1}\$ and the mean x and y values of \$B_{i+1}\$ . Points (1) and (3), both opposing the selected extrema of \$B_{i-1}\$ , compete for the largest triangular surface. Note that extremum (2) would yield a considerably smaller triangle than points (1) and (3). The dashed line passing through point (1) represents the equisurface line, with points above it generating larger triangles and those below resulting in smaller ones. This line will always be parallel to the one connecting the previous data point and the mean of the next bucket. Despite being the global extrema of \$B_{i},\$ (3) is not selected as it resides below the equisurface line of (1), illustrating LTTB’s tendency to favor data points near the left-bin edge."
2023,10.1109/VIS54172.2023.00013,10360915,fig4,4,Figure 4:,F,vis_2023_00013_fig_4.png,1908,1033,1WEUoXb-yCRjaP8mff_GZf-h9Z-OvyzQH,"In-memory performance analysis of LTTB and MinMaxLTTB. For LTTB the C implementation from plotly-resampler v0.8.3.2 is used, for MinMaxLTTB the implementation can be found here."
2023,10.1109/VIS54172.2023.00014,10360907,fig1,1,Figure 1:,F,vis_2023_00014_fig_1.png,3258,1250,1pT7U0nUWLkcNE2iG1bj5RQC8UTbFWqO8,"An illustrative overview of our experiments. Participants rated a diverse set of visualizations based on their FAMILIARITY, CLARITY, CREDIBILITY, RELIABILITY, and CONFIDENCE. We examined how these ratings align with visual features and trust rankings."
2023,10.1109/VIS54172.2023.00014,10360907,fig2,2,Figure 2:,F,vis_2023_00014_fig_2.png,3992,592,1hlZvBu3bZAVYVAWPevAb35kSOJTRh29d,"A comparison of participants’ responses across four source categories (scientific, news, infographics, and government) for five dimensions in data visualization. We can observe that the FAMILIARITY rating was similar across all visualization categories. Additionally, visualizations from news media were generally rated as clear, credible, reliable, and elicited high confidence levels."
2023,10.1109/VIS54172.2023.00014,10360907,fig3,3,Figure 3:,F,vis_2023_00014_fig_3.png,967,1708,1v8HR9i-tqIRKH8poDAQd-teYeQM0lLTa,Comparing trust ratings from Exp. 2 to the three with the highest and lowest mean scores for the dimensions in Exp. 1.
2023,10.1109/VIS54172.2023.00015,10360897,fig1,1,Figure 1:,F,vis_2023_00015_fig_1.png,3625,2108,1VG96TVLmGFXkCZb1W0IRrQU6izeEy9o-,"The workflow of generating a study with reVISit. First, an experimenter generates a (1) study specification describing the study using the reVISit DSL. They also create (2) study stimuli and components such as consent forms and trainings. Stimuli and components can be specified as HTML pages, markdown, static images, React components, etc. The specification and the study components are then compiled to an (3) interactive web app, which can be deployed to the web. The web app includes an admin interface for quickly browsing and debugging a study. Data from the study can either be (4) downloaded at the end of a trial, or stored on a server. Collected data can be (5) analyzed with external software such as R and SPSS, or examined and analyzed using the reVISit analytics interface [15]."
2023,10.1109/VIS54172.2023.00015,10360897,fig2,1,Listing 1.,L,vis_2023_00015_listing_1.png,1908,2675,1naLv75YTghDJfOoEeZ7qlkIhZxgj6LzC,"A snippet of a reVISit.spec configuration for the Cleveland & McGill experiment, using a React stimulus."
2023,10.1109/VIS54172.2023.00016,10360918,fig1,1,Figure 1:,F,vis_2023_00016_fig_1.png,3617,1483,1jACc0mFGljj_6WI_Qt1YBHRM3uPf3-iL,"Experimental design: Part 1 A survey on participants’ expertise, experience with AR, and demographic information, Part 2 Two sets of three tasks in each the non-AR and one of the two AR conditions, along with NASA-TLX workload questionnaires, and Part 3 Open feedback from participants."
2023,10.1109/VIS54172.2023.00016,10360918,fig2,2,Figure 2:,F,vis_2023_00016_fig_2.png,1908,858,1_LNE0k-Gr_IFeNmyM6K3vYlD0EXTo0hv,Quantitative NASA-TLX aggregate measures show that the non-AR condition was the lowest workload. The tabletop AR condition trended towards highest workload on average. Women experienced greater workload with the tangible AR device than the non-AR device.
2023,10.1109/VIS54172.2023.00016,10360918,fig3,3,Figure 3:,F,vis_2023_00016_fig_3.png,1525,508,1VhkQc8EG9OQj7TfW_Bvp34xwHpbmvMTO,"Diagram showing the difference in non-farsighted participants (left) versus people suspected of experiencing farsightedness (right), which requires greater viewing distance and thus restricts the range of movement for the AR tangible device."
2023,10.1109/VIS54172.2023.00017,10360892,fig1,1,Figure 1:,F,vis_2023_00017_fig_1.png,3567,2900,1Jf3vg8kcwZtl1qR4iNcC1EBBjMo6Im42,"Structure alignments between the source and the target across all OT-type distances (from left to right) for the Wind, HeatedCylinder, NavierStokes, and RedSea datasets, respectively. W: Wasserstein distance."
2023,10.1109/VIS54172.2023.00017,10360892,fig2,2,Figure 2:,F,vis_2023_00017_fig_2.png,1717,950,1fQsH7pZwpbhHjG4PVdSTSRUYaxRPhqIX,Sinusoidal dataset: structural alignments between the source and the target across all OT-type distances.
2023,10.1109/VIS54172.2023.00017,10360892,fig3,3,Figure 3:,F,vis_2023_00017_fig_3.png,1717,1017,1o9dQK9lvyq_UKULMYjzxnhS5WdpMJXpq,MDS projections for the RotatingGaussian (top) and RandomGaussian (bottom) datasets.
2023,10.1109/VIS54172.2023.00018,10360924,fig1,1,Figure 1:,F,vis_2023_00018_fig_1.png,3617,1442,1Gxws2fSKcRw79m-tjalrpn1yx5Rp76g5,"Projection Ensemble recognizes robust structures in multidimensional projections. A) A randomly initialized t-SNE projection of the MNIST dataset generated by stochastic gradient descent. The viewer may interpret groups of points (a) and (b) as individual clusters, which, in fact, have intricate intra- or inter-cluster relationships. B) Projection Ensemble visualizes two robust structures identified by extracting common subgraphs between ten randomly initialized projections; these are the structures that the ten projections “agree on.” This reveals that (a) actually consists of two entangled structures (group (c) and the other points), and a subgroup of the cluster (b) is found to be closer to a distant cluster (see (d)). This can be done without using ground-truth class labels or clustering high-dimensional points. C) The ground-truth class labels are shown as the color of points."
2023,10.1109/VIS54172.2023.00018,10360924,fig2,2,Figure 2:,F,vis_2023_00018_fig_2.png,3992,1800,1mTPY_hela8aEQu7eaV5Mp_pHX4p4SsD6,"The Projection Ensemble interface. (A) Projection Set Generation Tab, (B) Hyperparameter View, (C) Class-FS Relationship View, and (D) Ensemble View."
2023,10.1109/VIS54172.2023.00018,10360924,fig3,3,Figure 3:,F,vis_2023_00018_fig_3.png,1908,592,12AAfOM1QQW6RaIs6AJUmDQfuFASORrmR,"The images of non-zero digits in subgraph (f) in Fig. 2. They actually resemble zeroes, suggesting that the images of non-zero digits in subgraph (f) are not an artifact of an MDP technique."
2023,10.1109/VIS54172.2023.00019,10360900,fig1,1,Figure 1:,F,vis_2023_00019_fig_1.png,3517,2292,1_TiI-09XPAOe6ikeWQVxyDFXm6oDXuq6,"A bounding volume hierarchy is shown through a 3D viewport (left) coordinated with a zoomable treemap (top right) to display spatial information combined with tree structure. Nodes highlighted in the treemap (yellow outline) cause their corresponding geometry to be highlighted in the viewport (yellow triangles). Ray intersection queries can also be displayed by clicking on the pixels in a pixel grid (bottom right), and a projection of the selected pixel (outlined) is shown in the viewport as well, behind the bunny’s ears in this case. The visited subtrees (i.e., groups of mesh triangles) are highlighted in both the treemap and viewport, showing their positions in space and the tree, as well as their relative traversal order via a sequential blue colormap and text labels on the treemap. The triangle representing the closest intersection with the ray, and its containing node, is outlined in both views (circled for clarity). Note that the displayed treemap is zoomed in to a subtree of the entire BVH, and the mesh is rotated from its initial position."
2023,10.1109/VIS54172.2023.00019,10360900,fig2,2,Figure 2:,F,vis_2023_00019_fig_2.png,3992,1200,1waGJtEyGxJUU1-Kg7r-jnCVOwJk3skap,"Demonstration of interactive features in our visual approach. Starting at the root of the BVH (left), clicking on the darker node that is traversed during the selected query zooms into that subtree (middle). The region of the mesh that is highlighted in blue is now smaller, representing the descendant of the current subtree which participated in the query. The rectangle at the top of the treemap represents the root of the subtree, as shown by its highlighting behaviour (right), and clicking on it zooms back out to the root view."
2023,10.1109/VIS54172.2023.00019,10360900,fig3,3,Figure 3:,F,vis_2023_00019_fig_3.png,3967,2192,1Qpm7shwzQWB3UVGCH_aCsnKhwzB_JG_t,"Two use cases showing how our visualization clearly highlights improvements from the base implementation (left), to an ordered traversal algorithm (middle), and a surface area heuristic-based tree builder (right). The same query is selected in all three versions, and the mesh view is shown as an inset for each treemap/pixel grid. The base implementation visits over one thousand leaves for the selected query; adding the ordered traversal reduces the selected query and maximum query cost, but still visits several hundred leaves; adding the surface area heuristic significantly reduces the selected query cost down to 6 leaves, as well as the maximum query cost."
2023,10.1109/VIS54172.2023.00020,10360878,fig1,1,Figure 1:,F,vis_2023_00020_fig_1.png,3617,1342,12EqGojG3lt372rzsKY3EC9IN25CvkyN6,"Coupled interactive volume lines (IVL) and large volume visualization. (a) shows 3D renderings of four fields of an astrophysical simulation (from left to right: density, temperature, pressure, and velocity magnitude). Our prototype interactively links such large-scale AMR data with 1D volume line plots (polyline plot representation in (b), and bar plot representation in (c))."
2023,10.1109/VIS54172.2023.00020,10360878,fig2,2,Figure 2:,F,vis_2023_00020_fig_2.png,3792,617,1WQLuxhqW2TcdfPGM0GT72yjcABcEC6tl,"CUDA kernels executed on volume line updates. Blue indicates kernels processing each AMR cell and scalar field. Gray indicates kernel execution per AMR cell (these get executed per field). Orange boxes indicate kernels executed per (horizontal) raster point (also per field). As a rule of thumb, the number of work items generally decreases from left to right. Transitioning from “Fields × AMR Cells” to “AMR Cells” is realized using loops but requires no synchronization. Transitioning from “AMR Cells” to “Pixels” uses atomic operations on CUDA global memory."
2023,10.1109/VIS54172.2023.00020,10360878,fig3,3,Figure 3:,F,vis_2023_00020_fig_3.png,1900,1192,1IPwwkN4jE8KRdigkztULhc2P6Df-dcXE,"Our prototype, used with brushing and linking. Interactive transfer function updates (a) affect 3D rendering and the IVL plots shown in (b). Here we selected the two regions (c-i) and (d-i) in the IVL plot that are connected to the 3D view through brushing and linking and are highlighted using dimming ((c-ii) and (d-ii))."
2023,10.1109/VIS54172.2023.00020,10360878,fig4,4,Figure 4:,F,vis_2023_00020_fig_4.png,1883,433,1AtusdNMcWZtiULFQBV4yLqlID3l8zBp8,Execution times of the RasterizeCells kernel (cf. Fig. 2) as a function of parameter P (left) and of minimum importance (right).
2023,10.1109/VIS54172.2023.00020,10360878,fig5,5,Figure 5:,F,vis_2023_00020_fig_5.png,1883,433,1VqqrYr8AL0JCfF3rlizGJd-wieow_Tw2,Atomic operations performed per bin by the RasterizeCells kernel (cf. Fig. 2) as a function of parameter P (left) and of minimum importance (right). We show the minimum and maximum count as well as the quartiles across bins.
2023,10.1109/VIS54172.2023.00020,10360878,fig6,6,Figure 6:,F,vis_2023_00020_fig_6.png,933,400,1e-Vmq1onnhWa7HjJJRMo3dmTLisQGb8S,Comparison of exact max(Vh) computation (red) vs. our approximation from Section 3.4 (blue).
2023,10.1109/VIS54172.2023.00022,10360932,fig1,1,Figure 1:,F,vis_2023_00022_fig_1.png,3892,1833,1C5qdO42v8rWXKH6y9CQlqvyD5jw5toGV,GeneticFlow visualization interface (Prof. Keim’s graph): (a) system control panel; (b) scholar demographics; (c) graph statistics; (d) GF graph visualization; (e) topic distribution map; (f) author/paper/citation detail panel.
2023,10.1109/VIS54172.2023.00022,10360932,fig2,2,Figure 2:,F,vis_2023_00022_fig_2.png,1333,1367,1fJ_3QuOgx_VddDzn8pWxL7WtEBF0hL7a,The impact of Prof. Keim’s “recursive pattern” paper.
2023,10.1109/VIS54172.2023.00022,10360932,fig3,3,Figure 3:,F,vis_2023_00022_fig_3.png,3892,925,1pvzDRue4_cPmEvvXSs31NYgemMuezca4,"Prof. Liu’s GF visualization: (a) full GF graph, including isolated nodes; (b) core GF graph."
2023,10.1109/VIS54172.2023.00022,10360932,fig4,4,Figure 4:,F,vis_2023_00022_fig_4.png,1908,733,1QUGYp1-jZbR-0RGG7T10kRRLg8ir-0Tp,Prof. Shi’s GF visualization: (a) full graph; (b) topic map.
2023,10.1109/VIS54172.2023.00023,10360926,fig1,1,Figure 1:,F,vis_2023_00023_fig_1.png,3617,858,1d34YITl-BPGrbQdyMK77F_U_oUr65PG2,"Visualisation of the divergence of the von Kármán Vortex Street dataset with two distinct reference regions (green). The visualization was obtained using backward integration with the parameters: t0 = 15, τ = 15,and Δ t = 0.01."
2023,10.1109/VIS54172.2023.00023,10360926,fig2,2,Figure 2:,F,vis_2023_00023_fig_2.png,3992,650,1aBa_P5y8c87_B5okDvK90HmKKupLrL-l,"Visualization of the FTLE field (a) using reconstruction from strain progression for varying sample distances (b,c,d,e,f,g). The visualization was carried out on the von Kármán Vortex Street dataset (cf. Sect. 5.1) with subdivision using backward integration using parameters \$t_{0}=15\$ and \$\tau=15\$ ."
2023,10.1109/VIS54172.2023.00023,10360926,fig3,3,Figure 3:,F,vis_2023_00023_fig_3.png,1908,1125,1CLEw3K6RCVSFoFE0Xpc4c8IgklF90S4E,"Visualization of the divergence and the corresponding distributions of the von Kármán Vortex Street using an elliptic reference region. The visualization was obtained by integrating backward with parameters \$t_{0}=15, \tau=15\$ , and \$\Delta_{t}=0.01\$ with a varying number of bins n. The distributions of α (red), β (blue) for the reference configuration and the most dissimilar pathline (yellow, cyan, respectively) are shown."
2023,10.1109/VIS54172.2023.00023,10360926,fig4,4,Figure 4:,F,vis_2023_00023_fig_4.png,1908,1175,1UVK5ARcVtGp7ZXh_xiEp3H2wGtc3RVCK,The influence of the parameters shown on the buoyancy dataset. The non-varying parameters are set to \$\Delta_{t}=0.01\$ and \$\tau=20\$ with a bin number of 100. The integration was performed backward in time starting at \$t_{0}=13\$ .
2023,10.1109/VIS54172.2023.00023,10360926,fig5,5,Figure 5:,F,vis_2023_00023_fig_5.png,1808,1817,1SeLseIJrFZQ5WMeUhw2Z7Gvjs0vDB4bz,"Visualisation of the divergence with two distinct reference regions (green). The visualization was obtained using backward in time integration with the parameters: \$t_{0}=13, \tau=20\$ , and \$\Delta_{t}=0.01\$ ."
2023,10.1109/VIS54172.2023.00024,10360937,fig1,1,Figure 1:,F,vis_2023_00024_fig_1.png,3450,2042,10HZtCEnunYV5e8dqpawLiKt18LdDXLLu,Comparison of volume rendering (VR) and cinematic rendering (CR) visualizations for congenital heart disease patients (Cases 1-3) and normal adults (Cases 4-5). Top row: VR. Middle row: CR from commercial solution. Bottom row: CR from open-source solution.
2023,10.1109/VIS54172.2023.00024,10360937,fig2,2,Figure 2:,F,vis_2023_00024_fig_2.png,1717,658,1LJJG_ZyUdyCzoKkisNE3aGjruHh9Hojx,"Effects of different values of roughness (r): (a) r = 0, results in a completely shiny and metallic surface (b) r = 0.5, introduces some subtle variations in the surface texture, resulting in a more natural appearance. and (c) r = 1, shows a highly rough surface, leading to a matte surface from left to right, keeping metallic and specular equal to 0.5."
2023,10.1109/VIS54172.2023.00024,10360937,fig3,3,Figure 3:,F,vis_2023_00024_fig_3.png,1592,658,1lj_m6psbqB_i05lc_EvSn7isM2HFiyQr,"Effects of single and multiple lights at the same position. Volume is illuminated with (a) single light, and (b) two lights."
2023,10.1109/VIS54172.2023.00024,10360937,fig4,4,Figure 4:,F,vis_2023_00024_fig_4.png,1717,658,1-r7lYtWPg2IkqMMY2vthHxxy-8Qr0Vlp,Effects of area and background lighting. Volume is illuminated with: (a) area lighting positioned on the top right; (b) background white lighting; and (c) combination of area and background lighting.
2023,10.1109/VIS54172.2023.00024,10360937,fig5,5,Figure 5:,F,vis_2023_00024_fig_5.png,1708,950,1oatQyLmHbreesn9TUm0QaKsAImVcqsMB,"Cinematic renderings using different lighting strategies: (a) use of two area light sources, (b-c) use of image-based lighting with two different high-dynamic range images; cloudy sky and a Vasamu-seum Humus 6"
2023,10.1109/VIS54172.2023.00025,10360923,fig1,1,Figure 1:,F,vis_2023_00025_fig_1.png,3617,758,15idXCVGAXb0c43loriQ-1kOhIGpiMiv6,"Different modes of the ExoplanetExplorer. The first two images show the overview mode with glyphs representing exoplanets from two different spatial positions, first from an outside-in view, with the camera at far distance, and second from a position closer to Earth. The glyphs show the host star’s metallicity, and the dense area is the planets within the Kepler telescope’s field of view. The third image shows the focus mode with a 3D representation of the HD 34445 exoplanetary system. The user changes between these modes by selecting a system of interest and zooming to the system, which toggles between the modes."
2023,10.1109/VIS54172.2023.00025,10360923,fig2,2,Figure 2:,F,vis_2023_00025_fig_2.png,1525,608,1nil0jAjatgGysFic7zEveeJt5bCHlSw9,Schematic overview of the data flow and expert interaction at the different information stages in an exoplanet exploration scenario. Data from different sources is collated and inspected through the tool.
2023,10.1109/VIS54172.2023.00025,10360923,fig3,3,Figure 3:,F,vis_2023_00025_fig_3.png,1525,525,16o2DHyG1jBRf0Of6Rt1ulM_h6BrIxnh7,Color mapping window with glyphs showing two parameters. The right half is mapped to the orbit eccentricity and the left to the equilibrium temperature (Teq). Missing values are shown in gray.
2023,10.1109/VIS54172.2023.00025,10360923,fig4,4,Figure 4:,F,vis_2023_00025_fig_4.png,1675,592,1FbF0CgAaPM7CXAejrzRLasWHBicu_McX,"(a) The Trappist-1 exoplanet system with its habitable zone clearly visible, and (b) a schematic of the mapping to the four different boundary values (inner conservative in green, and outer optimistic)."
2023,10.1109/VIS54172.2023.00025,10360923,fig5,5,Figure 5:,F,vis_2023_00025_fig_5.png,1333,333,1lIJ-Dc29_baoUO8wXufhedIDUZaEXTQP,"The CoRoT-7 system, including visual context cues in the form of a 90-degree inclination plane and the direction towards Earth."
2023,10.1109/VIS54172.2023.00026,10360916,fig1,1,Figure 1:,F,vis_2023_00026_fig_1.png,1908,1183,1QogiC-G7xZtPHsGqbnL2zzPDIb_oap9Q,"Visualization of the quality of a warrior hex-mesh [26] using the quality filtering by the HexaLab [5] (a), focus+context volume rendering [33] (b), and our glyph-based method (c), respectively. Our method highlights places with bad-quality elements. The larger the glyphs are, the worse the element quality is."
2023,10.1109/VIS54172.2023.00026,10360916,fig9,,,O,vis_2023_00026_fig_other2.png,517,617,1XwW66PRFuES8T3RBKlcpa_6VjUYTR4t5,
2023,10.1109/VIS54172.2023.00026,10360916,fig2,2,Figure 2:,F,vis_2023_00026_fig_2.png,1242,683,117f5P1_OTBIDBQNn7DyzMoTxT4fY2b0-,The aggregated glyphs (b) reduce the clutter of non-aggregated glyphs (a).
2023,10.1109/VIS54172.2023.00026,10360916,fig3,3,Figure 3:,F,vis_2023_00026_fig_3.png,1808,483,1Q86YF5ep345o0m7d4N_Ig4igegb-64xw,"Two different overlapping situations may arise (2D illustration): (a) overlapping vertices caused by degenerated edges, (b) overlapping quads caused by one vertex falling inside another quad. Existing visualization (left image of each pair) cannot effectively highlight the overlapping in either case. In contrast, we use arrow(s) to intuitively direct the viewers toward places with overlap (right image of each pair)."
2023,10.1109/VIS54172.2023.00026,10360916,fig4,4,Figure 4:,F,vis_2023_00026_fig_4.png,1883,1025,15Fgd6_7urTJs9w_crd9NXLMYNfjnCukM,The multi-view interface of our system for the level-of-detail inspection of mesh element quality.
2023,10.1109/VIS54172.2023.00026,10360916,fig5,5,Figure 5:,F,vis_2023_00026_fig_5.png,1525,1000,1bWWUI2axx8qoImpd9xN49ZPZn6Ppl1iF,A multi-view interface for the boundary error visualization of a hand hex-meshing.
2023,10.1109/VIS54172.2023.00026,10360916,fig6,6,Figure 6:,F,vis_2023_00026_fig_6.png,3917,1483,1A3BJ16mmshLo26mroIsJqc91rHRdcb2x,A use case of our system for the analysis of a hex-mesh quality.
2023,10.1109/VIS54172.2023.00026,10360916,fig7,7,Figure 7:,F,vis_2023_00026_fig_7.png,1908,1075,1x5wj2jazIuWGm3CYD9NO4WGdtWoOmVbk,"Comparison of the quality visualization using HexaLab (a), focus+context volume rendering (b), and our methods (c) for a teddy bear hex-mesh (top row) and a kitten hex-mesh (bottom), respectively."
2023,10.1109/VIS54172.2023.00026,10360916,fig8,8,Figure 8:,F,vis_2023_00026_fig_8.png,1908,750,1jFCFF5UC8f2XBw9qhYk3poVfVWY8mWiz,"Overlapping vertices and intersecting cells in a 3D view are difficult to be distinguished, as the lines obstruct their visibility."
2023,10.1109/VIS54172.2023.00027,10360890,fig1,1,Figure 1:,F,vis_2023_00027_fig_1.png,1825,1058,1NeX2fzk2Uz-fyaSsrWwpTnkuViKaDFAj,"Insights seem to capture internal knowledge extracted from data such as data facts, generalizations of these facts, and hypotheses to be tested. Insights also link internal and external knowledge such as domain knowledge, personal experiences, and tool expertise."
2023,10.1109/VIS54172.2023.00028,10360933,fig1,1,Figure 1:,F,vis_2023_00028_fig_1.png,3617,2392,1whfRhGth3foLRA5wCQgxAw669OAD6lst,"Selective visualizations from the WhaleVis dashboard: The map visualization (A) shows pelagic (offshore) whale catches from 1880 to 1986 along with the routes traversed by whaling expeditions during this period. The bar chart (B) shows the breakdown for pelagic vs land catches and also acts as an interface for setting a filter for pelagic whale catches. The route density in (A) enables visual estimation of the search effort i.e., where whales were searched for. There are relatively fewer catches in the North Atlantic and South Pacific Oceans compared to other regions. Further, since fewer expeditions traversed those waters, we are aware of a relative reduction in search effort when inferring the whale populations from reported catches in those regions."
2023,10.1109/VIS54172.2023.00028,10360933,fig2,2,Figure 2:,F,vis_2023_00028_fig_2.png,3992,2458,1fLOthocAhIXifAA7I2yPXZg71vfFZPha,"Progression of whaling species over time: blue → fin → sei → minke. Columns (y) and (l) show the timeline and the distribution of lengths respectively for each species. Column (e) shows the expedition routes (gray lines) and catches (circles) during the periods of peak whaling (3rd column) and decline in whaling (4th column), for each species."
2023,10.1109/VIS54172.2023.00029,10360921,fig1,1,Figure 1:,F,vis_2023_00029_fig_1.png,1908,2108,1xHW05EtMexAaXKmxZsG8q8I4OTOh6NxC,"The summary of workflows of all interview participants. These flow charts are drawn collaboratively with participants during the interviews, reflecting their everyday workflows. Only the cyclic events that happen frequently are drawn as backward arrows between stages. The names of the tools used in individual stages are labeled right below circular nodes, where R refers to the programming language. The same background color between nearby nodes represents that corresponding stages are performed in the same environment by the participant. The participants are ordered in a way that participants with the same positions are closer to each other (e.g., P1, P2, P7, and P8 who are postdocs)."
2023,10.1109/VIS54172.2023.00029,10360921,fig2,2,Figure 2:,F,vis_2023_00029_fig_2.png,1908,850,1p_m6McUHXcmsexPGOhZ0Q-jS0rWmarXF,Various challenges that participants encounter in their workflows. The thicker arrows represent that the corresponding transitions between stages are frequently observed in our interviews. The black circle labels represent the challenges we identified.
2023,10.1109/VIS54172.2023.00030,10360899,fig1,1,Figure 1:,F,vis_2023_00030_fig_1.png,3583,2333,1cQbhDjX0wQImiHIiBZVQ7urqruYKoy8R,"An overview of the Vis-SPLIT tool. (A) The Hierarchical Overview is an abstract view of the current clusters. (B) The Heatmap Overview displays the patterns for the expression values of genes in each cluster. (C) The Survival Analysis View visualizes survival curves for each cluster. (D) The PCA View allows users to view or split the selected node in the Hierarchical Overview, and includes (D.1) the Projection depicting individuals in 2D, placed based on genetic expression, (D.2-D.3) axis-aligned heatmaps displaying the expression values of genes, and (D.4) the Feature Loadings Plot showing current gene contributions."
2023,10.1109/VIS54172.2023.00030,10360899,fig2,2,Figure 2:,F,vis_2023_00030_fig_2.png,1908,950,1abRAacjb3rptBUGCmWMs9aDktbhrYAnv,An example of (A) identifying a gene partition based on (B) selected features in the Feature Loadings plot.
2023,10.1109/VIS54172.2023.00030,10360899,fig3,3,Figure 3:,F,vis_2023_00030_fig_3.png,1908,1342,1ovq5bCrmLy_7-PX4WeMzPeNf5Dedyyhh,"A comparison of classification from the resulting Heatmap Overview of the PAM50 (top) and Vis-SPLIT (bottom), and (A) some regions where the difference is visible."
2023,10.1109/VIS54172.2023.00031,10360908,fig1,1,Figure 1:,F,vis_2023_00031_fig_1.png,3208,1575,1VEfEMxy9zaBQwpJWyd8wqVrupm1VhlVc,"AutoGosling facilitates the creation of genomics visualizations by enabling multimodal interactions. Instead of directly constructing the grammar-based visualization specifications (d), users express design intentions through sketches/examples images (a), a template GUI (b), and natural language commands (c), which are interpreted by AutoGosling and converted into interactive genomics visualizations (e,f). Interactions are progressively introduced to minimize information overload and reduce mode-switching."
2023,10.1109/VIS54172.2023.00031,10360908,fig2,2,Figure 2:,F,vis_2023_00031_fig_2.png,1908,792,1bTzge-tnXqBxfgx4GdLEavCCs9FWypKq,"Examples in the training dataset. The dataset encompasses diverse genomics visualizations with varied mark types (a–e), track orientations (a–e), and view configurations (d–e)."
2023,10.1109/VIS54172.2023.00031,10360908,fig3,3,Figure 3:,F,vis_2023_00031_fig_3.png,1800,575,1N8ZOTyMbAWKMkFh3tvowoFXu1_aaW0dJ,Key components in a Gosling visualization specification that are detected in AutoGosling.
2023,10.1109/VIS54172.2023.00031,10360908,fig4,4,Figure 4:,F,vis_2023_00031_fig_4.png,1908,500,1VViFFDrTZdltOOQO771CYOKekXltJpIa,The prompt template. Domain_Instructions contains a list of messages designed to correct common errors in GPT-generated Gosling specifications.
2023,10.1109/VIS54172.2023.00031,10360908,fig5,5,Figure 5:,F,vis_2023_00031_fig_5.png,1858,1692,1wKRZrFmsgE-SNy2l9vxpnbowsH_jgBI3,AutoGosling identifies the design intentions presented in a sketch image (A) and transforms them into an interactive genomics visualization. Users can further customize and refine the visualization using predefined templates (B) and natural language commands.
2023,10.1109/VIS54172.2023.00032,10360891,fig1,1,Figure 1:,F,vis_2023_00032_fig_1.png,3433,1358,1qtu-rMo8it_GQ1-HDDLHXgoWrf86LGc5,"Overview of simulating the marine sponge Crella incrustans. Given the (a) skeletal architecture that resembles Crella incrustans and the (b) simulation box for fluid and nutrients, we are able to (c) simulate sponge growth using the skeletal architecture to guide the growth pattern. This results in a (d) 3D mesh of Crella incrustans."
2023,10.1109/VIS54172.2023.00032,10360891,fig2,2,Figure 2:,F,vis_2023_00032_fig_2.png,1725,825,1ca47vBiD91iN7lCteXJbi9UCGUoSq12f,An overview of the sponge simulation.
2023,10.1109/VIS54172.2023.00032,10360891,fig3,3,Figure 3:,F,vis_2023_00032_fig_3.png,3667,933,1dJxTkDYjzSyn3dwcFDa0W-UMhof-7YkL,"Simulation visualization for (a) shape, (b) fluid, and (c) nutrients. The (b) arrows convey the strength of the fluid flow at a given point (through size and color), and particle streamlines are shown in dark blue. The (c) yellow to blue visualizes high to low nutrient concentration respectively."
2023,10.1109/VIS54172.2023.00032,10360891,fig4,4,Figure 4:,F,vis_2023_00032_fig_4.png,3250,733,19KkynebQYnWo9yLQbaB5Q9tC_H4aUeUJ,"A simulation of sponge growth at iterations 1, 15, 30, and 45 respectively."
2023,10.1109/VIS54172.2023.00032,10360891,fig5,5,Figure 5:,F,vis_2023_00032_fig_5.png,1908,1375,1h1LlzKCmskwQt330cZOh1pPbpp24-I0p,"Comparing (a, b) a real-life photo [2] with (e) the simulated Crella incrustans sponge. We also compare with prior work (c) as well as demonstrate changing the skeletal architecture from (d) Radiate Accretive to (e) Halichondrid to better simulate Crella incrustans."
2023,10.1109/VIS54172.2023.00033,10360912,fig1,1,Figure 1:,F,vis_2023_00033_fig_1.png,4208,1158,1jWnaVpdc03HcC7sfGvmnsWW4bwjIADtp,The pipeline of our end-to-end machine learning approach.
2023,10.1109/VIS54172.2023.00033,10360912,fig2,2,Figure 2:,F,vis_2023_00033_fig_2.png,2008,742,17mwyXet_eKOT4TadtbfympsptPqGS6M8,The dynamics of the number of VAST (non-)application papers and their penetration rates.
2023,10.1109/VIS54172.2023.00033,10360912,fig3,3,Figure 3:,F,vis_2023_00033_fig_3.png,2000,1225,1s8zQg8Ph6M3gTaprIiRavOHvB2s3ACPr,"The stream graph showing 8 topics of 250 inferred VAST application papers, with the bottom grey topic a misc./background one. Keywords in each stream indicate time-sensitive topic content."
2023,10.1109/VIS54172.2023.00033,10360912,fig4,4,Figure 4:,F,vis_2023_00033_fig_4.png,1925,1867,1ZY1_Iehd8VqgPCvLKz44vL2028yqABzv,The projection of keyword distributions of VAST application and non-application papers.
2023,10.1109/VIS54172.2023.00034,10360922,fig1,1,Figure 1:,F,vis_2023_00034_fig_1.png,3000,550,1zIch-YjltFfC9nwhxuyGVnlxfnK6phgg,"Overview of our subjectivist methodology. Qualitative activities including interviews, focus groups and immersion, were conducted in the context of the child neurodiversity case study. White boxes represent steps in our future work to establish the real-world utility of the framework."
2023,10.1109/VIS54172.2023.00034,10360922,fig2,2,Figure 2:,F,vis_2023_00034_fig_2.png,2675,1392,1Wv6bcJxL70MHaquXX07Qh01ZB_D5deeD,Initial framework for structuring soft intelligence and the lived experiences of visualisation stakeholders in PHM.
2023,10.1109/VIS54172.2023.00034,10360922,fig3,3,Figure 3:,F,vis_2023_00034_fig_3.png,2950,1317,1ae5g_oo90j4ipDn_2iEQK9dW0g3iIJjD,"Examples of implementing parts of the CLEVER interface to include reference population selection (a,b) and pathway creation views (c)."
2023,10.1109/VIS54172.2023.00035,10360898,fig1,1,Figure 1:,F,vis_2023_00035_fig_1.png,3617,2125,1jrnqaws525Rkw1nkgsxK5DruuPQbMX8R,The proposed focus+context linked-view VA interface. The topological view (A) enables interaction with a machine learning classifier which visualizes the historical data points that have been found most similar to the current situation. The slider is used to specify the desired variation criteria depending on the controlled process stage (highlighted in yellow). The circle chart to the right provides insight on model accuracy (mapped by color intensity) and performance (mapped on the radial axis). The situation view (B) (i.e. the focus view) shows the profile (solid line) of the key performance parameter (Kappa number) through process cycle and shows deviations from a selected optimal profile (dotted line). The strategy view (C) shows variation limits for controlled (H-factor and Effective Alkali) and monitored parameters (pressure and temperature) obtained from the historical data points. The control view (D) at the bottom shows the consequences (colored solid line) of an adjustment predicted by the ML model for the selected parameter. The extent to which the explored adjustment value affects Kappa recovery is also shown on the situation view (colored solid line).
2023,10.1109/VIS54172.2023.00035,10360898,fig2,2,Figure 2:,F,vis_2023_00035_fig_2.png,9747,8355,1VlC1C5cDtb-L_-U94FZVh8QZHahBgozr,WDA performed on the delignification process. The WDA relies on state-of-the-art study of domain-specific tasks and the interviews conducted with the process operators working with the digester.
2023,10.1109/VIS54172.2023.00036,10360887,fig1,1,Figure 1:,F,vis_2023_00036_fig_1.png,3617,1533,1VK7EDTUmzkX3UedQ6hZSAEqiJD3_5ZUr,"How do Bayesian surprise metrics and suppression encodings influence peoples’ takeaways in map visualizations? We conduct two experiments with Covid-19 and Poverty datasets, randomly assigning 300 participants to three map conditions. We collect data across three map takeaway tasks T1Best, T1Worst: Identify and T2: Explore. To mitigate biases for particular dataset contexts discovered in pilot studies (e.g. vaccine skepticism) we reframe both datasets as a sales and marketing task. Metrics include participants’ exploration metadata (quantitative) and takeaway comments (qualitative)."
2023,10.1109/VIS54172.2023.00036,10360887,fig2,2,Figure 2:,F,vis_2023_00036_fig_2.png,4000,1017,1-mPewK1muJyUsvZs_tXBNqbsFZzDBGKM,"Quantitative results for rate, population and surprise metrics. A) T1Best-Vaccine (Rate) B) T1Best (Population) C) T1Best-Vaccine (Surprise) D) T1Worst-Poverty (Rate) E) T1Best-Poverty (Population) F) T1Worst-Vaccine (Surprise). We report Kruskal-Wallis tests on overall effects and post-hoc tests (brackets). 95% confidence interval using a bootstrap method are depicted. Our findings suggest that VSUPs can lead to the selection of counties with higher rates and surprise, and Surprise maps lead to the selection of highly populated counties."
2023,10.1109/VIS54172.2023.00036,10360887,fig3,3,Figure 3:,F,vis_2023_00036_fig_3.png,3992,1300,13cls0j4Wy_JNGZeZVOIJI0M1Kr-oIyl0,"Visual Analysis of participants’ county selection for condition T1Worst. A) Choropleth B) Surprise C) VSUP maps. We conducted a visual analysis of participants’ selections. We find consistent county selections on the VSUP, whereas Surprise map has greater dispersion. However, we see a higher degree of correlation in participants’ selections between the VSUP and Surprise maps, compared to the Choropleth map."
2023,10.1109/VIS54172.2023.00037,10360879,fig1,1,Figure 1:,F,vis_2023_00037_fig_1.png,2900,775,1G1TCnmMNLGB37u4sLbvhrYeV0vir3caT,"The three visualization autocomplete strategies identified in our study. The dashed boxes in different colors represent autocomplete suggestions. Based on the token(s) that has been placed, NEXT-STEP provides suggestions for a single next visual mapping operation. GHOST provides situated partial or completed visualization recommendations. GALLERY provides a gallery of completed visual mapping options."
2023,10.1109/VIS54172.2023.00037,10360879,fig2,2,Figure 2:,F,vis_2023_00037_fig_2.png,1908,1342,1ha2WxUjowuzsMJ1zTeBZv-PQGs-A25A6,(a) The diagram illustrates the mechanism of the search engine autocomplete feature. (b) The sketch template. (c) Participants were sketching their ideas.
2023,10.1109/VIS54172.2023.00037,10360879,fig3,3,Figure 3:,F,vis_2023_00037_fig_3.png,4000,1192,1qqu1rtsn3LUlbX9MMlY-uyl0GNb60FVe,"The participants’ design sketches illustrate three autocomplete strategies. I5 and I3 showcase the NEXT-STEP strategy, highlighting available surrounding positions for the next token. The GHOST strategy is more flexible, providing suggestions for 2D (I13, I9-1, I12) and 3D (I10, I1) visualizations, both partial (I13, I10) and full (I1, I9-1, I12). And its suggestions can be based on one token (I13, I10, I12) or multiple tokens (I1, I9-1). Additionally, I2, I7, and I9-2 demonstrate the GALLERY strategy, featuring multiple displays after reading data (I9-2) or defining high-level abstractions (I2, I7)."
2023,10.1109/VIS54172.2023.00037,10360879,fig4,4,Figure 4:,F,vis_2023_00037_fig_4.png,1717,425,1-vpjYyBsVn491jj2IvwG9KMTVDOwedvF,"The different ways to explore the visual mapping decision tree. The original decision tree (a) and exploration through NEXT-STEP (b), GHOST(c), and GALLERY (d)."
2023,10.1109/VIS54172.2023.00038,10360929,fig1,1,Figure 1:,F,vis_2023_00038_fig_1.png,3617,1850,1NqKAYkgxNF8opWadi0ti4nUh2jjc7zTF,"An example of how the Indy Survey Tool we present was used in recent survey on Immersive Analytics [16]. The left panel (1) lets users filter using a search bar, timeline, and topic selector. The top bar (2) provides information about the survey and how to add new entries. The center (3) shows a short summary of each included paper. The collapsible visualization panel (4) on the right shows a correlation matrix for two selected dimensions. Interacting with the left and right panels filters the papers displayed in the center. Upon selection of a paper, a detail view pops up with all of its information (not shown)."
2023,10.1109/VIS54172.2023.00038,10360929,fig2,2,Figure 2:,F,vis_2023_00038_fig_2.png,1717,1450,1FBO4IFEmlDYWPGqhC0Mc3aFtamf1se6h,"In Indy Survey Tool, every paper can be assigned multiple topics, which can be further organized and nested—dimensions contain categories; categories in turn contain topics. The image presents the correlation matrix in a graph drawing survey [7] between the evaluation method used (left dimension) and what metrics are reported (top dimension)."
2023,10.1109/VIS54172.2023.00038,10360929,fig3,3,Figure 3:,F,vis_2023_00038_fig_3.png,1525,967,1FFAI1-kH270wuF7uPbhPc7H0CjQ0V6T5,Detail View of the metadata associated with a selected paper in the graph drawing survey [7]. The survey authors decide which information to present for each paper and the presentation order.
2023,10.1109/VIS54172.2023.00038,10360929,fig4,4,Figure 4:,F,vis_2023_00038_fig_4.png,1817,2992,1FmRS9_1-SxNebtCHPK4l92FaIPolXYBW,"When dealing with metadata that is not categorical (e.g. integers or dates) more visualizations can be integrated in the website. The two figures above (from the survey website discussed in Section 5.2) show the evolution of a feature over time (top figure—in this case, the ratio of types of supplemental material through the years) and an integer value split by different categories (bottom figure—in this case, graph sizes in number of nodes by graph feature)."
2023,10.1109/VIS54172.2023.00039,10360894,fig1,1,Fig. 1:,F,vis_2023_00039_fig_1.png,1908,583,12N4lVBUxpIspIvSoHEPDfG6gg2g5MHeg,"Examples of particle wind flow maps. Left: Hint.fm windmap has a minimalistic style, using a grey-scale color scheme to highlight the fastest moving wind. Right: Windy, another particle-based wind map, using color hue to encode wind data."
2023,10.1109/VIS54172.2023.00039,10360894,fig2,2,Fig. 2:,F,vis_2023_00039_fig_2.png,1908,1033,1zRWgKGHVqoGgp6Ijojnvmsp5S9e1CQ9D,"A: Atrial example, with parameters: (local index: 1; direction: below; base speed: 80px/s (left); compare speed: 65px/s(right); condition: mixed encoding). B: Stimuli in the mixed encoding condition at different speed levels. The flow length, density and color situation contribute to the differences. (In the motion-only encoding condition, stimuli are identical in screenshots)."
2023,10.1109/VIS54172.2023.00039,10360894,fig3,3,Fig. 3:,F,vis_2023_00039_fig_3.png,1908,583,1FmElVC9zDW3mh216XQT45d5t1fCJBpGb,"Illustration of the staircase procedure. In section A, the participant consistently provided correct answers, reflected by the red line’s gradual approach towards the base value at a rate of 1px/s. Section B indicates the participant made an incorrect response, resulting in subsequent comparison values being adjusted 3px/s away from the base value."
2023,10.1109/VIS54172.2023.00039,10360894,fig4,4,Fig. 4:,F,vis_2023_00039_fig_4.png,1908,1025,1ahmPDAlYXEUlr5cxcM2i-9vhr6q1yWeq,"Linear regression results for single encoding condition and mixed encoding condition. It appears mixed encoding outperformed motion-only single encoding, lower JND value indicates better perception accuracy"
2023,10.1109/VIS54172.2023.00039,10360894,fig5,5,Fig. 5:,F,vis_2023_00039_fig_5.png,1908,1117,1hhbIG7484-A-PS0F_3cXjtA0ikotPMqq,A&B: residual plot and Q-Q plot for single encoding condition. C&D: residual plot and Q-Q plot for mixed encoding condition.
2023,10.1109/VIS54172.2023.00040,10360880,fig1,1,Figure 1:,F,vis_2023_00040_fig_1.png,3258,633,10C3xbCYYIP9fSyCsKfks8d3Dh_y6ghCW,"Dashboard Design Pipeline of Visualization Tool Logs: User interactions are logged and categorized by event types (1) to determine different stages of visual exploration. With user types classified (2), we are then able to apply analysis and calculations (3) according to our key performance indicators (KPIs). The dashboard (4) pages and contents are informed directly by the KPIs."
2023,10.1109/VIS54172.2023.00040,10360880,fig2,2,Figure 2:,F,vis_2023_00040_fig_2.png,4000,1908,1_p0PHQ4wi2zfp6f4bDVXhEXNOG8uymu1,"Page Overview: A navigation bar on top, three stratified rows to report overall trends and usage in the Vistorian."
2023,10.1109/VIS54172.2023.00040,10360880,fig3,3,Figure 3:,F,vis_2023_00040_fig_3.png,1908,1533,1yOZ6enRnz1bZE1FzrygJvWW-JH8w1jPm,(a) Page Visualization: a table layout showing data about each visualization. (b) Page User: individual interaction sequences color-coded by event categories.
2023,10.1109/VIS54172.2023.00021,10360914,fig1,1,Figure 1:,F,vis_2023_00021_fig_1.png,3617,958,1_F7ciPsAXgq9hdIXj4jfx34Fuds9CfAp,"A 2D vector field of a Kármán vortex street, with a purple curve marking a part of the domain and the preimage of the curve’s image in green. The inset shows a continuous scatterplot [1], with the curve’s image in purple."
2023,10.1109/VIS54172.2023.00021,10360914,fig2,2,Figure 2:,F,vis_2023_00021_fig_2.png,1825,1167,12fk5wOc0VBI70G6HCLE3ujVOp7U0-9xZ,Continuous scatterplot for each dataset’s range.
2023,10.1109/VIS54172.2023.00021,10360914,fig3,3,Figure 3:,F,vis_2023_00021_fig_3.png,1900,775,1AwJ6VuER-l3dRIj6H5yQWcur_8ifVrB0,"Visualization of the 9 control polygons in the codomian. Number of edges: (a)=3, (b)=4, (c)=8, (d)=16, (e)=38, (f)=60,(g)=126, (h)=232, and (i) =2997."
2023,10.1109/VIS54172.2023.00021,10360914,fig4,4,Figure 4:,F,vis_2023_00021_fig_4.png,1908,1017,14_o6hEW3Qt1bXLIN81zWDRrM2fDlCcUH,Plot the dataset Red Sea in the case (II).
2023,10.1109/VIS54172.2023.00041,10360895,fig1,1,Figure 1:,F,vis_2023_00041_fig_1.png,3617,1542,1roPThb5s5D5e7rvDKVg4P0dAN_WSBFXD,"Automatic labeling of visual features in a line chart. (a) Automatic detection of user-annotated visual features. (b) Integration of discovered visual features with a large language model (LLM). (c, d) Automatic labeling of increases and decreases in trends using quantified semantics; the adjective/verb pairings encode specific empirically-derived line-slope information for generating corresponding annotations."
2023,10.1109/VIS54172.2023.00041,10360895,fig2,2,Figure 2:,F,vis_2023_00041_fig_2.png,1908,1608,1itnJ6KJVTW7NYTCSALcWjl3I8FQLma-8,The annotation-collection tool. Participants drag words from the left (a) over to visual features of the charts on the right (b). The words are snapped to the nearest chart position. Words may be moved or deleted once they are attached to a chart. Individual words may be used on multiple charts and multiple times on a single chart.
2023,10.1109/VIS54172.2023.00041,10360895,fig3,3,Figure 3:,F,vis_2023_00041_fig_3.png,2000,1442,1N07O0KvMjRIJVzPn2yGRrMAEAm-IYyxn,Average segment slope of the annotations. The maximum possible slope range available for the charts is -3 to +3.
2023,10.1109/VIS54172.2023.00042,10360911,fig1,1,Figure 1:,F,vis_2023_00042_fig_1.png,1908,1100,1SR4bq9G-W_TS2CIM7xgUBNLG9yznwuOx,"(a) Chart specification as a nested dictionary (left, here as a Python dict), (b) flattened list of logical facts (middle, in Answer Set Programming), (c) the rendered visualization result, and (d) the skeleton abstracted from the logical format."
2023,10.1109/VIS54172.2023.00042,10360911,fig2,2,Figure 2:,F,vis_2023_00042_fig_2.png,1900,1358,1KQzkCz1fXPTrfFrp3wTwW34R805DorS1,visualizing the violation vectors with debug.DracoDebugPlotter.create_chart. It consists of an aligned bar chart displaying constraint weights and a heatmap illustrating constraint violation frequencies for each chart specification.
2023,10.1109/VIS54172.2023.00043,10360896,fig1,1,Figure 1:,F,vis_2023_00043_fig_1.png,3542,1217,1u1gaLFrGDzQsxXjffDwAMjMe3qcGk2bE,"This figure presents two Spiral Visualizations on the Facebook dataset having 4,039 nodes and 88,234 edges. The Spiral Visualization on the left (a) uses continuous diverging color coding, while the one on the right (b) uses discrete diverging color coding to color the nodes. Each spiral in a spiral visualization represents a community within the dataset. The radius of the spiral represents the size of the community. Each edge represents the existence of inter-community edges between two communities, and the edge width represents the number of interconnections between them. Nodes are ordered and colored based on degree centrality to visualize and compare degree distribution in spirals."
2023,10.1109/VIS54172.2023.00043,10360896,fig2,2,Figure 2:,F,vis_2023_00043_fig_2.png,1908,1217,1udm_w69p-tHOHR1ue435nYykCzFu8Wzo,"The figure demonstrates that when the user hovers the mouse over node-1077, its intra-community and inter-community connections are highlighted in dark blue color. Additionally, the community connections of the community to which node-1077 belongs are shown in gray color."
2023,10.1109/VIS54172.2023.00044,10360910,fig1,1,Figure 1:,F,vis_2023_00044_fig_1.png,3583,1233,1W6CG4qEIsR9HyHEc8-7XVOzOmRWJqgfp,"ProtoGraph web tool interface (a). The left column shows the code editor where the user can write ProtoGraph language statements, the right column displays the graph which dynamically renders as the user types in the editor. The bottom right panel shows the animation timeline previewing each step of the animation. The user can share the current graph using an auto-generated URL or export the visualization as an image or video. Sample graphs generated with ProtoGraph during the user study include a gene regulatory network (b), a FAT tree network (c), and a Mandala artwork using hundreds of edges (d)."
2023,10.1109/VIS54172.2023.00044,10360910,fig2,2,Figure 2:,F,vis_2023_00044_fig_2.png,1908,775,13Qk3JzXEVT3xObub3UHf9q1l3CYBReTx,"Using objects, commands, and selectors to create an animated graph. (a) ProtoGraph language source code. (b) Individual frames of the three-step animation sequence. For a live example of a more complex animation, visit https://bit.ly/3zVJdE0 ."
2023,10.1109/VIS54172.2023.00044,10360910,fig3,3,Figure 3:,F,vis_2023_00044_fig_3.png,1908,1242,10louN2V8nN1I9PT55hW_EssxRPQQ-oCW,Example User Study Tasks. In Section I participants were asked to write code to best recreate a given graph visualization such as in (a) and (b). In Section II participants were asked to read the provided code and sketch out the corresponding graph on a digital whiteboard. Example answers are shown in (c) and (d).
2023,10.1109/VIS54172.2023.00044,10360910,fig4,4,Figure 4:,F,vis_2023_00044_fig_4.png,1817,567,15aGKAK2UeHwnEIoF_0YJmIJM6IrJ-ynV,"Participant accuracy on the three reading and three writing tasks in the study. On average, participants scored over 75% on all tasks. A red dot and line depict the average and 95% confidence interval, distribution shape is shown as light gray."
2023,10.1109/VIS54172.2023.00044,10360910,fig5,5,Figure 5:,F,vis_2023_00044_fig_5.png,1867,575,1x1lr9Aa_ITozOd6_k5Z2R0i7GlCKjH_8,"Results from two participants in Section III of the study, where we asked them to create their own visualizations. (a) Protein creation process from a participant with visualization experience of 5 out of 7 and coding experience of 5 out 7. (b) Family tree written in Portuguese (participant experience: vis 4/7, coding 1/7)."
2023,10.1109/VIS54172.2023.00044,10360910,fig6,6,Figure 6:,F,vis_2023_00044_fig_6.png,1875,550,1czWsLpEIphLUqUw3MNBfKrFEL8LDmAXX,"Left panel: Participant self-reported coding experience from 1 (no experience) to 7 (experienced coder). Right panel: Participant feedback on the usefulness, learnability, readability and usability of ProtoGraph from 1 (very difficult) to 7 (very easy)."
2023,10.1109/VIS54172.2023.00045,10360882,fig1,1,Figure 1:,F,vis_2023_00045_fig_1.png,3617,992,1QdIHbsoE4QhETKFvyDTg_YVXXcyEsHBD,"Example scatterplot shown to participants in our user study to investigate the differences between (a) visually estimating and (b) visually validating the average value of the shown data. In (c), the red lines indicate the upper border of the statistical 95% confidence interval (CI) of the average value and the blue line shows the data’s true average value."
2023,10.1109/VIS54172.2023.00045,10360882,fig2,2,Figure 2:,F,vis_2023_00045_fig_2.png,1317,858,1qnQ8uI8KZxvWpYBzZv1lUkUbhsQOPw-s,Histogram of the deviations of the drawn lines in the estimation tasks for both populations.
2023,10.1109/VIS54172.2023.00045,10360882,fig3,3,Figure 3:,F,vis_2023_00045_fig_3.png,1242,1775,1_1yjFpPIkf0KLQMb6_KtcV3-27fi_MP1,Validation and estimation accuracy for both populations (absolute deviation). Blue line: Cumulative distribution for the estimation errors. Orange line: Logistic regression for the validation acceptance. Green line: Statistical 95% CI.
2023,10.1109/VIS54172.2023.00045,10360882,fig4,4,Figure 4:,F,vis_2023_00045_fig_4.png,1333,850,11MJxTaIfoRc-M4S06ghEwqXnynZpb5iz,Comparison of the logistic regressions for the acceptance rates of positive and negative deviations of the volunteered population. Green line: statistical 95% CI.
2023,10.1109/VIS54172.2023.00045,10360882,fig5,5,Figure 5:,F,vis_2023_00045_fig_5.png,1333,808,1CorzDMGs2kBdmsUvNWgUpPPkgK7v7i0G,Acceptance rate of the shown lines in the validation tasks (absolute deviation) of the volunteered population. Yellow line: The raw percentages per deviation. Orange line: The logistic regression of the yellow line’s data. Green line: Statistical 95% CI.
2023,10.1109/VIS54172.2023.00046,10360906,fig1,1,Figure 1:,F,vis_2023_00046_fig_1.png,3617,1275,14qv_1eUyNGSZZkIrjtOt7UJPZsOacwXD,"Dense line chart visualization containing multiple clusters, where a red arrow indicates the mouse path. On the right side, an audio visualization of our sonification approach is displayed for the highlighted mouse path. It contains an amplitude visualization and the contour of the fundamental frequency (musical pitch) of the audio (see Section 5 for further details)."
2023,10.1109/VIS54172.2023.00046,10360906,fig2,2,Figure 2:,F,vis_2023_00046_fig_2.png,1908,825,1r3wd7ihSUtwvlrhSVVlPFkiy1YQ1M0p8,"Visualized audio frequencies for lines 1-5 originating at the same point. The audio visualization is the contour of the fundamental frequency (musical pitch) of the audio, using the Enhanced Autocorrelation (EAC) algorithm as implemented in the spectrogram view of the popular audio software Audacity [1] (see Section 5 for a more detailed description of this visualization)."
2023,10.1109/VIS54172.2023.00046,10360906,fig3,3,Figure 3:,F,vis_2023_00046_fig_3.png,1908,1033,1L-orsOVviaEEHtvFDeMOb5BBgK4VEgtZ,"Attack and decay (AD) envelope used to produce a plucked string sound. Attack refers to the initial sound build up, while decay describes how the amplitude falls off over time."
2023,10.1109/VIS54172.2023.00046,10360906,fig4,4,Figure 4:,F,vis_2023_00046_fig_4.png,1900,717,1JahPZUMKldb1wK1m_KNnO2-ggm1Tugbh,Top: audio with dynamic amplitude scaling. Bottom: audio without any amplitude and decay scaling. The duration and notes are the same for both cases. The gaps in the top audio are due to clipping. It can be seen that the clusters are not discernible without dynamic amplitude scaling.
2023,10.1109/VIS54172.2023.00046,10360906,fig5,5,Figure 5:,F,vis_2023_00046_fig_5.png,1900,933,18IScGcyrlH4Ck3bjAInURrbdqvrx0BcS,Audio feedback produced from evenly spaced lines played in succession demonstrating how the initial note is accented and the last note is played slightly longer.
2023,10.1109/VIS54172.2023.00046,10360906,fig6,6,Figure 6:,F,vis_2023_00046_fig_6.png,1908,892,1CbbHH0Ic8u4JVsxQ00fDIaqI-UuIigoQ,"Left: visualization of two overlapping clusters, with the grey cluster visually displaced. Right: audio visualization of all lines intersecting the lens (red circle) played in order of importance, with a 0.05 s delay between each note (1200bpm)."
2023,10.1109/VIS54172.2023.00047,10360936,fig1,1,Figure 1:,F,vis_2023_00047_fig_1.png,3608,542,1fg28aMs_y5vYAMJcUuSNMzAFSR0aTzSt,"Our approach is centered around the phase histogram widget (a), which indicates the von Mises distribution [36] for given period lengths as a row-wise heat map (b). The duration of the period can be adjusted by vertically scrolling the heat map. The current period length is indicated by a frame (c) and visualized additionally as a bar chart (d). The quality measures for period lengths are visualized as a vertical bar chart (e). Bigger changes of the period length or picking a dedicated one is possible with the time slider (f). Other interesting period lengths that are fractional multiples of the current one are suggested above (g) the slider."
2023,10.1109/VIS54172.2023.00047,10360936,fig2,2,Figure 2:,F,vis_2023_00047_fig_2.png,3900,842,1LIlfuLeT5l2zKV9dCExYwl8-CMrrmWHS,"A schematic explanation (a) of our approach: Event data gets binned over the temporal domain. For the Cartesian representations [19, 21, 29, 35] the bins then get placed so that each row represents one period. Our approach shows an aggregated view on this, and varies the period durations slightly from row to row. The current period length is framed in red in the figure. Example patterns for periodic behavior in our approach for a sharp (b) and a less sharp (c) periodic pattern, and for uniform noise (d). As a comparison, periodic behavior (e) in the Cartesian binned representation is shown for the actual signal period length, and for multiples (f), integer fractions (g), and non-integer fractions (h, here \$\frac{6}{5}\$ ) thereof. Here, the periodicity manifests as vertical lines. Patterns appear as straight lines emanating from the center in the Archimedean binned representation (i) [8, 37], but are also visible if the period length is nearly right (k)."
2023,10.1109/VIS54172.2023.00047,10360936,fig3,3,Figure 3:,F,vis_2023_00047_fig_3.png,1900,667,1_RuwBuUBYCyPNHeo-W4MiBUne0_h1l4Z,"Example mappings of phase to color (a, c) or shape of visual marks (b) in a scatter plot. Periodic behavior related to the spatial aspect of the data is revealed by uniform areas. The mapping is shown in our widget (Fig. 1a) as a legend (d,e) that can be interactively adjusted to change the mapping of glyph or color to phase. the top), we can also see an increase of events over the years, and a seasonal yearly component (denser and less dense vertical areas)."
2023,10.1109/VIS54172.2023.00048,10360886,fig3,1,Code 1:,L,vis_2023_00048_listing_1.png,1975,1050,1po1iWWfrDCivknnziTl3KftWd3KBr80b,Using the main class of Zadu to compute the Trustworthiness & Continuity (tnc) and Steadiness & Cohesiveness (snc) scores of a given embedding (ld) based on its original data (hd).
2023,10.1109/VIS54172.2023.00048,10360886,fig4,2,Code 2:,L,vis_2023_00048_listing_2.png,1883,292,11vBGmLQWNaoidnokC0MwCOeIP342VNBj,Accessing the internal functions of Zadu to execute Mean Relative Rank Errors and Pearson’s correlation coefficient r.
2023,10.1109/VIS54172.2023.00048,10360886,fig5,3,Code 3:,L,vis_2023_00048_listing_3.png,1975,975,1RizHPHJg090SXUPSGsyGsUCpfxO90t86,"Obtaining local pointwise distortion from Zadu by raising the return_local flag. If a specified distortion measure produces local pointwise distortion as an intermediate result, it returns a list of pointwise distortions when the flag is raised."
2023,10.1109/VIS54172.2023.00048,10360886,fig1,1,Figure 1:,F,vis_2023_00048_fig_1.png,3950,1050,1Cs1ksslzke8YafWJe9kl3EeSsgAeIjUg,"The UMAP embedding of the MNIST dataset (leftmost column), and two distortion visualizations generated by ZADUVis: CheckViz [27] and the Reliability Map [18]. The distortion visualizations depict how each region of the given embedding suffers from the distortions that lower the Steadiness & Cohesiveness (S&C) scores. The visualizations follow the 2D colormap proposed by Lespinats and Aupetit [27] (rightmost column). Combined with ZADU, ZADUVis helps practitioners easily generate distortion visualizations on a matplotlib canvas."
2023,10.1109/VIS54172.2023.00048,10360886,fig2,2,Figure 2:,F,vis_2023_00048_fig_2.png,1808,700,1BWzLcE5rlYsFnzDgKgcOTIH1VO7AjD_Q,The results of the runtime analysis (Section 4). (left) ZADU’s optimization substantially reduces the runtime for the optimization of DR embeddings. (right) The extent to which the optimization reduces the runtime increases as the size of the datasets increases. The shaded area in the right figure depicts the 95% confidence interval.
2023,10.1109/VIS54172.2023.00048,10360886,fig6,4,Code 4,L,vis_2023_00048_listing_4.png,1900,1442,1S0NHAEqQhwJPc9NVGR5491yQsj6JG5mQ,Visualizing CheckViz [27] and the Reliability Map [18] using ZADUVis and matplotlib. ZADUVis gets the embedding and the local distortions made by ZADU as arguments and generates distortion visualization. The rendered image of this code is depicted in the second (CheckViz) and third (Reliability Map) columns of Fig. 1.
2023,10.1109/VIS54172.2023.00049,10360934,fig1,1,Figure 1:,F,vis_2023_00049_fig_1.png,3617,1458,1MOGPegNi5tHAHmr5ogQtS1fRIfqKH_zt,"The World Life Expectancy dataset [36] in TimePool. In each figure, the top left is a line chart; the bottom left is a detail view consisting of juxtaposed timelines sharing a time axis with the line chart; and the bottom right is an overview, a zoomed-out version of the detail view. Each timeline represents a country. (a) The answers to “which countries have life expectancies 10 years longer/shorter than average? and when” are highlighted in green/red. It can be seen from the overview that most countries in the low end are in Sub-Saharan Africa. Poland attracted attention due to its green-red-green pattern. Through the line chart, its detail can be examined. (b) The answers to “Which countries experienced significant variances in life expectancy? and when?” are highlighted in green. Three peaks (indicated by arrows) in the number of countries that experienced significant changes in life expectancy can be seen. The Spanish flu and World Wars occurred during those time periods."
2023,10.1109/VIS54172.2023.00049,10360934,fig2,2,Figure 2:,F,vis_2023_00049_fig_2.png,3992,950,1NQ36pZXeYcc3XTcecPcNgfBZpbaUfCSl,(a) The answers to “Which countries were among the top 10 in life expectancy? and when?” (Q1) are highlighted in green. (b) The answers to “Which countries had life expectancies shorter than 50 years? and when?” (Q2) are highlighted in red. The countries are sorted by continent and then by the total length of red bars between 2000 and 2012. The time window is highlighted in yellow on the time axis. (c) The answers to “Which countries had longer life expectancies than Ireland? and when?” (Q3) are highlighted in green/red. A preview of Israel is overlaid on the detail view.
2023,10.1109/VIS54172.2023.00051,10360919,fig1,1,Figure 1:,F,vis_2023_00051_fig_1.png,2175,1117,1V9oCpPMIQ9_kGYG891BAt3kAl9xsnxjR,"Overview of the virtual environment, featuring the assembly instruction board (A), one of three workstations (B), a red guidance arrow to support Object Identification (C), a purple connection line and green placement hologram to support Action Guidance (D), and a red indicator at the edge of the screen to support Gaze Guidance (E)."
2023,10.1109/VIS54172.2023.00051,10360919,fig2,2,Figure 2:,F,vis_2023_00051_fig_2.png,1800,1025,1T2rSYy39y6DKrMM6Sz3tbyFzZKiAyYii,Experimental procedure and different groups including the respective number of participants (n) included in final analysis.
2023,10.1109/VIS54172.2023.00051,10360919,fig3,3,Figure 3:,F,vis_2023_00051_fig_3.png,1800,2767,1bv5Mwj3NObGImHksFa8LmRHoBq25mn0W,"Distribution plots for task completion times, mistakes made and cognitive load by group (from left to right)"
2023,10.1109/VIS54172.2023.00052,10360935,fig1,1,Figure 1:,F,vis_2023_00052_fig_1.png,3625,2183,1nyUyLD2RdAKQwHOA0tfhZRQVQ52_PhGW,"TextCluster Explainer visualizes text embeddings, allowing users to lasso clusters of interest to get automated explanations of these clusters. The system provides two kinds of explanations: Contrastive PhraseClouds generated by an SVM model and Natural Language Explanations generated by a large language model (GPT-4). Users can test these automated explanations by entering manual labels to be dynamically embedded into the visualization, a feature we call Assessment by Re-projection. If the new text is mapped to the cluster, it validates the automated explanation. The figure shows a t-SNE projection where each point corresponds to the paper title from the Visualization Publications dataset along [13] along with explanations and test inputs for two different clusters. The color encoding corresponds to labels predicted by clustering the projections."
2023,10.1109/VIS54172.2023.00052,10360935,fig2,2,Figure 2:,F,vis_2023_00052_fig_2.png,1342,758,1rC6t_x6ABCvYZVNcjNLNg8l1bVWSDtGO,The basic workflow of our explain-and-test framework. A user can explore the pre-defined clusters of pojections of text embeddings or lasso a region of interest to obtain explanations for the clustering in natural language using GPT-4 and as important phrases visualized as phraseclouds. New user input text can be embedded to test whether the explanations match a user’s mental model or discover topics of interest.
2023,10.1109/VIS54172.2023.00052,10360935,fig3,3,Figure 3:,F,vis_2023_00052_fig_3.png,1908,1392,1mgVmsFvPueIUbxKnfsNa7tThYnLVBaH3,Natural Language Explanations can be used to generate summarizing labels for a cluster and capture a global trend in the text better than a set of keywords. This is extremely useful in generating cluster labels that summarize a group of text. The figure shows cluster labels overlaid on a UMAP projection of titles of IEEE VIS publications. Lassoed clusters 1-3 and User inputs further drive related topic discovery by facilitating the investigation of the region around a re-projected point.
2023,10.1109/VIS54172.2023.00052,10360935,fig4,4,Figure 4:,F,vis_2023_00052_fig_4.png,1342,2150,1lnuu4KG35v__o5kmCJ3oFTJNTAdeY16w,Natural Language Explanation labels can also capture a global semantic trend of the text in a cluster. This is important for exploring literary works. The figure shows cluster labels overlaid on a UMAP projection of sentences from “Frankenstein” by Mary Shelley [26]. User inputs allow exploration of the themes and characters in this work.
2023,10.1109/VIS54172.2023.00053,10360889,fig1,1,Figure 1:,F,vis_2023_00053_fig_1.png,3075,1567,11fvoLskqq4cLejFodfiuSpihULBNNGqA,"Concept Lens aims to support users in exploring and understanding the semantic manipulations offered by GAN latent spaces. The design of Concept Lens consists of (A) a hierarchical encoding of concepts, (B) a hierarchical encoding of codes, and (C) a grid-based view that shows images generated by combinations of codes (rows) and concepts (columns) selected by user. Nodes in the hierarchies color-encode the consistency and magnitude of edits made by concepts. In this example, conditioned on a group of codes at (F), the blue node (D) indicates consistent edits (e.g. the addition of spots), while the purple node (E) suggests inconsistent edits, shown as variability in species of animals."
2023,10.1109/VIS54172.2023.00053,10360889,fig4,,,O,vis_2023_00053_fig_other2.png,917,583,1y8V-Sx2ZiozPiJPaqED1BMOyFJ4y1FtI,
2023,10.1109/VIS54172.2023.00053,10360889,fig5,,,O,vis_2023_00053_fig_other3.png,958,325,1CO28spVrtgrRSIK8ZPJOpmAfuoQS8iEs,
2023,10.1109/VIS54172.2023.00053,10360889,fig6,,,O,vis_2023_00053_fig_other4.png,642,617,1lpJYrtMYCocOZadKkhUiwLgYTtI1Ge3j,
2023,10.1109/VIS54172.2023.00053,10360889,fig2,2,Figure 2:,F,vis_2023_00053_fig_2.png,1908,992,1F-JUvKO4Yd7iJvhkPDIWm6EGl18nHwdX,"The selected concept applies “closed eyes” to most codes, while it doesn’t to the top selection in the code hierarchy. The top group is kittens, and, in our dataset, we find that kittens usually do not close their eyes. For the cats in the bottom group, “closed eyes” concept is combined with “mouth open”."
2023,10.1109/VIS54172.2023.00053,10360889,fig3,3,Figure 3:,F,vis_2023_00053_fig_3.png,1908,1208,1SWYbyvejQtXTuzVdF240u_--paWZK3iK,Re-clustering the concept hierarchy according to a set of closely related codes helps reveal the more consistent and high-quality concept edit. Re-clustering can be performed by brushing a subset of code in the code hierarchy (1) and clicking on the recluster button (2). Re-clustered directions are pointed by the arrows.
2023,10.1109/VIS54172.2023.00054,10360925,fig1,1,Figure 1:,F,vis_2023_00054_fig_1.png,3200,1550,1niSkzmr6RWWYOiJA2WD9pv_DbHfO3uTx,"Complete layout of our proposed hybrid AI-assisted visual analysis system. (C1, C2, C3) User input control panel to set analysis parameters, including MCB intervention experiments. (V1) Input cloud radiation anomaly visualization panel. (V2) Output climate anomaly visualization panel. (V3) Distribution-shift visualization. (V4, V5) Tipping point risk assessment panel."
2023,10.1109/VIS54172.2023.00054,10360925,fig2,2,Figure 2:,F,vis_2023_00054_fig_2.png,3592,633,13BcaMp9fejbjkiJ7G9s0EMexnu7r35GB,(a) Example of multivariate relationship exploration for different spatial regions using interactive PCP to filter lat-lon ranges. (b) Freeform selection of arbitrary spatial sites to perform MCB intervention experiments using our system. (c) A concise view of the results of MCB intervention over SEP region for 10 year duration leading to strong cooling effect in the Pacific.
2023,10.1109/VIS54172.2023.00055,10360883,fig1,1,Figure 1:,F,vis_2023_00055_fig_1.png,3583,1433,1DvRDzc1lHHs1NVFbwB0CkfECn93YnXNs,"DATATALES user interface including an interactive visualization (A), generated stories panel (B), and a history of generated stories (C). Here, as the user hovers the cursor over a sentence in the generated story, the system dynamically highlights the marks corresponding to the text (in this case, the bars for the months of May and June)."
2023,10.1109/VIS54172.2023.00055,10360883,fig2,2,Figure 2:,F,vis_2023_00055_fig_2.png,1617,1375,18I2U57wM1LG7x3Omo9U6CdA7FRnZyjcG,"DATATALES workflow overview. Given a chart and an optional set of annotations, the system generates textual narratives that are interactively linked to the chart and can be further edited by authors."
2023,10.1109/VIS54172.2023.00055,10360883,fig3,3,Figure 3:,F,vis_2023_00055_fig_3.png,1717,925,1CdfynewE3jrtZAuH64Pa6iTgwYJFvE5K,"Example of an incorrect statement generated by the LLM (contrary to the text, the chart shows that Florida does not have a higher number of people over the age of 80 compared to California). The text→chart linking feature helps verify the statement and identify the erroneous interpretation by dynamically highlighting the two states."
2023,10.1109/VIS54172.2023.00056,10360888,fig1,1,Figure 1:,F,vis_2023_00056_fig_1.png,3617,1925,14B8mTyXm7XjhibqZB0f-VPlYZPZbfcQh,"LinguisticLens, a new visualization tool for making sense of text datasets synthesized by large language models (LLMs) and analyzing the diversity of examples. (A) Each column represents a cluster of examples, where clustering is performed based on their syntax, tokens, or embeddings. Each example within the column is colored by part-of-speech (POS) tag, and has the dependency parse tree in gray. (B) In this example, users can easily find a group of examples very similar to each other. (C) Each cluster has a summary string, showing one of the most frequent subpattern across the examples. These text examples are generated with few-shot prompting on LLMs with (D) some seed examples."
2023,10.1109/VIS54172.2023.00056,10360888,fig2,2,Figure 2:,F,vis_2023_00056_fig_2.png,1717,225,10kmqu4AerWbNMME8hRV1MdWsRqT88Mtk,"Visualization of a single example in LinguisticLens. Words are colored by their parts of speech, with the dependency graph shown as arcs in gray."
2023,10.1109/VIS54172.2023.00056,10360888,fig3,3,Figure 3:,F,vis_2023_00056_fig_3.png,1908,1025,137Au44FbajmojXcdOG7lF1lZbLcR2NUr,"When a user hovers on a token, we highlight other tokens with the same POS tag and dependency relationship."
2023,10.1109/VIS54172.2023.00056,10360888,fig4,4,Figure 4:,F,vis_2023_00056_fig_4.png,1908,1700,1_LVPbvKiMxCsQyxQ05VTvEInP6GZHwQQ,"LinguisticLens supports the collapsed mode for overview. By adapting the idea of Table Lens, it displays a thumbprint of examples, enabling a quick overview of their linguistic patterns and the distributions across clusters."
2023,10.1109/VIS54172.2023.00056,10360888,fig5,5,Figure 5:,F,vis_2023_00056_fig_5.png,1150,650,1jsOMc6lfdw8eMGiJVz2LExACLS4PapGb,Each cluster is summarized with a frequent subsequence pattern determined based tokens and parts-of-speech of examples.
2023,10.1109/VIS54172.2023.00056,10360888,fig6,6,Figure 6:,F,vis_2023_00056_fig_6.png,1908,1192,1BbzicTmQ5bQPnk15ianXJpmO7KjOQAfg,A dataset of dialog examples. Each cluster contains sets of syntactic near-duplicates. A seed example that is used in few-shot examples in prompt is shown with a gray box.
2023,10.1109/VIS54172.2023.00057,10360881,fig1,1,Figure 1:,F,vis_2023_00057_fig_1.png,3975,1333,1b6_Z6Xh0Mm96lPA3ulHZb_96I0xN6IJW,"Wuda draws an interactive sphere visualization that embeds a Geodesic Icosahedron with labeled faces. In real-time, it rotates a vector p with a quaternion q, a = qpq−1. The interface plots a onto the sphere, Figures 1a, 1e, updates the angle between a and x-axis, y-axis, and z-axis, Figures 1b, 1c, 1d, and refreshes the face heat map by determining the closest face to a, Figure 1f. Users transform the signal using the control panel in Figure 1g."
2023,10.1109/VIS54172.2023.00057,10360881,fig2,2,Figure 2:,F,vis_2023_00057_fig_2.png,1908,1958,1N_dAK2cBhfzBjGmpDcxpRk-De2vNTcfX,Volunteers performing free-weight exercises. Image pairs demonstrate the starting and ending position of a repetition.
2023,10.1109/VIS54172.2023.00057,10360881,fig3,3,Figure 3:,F,vis_2023_00057_fig_3.png,1892,1950,1QQz1nC-pNP6BcWFtj82CprRU5VIuAaFu,"For each exercise, Wuda generates different patterns on the unit sphere."
2023,10.1109/VIS54172.2023.00057,10360881,fig4,4,Figure 4:,F,vis_2023_00057_fig_4.png,1933,542,1Q8TKUx5lBd6l49M0QPTXleQlB4T4APSx,"We monitor the heatmap of the exercise motion for a single Tricep Pulldown set. We change the mesh size of the Geodesic Icosahedron to determine the relationship to the spread of data, as shown in Figures 4a and 4b."
2023,10.1109/VIS54172.2023.00057,10360881,fig5,5,Figure 5:,F,vis_2023_00057_fig_5.png,1908,475,1_IY6JMlsw3T9urYbwPCe5IL1vTpCB6ez,"When a trainee performs the lifting portion of a repetition of a Barbell Curl, the slope of the angle between qpq−1 and the z-axis is initially negative (5a-5b) and later positive, 5c."
2023,10.1109/VIS54172.2023.00057,10360881,fig6,6,Figure 6:,F,vis_2023_00057_fig_6.png,1908,475,1u7oic1b1JSmLpgpZl4wZp2CN5bWQEpuL,Rotating the y-axis by 90° of a single repetition of a Barbell Curl causes a negative slope when trainees lift the bar towards the chin and a positive slope when lowing to starting position.
2023,10.1109/VIS54172.2023.00058,10360884,fig1,1,Figure 1:,F,vis_2023_00058_fig_1.png,3625,1350,15qS7PcZv186I86H9ppxjrwG6ugvkHrpf,"ScatterUQ plot of an out of distribution MNIST test sample (left sidebar and gray dot), ten Fashion-MNIST training examples from the closest class Sandal (blue dots), and the nearest Sandal training example (right sidebar)."
2023,10.1109/VIS54172.2023.00058,10360884,fig2,2,Figure 2:,F,vis_2023_00058_fig_2.png,1917,292,1ikGHev4SjUadGjWR8FrVUHATePhQxiHJ,"ScatterUQ confidence sliders that filter test samples into the High Confidence, Class Confusion, and OOD Use Cases"
2023,10.1109/VIS54172.2023.00058,10360884,fig3,3,Figure 3:,F,vis_2023_00058_fig_3.png,1925,833,1hoVYWPeBa02OP7HNZELQByxK6STB7N63,High-confidence ScatterUQ plot of encrypted network traffic tabular features predicted to originate from a “streaming” application.
2023,10.1109/VIS54172.2023.00058,10360884,fig4,4,Figure 4:,F,vis_2023_00058_fig_4.png,1925,875,19NZgw-Wb3yRn8FI76I3KCiDUdsQTAaIi,ScatterUQ plot of a sample that is in-distribution but has low class confidence. ScatterUQ displays the test sample (left) and training examples of the two closest classes (Shirt in red and T-shirt/top in blue) as well as the closest training example (right).
2023,10.1109/VIS54172.2023.00059,10360931,fig1,1,Figure 1:,F,vis_2023_00059_fig_1.png,1767,825,1B7pgqc-SHPdWTn4BHx2ypEDW_REx47AP,"We reach interactive update rates for DOI computations on large datasets by progressively updating a user interest model when data relevance changes, rather than computing it on all data."
2023,10.1109/VIS54172.2023.00059,10360931,fig2,2,Figure 2:,F,vis_2023_00059_fig_2.png,3925,458,1ZnmhddD4D5KfXKEkNp1kP25VoKAxz_AX,"Demonstrative example of our approach: (1) Computing the DOI function over visualized data assigns an interest value to each data item. (2) Then, a regression tree is trained on that data, using the interest as labels. The trained model consists of a set of decision rules that divide the data by predicted interest value. (3) These decision rules can now be used to query the stored data, by appending them to the query that retrieves the next chunk. Appending rules leading to a high predicted interest steers the progression towards interesting data. (4) To supplement the steered sample, we enrich it with visualized data selected along “uninteresting” paths of the regression tree. (5) The DOI values are then computed for the selection from the two previous steps, and (6) a new regression tree is trained. (7) By comparing the predicted interest with the earlier regression tree, we can detect changes per path in the interest model and update the interest values efficiently."
2023,10.1109/VIS54172.2023.00059,10360931,fig3,3,Figure 3:,F,vis_2023_00059_fig_3.png,1908,1583,1kLjLUecp6MNGSLFuaAtx9dwOJC6ASMqS,Our benchmarks show our model outperforming the baseline in terms of (a) the number of the most interesting items in the visualization per iteration and (b) the DOI error.
2024,10.1109/VIS55277.2024.00073,10771111,fig1,1,Figure 1:,F,vis_2024_00073_fig_1.png,1875,649,10i47jbEnvpGkmHfCod-sMQppoBu7f_uR,"(A) Tissot’s indicatrix for two classic map projections, providing an intuitive view of cartographic distortion. (the images are produced using cartopy [14] in Python) (B) The ""hypertrix"" is a high-dimensional extension of Tissot’s Indicatrix. At left is a standard t-SNE projections of the MNIST digits dataset. At right is a hypertrix overlay. The hypertrix makes it clear that the cluster for the digit 1 is (non-conformally) expanded compared to other digits. There is also significant information compression at cluster boundaries."
2024,10.1109/VIS55277.2024.00073,10771111,fig2,2,Figure 2:,F,vis_2024_00073_fig_2.png,1050,520,10FjeZEoS8t9nuM79DQWSAqimwUna9JfG,"The Hypertrix reflects the local distortion due to scaling, rotation, and loss of information about distances, visualized as a visual glyph of an ellipse. (A) The color encodes the distortion in distances and (B) the shape encodes the stretching or compression and rotation relative to the original data."
2024,10.1109/VIS55277.2024.00073,10771111,fig3,3,Figure 3:,F,vis_2024_00073_fig_3.png,1047,715,1vW0G2wXBHYNr8AOpdoKsfkz7aRcBVJI-,"An illustration of the Hypertrix computation process. (A) We select a neighborhood of data points around a grid center in the projection space and a local linear transformation A. (B) The covariance of the transformation matrix A is a measure of distortions such as local scaling and rotation due to projection. We compute its eigenvalues, eigenvectors, and the distortion measure δ and (C) encode them visually as the indicatrix."
2024,10.1109/VIS55277.2024.00073,10771111,fig4,4,Figure 4:,F,vis_2024_00073_fig_4.png,1037,981,1-SgfK-plzEXTfOZKsFAwpc0gkxdE-VXs,"Hypertrix visuals overlaid over the t-SNE and UMAP projections of various synthetically generated datasets. The t-SNE and UMAP projections do not maintain certain crucial aspects of the data. In (A) and (B) the relative sizes of structures are distorted. In (C) the overall aspect ratio of the grid and shape of the ""hole"" are distorted. The hypertrix overlay aids in identifying these inaccuracies."
2024,10.1109/VIS55277.2024.00073,10771111,fig5,5,Figure 5:,F,vis_2024_00073_fig_5.png,1069,1220,1D5PCTvBoz3YUNKJ9YQFNufthH03-t7Dt,"We compute hypertrix for (A) t-SNE projections of embeddings of metadata for a collection of New York Times articles. (B) The resulting indicatrices are overlaid on the projection plots. Notably, the color of the hypertrix in the ""Wedding announcements"" cluster suggests anomalous distortion; analysis of the underlying data indicates this cluster is more compact in high dimensions than other clusters, reflecting the limited diversity in keywords in the underlying text."
2024,10.1109/VIS55277.2024.00009,10771146,fig1,1,Figure 1:,F,vis_2024_00009_fig_1.png,1892,1114,1bLBFYtoeTxryN_AxmlWR0hzrrvWXjXAA,"An example walkthrough with PyGWalker in a Jupyter Notebook. The analyst initially loads the dataset into PyGWalker to activate the interface with one line of code (A). The dataset overview is provided under the Data tab (B1). Under the Visualization tab, the analyst creates multi-faceted charts (B) by dragging data columns to the X-Axis (B2) and Y-Axis (B3) and selecting the mark type (B4). Filters are further added to narrow the dataset (C1), and the color encoding (C2) can be diversified for varied visualizations (C). Details can be viewed by hovering over chart elements (C3). In addition to charts, pivot tables can be constructed (D) with collapsible hierarchical headers (D1). Finally, the visualizations generated in the exploratory analysis process can be documented (E). The analyst adjusted and chart style (B5), renamed charts (B6), and exported them (B7) as a JSON specification (E1) and an HTML file of the notebook (E2), which can be shared and hosted to reproduce the analysis process (E2), accessible at this link."
2024,10.1109/VIS55277.2024.00009,10771146,fig2,2,Figure 2:,F,vis_2024_00009_fig_2.png,1051,461,1h3_sHB3IRiVTYE5keroSPprAk6xOiNxc,Overview of PyGWalker.
2024,10.1109/VIS55277.2024.00009,10771146,fig3,3,Figure 3:,F,vis_2024_00009_fig_3.png,1048,470,16O4JqtVMBV6vqQvocjlUNJ_--NKG_Zzk,Computation mechanisms of PyGWalker.
2024,10.1109/VIS55277.2024.00010,10771098,fig1,1,Figure 1:,F,vis_2024_00010_fig_1.png,1732,651,1qRQgN1iJZCWBPwcdVLBA9RRVuEzX4WW9,"Schematic overview of a potential workflow with DaVE: A domain scientist acquires data, e.g., by running a simulation on an HPC cluster (). Based on this data, they enter search terms into DaVE, which provides a list of appropriate visualization techniques from its curated and extensible database for different data types and domains (). The user can freely explore the examples until a suitable visualization is chosen. Each example comes with a description, explanation of techniques, additional references, and adaptable containerized code. This allows the visualization to be calculated on suitable hardware using the respective data without the potentially cumbersome setup process ()."
2024,10.1109/VIS55277.2024.00010,10771098,fig2,2,Figure 2:,F,vis_2024_00010_fig_2.png,1021,639,1JrAS14eRdU186LUjcauFRX4s0C_33TTc,"Through the adaptive web interface, DaVE provides a gallery of visualization examples that can be searched and filtered through tags and requirements."
2024,10.1109/VIS55277.2024.00010,10771098,fig3,3,Figure 3:,F,vis_2024_00010_fig_3.png,1052,619,15S16piX6f4Md6vPYyyKN03AsQsKCPs7Z,"Tags describing data type, visualization technique, and domain of the example are included in the search. Example images, optional interactive previews, and text descriptions provide further information on the technique and usage of provided resources."
2024,10.1109/VIS55277.2024.00010,10771098,fig4,4,Figure 4:,F,vis_2024_00010_fig_4.png,1053,571,1SefrL5NsBVjwZSRwfvy8mKER7CSEjt28,"DaVE supports interactive examples on the websites through VTK.js 3 , allowing users to directly test visualizations."
2024,10.1109/VIS55277.2024.00011,10771135,fig1,1,Figure 1:,F,vis_2024_00011_fig_1.png,935,396,1Bx0EKxj7Q5dhwkIhCPAAJNsxL6KSrhkK,"A visualization using the cars dataset [5] which, when animated, demonstrates how staging helps differentiate the specified state (all cars produced before the current year) and the momentary state (marks that are entering and/or exiting based on the previous selection). The animated version is one of the examples at https://dig.cmu.edu/counterpoint."
2024,10.1109/VIS55277.2024.00011,10771135,fig2,2,Figure 2:,F,vis_2024_00011_fig_2.png,883,421,1EHhC5s2QCYWbUzXXOf6U-OoBnwQfyPld,Average frame time for 5-second scatter plot animations using D3 and Counterpoint-based implementations. Shaded intervals represent 1 standard deviation around the mean over 20 trials.
2024,10.1109/VIS55277.2024.00011,10771135,fig3,3,Figure 3:,F,vis_2024_00011_fig_3.png,834,885,1Sl0WxkEr2YPsKwsXIr-tvpfe85YXvAX1,"Visualizing citation networks and semantic similarity in IEEE VIS papers. Animations of mark opacity, connection lines, and reactive zoom help users trace lineage across papers. The interactive version is available at https://dig.cmu.edu/counterpoint."
2024,10.1109/VIS55277.2024.00011,10771135,fig4,4,Figure 4:,F,vis_2024_00011_fig_4.png,966,796,1DHhbBzP4CUeBF4KO8Z5SapPiy8od07D0,Visualizing global economies from the Gapminder dataset [12]. The user can navigate the chart using multiple modalities and see or hear text descriptions of each mark. The interactive version is one of the examples at https://dig.cmu.edu/counterpoint.
2024,10.1109/VIS55277.2024.00012,10771133,fig1,1,Figure 1:,F,vis_2024_00012_fig_1.png,1902,292,1X23PeiuZpRTu3zDNEKgT_Z-cxLR_L6cB,"Prototype of the Frontier digital twin using Unreal Engine 5. All child components are visible: The first row, shows 12 compute racks and four cooling distribution units1. The racks show, among others: cable trays, rectifiers1, and compute nodes, with all CPUs, GPUs1 and DIMMs visible. (1: Colored according to power consumption.) Total actors: 152,906."
2024,10.1109/VIS55277.2024.00012,10771133,fig2,2,Figure 2:,F,vis_2024_00012_fig_2.png,1030,355,13FAgiTTYKyzC_SJcg3sn4LbAqnJ_tDgh,Desktop View: Side View and Translucent top down.
2024,10.1109/VIS55277.2024.00012,10771133,fig3,3,Figure 3:,F,vis_2024_00012_fig_3.png,1064,655,1E8djgWHxQKoUMAihW_RvNyGFdlHVy1Ej,"Left to right: Cooling manifold, two rectifiers, eight blades (containing two nodes each), six additional rectifiers, eight blades and the PDUs on the right. Each node consists of one CPU, four GPUs, eight DIMMs each. Telemetry in red for rectifiers and GPUs."
2024,10.1109/VIS55277.2024.00012,10771133,fig4,4,Figure 4:,F,vis_2024_00012_fig_4.png,1063,438,1UCFEIFONhOVwBYEO7Z_V6JrarGF2ymH7,AR Table-top: First (right) and third (left) person view.
2024,10.1109/VIS55277.2024.00012,10771133,fig5,5,Figure 5:,F,vis_2024_00012_fig_5.png,1063,520,1_Bzh1lm8Iw5R66ClrKaSDNtW4frnchCs,Digital and physical twin in-place: First (left) and third (right) person view. The user is displaying telemetry and about to trigger the simulation in AR. The QR-Code serves as spatial anchor.
2024,10.1109/VIS55277.2024.00012,10771133,fig6,6,Figure 6:,F,vis_2024_00012_fig_6.png,1021,408,1ufHH5_FJf8rDhE-gTCADLTKygoi-drdW,Data Flow from source to visualization.
2024,10.1109/VIS55277.2024.00012,10771133,fig7,7,Figure 7:,F,vis_2024_00012_fig_7.png,1055,333,16g3znE7aHbZtRKA5ZqTsKFmhuKoVgMXm,"Future Work: Dragonfly Network, with inter-group (left) and intra-group (middle) network. And central energy plant (right)"
2024,10.1109/VIS55277.2024.00013,10771085,fig1,1,Figure 1:,F,vis_2024_00013_fig_1.png,1666,794,1W2kc25ngIg1oaQp7RXcaWEbvdsye5JlN,GuidedStats helps users perform statistical analyses with guided workflows. (A) A user selects to run the linear regression workflow. (B) GuidedStats guides the user through the nine steps of this workflow. Each step either solicits user input or helps users verify assumptions with visualizations and tests of the data. (C) GuidedStats provides explanations for the current step in the workflow. The user is currently on an assumption checking step; the explanation shows more information about the statistical concepts in the current step.
2024,10.1109/VIS55277.2024.00013,10771085,fig2,2,Figure 2:,F,vis_2024_00013_fig_2.png,881,523,1mKqaD8amkiKqnqm38pD6KbZVvgaFfi1i,"GuidedStats supports an interactive loop of assumption checking, editing the data, then re-verifying assumptions."
2024,10.1109/VIS55277.2024.00013,10771085,fig3,3,Figure 3:,F,vis_2024_00013_fig_3.png,901,600,1EkI1Znodk2nqlGaa_2TQM8-6XsbRG2Nr,"For assumption checking steps, like the homogeneity of variance in the T-test workflow, GuidedStats recommends potential actions based on the results of assumption checks. In this example, the check suggests the variances are equal and the user can select the action to pre-set this parameter to True in the later model specification step."
2024,10.1109/VIS55277.2024.00014,10771145,fig1,1,Figure 1:,F,vis_2024_00014_fig_1.png,2250,412,1N0hBqfTmEM2zQug4MQ6Hd0aBTHz0ceOT,"Overview of FCNR. The encoder (E) encodes xl and xr to bitstreams with hyper-encoder (hE), quantization (Q), and arithmetic encoder (AE). The decoder (D) then reconstructs \${\hat x_l}\$ and \${\hat x_r}\$ through quantized latents (ŷ l and ŷ r ) with arithmetic decoder (AD) and hyper-decoder (hD)."
2024,10.1109/VIS55277.2024.00014,10771145,fig2,2,Figure 2:,F,vis_2024_00014_fig_2.png,2177,264,1OxqPW5lndBJhpZdX03qaZwSkbsQqcz-C,The detailed structure of each module.
2024,10.1109/VIS55277.2024.00014,10771145,fig3,3,Figure 3:,F,vis_2024_00014_fig_3.png,1043,1024,1mqCUt9_q5-6cBwtzs6cODlBq6Og8fR7C,"Decompressed IR and DVR images. The datasets are vortex, Tangaroa, and tornado, respectively."
2024,10.1109/VIS55277.2024.00014,10771145,fig4,4,Figure 4:,F,vis_2024_00014_fig_4.png,1074,509,1tPhNn4WsPmaxSah3JFOnSaYlEVdY9k7p,"PSNR comparison of all methods on the vortex IR dataset. E-NeRV, HNeRV, and NeRVI were all trained for 200 epochs. Both ECSIC and FCNR were trained for 3 epochs."
2024,10.1109/VIS55277.2024.00014,10771145,fig5,5,Figure 5:,F,vis_2024_00014_fig_5.png,1032,404,1PwZyn2MENXYZII1Zng5M0yuBmIHTigji,First row: decompressed images of FCNR and ECSIC with variations. Second row: zoom-ins for closer examination.
2024,10.1109/VIS55277.2024.00015,10771141,fig1,1,Figure 1:,F,vis_2024_00015_fig_1.png,1899,683,1TUF-gcPUPJhd_UwupdjmTpqA_Sm5PitX,"Groot allows users to edit and reconfigure automated data insights by (1) selecting marks in charts to get recommendations of new insights based on the selection, (2) reconfiguring default insights by adjusting the template or insight generation thresholds, (3) adding new custom insights by specifying text templates for insights."
2024,10.1109/VIS55277.2024.00015,10771141,fig2,2,Figure 2:,F,vis_2024_00015_fig_2.png,1064,547,1kx4gOyhSJ5CtCQf82-vuGzIBoV0HaIIP,"Three main views of Groot: the data table view (A), the charts view (B), and the insights view (C)."
2024,10.1109/VIS55277.2024.00015,10771141,fig3,3,Figure 3:,F,vis_2024_00015_fig_3.png,1055,485,1sVgWiWz3koLSOyWLhbztzOOb0vAD5jhk,A change in distribution observed for total Sales x Region bar chart before and after removing the rows having ‘Not Specified’ Order Priority.
2024,10.1109/VIS55277.2024.00015,10771141,fig4,4,Figure 4:,F,vis_2024_00015_fig_4.png,1061,630,1s6O3Jl_k_YHZttW2vC_Ywl5keqrDooUt,Difference insight between Central and South regions from Figure 1-1 propagated to the Unit Price × Region bar chart (A). A Correlation insight is generated by default for a scatterplot of Sales ×Profit (B). New Correlation insight propagated from Figure 1-2 to a scatterplot showing Sales × Product Base Margin (C).
2024,10.1109/VIS55277.2024.00015,10771141,fig5,5,Figure 5:,F,vis_2024_00015_fig_5.png,1062,482,1HOMExYdYm-ZpeuSVjSym_Fc_7zY0cLGY,Reconfiguring the Outlier insights for Shipping Cost (A) by examining its formula (B) and editing it (C) results in a reduced number of items highlighted as outliers (D).
2024,10.1109/VIS55277.2024.00015,10771141,fig6,6,Figure 6:,F,vis_2024_00015_fig_6.png,1073,521,1_48hrvoFXKTWNHARSf_yvxY0NRdjWms4,"Specifying template for adding new Custom insight. ""@"" allows referencing attributes in the dataset (A), ""="" is used to reference mathematical calculations (B), and ""{}"" allows defining formulae within the interactive editing interface."
2024,10.1109/VIS55277.2024.00016,10771090,fig1,1,Figure 1:,F,vis_2024_00016_fig_1.png,1868,324,1D8kInYImkfnO_32z4qUR1wssfp13CGrZ,"Data Page layout showing Elapsed Time (left), Pace (top), Distance (right) and Heart Rate (bottom). Pace, Distance and Heart Rate are represented with Text or Visualization. DP1 shows Elapsed Time and Heart Rate with Text, and Pace and Distance with Visualization; DP2 shows Elapsed Time, Pace and Distance with Text, and Heart Rate with Visualization."
2024,10.1109/VIS55277.2024.00016,10771090,fig2,2,Figure 2:,F,vis_2024_00016_fig_2.png,1047,1008,1HGQv9IdmHYCktj5DPE4Nr1ufym2nA0MW,"Bootstrapped mean completion time (in seconds) with Text (in pink) and Visualization (in teal) for the five tasks, along with the bootstrapped mean differences in seconds between Text and Visualization (in grey). Bars show 95% CI. Mean estimates and CI values are shown besides each bar."
2024,10.1109/VIS55277.2024.00016,10771090,fig3,3,Figure 3:,F,vis_2024_00016_fig_3.png,1053,1559,1nNldYDE5W6VH2AsuJ2cqVAmf8PfUjJnP,Subjective ratings for Text and Visualization.
2024,10.1109/VIS55277.2024.00017,10771084,fig1,1,Figure 1:,F,vis_2024_00017_fig_1.png,1070,329,1E0neucdpQ0Zt5WJoUZCqVo4BFjh4wo87,"Examples of three watch-face stimuli showing the three radial progress charts: \$\color{green}{\text{calories burned (cb)}}\$ , \$\color{Cyan}{\text{step count (sc)}}\$ , and \$\color{Yellow}{\text{distance walked (dw)}}{\text{.}}\$ The visualized progress percentage on each stimulus are: \$\color{green}{\text{cb:} 75\% }\$ , dw: 70%, sc: 65% (left), \$\color{Cyan}{\text{sc:} 65\% }\$ , dw: 60%, cb: 55% (middle), and \$\color{Yellow}{\text{dw:} 50\% }\$ , cb: 45%, sc: 40% (right)."
2024,10.1109/VIS55277.2024.00017,10771084,fig2,2,Figure 2:,F,vis_2024_00017_fig_2.png,1066,253,1A9Nf-N3XO8uRAvo0U7QeTdG9QcwTfAYa,"Illustrations of the 3 trajectories participants walked in Study 1, from left to right: line, circular, and infinity trajectory."
2024,10.1109/VIS55277.2024.00018,10771112,fig1,1,Figure 1:,F,vis_2024_00018_fig_1.png,1902,1120,1H1iqZ800sc36j4vq9yoBnIKbO6Ol6mGh,"FAVis (https://luyikei.github.io/favis/) visualizes a three-factor common factor model of the Motivational State Questionnaire dataset, selecting variables with the absolute values of their factor loadings larger than 0.3. (A) Matrix view shows the most direct visualization of a factor loadings matrix; (B) Network view visualizes cross-loadings most effectively and reduces redundant information; (C) Parallel-coordinates view shows factor loadings for each variable/factor without information loss and allows for selecting variables/factors in a range of values; (D) Tag view shows the summary of the relevance of tags for each factor by counting the frequency of tags annotated for variables based on a theory; (E) Word cloud view helps interpret factors by correlating fonts with the values of factor loadings; (F) Threshold view controls the number of factor loadings shown in the matrix and network views; (G) Factor correlation view shows the network of factor correlations; (H) Top bar allows users to filter variables by their prefix and limit the number of variables/factors shown in the application."
2024,10.1109/VIS55277.2024.00018,10771112,fig2,2,Figure 2:,F,vis_2024_00018_fig_2.png,999,410,1xAU05-i1G-m_HA-HoHjn3iaxalntQKQP,"Comparison of tag views: (a) showing counts and (b) showing proportions of variables with associated tags. (a) is beneficial for comparing the effectiveness of different factors in measuring theorized psychological constructs, while (b) aids in interpreting the meaning of individual factors in terms of these constructs."
2024,10.1109/VIS55277.2024.00019,10771127,fig1,1,Figure 1:,F,vis_2024_00019_fig_1.png,1882,460,1HbSwf4iZALnwxWPnofAqN2J_eTMpxvZC,"Proposed solutions for establishing trust in data, grouped into three categories: \$\color{green}{\mathbf{Overview}}\$ , \$\color{RoyalBlue}{\mathbf{Details}}\$ , and \$\color{Mahogany}{\mathbf{Community}}\$ . Solutions were derived from a series of data-producer interviews based upon interviewee’s current data-trust obstacles and opportunities, and validated by data consumers in a card sorting exercise (Figure 2). Card design used in studies is illustrated above."
2024,10.1109/VIS55277.2024.00019,10771127,fig2,2,Figure 2:,F,vis_2024_00019_fig_2.png,1045,282,1KVyv0WwweX4E-qo3OOAEoODMBvZVDvvl,"Card sorting results for different data-trust solutions broken out by participant and solution and colored by rank (from #1 to #7). Individual boxes indicate which rank was selected by whom for each solution. Solutions are sorted vertically by recursive ranking: highest number of rank #1’s first, followed by rank #2’s, and so on."
2024,10.1109/VIS55277.2024.00020,10771129,fig1,1,Figure 1:,F,vis_2024_00020_fig_1.png,1903,529,1DAFOgce-BpgNV7qRTAmN5_ogCknsOB0G,"AltGeoViz enables screen-reader users to interact with dynamic geovisualizations. Upon loading, users are presented with the title, a summary of the general spatial pattern, and extrema and average data values (Left). As users move and zoom, the information is updated, and they can hear the boundary of their current viewport (Center). Data can be shown at different geographic units (e.g., state or county level) depending on the zoom level (Right). See video for a demonstration."
2024,10.1109/VIS55277.2024.00020,10771129,fig2,2,Figure 2:,F,vis_2024_00020_fig_2.png,1074,240,1BAfg0bWxDFiKcuUjB1Nq4NfHoujxTJoZ,"Our grid-based abstraction method for summarizing geovisualization. (A) The bounding box is subdivided into a 3x3 grid. (B) Each polygon is assigned to the grid cell containing its centroid. (C) For each cell, the data values of all associated polygons are aggregated, and the mean value is calculated. Cells are then ranked from 1 (highest) to 9 (lowest)."
2024,10.1109/VIS55277.2024.00020,10771129,fig3,3,Figure 3:,F,vis_2024_00020_fig_3.png,1074,688,1SaOT-WSsyCzQwKKUHL9cGQol2zk9AfaH,"Possible scenarios for adjacent cells in sequential ranking and their corresponding location indicators. Yellow for four, blue for three and green for two sequentially ranked adjacent cells."
2024,10.1109/VIS55277.2024.00021,10771107,fig1,1,Figure 1:,F,vis_2024_00021_fig_1.png,1000,931,1z7Mltj4kbHGa4sSsZ6wFICeLkQ3dYXDF,"Right two columns: The eight stimuli charts, as either \$\color{Melon}{\mathbf{bars}}\$ or \$\color{RoyalBlue}{\mathbf{geo}}{\text{ - }}{\mathbf{emph}}\$ charts, showing crude mortality rates for heart or liver disease, for either race or letters groups."
2024,10.1109/VIS55277.2024.00021,10771107,fig2,2,Figure 2:,F,vis_2024_00021_fig_2.png,1073,1465,1GtEqdkOd8O7kq4H6xFoYv5DEBr0toVd6,"Responses before (lighter) and after (darker) seeing \$\color{Melon}{\mathbf{bars}}\$ or \$\color{RoyalBlue}{\mathbf{geo}}{\text{ - }}{\mathbf{emph}}\$ stimuli, broken down by measure category. The chart conditions had similar effects, with the exception of genetic attributions and the external-vs-personal attribution scale. The distributions are based on the 95th confidence interval for the estimated mean. Arrows indicate significant before/after changes."
2024,10.1109/VIS55277.2024.00021,10771107,fig3,3,Figure 3:,F,vis_2024_00021_fig_3.png,1073,234,1HvmnUOGSFoYsY7qM7-xSZBmM6sv0LKSO,Percentages of Black participants’ emotional responses to heart disease charts across the group labels.
2024,10.1109/VIS55277.2024.00022,10771120,fig1,1,Figure 1:,F,vis_2024_00022_fig_1.png,1054,325,1GLUzt9mfs13AxbXCEZ7hsJNf8wk8_DPR,"The Moran dual-density plot showing a negative z-score normalized attribute value and a negative spatial lag. The blue points are within the positive significance area, indicating that the statistic exhibits significant positive spatial autocorrelation."
2024,10.1109/VIS55277.2024.00022,10771120,fig2,2,Figure 2:,F,vis_2024_00022_fig_2.png,646,655,1uJbpiBG4DXQWL9dHbk7TBQvGYfcVK2wr,"The Moran network scatterplot showing a high-high result connected to three other high-high results, a low-high result, and a non significant result."
2024,10.1109/VIS55277.2024.00022,10771120,fig3,3,Figure 3:,F,vis_2024_00022_fig_3.png,760,344,10RtZ3b-6CTcy3SRLVqkcVnZhrlABI_RL,A spatial lag radial plot (right) showing a location with positive spatial autocorrelation. Note how the the substantially high value to the North West is primarily responsible for the lag exceeding the threshold for significance.
2024,10.1109/VIS55277.2024.00022,10771120,fig4,4,Figure 4:,F,vis_2024_00022_fig_4.png,1847,835,13lFx5TnDi2S5Cjp9dmsI4o87glcYervS,"A screenshot of the MoranPlot dashboard which provides an integrated example of the plots introduced in this work. Here, the user has hovered over the US county of Freestone, Texas and the corresponding result is conveyed in the other plots. The dashboard can be accessed at https://episphere.github.io/moranplot."
2024,10.1109/VIS55277.2024.00023,10771125,fig1,1,Figure 1:,F,vis_2024_00023_fig_1.png,1902,710,1lFChGq6Fq7qHu4z2wxQNNO3raBV4Gtwx,"Our prototype (left) shows an ego-perspective of a geo-referenced network via a large, central map of the focused node. Neighboring nodes are indicated by small proxy maps at the edge. Clicking a proxy starts an animated zoom-and-pan transition [41] to navigate to the respective node. Stages along this transition, which is realized as a two-point equidistant projection, are indicated on the right. The geodetic line (blue arrow) between start and end node is projected without distortion."
2024,10.1109/VIS55277.2024.00023,10771125,fig2,2,Figure 2:,F,vis_2024_00023_fig_2.png,1073,531,1M0Xrg4qRHHPUsjzbkN4ajeBerzdsKNqe,"Our initial prototype showed maps in Mercator projection. On-screen vertices are connected explicitly. Proxies to off-screen vertices are shown at the edge, and aggregated as needed. Various DoI functions can be combined with different weights for a total DoI function that decides which vertices to show."
2024,10.1109/VIS55277.2024.00023,10771125,fig3,3,Figure 3:,F,vis_2024_00023_fig_3.png,1074,485,18iaAL7BVZhObhdIwdewG5n6fz_PyVJvQ,"Example stimuli frames (a) for the TPEQD projection (top) and Mercator projection (bottom). The first half, until the point where both locations are visible, of two animated transitions are shown. The participants then had to specify the direction from the start point to the end point on the transition on an empty globe (b)."
2024,10.1109/VIS55277.2024.00023,10771125,fig4,4,Figure 4:,F,vis_2024_00023_fig_4.png,1070,1024,1E830iBtKV2N4JP9ZXfZ-gzQLj0wBVX9F,"Confidence intervals (CIs) of the pairwise differences between the three projections, with Bonferroni correction (factor of 9) indicated by red whiskers. The CIs are calculated for the absolute error in angle of the direction task, and for the active time."
2024,10.1109/VIS55277.2024.00024,10771080,fig1,1,Figure 1:,F,vis_2024_00024_fig_1.png,1005,483,1EWkaqcFFIKr7muYnWJLM7Xh32e-CDcEZ,"The relationships between snapshots (A), components (B), templates (C), template specifications (D), and dashboard selections (E). Components load data, measures, breakdowns, filters, and worksheet from the original dashboard selection, which are propagated to a template specification for a template-based component."
2024,10.1109/VIS55277.2024.00024,10771080,fig2,2,Figure 2:,F,vis_2024_00024_fig_2.png,1001,2102,1OGVA9DoZ7yWRD4FeYWd6Xvds0Xm448qz,Example components made from dashboard selections and their formal representations in YAML.
2024,10.1109/VIS55277.2024.00024,10771080,fig3,3,Figure 3:,F,vis_2024_00024_fig_3.png,1001,1312,1bD-ay5Z7JXH8WwYXgyXI-gUUqR7YreWX,An example snapshot composed of the components in Figure 2 and its formal representation in YAML.
2024,10.1109/VIS55277.2024.00024,10771080,fig4,4,Figure 4:,F,vis_2024_00024_fig_4.png,1002,851,1soBMAH1bXwZ2AwMcMAsxmjGQCUDY-VQ1,"Example templates for simple breakdown (A), a breakdown with a goal (B), and a time-series with a threshold (C)."
2024,10.1109/VIS55277.2024.00024,10771080,fig5,5,Figure 5:,F,vis_2024_00024_fig_5.png,993,1259,1hDKkW4L6-RYY4o6CpgfWce76dmpBwwGB,The Philo interface for specifying dashboard snapshots: (A) Component creator and (B) Snapshot composer. Formal properties are annotated next to the corresponding interface elements.
2024,10.1109/VIS55277.2024.00025,10771123,fig1,1,Figure 1:,F,vis_2024_00025_fig_1.png,1712,504,1alB2KWS1d0eUrepPBR2rs9EdEjaV6yru,"Using our Comic Construction Kit, students engage in a hands-on activity, exploring various data visualizations by creating explanatory comics. Students can affix stickers onto graphs, annotate them, or augment them with additional elements. Shown here are two excerpts from a high school student’s (left) and a bachelor student’s (right) comics, who creatively used the materials to e.g., create a magnifying glass effect by cutting out a printed graph, or transforming a blank character sticker into Santa."
2024,10.1109/VIS55277.2024.00025,10771123,fig2,2,Figure 2:,F,vis_2024_00025_fig_2.png,1051,488,110vwD_ggNWBh1YA-cqyZ3sLI9cFKtWXV,Overview of our workshop procedure with the comic creation process as the core activity. Variation A and B differ slightly in pre- and post-tasks to accommodate different contexts.
2024,10.1109/VIS55277.2024.00025,10771123,fig3,3,Figure 3:,F,vis_2024_00025_fig_3.png,1052,669,1J5Nn-Mig003KajAqCFxsRhyf6CjAzhBW,"A visualization of participants’ responses to our feedback forms in W7 and W8, regarding both the creation of the comics and the subsequent exchange and reading other groups’ comics."
2024,10.1109/VIS55277.2024.00026,10771139,fig1,1,Figure 1:,F,vis_2024_00026_fig_1.png,2029,651,1irmmYr_mbpQFyncR57NaZLbs59kLrqAD,"The ImageSI pipeline. First, features are extracted from a pre-trained ResNet-18 model. These features are projected using DR. The user then performs interactive tasks on the DR plot. Their interaction is then used to fine-tune the image model using either MDS−1 or triplet loss. Subsequently, ImageSI extracts the updated features from the fine-tuned model and re-projects them. Red dotted arrows represent the methodology from Han et al. [11], while blue solid arrows illustrate the ImageSI pipeline, which expands the scope of Han et al.’s exploration."
2024,10.1109/VIS55277.2024.00026,10771139,fig2,2,Figure 2:,F,vis_2024_00026_fig_2.png,1063,588,1MW7L7hOTuvd0uPm_UBVDa3TUkyt0subv,(a) The initial MDS projection of the images containing open and closed-mouthed sharks and snakes. (b) The semantic interaction teaches the DR about the open vs closed mouth feature.
2024,10.1109/VIS55277.2024.00026,10771139,fig3,3,Figure 3:,F,vis_2024_00026_fig_3.png,2024,729,1BzZCU12Kve9JQ0JB24epF-By2Ea1zkcu,"Updated DR plots after interaction for (a) WMDS−1, (b) \${\text{ImageS}}{{\text{I}}_{{\text{MD}}{{\text{S}}^{ - 1}}}}\$ , and (c) ImageSITriplet. Note, blue ellipses indicate the open-mouth animals, while red indicates closed-mouth animals."
2024,10.1109/VIS55277.2024.00026,10771139,fig4,4,Figure 4:,F,vis_2024_00026_fig_4.png,1033,726,1oKUio0CeCDCs6Zptue_kbmSaRpKC7d8y,"Comparison of adjusted Silhouette scores across different frameworks and tasks. Subfigures (a) to (d) depict the performance of WMDS−1, \${\text{ImageS}}{{\text{I}}_{{\text{MD}}{{\text{S}}^{ - 1}}}}\$ , and ImageSITriplet, respectively. Each subplot shows the adjusted Silhouette scores achieved by each method over a range of interactions."
2024,10.1109/VIS55277.2024.00027,10771097,fig1,1,Figure 1:,F,vis_2024_00027_fig_1.png,1899,715,1V0jZ2xdoEQXkuHQkcaP_j_lE7oDgJLy7,"With Diffusion Explainer, users can visually examine how (A) text prompt, e.g., ""a cute and adorable bunny... pixar character"", is encoded by (B) the Text Representation Generator into vectors to guide (C) the Image Representation Refiner to iteratively refine the vector representation of the image being generated. (D) The Timestep Controller enables users to review the incremental improvements in image quality and adherence to the prompt over timesteps. (E) The final image representation is upscaled to a high-resolution image. Diffusion Explainer tightly integrates a visual overview of Stable Diffusion’s complex components with detailed explanations of their underlying operations, enabling users to fluidly transition between multiple levels of abstraction through animations and interactive elements (Fig. 2, Fig. 3)."
2024,10.1109/VIS55277.2024.00027,10771097,fig2,2,Figure 2:,F,vis_2024_00027_fig_2.png,999,997,141nt0qfVnLUUEzjQABtH07NnGm9llMMB,"To learn how Stable Diffusion converts a text prompt into vector representations, users click the Text Representation Generator, which smoothly expands to (A) the Text Operation View, which explains how the prompt is split into tokens and encoded into vector representations. (B) The Text-image Linkage Explanation demonstrates how Stable Diffusion bridges text and image, enabling text representations to guide the image generation process."
2024,10.1109/VIS55277.2024.00027,10771097,fig3,3,Figure 3:,F,vis_2024_00027_fig_3.png,997,996,1ePf49kEOjk2ttbNzYuGc4PqiuATYqsAX,"Users learn how Stable Diffusion refines noise into a high-resolution image’s vector representation aligned with the text prompt by clicking the Image Representation Refiner to smoothly expand to (A) the Image Operation View that demonstrates how noise is predicted and removed from the image representation. (B) The Interactive Guidance Explanation allows users to interactively experiment with different guidance scale values (0, 1, 7, 20) to better understand how higher values lead to stronger adherence."
2024,10.1109/VIS55277.2024.00027,10771097,fig4,4,Figure 4:,F,vis_2024_00027_fig_4.png,1783,656,1qOoAY514IL3OG_fLMK9pBEjPld96HEwm,"The Refinement Comparison View enables users to discover the impacts of prompts on image generation by comparing how image representations evolve differently over refinement timesteps, using UMAP, when guided by two related text prompts. Adding ""pixar"" phrase changes the generated bunny’s style to be more cartoony and vibrant in colors and textures while preserving its pose."
2024,10.1109/VIS55277.2024.00027,10771097,fig5,5,Figure 5:,F,vis_2024_00027_fig_5.png,483,407,1hMRQtr0-qzvMIDxpjKRiaZpR4Afs7sTW,Diffusion Explainer more usable than blog post.
2024,10.1109/VIS55277.2024.00027,10771097,fig6,6,Figure 6:,F,vis_2024_00027_fig_6.png,483,411,1-EIgoKl5mfNeCQjcKQpF4iyun9bz3-79,All features were rated highly.
2024,10.1109/VIS55277.2024.00027,10771097,fig7,7,Figure 7:,F,vis_2024_00027_fig_7.png,537,583,1HHpnMzDn7siQL0-aZIuBlOvlb6PYztfX,Diffusion Explainer more effective than blog post for learning most Stable Diffusion concepts.
2024,10.1109/VIS55277.2024.00028,10771144,fig1,1,Figure 1:,F,vis_2024_00028_fig_1.png,1889,1255,1TdPLHCOFjb8Sv7VAiUxIxitF03gLD53Q,"Our system overview: Phase I includes (A) Cohort View for understanding drug event and disease progression relationships, (B) Patient Projection View to explore specific patient cohort characteristics, and (C) Medical Event View for detailed visualization of patient medical events. Phase II comprises (D) Modeling View for iterative AI model development and performance evaluation, and (E) Logs View for maintaining iteration records of models and associated data."
2024,10.1109/VIS55277.2024.00028,10771144,fig2,2,Figure 2:,F,vis_2024_00028_fig_2.png,1036,693,1A1FVydYaZ1Zv8Rfh8COXRxb3MkctrfW5,The two-phase framework overview.
2024,10.1109/VIS55277.2024.00029,10771149,fig1,1,Fig. 1:,F,vis_2024_00029_fig_1.png,1922,1081,11mnMNhuSkWGObOAIFTEyySE2jraZqZ6t,"In this work, we examined the accuracy of three OpenAI models, GPT-4o mini (), GTP-4o (), and GPT-4V () in detecting misleading visualizations using a test dataset that includes ❶ 888 instances of reasoning and ❷ 730 instances of design misleaders (examples in the figure). ❸ We performed four experiments, gradually increasing the level of guidance provided as input to the models to assist their reasoning and performance. Guided zero-shot yielded the overall best performance across all three models and guidance levels (AUC=0.821 ) followed by naive few-shot (AUC=0.788 ). The performance of GPT-4o and GPT-4V are comparable and slightly better than GPT-4o mini. Our dataset is a subset of that previously curated and labeled for various misleaders by Lisnic et al. [21]."
2024,10.1109/VIS55277.2024.00029,10771149,fig2,2,Fig. 2:,F,vis_2024_00029_fig_2.png,1084,679,1tOl2iieRh2fyPGF6I7Y03sGJb8-oieSC,"The overall performance of models across different guidance levels and (A) all, (B) reasoning, and (C) design misleaders. The highest AUC scores are highlighted in bold. The AUC of 0.5 is the random guessing threshold."
2024,10.1109/VIS55277.2024.00030,10771115,fig1,1,Figure 1:,F,vis_2024_00030_fig_1.png,1891,724,1O7l9EV1n8YKdRkOwfqZAkDPA7uL50CeZ,"Proofreading structural issues in a deep learning model (U-Net [17]) can be effectively done using a proposed visual feedback-based no-code approach (a) compared to the conventional code-based method (b). Developers can identify and correct errors in the up pooling layer by comparing the spatial dimension (height of the node) of the layer outputs in the initially constructed deep learning model (c). Errors in layer placement can be identified and corrected through the color of the nodes (consecutive colors are assigned if there is a recommended layer placement order). Incorrect forward connections can be corrected through the representation of expected structural errors (e.g., a flashing red when different spatial dimension tensors are combined) (d). This iterative process of correction makes it easy to build a model that reflects the developer’s intent (e)."
2024,10.1109/VIS55277.2024.00030,10771115,fig2,2,Figure 2:,F,vis_2024_00030_fig_2.png,1074,534,1ksrHTa9bpdIMh9YjG_uD1w5HOjrhJmoH,The visual encoding elements of each node in visual programming. Each node is visualized using information from a corresponding layer and information from its output tensor. The visualization of the node is modified in real time as the developer modifies the parameters of the layer or modifies the connections between nodes.
2024,10.1109/VIS55277.2024.00030,10771115,fig3,3,Figure 3:,F,vis_2024_00030_fig_3.png,1074,623,1w5XqD1DPTqPk7fg-4DNEvxVk4Yl_MRg0,"Node alignment methods that utilize forward connection and layer information. Depending on the type of the model, developers can build a model using the Simple alignment method (a), which considers the topological order of the forward connections and places them in a horizontal line, or the U-Net shape alignment method (b), which additionally adjusts the vertical height of the nodes through the spatial dimension of the corresponding layer’s output tensor."
2024,10.1109/VIS55277.2024.00030,10771115,fig4,4,Figure 4:,F,vis_2024_00030_fig_4.png,2244,558,1P-3RY_D7y4ryAmG9NPrKyKQ4uEOOnDzn,"Error cases that can be detected through visual feedback in models from the no-code method. The connections between nodes and the node alignment method can be used to find incorrectly connected forword connections (a), and tensors with different spatial dimensions connected to a concatenation node will blink red to indicate possible errors (b). Furthermore, if there is a recommended layer placement order, the nodes are displayed in a continuous color (c) to help developers find out where the layer placement order is incorrect (d)."
2024,10.1109/VIS55277.2024.00030,10771115,fig5,5,Figure 5:,F,vis_2024_00030_fig_5.png,1055,723,1qVfvhznY9jaB3d67mMX5bTz7_Mnxe-cq,Results for T1 and T2. The plot presents the time taken to identify each structural error or each structural difference. The table presents the percentage of correctly identified errors or differences among the total number of structural errors or total structural differences (accuracy).
2024,10.1109/VIS55277.2024.00030,10771115,fig6,6,Figure 6:,F,vis_2024_00030_fig_6.png,1038,483,1wvzPmtLvsOvXcw_gKoreiQYD7fucOwYD,Results for T3. The plot presents the highest performance (IoU) improvement observed with each method during T3.
2024,10.1109/VIS55277.2024.00031,10771088,fig1,1,Figure 1:,F,vis_2024_00031_fig_1.png,1903,958,1UE9kePytWHSXaMH8g9EkyDe18KUxyCcW,"Exemplar workflow for LinkQ, a system leveraging an LLM for refining natural language questions into knowledge graph queries. The (A) Chat Panel lets users communicate with the LLM to ask specific or open-ended questions. The Query Preview Panel consists of three components: the (B1) Query Editor, which supports interactive editing; the (B2) Entity-Relation Table, which provides mapped data IDs from the KG, helping to assess the correctness of the LLM’s generated query; and the (B3) Query Graph, which visualizes the structure of the query to illustrate the underlying schema of the KG. Finally, the (C) Results Panel provides a cleaned, exportable table as well as an LLM-generated summary based on the query results. Importantly, LinkQ ensures all data retrieved and summarized by the LLM comes from ground truth in the KG."
2024,10.1109/VIS55277.2024.00031,10771088,fig2,2,Figure 2:,F,vis_2024_00031_fig_2.png,1071,390,17c7I2WliHLmgporxEsBEc96dbnreVtP-,"Example of how an LLM can hallucinate [27] or misrepresent the data in a KG. Here, we ask ChatGPT [5] to write a query about gold medal winners from the 2020 Summer Olympics. In total, ChatGPT wrote three consecutive failing queries with incorrect IDs, while stating to us that it had corrected its previous mistakes."
2024,10.1109/VIS55277.2024.00031,10771088,fig3,3,Figure 3:,F,vis_2024_00031_fig_3.png,2141,361,1oZXo9K1bkEk8F31KxL_Q1QK2UPUx9jQn,"Illustrative state-machine of LinkQ’s system architecture, as described in Section 3. In our pipeline, the LLM, System, and User have distinct roles, responsible for communicating with one another to complete different tasks across different states."
2024,10.1109/VIS55277.2024.00032,10771142,fig1,1,Figure 1:,F,vis_2024_00032_fig_1.png,1901,601,1TQxCult3hiLDW2dllqTP7Em-BRov2sR-,"Bavisitter’s visualization authoring workflow. A) The user requests a visualization to an LLM by prompting ""Show me the average yield by site."" B) The LLM generates an ineffective visualization design that uses a connection mark for encoding the categorical attribute on the x axis. C) Bavisitter detects the design issue in the generated visualization and gives feedback to the LLM by modifying the original prompt, e.g., appending ""Change mark to bar"". As a result, the user can author visualization designs that conform to known design guidelines and knowledge while exploiting the flexibility that the LLM provides."
2024,10.1109/VIS55277.2024.00032,10771142,fig2,2,Figure 2:,F,vis_2024_00032_fig_2.png,985,353,1FEZj3YKZ_yU2pg3ku8UhS35hS2Q3E9JN,"Design issues in visualizations generated by GPT-4. Left: a nominal attribute (state names) is shown on the x axis but a connection mark is used, compromising expressiveness. Right: a quantitative attribute is mapped to the color channel instead of the length channel, making the chart less effective."
2024,10.1109/VIS55277.2024.00032,10771142,fig3,3,Figure 3:,F,vis_2024_00032_fig_3.png,941,619,1st7tEeVUN87v2eGQTjg36-AsOVCJMJZj,The User Interface of Bavisitter
2024,10.1109/VIS55277.2024.00032,10771142,fig4,4,Figure 4:,F,vis_2024_00032_fig_4.png,948,1534,1uOuP6YxDLWgrfWeaBITVWTNllzEiA6uK,Use Case of Bavisitter
2024,10.1109/VIS55277.2024.00033,10771094,fig1,1,Figure 1:,F,vis_2024_00033_fig_1.png,946,1034,13kc9eGHu49vurArIxcGosFZ_Jq85MlZV,Illustration of the study design (top) and examples of the Cluster and Determine Range tasks (bottom).
2024,10.1109/VIS55277.2024.00033,10771094,fig2,2,Figure 2:,F,vis_2024_00033_fig_2.png,876,610,1C7DjnrY0cMWnC9F0IIIjvNBgUT5F_JXW,An example of the prompt for the task Find Anomalies.
2024,10.1109/VIS55277.2024.00033,10771094,fig3,3,Figure 3:,F,vis_2024_00033_fig_3.png,761,573,10mE19I0HnahLMw8l7ezkw9ryIooJsHRJ,Comparison of retrieved data points (teal) extracted by the LLM directly from SVG position definitions and the original data points (orange).
2024,10.1109/VIS55277.2024.00034,10771119,fig1,1,Figure 1:,F,vis_2024_00034_fig_1.png,1895,508,1e_VSb4mR9t1StsRpDnJ-f0CIVg9n9olh,"Response time (a) and accuracy (b) results for UT weights \$\color{red}{{\alpha _0}}\$ , \$\color{green}{{\alpha _{0.5}}}\$ , and \$\color{blue}{{\alpha _1}}\$ , and their order (c). The dot marks mean (a) and median (b), while lines show 50%/75% highest density continuous interval (a) and 50/75 quantile interval (b)."
2024,10.1109/VIS55277.2024.00034,10771119,fig2,2,Figure 2:,F,vis_2024_00034_fig_2.png,991,488,1nQNCOiRx73ndCFmpXnhHnkIQ0vqA92W0,Example stimuli for task T3 (Section 3.1) from the experiment.
2024,10.1109/VIS55277.2024.00035,10771154,fig1,1,Figure 1:,F,vis_2024_00035_fig_1.png,977,1094,1xYu6x09H1P00smEwB89ZJyy_ApenpfBK,"An overview+detail layout (a) vs. focus+context layout (b) of the same compound graph. The graph depicts the data flow of a small Python program. In our case study, a domain expert looks at compound networks of larger, more complicated programs."
2024,10.1109/VIS55277.2024.00035,10771154,fig2,2,Figure 2:,F,vis_2024_00035_fig_2.png,1047,295,1PR-GpYjdLwgTpoE4-9hfqOXmiqcIaYlU,"Compared to (a), we explicitly incorporate ports into the design in (b) to increase the clarity of links through compound graphs and isolate the the layout within compound nodes."
2024,10.1109/VIS55277.2024.00035,10771154,fig3,3,Figure 3:,F,vis_2024_00035_fig_3.png,1057,370,1q1qGSQ84dDKCxeFduxqWEAAIKEwUhh4x,"(Top) The Reingold-Tilford algorithm can produce poor results when the compound node is oblong in the direction of tree growth. Even growing the layout vertically, the internal view would be placed in the middle of the oblong compound node rather than near its counterpart. (Bottom) The ideal layout would place expanded nodes near their collapsed counterparts."
2024,10.1109/VIS55277.2024.00035,10771154,fig4,4,Figure 4:,F,vis_2024_00035_fig_4.png,1062,1245,1r6M0jqIv3ffXshqObvDkoOxVYr-lH1fT,"An illustration of our proposed variant of RT algorithm. The input data is shown in both our layout and a simplified tree view. Then in each step, we follow the RT bottom-up placement. We frist place group parents with respect to expanded children based on the position of their corresponding internal nodes, and then make separation passes in both directions of tree expansion."
2024,10.1109/VIS55277.2024.00035,10771154,fig5,5,Figure 5:,F,vis_2024_00035_fig_5.png,1071,310,1-Gq2WIEzHd-8eo-tSPQWOU4oPZEytfmB,"Duplicate structures within one group are drawn with edges from the collapsed copies to the expanded form. In this application, we choose lightweight dashed edges to depict this relationship. Users of our layout can choose to suppress these edges and/or the expansion of duplicate siblings as layout parameters.."
2024,10.1109/VIS55277.2024.00035,10771154,fig6,6,Figure 6:,F,vis_2024_00035_fig_6.png,1070,541,1PgTqbOnonA1LJCnFxRTnuLFqFzba4uX8,The interface used in the case study has two linked views. View A shows the raw JSON representing the Function Network. View B is the main view of our compound networks.
2024,10.1109/VIS55277.2024.00035,10771154,fig7,7,Figure 7:,F,vis_2024_00035_fig_7.png,1055,449,13PbKkWn5KzDl-lWbfOrR5aj07DFz_mee,Undefined ports in the Function Network often signify bugs. We add them if referenced in red to make them more salient.
2024,10.1109/VIS55277.2024.00036,10771124,fig1,1,Fig. 1:,F,vis_2024_00036_fig_1.png,1931,852,1moK9Hhv9oJphLNeeC49AtoBE7fpYlsA4,An example property graph before (a) and after (b) having its structurally-equivalent nodes re-arranged based on their attribute similarity.
2024,10.1109/VIS55277.2024.00036,10771124,fig2,2,Fig. 2:,F,vis_2024_00036_fig_2.png,1092,614,1VFBqUwxETj9JkkktkJgPmhcp-_i89yIr,Examples of common structural equivalence groupings (SEGs).
2024,10.1109/VIS55277.2024.00036,10771124,fig3,3,Fig. 3:,F,vis_2024_00036_fig_3.png,1030,562,1N-WW7bP_BTNqcj7-PfN5fZfJAtQMjz9y,"Star subgraph often found in real-world data such as cyber-security data [15], nodes are colored according to a scalar property value. Without taking properties into account, a layout might look like (a), but our algorithm will modify the existing layout to (b)."
2024,10.1109/VIS55277.2024.00036,10771124,fig4,4,Fig. 4:,F,vis_2024_00036_fig_4.png,995,980,19p78kTNeqCB6l14q2B0Q4VuB9j0r19rC,An example of our property graph layout applied to a graph with categorical data.
2024,10.1109/VIS55277.2024.00036,10771124,fig5,5,Fig. 5:,F,vis_2024_00036_fig_5.png,995,547,1Wl0TWGzvrxI-o_nDZPx-Ty8qe_b0gKmx,"A small synthetic example of categorical ordering of a graph with several common SEGs. On the left is a biclique, the center shows a star, and the right a connector node pattern. Here, the patterns are drawn via the Fructerman-Reingold algorithm, but a clearer example of their structure is shown in Fig. 2."
2024,10.1109/VIS55277.2024.00036,10771124,fig6,6,Fig. 6:,F,vis_2024_00036_fig_6.png,2216,1098,1MKM7IooGAPjoZXyriyc01E3uFiTp_TEf,"Our method also works with mixed categorical data, represented here by pie charts as nodes. Nearby structurally equivalent nodes are possibly unrelated in (a), but after our algorithms rearrangement, there is more structure (b)"
2024,10.1109/VIS55277.2024.00036,10771124,fig7,7,Fig. 7:,F,vis_2024_00036_fig_7.png,984,975,1w0_bHNyjLe-jGLpuGetChlnRqbELJ5sr,"A slightly more complicated synthetic example where each node has multiple numerical attributes associated with it. Notice how, in general, the colors go from orange, to green, to blue from left to right. variety of property data types with relatively little complexity; improving the graph layout for very little cost in comparison to computing the layout in the first place."
2024,10.1109/VIS55277.2024.00037,10771118,fig1,1,Figure 1:,F,vis_2024_00037_fig_1.png,1887,610,1I-6waoO7Uy1Y8pUNLd_mgD7DYXSBsbfD,"We identified six patterns that researchers utilize to browse citation networks and discover papers of interest. Component-wise, these patterns can be classified to: Field (i.e., related papers on a single research topic), Bridge (i.e., logical connections between papers or topics), and Foundation (i.e., stages in the broad development of research). For each component, there were two different perspectives: layout-oriented or connection-oriented. Our analysis suggests that researchers generally preferred the layout-oriented perspective for its intuitiveness, but papers identified through the connection-oriented perspective were typically more useful."
2024,10.1109/VIS55277.2024.00037,10771118,fig2,2,Figure 2:,F,vis_2024_00037_fig_2.png,2254,1229,1I50iJgzyXA275emlUnBWOH54stpR9H3K,"A screenshot of the interface used in the experiment. After inputting seed papers (A), participants were asked to browse the citation network (B, C), identify noteworthy papers (D), and provide feedback on why they were interested in specific parts of the graph and how the papers they found were actually useful (E)."
2024,10.1109/VIS55277.2024.00037,10771118,fig3,3,Figure 3:,F,vis_2024_00037_fig_3.png,819,302,1mG9A8veYM42MY3nYO9dr6FOIpGSLX2eZ,We simplified the graph by using colors on the tip of the link to indicate direction and merging nodes with identical connections.
2024,10.1109/VIS55277.2024.00037,10771118,fig4,4,Figure 4:,F,vis_2024_00037_fig_4.png,1073,264,19v_sCreV3pvzS2okTN-p3p5SUgXubzbu,"Examples of the three layouts provided to users: force-directed (left), rank-based (center), and circular (right)."
2024,10.1109/VIS55277.2024.00037,10771118,fig5,5,Figure 5:,F,vis_2024_00037_fig_5.png,1062,524,157lj0AVYtj3l7KTmnZNIUqKDomR8oUc9,Users’ evaluation of the usefulness of each pattern in post-assessment records. Note that a single post-assessment can belong to more than two types.
2024,10.1109/VIS55277.2024.00038,10771082,fig1,1,Figure 1:,F,vis_2024_00038_fig_1.png,1986,273,1uiwQG6sZz-M6sTpwzBG7ecVu5T_J4Wdu,"Feature Clock uses high- and low-dimensional data, X and Y. We define the feature contribution as a coefficient of the linear regression (LR) between X and y θ (Y projected at angle θ). The optimization goal is to find the angle θ j at which the coefficient \$\beta _{{\theta ^j}}^j\$ of feature j is maximized. The solution is derived from LR coefficients of θ = 0° and θ = 90°. We filter the insignificant LR coefficients based on p-values. Features with insignificant p-values are not visualized. The largest coefficient of each feature is visualized in the Feature Clock."
2024,10.1109/VIS55277.2024.00038,10771082,fig2,2,Figure 2:,F,vis_2024_00038_fig_2.png,1066,465,1iS4tyYtd7PDgEZ3joXzkOjpNYQ4vpS8R,"(a) PCA biplot with feature loadings, (b) t-SNE scatter plots for each high-dimensional feature (perplexity=17). (c) A Feature Clock showing the feature contributions for the Iris dataset."
2024,10.1109/VIS55277.2024.00038,10771082,fig3,3,Figure 3:,F,vis_2024_00038_fig_3.png,319,265,1a99Eh-UhDy2UrWU010c4jJ2yLd85A5xP,\$\color{blue}{\text{Projection}}\$ of \$\color{Orange}{2{\text{D points}}}\$ on a line at angle θ.
2024,10.1109/VIS55277.2024.00038,10771082,fig4,4,Figure 4:,F,vis_2024_00038_fig_4.png,2222,828,1kxwfO3XJ-j4SAe1uXdmRerr4B2mhdkpm,(a) Global Feature Clock shows the general trend for top-4 significant features for hospital survival. (b) Local Clocks help to inspect the data within original labels (patient survived/died in hospital) while (c) Inter-group Clock shows how features change between two classes. (d) t-SNE (perplexity=50) scatter plots support three clocks and show the value range of high-dimensional features for survival in hospital.
2024,10.1109/VIS55277.2024.00038,10771082,fig5,5,Figure 5:,F,vis_2024_00038_fig_5.png,1056,577,194RIGgD8ioEAZr2za5tS-uWvgnCMbbD_,"(a) Local Clocks explore the NLDR space by inspecting HDBSCAN clusters. (b) Inter-group Clock shows how features change between clusters. (c) For the verification, we show a t-SNE scatter plot for each feature in the clocks (perplexity=50)."
2024,10.1109/VIS55277.2024.00038,10771082,fig6,6,Figure 6:,F,vis_2024_00038_fig_6.png,1067,523,1kKGQA7LZMTV05xDDabmMgaplIOrVmd0m,(a) We use Global Clock to describe 2D hidden state of the NN and justify the clock with (b) a scatter plot for each feature.
2024,10.1109/VIS55277.2024.00039,10771106,fig1,1,Figure 1:,F,vis_2024_00039_fig_1.png,1876,490,1uO1V3az62fTuqP_rdJH3glEIXDtTavbP,Sector-based transformation of a UMAP embedding of the Iris dataset [1]. (a) 16 sectors and anchor points for a selected sample are shown for the original scatterplot. The black anchor point at the bottom belongs to the highlighted sector at the top. Samples are moved toward a sector’s anchor point based on the point density inside that sector. The resulting displacement vector is shown in blue. (b) Initial displacement vectors for all samples. (c) Displacement vectors and trajectories of samples after two iterations of the proposed algorithm. (d) Sample distribution and deformation trajectories after 8 iterations.
2024,10.1109/VIS55277.2024.00039,10771106,fig2,2,Figure 2:,F,vis_2024_00039_fig_2.png,1035,404,1rE71lXMKNoXb1p41Vc_WSdJqc9cKyXm_,"Left: The four InIm coefficients are computed at location (x,y) by summing up a density function over respective rectangular regions. Right: The four tilted InIms are computed for the same location by summing up the density over tilted regions. (Image reproduced from Molchanov and Linsen [18].)"
2024,10.1109/VIS55277.2024.00039,10771106,fig3,3,Figure 3:,F,vis_2024_00039_fig_3.png,1071,404,1QFdDOwSQZeqZA-xAoRbYv1Z0UG1AKJG1,De-cluttering scatterplot with artificial data (a) using the InIms-based approach by Rave et al. [21] (b) and using our sector-based regularization with 64 sectors (c). Our approach demonstrates a more even distribution of samples and mitigated boundary effects. Future work may address the distribution artifacts near the corners of the boundary.
2024,10.1109/VIS55277.2024.00039,10771106,fig4,4,Figure 4:,F,vis_2024_00039_fig_4.png,1008,473,1Dw2NZhOGrEuCZ-nhF3kzRPOdBBidvWem,"Comparison of uniformity measures for InIms-based and our sector-based regularization methods. The improvements in both quality measures are statistically significant. For context, we also provide the measures for the original scatterplot. Datasets from the UCI repository were used."
2024,10.1109/VIS55277.2024.00039,10771106,fig5,5,Figure 5:,F,vis_2024_00039_fig_5.png,1009,471,1YT5y3rbJjD0U2gMTWnc_FYKMQDLMpkKH,"Sparsity values for scatterplots of synthetic datasets. Left: Sparsity increases monotonically with the number of iterations (number of points 4,096 and number of sectors 512 are fixed). Right: The positive effect of increasing number of sectors is stronger for datasets with fewer points (number of iterations 8 is fixed)."
2024,10.1109/VIS55277.2024.00039,10771106,fig6,6,Figure 6:,F,vis_2024_00039_fig_6.png,1009,470,1HSqIMXJE3ZcIHzRjKIGPJDmcqcuQkvxZ,"Overplotting values for scatterplots for synthetic datasets. Left: Overplotting rapidly vanishes with increasing the number of iterations (number of points 4,096 and number of sectors 512 are fixed). Right: Overplotting decreases (even for outliers) with increasing number of sectors (number of iterations 8 is fixed)."
2024,10.1109/VIS55277.2024.00039,10771106,fig7,7,Figure 7:,F,vis_2024_00039_fig_7.png,1008,474,1DFT-89zDonik3-TdyO4JO0rlg9fXDlbM,Left: Preservation of ordering in the layouts computed by InIms- and our sector-based methods. Right: Trustworthiness of the resulting de-cluttered layouts for the two methods when compared to the initial configuration. Datasets from the UCI repository were used.
2024,10.1109/VIS55277.2024.00040,10771096,fig1,1,Figure 1:,F,vis_2024_00040_fig_1.png,1488,631,1o3xXHO-BR5ZYJOASaxMkmUcE9DHhYqv6,"Each projection is part of a GhostUMAP projection generated for the CIFAR-10 dataset. Case (A) depicts the trajectories of a stable point where the original projection () and its ghosts () are projected to a consistent location. In contrast, Case (B) shows the trajectories of an unstable point. The trajectories diverge, implying instability in the final projection of the point ()."
2024,10.1109/VIS55277.2024.00040,10771096,fig2,2,Figure 2:,F,vis_2024_00040_fig_2.png,515,491,1baWEjqppCgXd5XbPd3shKkFouszZpaJL,The trade-off between execution times and F1-scores depending on the epoch at which halving is performed. The text label placed next to each dot indicates the halving-performed epoch.
2024,10.1109/VIS55277.2024.00040,10771096,fig3,3,Figure 3:,F,vis_2024_00040_fig_3.png,2164,780,1vFsmYVYBLGn7RFlLHEayfwpN3MdB0uVg,"GhostUMAP highlights two unstable cases (A) and (B) in the MNIST dataset. Note that these two cases are representative examples and more unstable points were identified by GhostUMAP. Crosses represent the original projections of points, while triangles indicate the projections of their ghosts. In both cases, one can observe the spatial discrepancy between the original projections and ghosts, which implies positional instability. The right panel displays the images corresponding to the original points and their neighbors, providing visual context to the detected instability."
2024,10.1109/VIS55277.2024.00041,10771108,fig1,1,Figure 1:,F,vis_2024_00041_fig_1.png,1874,602,1VweMweRaCF2exYoMyt7kDPaFF8jQ0l7Z,"Example of a visual analytics system that implements coordinated multiple views with the use-coordinationsoftware library. a) The system supports comparison of two dimensionality reduction results using four scatterplots linked on subsets of properties. b) The coordination specification defines which views are linked to which properties using a JSON grammar representation. Dotted lines illustrate that the first view ""UMAP (overview)"" is mapped to particular coordination scopes in the coordination space. c) Views use their coordination scope mappings to obtain values and setter functions from the parent system that manages the coordination specification. Developers can assume that the render function for each view will re-execute upon changes to the values in the mapped coordination scopes."
2024,10.1109/VIS55277.2024.00041,10771108,fig2,2,Figure 2:,F,vis_2024_00041_fig_2.png,803,1007,18W-7Nh76hx5bkILY4BrDpRvb_iOJYOtO,Extensions of use-coordination. a) Our visual editor enables users to modify the coordination specification without knowledge of JSON. b) The coordination specification can be rendered to the GraphViz DOT format for static visualization. c) User interactions in a visual analytic system can be tracked through optional integration with Trrack [16].
2024,10.1109/VIS55277.2024.00041,10771108,fig3,3,Figure 3:,F,vis_2024_00041_fig_3.png,857,1029,1y0Hnvvav5gonrjHl83Cb3cplifjPx8jv,"Use cases. a) Coordinated selections across Vega-Lite, D3, Visx, and Plotly bar plot implementations. b) Seattle weather example in which brushing interactions in one plot (the middle scatterplot) are coordinated with the other two plots. c) Coordination of 2D (crosshair position) and 3D (azimuth) parameters of a medical imaging volume."
2024,10.1109/VIS55277.2024.00042,10771087,fig1,1,Figure 1:,F,vis_2024_00042_fig_1.png,1804,652,12nxFwZoGXUDZOFIQpv4eJ_BME9MvFuW5,"Volume renderings for kingsnake [2], stag beetle [9], and manix [18] datasets applying different transfer functions"
2024,10.1109/VIS55277.2024.00042,10771087,fig2,2,Figure 2:,F,vis_2024_00042_fig_2.png,1079,580,1xB7bzMWu6WCyI53Qndk6OQfUAuKTcy_g,"Our method demonstrated for a simplified 2D case (without block-reducing): 1st row from left to right: input intensity map I, occupancy and corresponding distance map (small squares contain occupancy values) after applying TFA resp. TFB, D′ derived from the PDMs ( \${D^\prime } = D_{{\text{T}}{{\text{F}}_A}}^\prime = D_{{\text{T}}{{\text{F}}_B}}^\prime \$ in this example), 2nd row: the POMs and PDMs using partitions with intensity ranges [0,1], [2], [3], [4], [5], and [6], [7]; TFs’ intensities to alpha mappings (ϕ…non-zero alpha): TF A ={0,0,ϕ,ϕ,0,0,ϕ,ϕ} and TF B (0,…,7) = ={0,0,0,ϕ,0,0,ϕ,ϕ} and thus, S = {2,4} for both."
2024,10.1109/VIS55277.2024.00042,10771087,fig3,3,Figure 3:,F,vis_2024_00042_fig_3.png,997,592,1B6uV8qVJRvdEdSn9oBVc4h6iEOqFFxqV,The different transfer functions used: TF1: all intensities but ρmin are mapped to non-zero alpha values. TF2: all intensity values are mapped to an alpha value greater than zero. TF3: intensities in the right half are mapped to non-zero alpha values. TF4: non-zero alpha values in 2nd and 4th quarter of intensity range. TF5: used for rendering of kingsnake dataset in Figure 1. TF6: used for rendering of stag beetle dataset in Figure 1.
2024,10.1109/VIS55277.2024.00042,10771087,fig4,4,Figure 4:,F,vis_2024_00042_fig_4.png,1052,965,1GowOn9JUql7aCu3fDmpSbPlETgtX4JDO,"Frame rendering times for different datasets (viewport size 21602) with different TFs and ESS variants. Stacked bars indicate rendering time w/o early ray termination (darker/lighter). PDM ESS setup: 64 uniform intensity partitions for TF2-TF6, for TF1: special partition for intensity value ρmin and the other intensity values uniformly partitioned into the remaining 63 partitions."
2024,10.1109/VIS55277.2024.00042,10771087,fig5,5,Figure 5:,F,vis_2024_00042_fig_5.png,1018,537,1IvqoOgpG1Orw9suh-oc6UmgWVeSBG0iu,"Rendering performance for ray marching on the stag beetle dataset with TF6 from Figure 3f with viewport size 21602 with early ray termination for different ESS variants. Additionally, occupancy/distance map update times are shown (these only apply if the TF is updated)."
2024,10.1109/VIS55277.2024.00043,10771101,fig1,1,Figure 1:,F,vis_2024_00043_fig_1.png,1889,498,1OtAjpQMc--wBi9Mvs3U-9Qg3Fdh0CjOy,"Atmospheric front represented as a ridge surface. (left) Profile of θE (equivalent potential temperature in Kelvin) over North Atlantic and Europe on 18 January 2018, 12:00 UTC. Warmer colors correspond to warm and moist air, cooler colors correspond to cold and dry air. A polar cold air mass encounters a subtropical warm air mass, resulting in the formation of a region with a high gradient of θE between them. (middle) Scalar field of the horizontal gradient magnitude of θE (in Kelvin per 100 km) and the extracted surface along the maximum gradient of the polar front. (right) Same as middle image but rotated and zoomed to the extracted surface."
2024,10.1109/VIS55277.2024.00043,10771101,fig2,2,Figure 2:,F,vis_2024_00043_fig_2.png,643,488,1ECd9Tf_dy8hFVF7S-TVgtNJJWWf4rhXS,"Illustration of a straight weather front. The frontal zone is characterized by a sharp gradient of the thermal parameter τ (black). The gradient (yellow) experiences a significant change on the boundary, corresponding to an extremum in the second derivative (blue) and a zero point of the third derivative of τ (red). The ridge extraction method uses the magnitude of the minimum of the second derivative for extracting the warm-side boundary surface. Additionally, the ridge method can be used to extract the surface along the steepest gradient of τ, which is a stable feature inside of the frontal zone. Figure adapted from Beckert et al. [3]."
2024,10.1109/VIS55277.2024.00043,10771101,fig3,3,Figure 3:,F,vis_2024_00043_fig_3.png,732,1024,1mfeAWbpuHLhmR8Z7gNrkCrYyqKhrPwRA,"Illustration of the ridge surface extraction algorithm [13] applied on the gradient magnitude field of the wet-bulb potential temperature [K/100 km] of the Cyclone Friederike. The gradient magnitude field is visualized using a color map, the seed points are shown in green, and the extracted surface is shown as a triangle mesh. (top) The first seed point is specified manually within the area of high gradient magnitude. The corresponding surface patch is generated according to a user-specified maximum distance. (bottom) Additional seed points are generated automatically in subsequent iterations within the surface patch computed in a previous iteration. All surface patches are merged into a ridge surface representing the maximum gradient in the frontal zone."
2024,10.1109/VIS55277.2024.00043,10771101,fig4,4,Figure 4:,F,vis_2024_00043_fig_4.png,2254,414,1WhDgf73KnwlXIbePe12NxcodVZy3c07-,"Frontal surfaces (warm-air sides of frontal zones) extracted from the wet-bulb potential temperature θW during Cyclone Friederike (18 January 2018 12:00 UTC). (A) Front surfaces extracting using the ridge-based method from the θW field without smoothing. (B,C) Overlay of fronts extracted using the ridge-based method (green) and contour-based method (orange). The contour-based method is applied on the θW field after smoothing (smoothing radius 100 km) in (B) and is applied without prior smoothing in (C). The geometric extent of the features should only be compared qualitatively, as different methods for filtering were used. Blue vertical axis aids spatial perception."
2024,10.1109/VIS55277.2024.00043,10771101,fig5,5,Figure 5:,F,vis_2024_00043_fig_5.png,2254,420,1Ye9nl6iCeC04dfq_zS__yX2jP7gRyEX9,"Frontal surfaces (warm-air sides of frontal zones) extracted using (A) our ridge-based method from θW without smoothing, (B) contour-based method from θW after smoothing, and (C) contour-based method from θW without smoothing. These surfaces are the same as in Fig. 4, but viewed looking westward over northern Germany towards the North Atlantic. The vertical section shows unsmoothed θW (K, blue-to-red color bar) and ∥∇hθW ∥2 (K (100 km)−1, gray color bar). The yellow box highlights the region of interest discussed in the text."
2024,10.1109/VIS55277.2024.00044,10771092,fig1,1,Figure 1:,F,vis_2024_00044_fig_1.png,1019,759,1oBOluNe9Pjn0j6aY3HgF7BVwnNlfKBKn,The core fragment shader of our testbed GPU-based ray-caster.
2024,10.1109/VIS55277.2024.00044,10771092,fig2,2,Figure 2:,F,vis_2024_00044_fig_2.png,1051,375,15zSIZP6JS-1iqUVUk_Fgp2V5egnaT7It,"The smoothstep transfer function. The top image displays the implementation in Metal Shading Language as used by the ray-caster, while the bottom graph demonstrates the same functionality in Reality Composer Pro for the slice-based renderer."
2024,10.1109/VIS55277.2024.00045,10771132,fig1,1,Figure 1:,F,vis_2024_00045_fig_1.png,962,688,1loQGzZipCcWo-P2a1sw_Va4ixIcE_A4h,"Inferred neural rendering images (upper-left) and rendering images of reconstructed surfaces (lower-right) of Nyx, Tangaroa, and vortex generated by (a) NeRF, (b) TensoRF, (c) Instant-NGP, and (d) NeuS. (e) shows the GT results."
2024,10.1109/VIS55277.2024.00045,10771132,fig2,2,Figure 2:,F,vis_2024_00045_fig_2.png,963,582,1sPRB9njkUpU_qmQffDBvk4aXx4SjOcNF,"Inferred neural rendering images (upper-left) and rendering images of reconstructed surfaces (lower-right) of aorta, combustion, and supernova generated by (a) IDR, (b) NeuS, (c) NeuS2, and (d) Neuralangelo. (e) shows the GT results."
2024,10.1109/VIS55277.2024.00045,10771132,fig3,3,Figure 3:,F,vis_2024_00045_fig_3.png,956,252,1gNx0rIqodwIKfn_gt-vukC41fIjFa6gi,"Cut-through rendering of reconstructed supernova surfaces generated by (a) IDR, (b) NeuS, (c) NeuS2, and (d) Neuralangelo. (e) shows the GT results."
2024,10.1109/VIS55277.2024.00045,10771132,fig4,4,Figure 4:,F,vis_2024_00045_fig_4.png,963,440,1psyb4h9jd_2UJFE5QczTkvc_oLd8bFu7,"Inferred neural rendering images (upper-left) and rendering images of reconstructed surfaces (lower-right) of five critical points, Marschner-Lobb, and solar plume generated by (a) NeuS, (b) NeAT, (c) NeUDF, and (d) NeuralUDF. (e) shows the GT results."
2024,10.1109/VIS55277.2024.00046,10771103,fig1,1,Figure 1:,F,vis_2024_00046_fig_1.png,1902,1094,1W1U9uUIOav-lfHGCymXRaR2I-UZD2XIV,"Precipitation change (%) in 2080-2099 relative to 1986-2005 based on 100 simulation runs of the RCP8.5 scenario within MPI-GE. The top left panel shows a volume rendering of the cumulative height field using a 2D transfer function, mapping cumulative probabilities to opacity and precipitation change to color (blue: increase, red: decrease), and an isosurface of the median. The bottom right panel shows an orthographic view of the same scene. The black lines indicate the locations of the cumulative function graphs at 0° and 170°W, which are shown in the top right and bottom left panels, respectively. The purple lines depict zero percent difference. The intersection of the black lines mark the chosen point of interest (0°, 170°W), where the distribution is skewed: while most ensemble members show a small to moderate decrease in precipitation, a few outliers show a large increase, which means that the arithmetic mean at this point would indicate an - though unlikely - increase in precipitation."
2024,10.1109/VIS55277.2024.00046,10771103,fig2,2,Figure 2:,F,vis_2024_00046_fig_2.png,1068,630,1OfdPENdhQU4hUONLAZFzOKhZbSoFAHKJ,"Illustration of cumulative function graph colormapped with different color scales. The blue lines are the function graphs for each of the original ensemble members. In (a), the cumulative probability is mapped linearly to lightness. In (b), a black body radiation color map is used. In (c), the color scale goes from white to black to white again, emphasizing the central percentiles. In (d), a 2D color scale is used: the function value θ is mapped to a red-white-blue color scale and the cumulative probability is mapped to opacity, emphasizing values above and below a function value of interest."
2024,10.1109/VIS55277.2024.00046,10771103,fig3,3,Figure 3:,F,vis_2024_00046_fig_3.png,1074,670,1o_lGaoht_xZ7_Mz0W1-lTDwMkOldLVPN,"Comparison of different TFs on the visual appearance of volume rendering the CHF of the precipitation change (%) for 2080-2099 relative to 1986-2005 for scenario RCP8.5 as simulated within the MPI-GE ensemble: (a) the ""foggy landscape"", (b) ""desert landscape"" with black body radiation, (c) symmetric median emphasis, and (d) a 2D TF with emphasis on the median, and an isosurface of the median."
2024,10.1109/VIS55277.2024.00046,10771103,fig4,4,Figure 4:,F,vis_2024_00046_fig_4.png,1074,428,1ah_NmfdYRlOLcY9ni4iBwKqM6R2aVQo0,"Overview of the precipitation change (%) for 2080-2099 relative to 1986–2005 for scenarios RCP2.6 (left) and RCP8.5 (right) as simulated within the MPI-GE ensemble, shown through volume rendering of the CHF and an isosurface of the median."
2024,10.1109/VIS55277.2024.00047,10771134,fig1,1,Figure 1:,F,vis_2024_00047_fig_1.png,1887,574,15vqNQPUJwkeDw09AwlBapaPr2-a_b0t3,"Our method allows users to specify, via natural language, what they wish to see in a volumetric dataset, and in response we optimize for a transfer function that gives volume-rendered images compatible with their description. In this example, we show how (a) a general description permits exploratory analysis of what is contained in a volume, while more precise descriptions lead to TFs that capture the underlying semantics, ranging from (b) natural colors assigned to trees when specifying ""potted tree"", (c) snow in the case of ""winter"", and (d) detailed specification of visual properties being reflected in the volume-rendered image."
2024,10.1109/VIS55277.2024.00047,10771134,fig2,2,Figure 2:,F,vis_2024_00047_fig_2.png,965,485,18eIVQEVAYgaYO36g6HM3pim-L8qPC3OU,"We show an overview of T2TF. Given a TF, we volume render from a camera view to produce an image and subsequently obtain a CLIP-based encoding of the image. We then compare the image with a CLIP-based encoding of the user’s prompt, expressive of their visualization objective, with negative sampled prompts. We form a contrastive loss between the user’s prompt and negative prompts, giving us a way to update the TF via gradient-based optimization."
2024,10.1109/VIS55277.2024.00047,10771134,fig3,3,Figure 3:,F,vis_2024_00047_fig_3.png,2029,1013,1mGxsAIJ3pyVtA4rj15uIDN2Wh6AtqL54,"T2TF results for a variety of volumes (scanned data, numerical simulations) and prompts (general vs. detailed descriptions)."
2024,10.1109/VIS55277.2024.00047,10771134,fig4,4,Figure 4:,F,vis_2024_00047_fig_4.png,967,368,1-Tu1bcuHVgFqO5gZ-NKvES1reBfsGqsn,"Volume-rendered images of the visible male dataset. In (a), the generic prompt results in the transfer functions that show an overview of features in the volume. Then, in (b)-(d), different opacity transfer functions highlight the skin and skull. This example illustrates the capability of T2TF to adjust opacity transfer functions"
2024,10.1109/VIS55277.2024.00048,10771130,fig1,1,Fig. 1:,F,vis_2024_00048_fig_1.png,1806,519,1F1SEWS6NpbPMCmqlRN11lOgupTH-Ktkk,(A) ARCOLLAB is a collaborative cardiovascular surgical planning application in mobile augmented reality. Multiple users can join a shared session and view a patient’s 3D heart model from different perspectives. (B) ARCOLLAB allows surgeons and cardiologists to collaboratively interact with a 3D heart model in real-time. Changes made on a device update the model’s orientation on the other devices in the session.
2024,10.1109/VIS55277.2024.00048,10771130,fig2,2,Fig. 2:,F,vis_2024_00048_fig_2.png,1056,375,1wh20u8mn0O3E-z8H_lMlm77feMuUxOAB,Devices scan environment to detect feature points
2024,10.1109/VIS55277.2024.00048,10771130,fig3,3,Fig. 3:,F,vis_2024_00048_fig_3.png,2119,679,12U6pgyVbZF_r4kbOGdXDDy0_8Xm9ZNqh,"Gestures are used to manipulate the model. The orange arrows represent the gesture performed on one device, the white arrows represent resultant movement of the heart on other devices in the session, and the blue arrows represent actual manipulation of the model. (A) Pinch gesture enables the user to scale the heart model up or down. (B) Panning across the screen triggers rotation of the heart in the direction of the pan. (C) Two-finger rotation on the screen allows the user to rotate the heart around the axis pointing out of the camera perpendicular to the device."
2024,10.1109/VIS55277.2024.00048,10771130,fig4,4,Fig. 4:,F,vis_2024_00048_fig_4.png,633,443,1F8ED_yPXYHzIkwYh5dgDWfSci28PR6-q,"Our approach renders the ""inner"" surface of the heart in a darker color to give the appearance of ""filling"" hollow regions."
2024,10.1109/VIS55277.2024.00048,10771130,fig5,5,Fig. 5:,F,vis_2024_00048_fig_5.png,1060,962,1W4cATZnA2tVp5pyn7VdsZnOkQLxRptCk,Average ratings about ARCOLLAB from the 2 cardiologists and 3 surgeons who participated in the study. All participants found ARCOLLAB to facilitate collaborative surgical planning.
2024,10.1109/VIS55277.2024.00049,10771093,fig1,1,Figure 1:,F,vis_2024_00049_fig_1.png,1694,603,1Tt7OxgUAmtR50Xukz3TTInJXzDDN6Mru,"Overview. To address area label visibility and environment occlusion in AR, our system uses active distant colors to enhance perceived contrast between label and environment and uses spatial variation to reduce environment occlusion."
2024,10.1109/VIS55277.2024.00049,10771093,fig2,2,Figure 2:,F,vis_2024_00049_fig_2.png,977,350,1Kczwfs8xbf5VsXIS9N8Np0qlbVA0YtZu,Active labels can dynamically enhance label visibility based on backgrounds. We visualized these area labels (40% opacity) at an identical location on different frames from a 360° time lapse video.
2024,10.1109/VIS55277.2024.00049,10771093,fig3,3,Figure 3:,F,vis_2024_00049_fig_3.png,977,347,1l8p9wC6OrtsaSTqrVhzDIcuxUj3U4ir6,"As different environment pixels can have the same most perceptually distant color, computing a per-pixel most distant color results in ""clumping"", the loss of the background details as in the image on the right."
2024,10.1109/VIS55277.2024.00049,10771093,fig4,4,Figure 4:,F,vis_2024_00049_fig_4.png,699,989,1TFK3Nb9zr_IrElE99yxPBGm0YLxhpBQX,Assignment modes. Scene outdoor daytime. All shown at 40% opacity. Top: Mode A—baseline green. Center: Mode C—no spatial variation. Bottom: Mode E—spatial variation.
2024,10.1109/VIS55277.2024.00049,10771093,fig5,5,Figure 5:,F,vis_2024_00049_fig_5.png,1032,315,1Uq9Re5TBzScgBAR9YM0f-SMAC9uO3ETC,"Preference ranks. Mode E is overall preferred, but each scene reveals different aspects of performance: Baseline green performs poorly in indoor green, whereas 70% opacity labels tend to perform well on indoor green as the area label region does not have complex interior detail."
2024,10.1109/VIS55277.2024.00049,10771093,fig6,6,Figure 6:,F,vis_2024_00049_fig_6.png,964,608,1EZtvOlCGkE37nxQdHbGwU0RKv54bIeOD,"Participants predominantly chose ""Background under the label was more visible"" as their rationale. However, in indoor green, more participants chose ""Label outline was more visible"" than in other scenes."
2024,10.1109/VIS55277.2024.00049,10771093,fig7,7,Figure 7:,F,vis_2024_00049_fig_7.png,951,711,15TrPotbW2sBZ-wTg-qcI-GjKnC43OlUH,"In outdoor nighttime with a high level of lighting contrast, our active distant color mode with spatial variation outperformed other modes."
2024,10.1109/VIS55277.2024.00049,10771093,fig8,8,Figure 8:,F,vis_2024_00049_fig_8.png,950,588,1bHJZtM8MLt5MSfRo5ePabdUUDMqwwMnt,One of the baseline modes outperformed our modes in outdoor daytime. Many participants noted in this scene that some modes with spatial variations unrealistically altered environment details.
2024,10.1109/VIS55277.2024.00049,10771093,fig9,9,Figure 9:,F,vis_2024_00049_fig_9.png,949,608,1Q5YoyyG9YjrKBzcU5K_5rudOLyvhEqnj,"In indoor green, all of our active modes outperformed the fixed baseline. More participants chose ""Label outline was more visible"" to explain their decision in this scene than in the other two scenes."
2024,10.1109/VIS55277.2024.00050,10771122,fig1,1,Figure 1:,F,vis_2024_00050_fig_1.png,2059,234,1_L37QSZAfMHiHv3PQOx_0XLbYknxehdA,"Example study stimuli, combinations of visualization (Bar Chart, Line Chart, Scatterplot) and contrast polarity (positive, negative)."
2024,10.1109/VIS55277.2024.00050,10771122,fig2,2,Figure 2:,F,vis_2024_00050_fig_2.png,997,333,1_1695W3EjH0Pi1FTMDvDs2ZCtcGSE5Q3,"Bootstrapped average () percent differences for YA and PLA resulting from each design factor (contrast polarityity, visualization) and for each metric (accuracy, time). Confidence intervals are Bonferroni-corrected for 4 comparisons."
2024,10.1109/VIS55277.2024.00050,10771122,fig3,3,Figure 3:,F,vis_2024_00050_fig_3.png,999,343,1u5expq7lP7HVBlMPaXAC0eKT_HdTxeBG,"Bootstrapped average ( ) percent differences for YA and PLA , with participants grouped by their better-performing contrast polarity for each metric (accuracy, time). Confidence intervals are Bonferroni-corrected for 4 comparisons."
2024,10.1109/VIS55277.2024.00050,10771122,fig4,4,Figure 4:,F,vis_2024_00050_fig_4.png,997,597,1M5Jx2O0Uwiuoha2Q2yiCX1DdJ7CW10iR,"Proportions of participants who performed best with positive (YA , PLA) and negative contrast polarity (YA , PLA ), and those who performed equally well with both . Participants are filtered across increasing maximum threshold values of percent difference (y-axis), with data grouped by metric (accuracy, time) and age group. A dashed line at y = 50% is provided for reference."
2024,10.1109/VIS55277.2024.00050,10771122,fig5,5,Figure 5:,F,vis_2024_00050_fig_5.png,999,598,15ndrRrexm4ZjC-HruzO6jzbjr15xvcGl,"The number of YA who preferred each contrast polarity (positive , negative , or no preference ) as well as PLA who preferred each contrast polarity (positive , negative , or no preference ), grouped by the contrast polarity (negative = NC, positive = PC, equal performance) with which they achieved their best performance (accuracy, time). Bars where the preferred polarity matches the best-performing polarity are marked with an *."
2024,10.1109/VIS55277.2024.00051,10771114,fig1,1,Figure 1:,F,vis_2024_00051_fig_1.png,1894,561,1pdNSkaQrpA6zSpCS-tVjelQOmqvFxuz0,"A typical trial sequence. Participants were asked to rapidly (after 1.5 seconds exposure) estimate one of two ensemble statistics, the mean and variance, from scalar field pairs. They indicated their response by selecting the side exhibiting the higher statistic. We model responses as the likelihood of identifying the correct target subject to colormap and the signal difference between the two fields."
2024,10.1109/VIS55277.2024.00051,10771114,fig2,2,Figure 2:,F,vis_2024_00051_fig_2.png,1795,697,1z_Xp1w6CeUQLwNNHaNQ2LC72msPgH-XY,Psychometric functions were fitted to model participants’ responses. The horizontal intercept (dashed line) indicates 75% accuracy. Intersecting this line with the function gives the just noticeable difference (JND) threshold for each statistic × participant × colormap combination.
2024,10.1109/VIS55277.2024.00051,10771114,fig3,3,Figure 3:,F,vis_2024_00051_fig_3.png,1875,554,1fR8vaHFOGFWRAkkHj9A3EBKrm413jxoN,"Just noticeable difference (JND) thresholds for the two ensemble statistics. Diamonds depict average thresholds for all participants (±95% CIs). Dots represent JNDs for individual participants. Arcs denote significant differences between colormaps (p < .05, Tukey-adjusted)."
2024,10.1109/VIS55277.2024.00051,10771114,fig4,4,Figure 4:,F,vis_2024_00051_fig_4.png,737,574,1V4trohlyoQFnV2x2RSf3HRObEnTkS1U4,Visual features and properties reported by participants.
2024,10.1109/VIS55277.2024.00052,10771150,fig1,1,Figure 1:,F,vis_2024_00052_fig_1.png,1755,313,1_Cgf8i--iMa49DuzvAQ0SVPVUOaTfg6m,Comparison of various configurations of the Tree Colors algorithm. (a) shows the original configuration. (b) uses adjusted ranges for chroma and luminance to achieve maximum chroma at the leaves without leaving the gamut. (c) uses a proportional hue split for better discriminative power within sub-trees but sacrificing discriminative power between sub-trees. (d) uses local interpolation of chroma and luminance to achieve equal visual importance of leaf nodes while sacrificing the equal visual importance of nodes on the same hierarchy level. (e) combines the proportional hue split with local interpolation.
2024,10.1109/VIS55277.2024.00052,10771150,fig2,2,Figure 2:,F,vis_2024_00052_fig_2.png,783,280,16yMpEdrGtdnl4mLa_dkzDK_W9K_7AJ81,Comparison of even (a) and proportional (b) hue split variants in imbalanced hierarchies. Sizes of arc segments indicate the range of hues assigned to each node.
2024,10.1109/VIS55277.2024.00052,10771150,fig3,3,Figure 3:,F,vis_2024_00052_fig_3.png,874,336,1AJc9c4H9bN0ebH8jLrSctx49MlG2ixxu,Comparison of global (a) and local (b) interpolation variants for chroma and luminance in imbalanced hierarchies. Interpolation factors of individual nodes are written inside the nodes and encoded by their vertical position.
2024,10.1109/VIS55277.2024.00053,10771100,fig1,1,Figure 1:,F,vis_2024_00053_fig_1.png,975,877,1eqj1oRu6Hw47D3oNFcH4ZCInXbtApU5d,Examples of our variations for each channel. Length and Area of 100% means the line or square fills the screen. Tilt is adjusted from 0 ◦ to 90◦. Curvature starts from a straight line to a semicircular arc. Color Hue is fixed to 0 (red) when the Luminance and Saturation increase from 0% to 100%.
2024,10.1109/VIS55277.2024.00053,10771100,fig2,2,Figure 2:,F,vis_2024_00053_fig_2.png,980,555,1UAj0c1j6nMzlKyF4pcriH-ETsoSK9loO,"Linearity of various visual channels across different CLIP models. The Y-axis is the channel arranged in the order that humans perceive more accurately. Each channel’s linearity varies between models, which does not closely align with human perceptual accuracy. Also, the ViT-L/14@336px model usually shows better accuracy compared to other models."
2024,10.1109/VIS55277.2024.00053,10771100,fig3,3,Figure 3:,F,vis_2024_00053_fig_3.png,968,703,1_VZwb1cAyl-qvL0iEZqdtSSsiOGerQGJ,"The box plot illustrates the linearity scores for each channel under every combination of controlled variables, showcasing general patterns and deviations. Since area cannot be applied together with length or curvature, we have generated combinations without area. Based on the plot, all models have similar overall rankings for the channels they perceive (Color saturation > Curvature > Length > Tilt = Color luminance). The whisker of this boxplot represents the min and max of the full data."
2024,10.1109/VIS55277.2024.00053,10771100,fig4,4,Figure 4:,F,vis_2024_00053_fig_4.png,2075,518,1wCuDpHzid6A6ocusknfr6DqVspmIzTOs,"The smoothed plot of the Euclidean distances between image embeddings for incremental changes in each visual channel. Sample images below the chart are illustrations of stimuli variations in each channel. Peaks represent thresholds where the model perceives significant differences between images, indicating the discriminability of each channel. This visualization aids in identifying how many perceptual groups the model can distinguish in each channel."
2024,10.1109/VIS55277.2024.00054,10771089,fig1,1,Figure 1:,F,vis_2024_00054_fig_1.png,1902,858,1kkPOe_a1lubthnXXyuILBDISIH21N0fz,"One of the three conditions used in our experiment consisting of a bar chart of the counts of victims in mass shootings in the United States from 2013 to 2023, highlighting the counts of Hispanic victims. The other two conditions consist of the same bar chart but highlight the counts of White and Black victims, respectively."
2024,10.1109/VIS55277.2024.00055,10771138,fig1,1,Figure 1:,F,vis_2024_00055_fig_1.png,989,310,19PB9iJ-uILijfUvjCLFwhvBfbws3WljR,Gantt chart showing a window of time and three tracks.
2024,10.1109/VIS55277.2024.00055,10771138,fig2,2,Figure 2:,F,vis_2024_00055_fig_2.png,2235,820,1n8CLtfofuv7peJrB67zYrDMgMIGkwVE9,Mapping between data queries and interactive visualization tasks for Gantt charts. Each heatmap cell denotes in how many papers we observed the given visualization task. Tasks observed in each paper are supplemental materials. These counts suggest common tasks to support and possibilities for handling scale. The counts indicate which queries are the most common and may be considered for optimization.
2024,10.1109/VIS55277.2024.00056,10771095,fig1,1,Figure 1:,F,vis_2024_00056_fig_1.png,1902,383,1RxXXZOE4msuAA90YrNtdReWaV2yHyjvw,"A Zoomable Level-of-Detail ChartTable, in which train delay metrics (columns) are represented as mini-charts for each train (row). The time histogram at the bottom indicates the number of trains operating over a 24h period and can be used to interactively filter trains by hour of day."
2024,10.1109/VIS55277.2024.00056,10771095,fig2,2,Figure 2:,F,vis_2024_00056_fig_2.png,2343,852,1RReRftx7qKEYuS-FQ_vrTXgF4fwLKC5S,"Four metric types depicted by four different mini-charts. Each has both low and high level-of-detail (LoD) variants. In all cases here, the high LoD variant on the right shows the detail of the top five rows of the low LoD on the left (outlined in a blue dotted line). An appropriate threshold then vertically zooming rows determines which variant is used."
2024,10.1109/VIS55277.2024.00056,10771095,fig3,3,Figure 3:,F,vis_2024_00056_fig_3.png,1073,596,1i2zu1JV7Oa_lRiDlTTCXoDOnXR8zPITS,"Subset of metrics zoomed out to the top 20% of trains that caused most delay, sorted that metric, showing the ""drop-off"" indicating that a few trains cause most delay. See annotations for observations."
2024,10.1109/VIS55277.2024.00056,10771095,fig4,4,Figure 4:,F,vis_2024_00056_fig_4.png,1074,149,1I4yVMdcpP2QYiHSTsJe0KImLUcJOyD4k,"Four examples of high LoD ""LatenessTProfileCharts"" (Fig. 2b) showing different lateness consistency between model runs."
2024,10.1109/VIS55277.2024.00056,10771095,fig5,5,Figure 5:,F,vis_2024_00056_fig_5.png,1072,321,1XtRztEFTCWQSq-pL_YsUXN2tbgvk8EVv,"Example sorted by ""average station stop lateness"" with observations made on other aspects of lateness for these trains."
2024,10.1109/VIS55277.2024.00056,10771095,fig6,6,Figure 6:,F,vis_2024_00056_fig_6.png,1074,391,1EmgS9GhPH-XhA1jn6zaO44qUVVOK6Qxq,"""Highlighting"" interaction that identifies two of the trains involved with the train identified with the mouse cursor."
2024,10.1109/VIS55277.2024.00057,10771105,fig1,1,Figure 1:,F,vis_2024_00057_fig_1.png,1547,312,193e6Qkd8mMb4VdkDpI0MiupJJWOs90tH,"Four conditions: default, dotted, gridlines (aligned and offset) tested in this paper."
2024,10.1109/VIS55277.2024.00057,10771105,fig2,2,Figure 2:,F,vis_2024_00057_fig_2.png,1898,403,1dvyGSDbgpjXxj0WcmmsC90E6s33fw88B,Left: Key explaining the line aspects we manipulated in this paper. Middle: Two examples showing conditions where the delta at Time 1 and Time 2 is greater respectively. Right: The mirrored condition of the Time 1 ¿ Time 2 example.
2024,10.1109/VIS55277.2024.00057,10771105,fig3,3,Figure 3:,F,vis_2024_00057_fig_3.png,1060,584,1RwcBeUpc44MLVf50rdkbWBhQQ7T4-D7A,Overall accuracy for the three conditions and gridlines two counterbalancing conditions (aligned and offset).
2024,10.1109/VIS55277.2024.00057,10771105,fig4,4,Figure 4:,F,vis_2024_00057_fig_4.png,1786,608,1ahaqsrcXPkVZAa8pUdthAbLWcEj8foJZ,"Accuracy by the ratio of deltas at Time 1 and Time 2, for the original data, in comparison to the two models: perpendicular and equal triangle. The higher accuracy under both models suggests that participants relied on the orthogonal distance to make their comparisons."
2024,10.1109/VIS55277.2024.00058,10771109,fig1,1,Figure 1:,F,vis_2024_00058_fig_1.png,1001,571,1QP178T4smthg7kHO4-slf_2tRLqYRANH,"Data visualizations from two articles in Arabic and other left-to-right languages. Top: The bar chart is mirrored, and the data points are categorical and non-ordinal (source: Inkyfada). Bottom: Line chart mirrored along with the direction of the x-axis that represents time sequence (source: Arabic CNN)."
2024,10.1109/VIS55277.2024.00058,10771109,fig2,2,Figure 2:,F,vis_2024_00058_fig_2.png,1070,427,1USAjm68d5oadCEwn9OGt3GTQRUqDdwQ8,Popular X-axis and Y-axis design patterns. Left: axis design patterns found on numerical data. Right: axis design patterns found on categorical data. refers to the frequency of the design pattern within the sampled visualizations (with axis).
2024,10.1109/VIS55277.2024.00058,10771109,fig3,3,Figure 3:,F,vis_2024_00058_fig_3.png,1069,641,1d7aBZhACc6S9Vxssga-MGpDTHI-0Q5ka,Design patterns of legend positions found in visualizations embedded in RTL scripts.
2024,10.1109/VIS55277.2024.00058,10771109,fig4,4,Figure 4:,F,vis_2024_00058_fig_4.png,1074,254,1fVtuid6IsecfsjVubq3KG-JnAA53Jax5,Design patterns of logo position found in visualizations embedded in RTL scripts.
2024,10.1109/VIS55277.2024.00059,10771148,fig1,1,Figure 1:,F,vis_2024_00059_fig_1.png,1903,958,1-9bePzY5ybt-Gy5LAk05XeX-jiyKEYlQ,"DASH tool’s interface for supporting textual and visual data analysis. (A, B) Text and charts encoded with DASH semantic metadata. (C) A JSON representation of semantic metadata, including the semantic level, the data field, and the data value. (D) The DASH data-exchange JSON packet comprises the interactive text, its metadata, and identifiers that link the textual narrative to specific data points. (E) DASH semantic level assignment using the Lundgard et al. [20] color encoding."
2024,10.1109/VIS55277.2024.00059,10771148,fig2,2,Figure 2:,F,vis_2024_00059_fig_2.png,1872,908,1kP7N5NebasAVW6pMmcEFVKv6D6A6viND,"The DASH interface and an associated interactivity example. Generated text paragraphs are labeled as Px, and interactive mouse-drag gestures are labeled as Ix. The DASH interface comprises two primary sections: the text area on the left and the chart area on the right. The Tell Me More and Show Me More buttons at the bottom left trigger additional text and chart rendering, respectively. Text-to-text (I1), text-to-chart (I2-I5), chart-to-chart (I6), and chart-to-text (I7) interactions are illustrated."
2024,10.1109/VIS55277.2024.00060,10771116,fig1,1,Figure 1:,F,vis_2024_00060_fig_1.png,1044,388,1zqVZiQnmwLPkUaoq9l2ZDnsI7bB3jqZJ,Overview of the overlap in uncertainty annotations between the LLMs and Human (HM) annotations.
2024,10.1109/VIS55277.2024.00060,10771116,fig2,2,Figure 2:,F,vis_2024_00060_fig_2.png,2082,342,1VOc57yC6jYdhz61DcQIIxW4frR-FvnQs,"Overview of overlapping annotations between LLMs and humans for data attributes, transformations and visual tasks."
2024,10.1109/VIS55277.2024.00061,10771151,fig1,1,Fig. 1:,F,vis_2024_00061_fig_1.png,1924,343,1NAAz16OpVTgega8PWqNXH9yAoH8Ux61h,"We explore two main tasks related to chart-grounded Q&A: question answering (QA) and visual explanation generation (VEG). QA leverages templated domain facts (DF) from the chart’s CSV file, whereas VEG relies on visual context (VC) from its JSON file. In the first fine-tuning step, the charts’ underlying text files are injected into the language models (LMs). We then fine-tune the QA and VEG steps on 90% of the charts, with 10% held out for testing during our evaluation in §4. To understand the robustness of our LMs to natural language variation, we also perform a question paraphrasing task to rephrase our template-generated questions more naturally."
2024,10.1109/VIS55277.2024.00061,10771151,fig2,2,Fig. 2:,F,vis_2024_00061_fig_2.png,1096,314,1Bz9lsRsqxCQMS9bStDIAlBHv3LBvQ_yv,"Visualization of distribution-related questions on an illustrative bar chart. On the left, users can ask about values across same-color bars. On the right, users can ask about values within a chart panel."
2024,10.1109/VIS55277.2024.00061,10771151,fig3,3,Fig. 3:,F,vis_2024_00061_fig_3.png,1010,540,1c26PI4PmoBylie4K3LiQ2bfJF_nUVLpS,"Accuracy on \$Q_{nat}^{test}\$ vs. the percentage of \$Q_{nat}^{train}\$ data added for fine-tuning. The dashed line shows the accuracy on \$Q_{temp}^{test}\$ , serving only as an upper-bound. There is a consistent recovery of lost performance when adding additional data for fine-tuning (up from 73.28% to 88.69%); notably, the largest improvement in performance occurs when adding only 10% of the data (up from 73.28% to 81.80%)."
2024,10.1109/VIS55277.2024.00061,10771151,fig4,4,Fig. 4:,F,vis_2024_00061_fig_4.png,838,567,1LGG0CYtDGX-2kzm9vDfcJusp0Js6oUXo,"A confusion matrix of errors made by GPT-4. As shown in Fig. 5, error #1 (returning instead of ) and error #3 ( rather than ) are the most common. GPT-4 often conflates adjacent rows in the legend, which is responsible for 79% of errors. Notably, the results rarely mention the color ; the one instance actually refers to ""teal,"" which was deemed close enough given color-naming ambiguities."
2024,10.1109/VIS55277.2024.00061,10771151,fig5,5,Fig. 5:,F,vis_2024_00061_fig_5.png,1967,877,15lb6ozAS11iPHWW3SrrtiUeObNRS3NR3,"This stacked, multi-color bar chart depicts the counts of the attribute ""classify"" on the y-axis, across different services on the x-axis. This example (""bar_chart_518"" in the released data) has eight errors out of twenty-four test cases. The three errors illustrated here demonstrate one way that vision-based GPT-4 fails, i.e., by mentioning an adjacent color in the legend rather than the correct color. The same GPT-4 Image Prompt is used in all cases, paired with each GPT-4 Text Prompt. The resulting GPT-4 Completion can be compared with the Ground-truth."
2024,10.1109/VIS55277.2024.00062,10771110,fig1,1,Figure 1:,F,vis_2024_00062_fig_1.png,1770,965,1lEGl5gzSWug7RlaZ-BaPJC1xt1ioc8gJ,"An overview of Confides: (a) The collapsible side menu contains controls for login, selecting, uploading, and transcribing audio files via AWS Transcribe. (b) At the top of the dashboard are the audio player and search bar. (c) The confidence overview displays the length and average confidence value of each line segment in the transcription (encoded by the width and opacity of each rectangle, respectively). (d) The word tree provides context to a specific search term and shows which words most often follow or precede it. (e) The user can view and edit the transcription; each word is underlined, and its opacity indicates the confidence score."
2024,10.1109/VIS55277.2024.00062,10771110,fig2,2,Figure 2:,F,vis_2024_00062_fig_2.png,962,232,1HXBpnXClZ0syyFR_SaUn-sZ36eQUgrnM,The framework of Confides. The audio files are uploaded and sent to AWS for automatic transcription. Users can select which transcriptions to explore and analyze.
2024,10.1109/VIS55277.2024.00062,10771110,fig3,3,Figure 3:,F,vis_2024_00062_fig_3.png,1074,547,1P7N5rMKMsqpgOXtpVoLSW7rQgFe8Nqw8,"Searching for ""pandas"" in the current transcription revealed two instances. We can observe that the first instance of this search term has a confidence score of 52%."
2024,10.1109/VIS55277.2024.00062,10771110,fig4,4,Figure 4:,F,vis_2024_00062_fig_4.png,1074,532,1dzSvg3ilqx7ZE6trfKX3LPe6PkxIq6Rw,"After searching for ""pan,"" we observe ""zoo"" in the word tree. This indicates that ""panda"" was misclassified as ""pan"" and hints that a zoo may be where the pandas will be kept."
2024,10.1109/VIS55277.2024.00063,10771128,fig1,1,Figure 1:,F,vis_2024_00063_fig_1.png,1699,447,1qisKHLUlFrzqtYK5jfbeoDWUPv3iqZ3t,"Examples of geometric annotations used in a visualization, sonification, and physicalization. Geometric annotations draw attention to a specific section of the data representation, providing additional context, detail, and clarity to a section if it contains crucial information or is of significant interest to the viewer [32]. Visualizations can integrate geometric annotations with call-out boxes. Sonifications can highlight specific excerpts using sub-clips of audio. Physicalizations can present multiple frames of reference to emphasize different perspectives that zoom in and out of the physicalization (photo credit to Klauss et al. [26])."
2024,10.1109/VIS55277.2024.00063,10771128,fig2,2,Figure 2:,F,vis_2024_00063_fig_2.png,967,804,1LWxhgygZsRExrc-f0cACpjx7MNkA7K0q,"Two card sets in SonNotate/PhysNotate: (a) The annotation cards highlight the different techniques (e.g., geometric, connector, text) as well as the purposes, such as adding context or comparing data points. (b) The stakeholder cards include different roles (e.g., parent, athlete) users might embody as well as reasons they might engage with a data representation (e.g., learn, entertain)."
2024,10.1109/VIS55277.2024.00063,10771128,fig3,3,Figure 3:,F,vis_2024_00063_fig_3.png,790,963,1d7I5E-Nug5ox3foAz4fmX2jTR323aQx0,"Two worksheets filled out by participant (P1). (a) ""Data Representation"" describes a physicalization where boxes of different weights represent carbon footprints of various foods. (b) ""Annotation Sketch"" where P1 enhanced the physicalization with a geometric annotation: Opening up a box reveals new information to add context."
2024,10.1109/VIS55277.2024.00064,10771081,fig1,1,Figure 1:,F,vis_2024_00064_fig_1.png,1902,981,1UvaQPfnjEB7ZWEDkynOL9RZzRk4s5iMM,"Overview of the AEye interface. Images are positioned according to their location in the CLIP embedding space and arranged in layers that the user can navigate by zooming. Top left: Dataset selector, Top middle: Search bar for semantic text and image search. Top right: Show information about the application. Bottom right: Minimap of the embedding space."
2024,10.1109/VIS55277.2024.00064,10771081,fig2,2,Figure 2:,F,vis_2024_00064_fig_2.png,2151,643,1FQlFS7m-l-iveAz91CX86mpwTU6Sy8hw,"Architecture overview of AEye. Images are embedded with CLIP, stored in a vector database, and projected to a two-dimensional space with a UMAP projection (Section 3.1). The resulting positions are used for the visualization and a tiling and clustering module that computes representatives for each layer (Section 3.2). The semantic search takes text or image queries and uses CLIP to encode them. The vector database is used to find the nearest neighbor in the embedding space (Section 3.3)."
2024,10.1109/VIS55277.2024.00064,10771081,fig3,3,Figure 3:,F,vis_2024_00064_fig_3.png,983,754,1jv3ngSHq-5k_dKDRZKpx2YA9fF_BHIvE,"Visualization of the tiling hierarchy. Representatives for level 0 (blue dots) are obtained by clustering all points with k-means. Only the points closest to the centroids (crosses) are retained. In the next level, a k-means clustering is computed on every sub-tile, with the restriction of fixed centroids for the positions of representatives from the previous layers. Again, the closest points to the centroids are retained. This process finishes when all points can be kept for one level. Pseudocode can be found in Algorithm 1."
2024,10.1109/VIS55277.2024.00064,10771081,fig4,4,Figure 4:,F,vis_2024_00064_fig_4.png,1074,761,1TGwVj4FpnvSx2XUYf9gyUlsD8zZ7CCzZ,"AEye view of the MNIST dataset. We observe that numbers are clearly separated by the projected CLIP embeddings, resulting in a meaningful clustering of the dataset. Similarly, the CelebA-HQ dataset shows a clear distinction between men and women."
2024,10.1109/VIS55277.2024.00064,10771081,fig5,5,Figure 5:,F,vis_2024_00064_fig_5.png,1074,761,1w4iDW6pZ5hxAWya2gQW1yo0v6rGBLoQ5,"View of the application when searching for ""a dog with a horse."" The nearest neighbors in the embedding space are presented below the search result. In addition to metadata provided by the dataset, an AI-generated caption of the image is shown."
2024,10.1109/VIS55277.2024.00065,10771153,fig1,1,Figure 1:,F,vis_2024_00065_fig_1.png,2082,388,1ZDo76rSlSzNxRrpWZEqB17jfgKoj1HhG,"The stereo scene reconstruction process. Starting with a set of 2D images for stereo reconstruction (step 1), the scene reconstruction algorithm computes tiepoints and tracks, triangulates their 3D position and back-projects them into the original images creating residuals (step 2). Then, the BA algorithm optimizes camera poses and 3D structure to minimize residuals (step 3), outputting optimized residuals in each image along with descriptive statistics in XML (step 4). Analysts then manually remove erroneous tracks (e.g., top-left of step 5) and camera poses (e.g., bottom-right of step 5), and re-run the process."
2024,10.1109/VIS55277.2024.00065,10771153,fig2,2,Figure 2:,F,vis_2024_00065_fig_2.png,1919,1011,1BGOV3jfdKFTakJaPgW_Z0k2M8ofv2Z1S,Top: VECTOR panels which are used in tandem to detect and eliminate erroneous feature tracks and camera poses that adversely affect BA in stereo reconstruction. Bottom: example visualizations populating the shown panels.
2024,10.1109/VIS55277.2024.00065,10771153,fig3,3,Figure 3:,F,vis_2024_00065_fig_3.png,1666,480,1g7bnU14JU5m2DNOAQ2bxrEvXhwI4gnpb,"Annotated example visualizations from Flight 26. (a) An example camera (circled) does not align with others. It could be removed to improve BA accuracy. (b) Ideally, residuals are short and uniformly distributed in angle. (c) Ideally, residuals decrease when a new BA is applied. (d) Inaccurate computed terrain points which should lie on the plane."
2024,10.1109/VIS55277.2024.00066,10771086,fig1,1,Fig. 1:,F,vis_2024_00066_fig_1.png,2067,1124,1tSfYNzEUHagFcx9fivAvK95I79FkiyRi,"The 10 color schemes used in our study, generated by combinations of 4 base colors—warm (Red, Yellow) and cool (Green, Blue). Monochromatic schemes consist of variations of a single base color; Dichromatic schemes are genereated by combining two different base colors; Analogous schemes feature base colors with the same or similar hues; Non-analogous schemes include contrasting base colors."
2024,10.1109/VIS55277.2024.00066,10771086,fig2,2,Fig. 2:,F,vis_2024_00066_fig_2.png,987,768,10S-AvXld-w7D8_7NUmf9AsWzYEPpqsiN,"Response Time and Accuracy Plot for 10 Color Scheme. Each color scheme was classified into ’Warm,’ ’Cool,’ and ’Mixed’ categories and was denoted by distinct symbols."
2024,10.1109/VIS55277.2024.00067,10771147,fig1,1,Figure 1:,F,vis_2024_00067_fig_1.png,1903,856,1Ds_QK7RrMDa0rWLXw4-an1qey6xdoAcw,"Main interface with three components: A. List of features in input chart, B. Generated descriptions of selected features, and C. Input chart."
2024,10.1109/VIS55277.2024.00067,10771147,fig2,2,Figure 2:,F,vis_2024_00067_fig_2.png,2249,282,1FjnBEQXT_hURO1rrk7PZXFqMUgm1ZnOP,Workflow of the framework.
2024,10.1109/VIS55277.2024.00068,10771104,fig1,1,Figure 1:,F,vis_2024_00068_fig_1.png,671,569,13jazM0IggPMpqE8yZgsit5TibRvroKv4,"The interface consists of a situation display (left), where the entire traffic is shown and a complexity visualization (right), where two complex clusters are visualized. The selected cluster is colored in blue with its members highlighted and labeled on both displays. A box around labels indicate aircraft A and D are in conflict. The cyan and red spider graphs represent aircraft contribution to the complexity wrt. heading and speed variability. For clarity in the figure, the aircraft not belonging to any clusters are colored in green and those belonging to the less complex cluster are colored in black."
2024,10.1109/VIS55277.2024.00068,10771104,fig2,2,Figure 2:,F,vis_2024_00068_fig_2.png,734,573,11TrjG99OspnZ-SxYsOWv8F8vFJy8Ya06,"Selecting an aircraft in the cluster (aircraft A), displays the composite glyph. For clarity, real scales for cluster size and glyph size are ignored in this figure. The figure only depicts the visual encodings for solutions to conflicts as developed and described in detail in [29]."
2024,10.1109/VIS55277.2024.00068,10771104,fig3,3,Figure 3:,F,vis_2024_00068_fig_3.png,854,657,1VNygnXTZrbUDTxPPwkv-Oe4bLfpbE-Mn,"The designed glyph with complexity resolutions integrated with the conflict resolution glyph. The blue and red plots depict cluster complexity variations with heading and speed changes for the selected aircraft. To facilitate visual comparison between the two strategies, for each glyph, cluster complexity is normalized between (0, 1)."
2024,10.1109/VIS55277.2024.00068,10771104,fig4,4,Figure 4:,F,vis_2024_00068_fig_4.png,645,776,1d5w6Hjs0dCAGYaxZnjS_MzbHiKpjNx1x,"The finalized design of the complexity display, showing the interactive complexity estimation plot (solid grey line) with the consequences of a probed resolution strategy (dashed blue line) for an aircraft of a complex cluster (with spider plots in the background)."
2024,10.1109/VIS55277.2024.00069,10771091,fig1,1,Figure 1:,F,vis_2024_00069_fig_1.png,1051,854,12OmrF0EZJwZmiD4tf7QCR1Ptx8i-NEc2,Visualization Types
2024,10.1109/VIS55277.2024.00069,10771091,fig2,2,Figure 2:,F,vis_2024_00069_fig_2.png,999,496,1YuFgpUU-rdDIMV4brmLhBsGeMAYnr-Op,We observed a weak correlation between participants’ visualization literacy and education. Samples in each education level were balanced for age and sex.
2024,10.1109/VIS55277.2024.00069,10771091,fig3,3,Figure 3:,F,vis_2024_00069_fig_3.png,947,462,1086xzWF5B0b3UV8nab1-QH02jEddkfYD,A representative tree depicting the influence of endogenous features on subjective trust ratings (higher or lower than average).
2024,10.1109/VIS55277.2024.00069,10771091,fig4,4,Figure 4:,F,vis_2024_00069_fig_4.png,930,483,1FP9WZz68kgMcaL0DrBh1K8A4P4D8-3Nx,A representative tree depicting the influence of exogenous features on subjective trust ratings (higher or lower than average).
2024,10.1109/VIS55277.2024.00070,10771117,fig1,1,Figure 1:,F,vis_2024_00070_fig_1.png,994,673,1UL4qFdmXLFkDvXo0eRyHt6lpIj_2YhvS,(a) shows a vortical region (light-blue) extracted with the region growing [23] using λ2 criterion. Variance in the patterns of vorticity lines (black) indicate the presence of multiple vortices. (b) shows a hairpin vortex (red) correctly getting separated from the rest of the vortices. (c) shows the zoomed in version of the hairpin vortex. (d) shows the inaccurate split of the hairpin vortex.
2024,10.1109/VIS55277.2024.00070,10771117,fig2,2,Figure 2:,F,vis_2024_00070_fig_2.png,1071,234,16uTgWDZPMtIZySzlJ0vxoCdmknbinfrw,"(a) shows the vortical region (light-blue) and the underlying iso-surface components (blue, red, green, etc.). (b) shows the assigned colors to the region’s cells based on the Euclidean distance from the closest iso-surface component. The highlighted area shows the wrong color (blue) assigned to the cells of the red vortex."
2024,10.1109/VIS55277.2024.00070,10771117,fig3,3,Figure 3:,F,vis_2024_00070_fig_3.png,846,534,15mAmM9juKTFDUP491SEUGJy_xAhGf4eh,"(a) shows the persistence diagram of two critical point pairs with the highest persistence. Here maximum \$\left( \mathbb{M} \right)\$ , saddle \$\left( \mathbb{S} \right)\$ and minimum \$(\mathfrak{m})\$ points are represented by red, cyan and blue, respectively. (b) shows the corresponding minimal join tree of the chosen critical point pairs with one \$\mathbb{M}\$ , one \$\mathbb{S}\$ and two \$\mathfrak{m}\$ ."
2024,10.1109/VIS55277.2024.00070,10771117,fig4,4,Figure 4:,F,vis_2024_00070_fig_4.png,1011,857,19g5ZkK1HMzIUIVAM8Lg4qgckZJac5ql2,"(a) shows a single region containing a streamwise and a horseshoe vortex, indicated by the vorticity line (black). (b) shows the join tree embedded within the region indicating the corresponding location of the critical points. (c) shows the segmentation of the region based on the join tree, where green and blue cells correspond to two \$\mathfrak{m} - \mathbb{S}\$ pairs, and the red cells correspond to a \$\mathbb{M}-\mathbb{S}\$ pair."
2024,10.1109/VIS55277.2024.00070,10771117,fig5,5,Figure 5:,F,vis_2024_00070_fig_5.png,1017,832,1Tqs48IBDD63209JeqKFLfwZKaU7Uhuth,"(a) shows the initial segments obtained from the minimal join tree. IDs 0 and 1 represent the seed segments corresponding to the \$\left( {{\mathfrak{m}_1}-\mathbb{S}} \right)\$ and \$\left( {{\mathfrak{m}_2}-\mathbb{S}} \right)\$ pairs, respectively. –1 is the ID of the query segment corresponding to the \$\left( {\mathbb{S}-\mathbb{M}} \right)\$ pair. (b) displays the same region after several iterations of the layering process. It is evident that the seed segments have expanded, resulting in fewer cells remaining in the query segment. (c) demonstrates the region completely separated at the conclusion of the layering process."
2024,10.1109/VIS55277.2024.00070,10771117,fig6,6,Figure 6:,F,vis_2024_00070_fig_6.png,1066,491,1DvwY_yIE32e6qwt8bUnJBNSNfk5bkClb,This figure shows how the vorticity lines help avoid the inaccurate split problem. (a) shows a valid split of two vortices (blue and red) as R1 value of the cells overlapped by the vorticity lines (black) is close to 0. (b) shows an inaccurate split where the R1 value is close to 1 which subsequently is avoided. Arrows (yellow) show the direction of the vorticity vectors.
2024,10.1109/VIS55277.2024.00070,10771117,fig7,7,Figure 7:,F,vis_2024_00070_fig_7.png,964,680,1jUNqOZnCucNUHkBTIkbBr_k-ks9YrXYc,"(a) illustrates a hairpin vortex, evident from the strong positive and strong negative values of \$\omega _y^\prime \$ in the head and leg of the hairpin vortex, respectively, as indicated by the color of the vorticity lines. This represents the finalized separation using the method in [23], denoted by the single color of the region. (b) depicts the same vortex with our method, showcasing individual separated segments in different colors. (c) presents the same vortex from a different angle, while (d) displays our results from the same angle as (c). It is evident that our vortex extraction method removes extra blobs (blue, red, white) while retaining the vortex of interest (green)."
2024,10.1109/VIS55277.2024.00070,10771117,fig8,8,Figure 8:,F,vis_2024_00070_fig_8.png,1073,241,1ySnO6U4hDjeH3FJM_JRFj2dt-zWIE06B,(a) shows the finalized separation of a cluster of vortices using our method. Individual vortices are represented by different colors. (b) shows the finalized separation using the method in [23] where inaccurate splits are highlighted in circles. It can be clearly seen that our method demonstrates better results in avoiding inaccurate splits.
2024,10.1109/VIS55277.2024.00070,10771117,fig9,9,Figure 9:,F,vis_2024_00070_fig_9.png,1070,696,1qI4ZId3Z6YvY1AgPi0y3VnCQFCoG4LM3,"(a) shows the vortices (blue) in a single timestamp of the dataset from [6]. For effective visualization, we only show the results for the section highlighted in a rectangle (white) in (a). Fig. (b), (c), and (d) show the separation results for [23] for VSF values of 1, 3, and 5 respectively. (e) shows the results of our separation method. Individual vortices are visualized with different colors."
2024,10.1109/VIS55277.2024.00071,10771102,fig1,1,Figure 1:,F,vis_2024_00071_fig_1.png,1902,781,14J3J-gy2u7xB70CMNHvOTy-IyPjTRagT,"Example Information visualization application built using reusable and reactive widgets. It allows users to load their data, zoom, and filter using navio [8], process it with the UMAP algorithm [15], [7], and then brush on the generated Scatterplot to obtain details on demand, all reactively on user interactions. The left side of the figure shows the application interface, while the right side shows an overlay of some of the reactive widgets used to build it. Demo https://johnguerra.co/viz/umapPlayground/."
2024,10.1109/VIS55277.2024.00071,10771102,fig1a,1,Listing 1:,L,vis_2024_00071_listing_1.png,1119,2485,12dTxmH6TNHHbi_XzUJkEPhYPh_9AN9Cq,"Reactive Widget Template. Please, see https://johnguerra.co/reactiveWidgets/ for an interactive code example, with helper functions, and D3 and Vega Lite examples."
2024,10.1109/VIS55277.2024.00071,10771102,fig2,2,Figure 2:,F,vis_2024_00071_fig_2.png,1074,501,1U3h21ua29hdLPwV84FTBGzcaU6dCWETm,"Reusable reactive widget should receive some input data, and return an HTML element (view) and an output value (selected data). Reactive widgets will listen and re-render when receiving standard HTML input events (ear) and will emit an input event when the user selection changes."
2024,10.1109/VIS55277.2024.00071,10771102,fig2a,2,Listing 2:,L,vis_2024_00071_listing_2.png,1111,571,1ZE6FGhCQqrJ_IASXq3nRJHLBqZCVbUWA,Example code for using reactive widgets.
2024,10.1109/VIS55277.2024.00071,10771102,fig3,3,Figure 3:,F,vis_2024_00071_fig_3.png,948,928,1_C_Qf6YCrP2HN40w_h2z8wfxWcmQWWCJ,IEEE VIS 2023 Papers embeddings explorer interface. Built with the Reactive Widgets design pattern presented in this paper.
2024,10.1109/VIS55277.2024.00074,10771126,fig1,1,Figure 1:,F,vis_2024_00074_fig_1.png,2092,590,1pITSKwGs5Y40Jv1Cre4yRaxAUuIbq0GX,"This figure presents our approach to categorize 80 narrative visualization papers over 14 years, focusing on animation style. First, we collected 73 papers from top-tier visualization venues (TVCG, IEEE VIS, CHI, EuroVIS). From the related works sections of these papers, we identified more papers totaling 101. Then, we filtered and removed papers that are not relevant to narrative visualization and animation to get the final set of 80 papers. We used a multi-phase approach to categorize these papers using inductive and deductive coding. In the first pass, we identified three initial categories — Animation Style, Workflow, and Application Domain. In subsequent passes, we added new categories. Following an iterative refinement method, we divided the papers into six categories — Animation Style, Interactivity, Methodology Development, Technology Usage, Evaluation Type, and Application Domain, and their corresponding subcategories."
2024,10.1109/VIS55277.2024.00074,10771126,fig2,2,Figure 2:,F,vis_2024_00074_fig_2.png,2097,723,1342xKT2jVoJyoy1H6RolTlf24E7aSgl8,"The yearly distribution and linear regression analysis of categories from 2010 to 2023. Each subplot represents a distinct category of publications, such as Static, Animated, Static and Animated. The vertical bars in blue denote yearly publication counts for each category. Overlaid on each bar chart is a linear regression slope in orange-red, indicating the linear regression line fit across the years."
2024,10.1109/VIS55277.2024.00074,10771126,fig3,3,Figure 3:,F,vis_2024_00074_fig_3.png,997,897,1AdnBLnKClWRG69ghCmMYXJcEbIzK368A,"A correlation matrix showcasing the pair-wise relationship between each subcategory. The color gradient from blue through white to orange represents the spectrum from a strong negative correlation, through no correlation, to a strong positive correlation."
2024,10.1109/VIS55277.2024.00075,10771083,fig1,1,Figure 1:,F,vis_2024_00075_fig_1.png,1001,353,1ZrYNHre448RzWk9YweIhN4IanUPP6XJe,"Illustration of our framework. 1) Load the streamline dataset. 2) Perform curve decomposition, then CSNG construction with either KNN or RBN. 3) Perform community detection on the CSNG to categorize each curve segment into community clusters. 4) Manually adjust the community results such as merging and splitting communities to fix misclassification."
2024,10.1109/VIS55277.2024.00075,10771083,fig2,2,Figure 2:,F,vis_2024_00075_fig_2.png,881,1213,10daOZojs_lfZMUlEE82pT4DjD2XMDESg,"a) The multi-layered force-directed graph layout, generated by applying the Louvain community detection algorithm (with a resolution of 1) to the Cylinder dataset. The group of nodes enclosed by a dashed outline highlights a split operation performed on a node using the Louvain method at a finer resolution of 0.3. b) Displays the same nodes represented as segment clusters in a 3D view. c) merging a sub-group with a parent group (yellow) results in the sub-groups being part of the parent group (green). (d) merging two sub-groups from two branches results in a new parent group."
2024,10.1109/VIS55277.2024.00075,10771083,fig3,3,Figure 3:,F,vis_2024_00075_fig_3.png,918,426,1vUylWQnpytbAAGv7pDEXOVd_KBj73kWx,Impact of different values of the resolution parameter for community detection. (a) the community detection result on the cylinder data with a resolution value of 0.05 and (b) the result with a resolution value of 0.1. A larger resolution leads to a finer result.
2024,10.1109/VIS55277.2024.00075,10771083,fig4,4,Figure 4:,F,vis_2024_00075_fig_4.png,1001,1063,1ZUqY-eUDlv-_qh6lzDSpQDGYvv5xv61D,A level-of-detail analysis of the Plume streamline data set.
2024,10.1109/VIS55277.2024.00075,10771083,fig5,5,Figure 5:,F,vis_2024_00075_fig_5.png,901,952,1W6l4byJLD55jX8r-NJm89UXJM_iw3bdj,"Detailed comparison of the best clustering results for the Plume dataset using PCA K-means and Louvain algorithms. PCA K-means parameters: dim=5, k=12; Louvain parameters: resolution=1, RBN radius=1%. 3D rendering of PCA K-means clustering result and community detection result are shown in (a) and (b), respectively. (c) and (d) are force directed graphs of (a) and (b)."
2025,10.1109/VIS60296.2025.00005,11298851,fig1,1,Figure 1:,F,vis_2025_00005_fig_1.png,959,469,1VbmHEwkOJ5xXJBmrMe4CcjsV3zyo0sEo,Decision theory describes problems in terms of how a decision-maker might optimally use the information provided (left) to choose an action in line with a utility function (right).
2025,10.1109/VIS60296.2025.00005,11298851,fig2,2,Figure 2:,F,vis_2025_00005_fig_2.png,1052,718,1bXx6D2sHfY4TMfREtnhCJlX2LkwwVNMj,"Sequential decision-making within an organization, where early DMs pass actions a and signals s to subsequent DMs."
2025,10.1109/VIS60296.2025.00006,11298756,fig1,1,Figure 1:,F,vis_2025_00006_fig_1.png,1793,1013,1w5ZGCMXNOAcenat5RlSdEFRxjht0PsfP,"Overview of the eight misleading chart designs studied: (a) Truncated Axis, (b) Aspect Ratio Distortion, (c) Dual Axis, (d) Inverted Axis, (e) Distorted Projection, (f) Data-Visual Disproportion, (g) Inappropriate Continuous Encoding, and (h) Inappropriate Categorical Encoding. Each pair shows the original (left) and misleading (right) chart. The rightmost section displays GPT-4o outputs for both; in the misleading case, the inverted y-axis leads GPT-4o to wrongly infer a decreasing trend."
2025,10.1109/VIS60296.2025.00006,11298756,fig2,2,Figure 2:,F,vis_2025_00006_fig_2.png,2034,313,105K5kIejwWVy5L99aJ8kOV4uIvjsTc4i,"Overview of our methodology: (1) Taxonomy development, (2) Misleading chart corpus construction, (3) Prompt creation and VLM response generation, (4) Evaluating VLMs by comparing responses across original and misleading charts."
2025,10.1109/VIS60296.2025.00006,11298756,fig3,3,Figure 3:,F,vis_2025_00006_fig_3.png,904,517,1Cw2r-ezkS9cM7JMjGUKGYQz3SwUvbzaC,"An example response prompt featuring a bar chart (truncated axis), formatting instructions, and precise QA options."
2025,10.1109/VIS60296.2025.00006,11298756,fig4,4,Figure 4:,F,vis_2025_00006_fig_4.png,935,423,1ITwdWmd08N6ufDdb7mhphqCtbVgenO5k,VLM responses to an inverted y-axis design type. Only Gemini correctly detects the axis inversion and adjusts its answer.
2025,10.1109/VIS60296.2025.00007,11298853,fig1,1,Figure 1:,F,vis_2025_00007_fig_1.png,1053,813,1PY9roEitAPIIeehU4n6hgX_BFxQk7C9G,Four visualization designs for an example water allocation data labeled Reservoir A.
2025,10.1109/VIS60296.2025.00007,11298853,fig2,2,Figure 2:,F,vis_2025_00007_fig_2.png,843,418,1jc7C8ZR8KG1bkYtmcD2ESNSVinbkxYJF,"First interface prototype (Sec. 4.2) depicting every objective for scenario 0001 as a bucket-shaped gradient glyph. Objective labelled ""C_GRAVF"" is currently selected, shown as a large bucket at the top accompanied by its quantile dotplot."
2025,10.1109/VIS60296.2025.00007,11298853,fig3,3,Figure 3:,F,vis_2025_00007_fig_3.png,953,757,1ToWmi2BmjfS74z_jWxmBEsuYhGc4U4WJ,"Examination view of the drill-down prototype (Sec. 4.3.1) with a zoomed-in frame outlined in red. The objective ""Folsom Storage"" is currently being examined with scenarios 0594 and 0096 selected."
2025,10.1109/VIS60296.2025.00007,11298853,fig4,4,Figure 4:,F,vis_2025_00007_fig_4.png,953,579,1akoU74D6S3iqknbOEu_aqhJxUhuOGHys,"Supplementary note card in examination view (Sec. 4.3.1) in the final interface listing values of the factors for a selected scenario (not visible here). Saturation-encoded red circles represent the values of the hovered factor, demand, for all other scenarios."
2025,10.1109/VIS60296.2025.00007,11298853,fig5,5,Figure 5:,F,vis_2025_00007_fig_5.png,794,590,1ZiB4VXY37r-ewaoExwaKy3MNQxWlOsic,"Comparison view (Sec. 4.3.2) in the final interface of the objectives labeled ""North of Delta Storage"" and ""North of Delta Agriculture"". Bottom picture depicts the view after hovering over the red square labeled ""demand""."
2025,10.1109/VIS60296.2025.00007,11298853,fig6,6,Figure 6:,F,vis_2025_00007_fig_6.png,995,721,1fCXtina5-EIwf-m4KAtWQn2QWBgDLM0r,"Left: Initial view of final interface (Sec. 4.4), with the objective labeled ""North of Delta Storage"" selected and hovered over. Right: Gradient glyphs in three shapes (left to right: bucket, droplet, bottle) with water quantities encoded by volume; the bottle shape is our final design."
2025,10.1109/VIS60296.2025.00008,11298794,fig1,1,Figure 1:,F,vis_2025_00008_fig_1.png,977,775,1lOnADvJWV1zCSVeEJF2xtUd_qxd6QcHX,An example DFG (a) displaying the different cuts involved (a-c) to construct the process tree (d).
2025,10.1109/VIS60296.2025.00008,11298794,fig2,2,Figure 2:,F,vis_2025_00008_fig_2.png,846,684,1ltL3bjZeCOOn6VlxSz5p_LeoHCDuWnCs,"Proposed interactive process discovery approach. Green elements are user actions, blue elements are application actions."
2025,10.1109/VIS60296.2025.00008,11298794,fig3,3,Figure 3:,F,vis_2025_00008_fig_3.png,2200,985,1CbNqMOf41O6om0O89Nj0I_tf8-8LYKVc,"Interactive process tree discovery and visualization approach with four linked components; A) Process Tree Visualization B) Trace View - where users inspect the current set of traces associated with a process tree node. C) DFG view - an abstraction of all relations present in the current set of traces. D) Cuts View - to inspect and select cuts generated by the inductive mining algorithms, or manually define a cut."
2025,10.1109/VIS60296.2025.00008,11298794,fig4,4,Figure 4:,F,vis_2025_00008_fig_4.png,947,729,1Si62cMAFgtjghoZcUBd11nP6wbJynvEa,"Multiple XOR subtrees stacked on top of each other to indicate their logic. Subbranches of the XOR node (3, 2 and 1) are sorted in order from small to wide, top to bottom."
2025,10.1109/VIS60296.2025.00008,11298794,fig5,5,Figure 5:,F,vis_2025_00008_fig_5.png,945,615,1Ym20i_fiTGN1hMCJp2jI2G0sK4pa7hR7,Default layout (A) and improved layout for readability (B) for the 0000104 dataset from PDC 2022.
2025,10.1109/VIS60296.2025.00008,11298794,fig6,6,Figure 6:,F,vis_2025_00008_fig_6.png,1039,777,1uQ5nE6YkAGjx0EPzjzMVcvDK3CXmhpEq,"Interactive discovery of the Road Traffic Fine Management Process dataset [4]. After create fine, a split is made based on appeals, and shown how many eventually lead to payment (A). The final process tree constructed through synergy between automatic and user defined steps is shown in (B)."
2025,10.1109/VIS60296.2025.00009,11298764,fig1,1,Figure 1:,F,vis_2025_00009_fig_1.png,1949,462,1ayETQ9iZ_3F7uCLVcU2zqgzUcu40MSDO,"This figure shows the change of human-AI collaboration pattern frequencies between the latest and earlier tools in four stages. In a subfigure, the color of blocks and numbers in the heatmap encodes the change of pattern frequencies in the stage. A pattern is represented by a human role on the horizontal axis and an AI role on the vertical axis. \$\color{Green}{\text{Green}}\$ and positive numbers mean that the pattern is more frequent in the latest tools while \$\color{red}{\text{red}}\$ and negative numbers indicate that the pattern is less frequent. A number in \$\color{Brown}{\text{brown}}\$ means that the pattern is newly identified in the latest tools. An empty white cell means that the pattern has not emerged in any tools."
2025,10.1109/VIS60296.2025.00010,11298758,fig1,1,Figure 1:,F,vis_2025_00010_fig_1.png,1052,334,1fiFMXdctapN-jjP8ipY9ipox8vA9lw8q,We convert the metadata into digital-format charts and then into historical-style charts. We also generate corresponding SimVec representations for the charts.
2025,10.1109/VIS60296.2025.00010,11298758,fig2,2,Figure 2:,F,vis_2025_00010_fig_2.png,1052,664,1Od11XIZCFeu8aKuZjPpKnamOz6OZM0KI,"Historical-style visualizations with paper-texture, hand-drawn fonts, and hand-drawn lines."
2025,10.1109/VIS60296.2025.00010,11298758,fig3,3,Figure 3:,F,vis_2025_00010_fig_3.png,1053,629,1ZRT8qPrA7_y6kN56f6Ot8fc36d-8RRvE,"For each case (A, B, and C), the top panel displays the original input visualization, while the bottom panel shows the reconstructed result rendered using the SimVec output by the model."
2025,10.1109/VIS60296.2025.00011,11298904,fig1,1,Figure 1:,F,vis_2025_00011_fig_1.png,1821,1084,1Ku1rSNIer6_mKAhC_zB1_1W1AbIWaC13,"DifficultyEyes supports difficulty-aware DNN analysis from data, model, and human perspectives. Key difficulty patterns can be identified in the difficulty summary view (B) alongside the model performance view (D) showing a model prediction summary. Layer-wise difficulties are displayed in the difficulty flow view (E), while neighborhood information is available in the instance view (F). The projection view (C) enables instance similarity exploration. Selected subsets can be saved in the subset view (G)."
2025,10.1109/VIS60296.2025.00011,11298904,fig2,2,Figure 2:,F,vis_2025_00011_fig_2.png,2000,600,1xvEXKbCxEuEBXNI34tb_v-SEmjpLMpbC,"Given the examined image instances (a-d), we derive layer embeddings from each layer of the DNN model. Using these embeddings, the built k-NN probes make predictions on these instances, allowing us to derive the Prediction Depth (PD). Additionally, k-Disagreeing Neighbors (kDN) scores are calculated to determine layer-wise instance difficulties. Instance difficulty from the data perspective is computed similarly. Furthermore, the k-NN results and instance difficulty values are visualized in the difficulty flow view of our tool."
2025,10.1109/VIS60296.2025.00011,11298904,fig3,3,Figure 3:,F,vis_2025_00011_fig_3.png,1059,276,16SfS7ZB_x83SDC85QxgM7A-SXvKrqXXw,"Examples following difficulty pattern 3a, 3b and 5a. The border colors of the images imply their labels as specified in Fig. 1A."
2025,10.1109/VIS60296.2025.00011,11298904,fig4,4,Figure 4:,F,vis_2025_00011_fig_4.png,1059,462,1VZkakLFCpsVPWFEFev4n69WpVRDZon9W,"Exploration of layer-wise difficulty patterns in the model. (a) Users interactively select instances by brushing in the 2D projection view, with samples having similar layer-wise difficulty patterns are positioned closely. (b) The selected instances show high difficulty across layers. (c) However, k-NN predictions for many instances of the green class (cat) actually align with their true label."
2025,10.1109/VIS60296.2025.00012,11298826,fig1,1,Figure 1:,F,vis_2025_00012_fig_1.png,1812,434,1t8MQqzO8UBURqObFcnFkIovMzmuFUZj7,"An example walkthrough of the system. (A) clAImate begins with a brief introduction and presents the concept of temperature change. (B) It presents a visualization of temperature change and uses storytelling to progressively unfold and translate its abstract implications by illustrating their meaning and potential impact on the user’s local area. (C) Asks a question to engage the users and reinforce learning. (D) An example of a localized response for a London user, with a narrative personalized to their limited climate background. (E) It introduces key concepts such as the difference between temperature change and global warming, and their links to extreme weather. (F) Shows a visualization of flood projections, highlighting one of the key local impacts in the London area. (G) clAImate answers questions using climate science data and explains ""underlying warming."" (H) The final visualization illustrates different human actions and their contribution to carbon emissions. (I) The conversation concludes with a message of hope reinforcing the importance of action plans and their potential to shape a more resilient future."
2025,10.1109/VIS60296.2025.00013,11298914,fig1,1,Figure 1:,F,vis_2025_00013_fig_1.png,1535,580,1pTAMJYEKQLTtQ_ssABPlHQHJyi10JZHG,"Reverse Mapping to enhance the interpretation of AI explanations. (A) Traditional XAI workflows rely on users to interpret visual explanations and derive insights, often leading to misinterpretation or over-trust. We propose a Reverse Mapping paradigm that closes the loop by integrating user-generated insights back into the visual explanation process. (B1) Original XAI visualizations show feature attributions but may not support nuanced interpretation. (B2) Users express free-form insights which are automatically parsed into structured representations. (B3) These structured insights are used to enhance the original visualizations with interaction annotations and additional visualizations."
2025,10.1109/VIS60296.2025.00013,11298914,fig2,2,Figure 2:,F,vis_2025_00013_fig_2.png,1043,788,183BvN-_svp1aQtQOywXM_czM_BPnL5mb,"Schema of the Structured Insight Format. The three insight types, i.e., Read, Comparison, and Correlation, are specified by variables, relations, and optional conditions. Each variable (TVariable) and condition (TCondition) follows a consistent format to support structured parsing. The schema follows the type definition syntax in TypeScript."
2025,10.1109/VIS60296.2025.00013,11298914,fig3,3,Figure 3:,F,vis_2025_00013_fig_3.png,1055,896,1VAc2LGfd8TPYZPbif_V5-UaiEWZKjmAa,"The Interface includes (A) a Model Card summarizing the AI model, (B2 & B3) an Insight Card for entering and structuring user interpretations, and (B1 & B4) an Explanation Visualizer showing the original and enhanced visual explanations."
2025,10.1109/VIS60296.2025.00013,11298914,fig4,4,Figure 4:,F,vis_2025_00013_fig_4.png,1033,671,12KA942ddvdBOpZh4EP1-DIS3zl6pchkq,"Case 1: Verify User Insight. The Reverse Mapping enhances the original heatmap plot with a scatter plot, which more effectively illustrates the lack of correlation between the two variables and reinforce the insight."
2025,10.1109/VIS60296.2025.00013,11298914,fig5,5,Figure 5:,F,vis_2025_00013_fig_5.png,1047,569,1f6WzOyJOcC4VLUO0AKh4FyD8G-BZpla9,"Case 2: Reject User Insight. The Reverse Mapping enhances the original scatter plot with a beeswarm plot, which more effectively illustrates the distribution of data points and thus reveals the inaccuracy of the input insight about the number of patients."
2025,10.1109/VIS60296.2025.00014,11298767,fig1,1,Figure 1:,F,vis_2025_00014_fig_1.png,1046,751,1ePimd1Hfuy7SesUkfmICcBAxqMp2bZth,"Effect of metric selection strategy on rank stability of DR techniques. The cluster-based approach yields consistently higher stability for k ≥ 5, indicating that this strategy mitigates evaluation bias more effectively than random or class-balanced sampling."
2025,10.1109/VIS60296.2025.00014,11298767,fig2,2,Figure 2:,F,vis_2025_00014_fig_2.png,2213,1928,1jT8JkHvhuTbndhZdgDDSRUZ4VaRLb0k4,"Heatmap of the Spearman correlation matrix among DR evaluation metrics. The order of metrics is determined by hierarchical clustering. Black borders denote the five optimal clusters obtained by our workflow. Singleton clusters are removed as outliers that could add noise to DR evaluation (see Appendix D). Row and column labels are color-coded according to their original design categories—local (pink), cluster-level (light green), and global (light blue)—highlighting that metrics with disparate design intentions can exhibit highly similar empirical behavior and thus group together. The numeric suffixes on local metrics indicate the number of k-nearest neighbors considered, whereas those on global metrics denote the bandwidth used to compute similarity between data points, commonly written as σ [13]."
2025,10.1109/VIS60296.2025.00014,11298767,fig3,3,Figure 3:,F,vis_2025_00014_fig_3.png,1057,1216,1tGkweZfH5BlMhpeC24kqoWsFbPm8Bv8H,Procedure for evaluating rank stability across metric selection strategies. The results are depicted in Figure 1.
2025,10.1109/VIS60296.2025.00014,11298767,fig4,4,Figure 4:,F,vis_2025_00014_fig_4.png,1052,577,18RwNKS_Sb60vYgIvddBpUcLry3_kJgEw,"Elbow analysis for selecting the number k of metric clusters. We adopt k = 5, the largest cluster count beyond the elbow (red dashed line), as the optimal number of clusters (see Appendix E)."
2025,10.1109/VIS60296.2025.00016,11298833,fig1,1,Figure 1:,F,vis_2025_00016_fig_1.png,1870,672,1h2o4E4BTRtrZOxgNRsqksq6jpejGot2S,"We test two prominent vision-language models, GPT 4.1 and Claude 3.5, on three settings motivated by common data analysis tasks. In each setting, we ask models to describe datasets under five conditions, providing: (1) numerical data alone, (2,3) numerical data with incorrect or blank visuals as baselines, (4) numerical data with correct visuals, and (5) correct visuals alone. After 12,000 trials, we find consistent performance gains when models are provided with accurate visualizations."
2025,10.1109/VIS60296.2025.00016,11298833,fig2,2,Figure 2:,F,vis_2025_00016_fig_2.png,1066,562,1KjWJnV9K6qQeV14eWEBz6vLfkdDIZN1x,"The three dataset types and their subtlety spectrum. (1) Subtler cluster datasets exhibit more groupings, requiring precise identification. Misleading ""wrong"" visuals feature one Gaussian cluster. (2) Subtler parabola datasets contain fewer points beyond the vertex, while wrong visuals show linear best-fits. (3) Subtler outlier datasets have high vertical z-scores (distance from mean scaled by standard deviation), while wrong visuals remedy anomalous outliers."
2025,10.1109/VIS60296.2025.00016,11298833,fig3,3,Figure 3:,F,vis_2025_00016_fig_3.png,1044,550,1GMtZdlknP5rtfq6yEa03VPx-qFqumjI3,"Visualization improves GPT 4.1 and Claude 3.5’s ability to detect the number of clusters in input datasets. Success counts are shown for datasets containing two to five clusters. GPT consistently shows significant benefits from accurate visuals, while Claude benefits less when datasets are more subtle."
2025,10.1109/VIS60296.2025.00016,11298833,fig4,4,Figure 4:,F,vis_2025_00016_fig_4.png,1044,556,1CL89Z7wozac9-vDtKweoJSs0AhmsHaiP,"Visualization improves GPT 4.1 and Claude 3.5’s ability to identify parabolic trends in input datasets. Success counts are presented for scenarios with 3 to 9 points sampled beyond the vertex. At higher subtlety levels, providing only an accurate plot results in better performance for both models than providing the data and plot."
2025,10.1109/VIS60296.2025.00016,11298833,fig5,5,Figure 5:,F,vis_2025_00016_fig_5.png,1044,550,1g7L8WahAhU8kHF4V_KTv-_JEHX9FnYhY,"Visualization improves GPT 4.1 and Claude 3.5’s ability to identify the correct outlier in input datasets. Success counts are presented for scenarios with binned ≤1 to >3 vertical z-scores. As subtlety increases, both models’ performance gradually decline, especially without accurate visuals."
2025,10.1109/VIS60296.2025.00016,11298833,fig6,6,Figure 6:,F,vis_2025_00016_fig_6.png,1056,400,1au9FpqWFiLRR9_bQIiskGEtxEREK-tjC,"Representative output token counts in the outlier detection setting. Without a visual, GPT often outputs the entire dataset before analyzing it. For both GPT and Claude, providing only the correct visual leads to the most concise answers."
2025,10.1109/VIS60296.2025.00017,11298747,fig1,1,Figure 1:,F,vis_2025_00017_fig_1.png,1825,618,1vADXxV3lh4EJh-ouZvWtk6vC2TbHqBif,"Semantic Pathway visualization for ""A river is source of water for the. . . "". Token influence is encoded via font size (left). Colored paths show hidden state evolution across layers; faded red arcs at L6 represent attention weights. The highlighted attention pie distinguishes self-attention (pathway color: orange) from incoming attention (red). Annotations indicate semantic drift, selected layers, and the top-5 nearest tokens at L7. The predicted token (""city"") and the softmax top-k outputs are shown on the right."
2025,10.1109/VIS60296.2025.00017,11298747,fig2,2,Figure 2:,F,vis_2025_00017_fig_2.png,934,484,1R8ulUeHjfeGY1vsvz6QDTHOslKuwWddz,"(a) Left panel: Prior tokens, with font size scaled by attention influence. (b) Semantic pathway with attention arcs and pie charts; self-attention is shown in the pathway color, and incoming attention from other tokens is shown in red. (c) Vertical layer controls, with L1 selected and L2 unselected. (d) Hovering over a pie chart reveals incoming attention scores. (e) Output panel showing the top predicted token (water) and softmax-ranked alternatives."
2025,10.1109/VIS60296.2025.00017,11298747,fig3,3,Figure 3:,F,vis_2025_00017_fig_3.png,1998,758,1HGmYRpxzejpuseINPv3jABAULnkomJ5e,"Compare Mode showing diverging semantic pathways for the token ""of"" across two outputs (""water"" and ""for""). While blue (""A"") and green (""source"") stay aligned, yellow (""of"") diverges in deeper layers due to recomputation at each generation step. Despite this, the final representations converge, illustrating the model’s collapsing output behavior."
2025,10.1109/VIS60296.2025.00018,11298840,fig1,1,Figure 1:,F,vis_2025_00018_fig_1.png,1808,709,1s-w2rhx0GegtdbSFkWumKN_pPEge07OB,"ParaView-MCP brings together the users, the tool, and the agent into a collaborative environment, where users can either express goals via the agent to achieve the visualization objective or directly interact with the ParaView GUI. (A) System Overview: We encapsulated ParaView’s API via the ParaView Manager and developed an MCP Server to allow a multimodal large language model (MLLM) to control ParaView directly. By combining the MLLM’s and ParaView’s capabilities, we show novel usages that were not possible before with these tools alone, as shown in the examples (B, C)."
2025,10.1109/VIS60296.2025.00018,11298840,fig2,2,Figure 2:,F,vis_2025_00018_fig_2.png,508,291,122L4zWLu66KieavWmdifGw_-0XuifdWk,The agent automatically identifies the iso-value that leads to half of the original surface area.
2025,10.1109/VIS60296.2025.00018,11298840,fig3,3,Figure 3:,F,vis_2025_00018_fig_3.png,1028,371,1Fqwn92Bv4ynV-Mt2oWXLgctUr8mLS-UD,"Iterative transfer function design driven by a vision-based feedback loop. The agent starts with the default colormap (Cold-to-Warm) to assess the value distribution, and based on user instruction (green tree, brown base), designs and refines the colormap by visually examining each rendering output."
2025,10.1109/VIS60296.2025.00018,11298840,fig4,4,Figure 4:,F,vis_2025_00018_fig_4.png,2162,360,1u09_sME1cqOGqmr09Ap9wQVTeOYgkoaB,"An illustration of the co-exploration use case, where the ParaView-MCP works with a novice user by suggesting a list of possible visualization methods, explaining specific techniques (e.g., streamline), and guiding the overall exploration process."
2025,10.1109/VIS60296.2025.00018,11298840,fig5,5,Figure 5:,F,vis_2025_00018_fig_5.png,1053,338,15muNhsL3xWhhcSRmfS1k6UIQpwHmSrii,"A multi-tool collaboration example use case, where Paraview-MCP and Blender-MCP [4] work together to create an illustration from a volumetric dataset of a tooth. Per user prompt, ParaView-MCP extracts the iso contour and then renders the surface in Blender-MCP based on the example image the user provided."
2025,10.1109/VIS60296.2025.00019,11298875,fig1,1,Figure 1:,F,vis_2025_00019_fig_1.png,1902,412,1y2Uv87zL7U7T18WboyBZccDU2TOqBYgu,"Uncertain mode surface features in an elasto-plastic residual stress tensor ensemble from a multilayer physics simulation [26] for the analysis of additive manufactured materials. a) The four ensemble members vary in powder scale, which influences the morphology of the powder bed (lower part). b) −0.3-mode surfaces extracted for each ensemble member represented by a different shade of green. c) The enhanced ensemble meanSurface \${\mathcal{M}_{ - 0.3}}\$ summarizing the −0.3-mode surfaces from all members, while its color and thickness encode the mode standard deviation, thus indicating the uncertainty of the feature. d) The generalized probabilityBand indicates locations with a 33% chance of mode values among the ensemble falling within the range of −0.1 to −0.5."
2025,10.1109/VIS60296.2025.00019,11298875,fig2,2,Figure 2:,F,vis_2025_00019_fig_2.png,902,678,1Azmzcoyb_QBinNtf59rOefWkxsMZ9qA4,"Combination of uncertain mode surface features: Both the uncertain neutral surface \${\mathcal{M}_0}\$ and the uncertain planar degenerate tensor locations \${\mathcal{M}_{ - 1}}\$ are shown, where color and thickness represent mode standard deviation."
2025,10.1109/VIS60296.2025.00019,11298875,fig3,3,Figure 3:,F,vis_2025_00019_fig_3.png,999,313,10lIKofMbiLiag-s1RqjOq2gycSppg9af,"Degenerate tensor locations in a simulated O-ring stress ensemble under varying anisotropy α ∈ {20,25,30,33,34}: generalized features (left) and original features [21] (right). For μ = 1, the generalized enhanced meanSurface \${\mathcal{M}_{ - 1}}\$ visually resembles the enhanced meanLine feature [21], with thickness and color representing mode standard deviation. Unlike the meanLine, however, the meanSurface accounts for the sign of the mode. While the mean tensor field does not yield a surface for μ = −1, the generalized probabilityBand captures locations with a 36% chance of mode values falling within [−1.0,−0.8], which we can now distinguish. In contrast, the probabilityBand (indicating a 36% chance of mode values ≥0.8) on the right fails to capture locations of values close to –1, as the distribution is dominated by the positive mode values."
2025,10.1109/VIS60296.2025.00019,11298875,fig4,4,Figure 4:,F,vis_2025_00019_fig_4.png,2188,644,1HGHZHmkf7lBhumsk6H78214x0mQ-peb1,"Uncertain 0.7-mode surfaces in a two-member ensemble of simulated stresses in an O-ring with p ∈ {2,3}. a) 0.7-mode surfaces extracted from each ensemble member. b) A composite visualization showing both the enhanced meanSurface \${\mathcal{M}_{0.7}}\$ where color and thickness indicate mode standard deviation, and the generalized probabilityBand for a probability of 90% and εl = εu = 0.2. c) Closeup view of the enhanced meanSurface \${\mathcal{M}_{0.7}}\$ with thickness and color representing mode standard deviation. d) Closeup view of the ensemble modeShell consisting of the meanSurface \${\mathcal{M}_{0.7}}\$ and two offset surfaces indicating the spatial distribution of mode values close to the meanSurface."
2025,10.1109/VIS60296.2025.00020,11298779,fig1,1,Figure 1:,F,vis_2025_00020_fig_1.png,1654,432,1rW_OO1PWV7cagrgDV6rH9hrpjoWlfmae,"Virtual sampling using Catmull-Rom spline interpolation [13] (a) and the proposed Hermite interpolation (b). In both cases, 31 virtual samples are evaluated between each pair of consecutive true samples, which are obtained by an analytic evaluation of the Marschner-Lobb test signal [15]. Note that, using Hermite interpolation rather than Catmull-Rom spline interpolation, the rendering is 50% faster, the sampling artifacts are better reduced, and the RMS error of the virtual samples is an order of magnitude lower."
2025,10.1109/VIS60296.2025.00020,11298779,fig2,2,Figure 2:,F,vis_2025_00020_fig_2.png,885,510,1wprsp1CkbirnjxngsQAHgFNxdtgXuwtq,Reconstruction of a sine function using Hermite interpolation.
2025,10.1109/VIS60296.2025.00020,11298779,fig3,3,Figure 3:,F,vis_2025_00020_fig_3.png,2161,1135,1ixkBN35MtoDid9reQVlyfN_QbsDFNCzZ,"Virtual sampling between true samples evaluated by using a triquadratic B-spline interpolation [6] (top) and a tricubic B-spline interpolation [21] (bottom). (a): Undersampling the ray profiles without virtual sampling leading to an incorrect isosurface reconstruction. (b): Increasing the number of true samples by a factor of 16 drastically reducing the rendering performance. (c-d): Adding 31 virtual samples between each pair of consecutive true samples using Catmull-Rom spline interpolation ((c): Lee’s method [13]) and Hermite interpolation ((d): our method). Note that, using our method rather than Lee’s method, the rendering is faster, the sampling artifacts are better reduced, and the RMS error of the virtual samples is an order of magnitude lower."
2025,10.1109/VIS60296.2025.00020,11298779,fig4,4,Figure 4:,F,vis_2025_00020_fig_4.png,1989,1436,1J_BJPcMQq_BuB1I86B7wDiGfoCSpk9Us,"Virtual sampling between true samples evaluated by using a triquadratic B-spline interpolation [6] (top) and a tricubic B-spline interpolation [21] (bottom). (a): Undersampling the ray profiles without virtual sampling leading to an incorrect isosurface reconstruction. (b): Increasing the number of true samples by a factor of 16 drastically reducing the rendering performance. (c-d): Adding 31 virtual samples between each pair of consecutive true samples using Catmull-Rom spline interpolation ((c): Lee’s method [13]) and Hermite interpolation ((d): our method). Note that, using our method rather than Lee’s method, both the rendering performance and the image quality can be improved."
2025,10.1109/VIS60296.2025.00021,11298845,fig1,1,Figure 1:,F,vis_2025_00021_fig_1.png,1822,478,10C7ls5bsOsQVF6hmsJBGnKV2hTrUug8x,SEG-RobustEye a system for robustness analysis of medical segmentation models under input transformations. (A) Optimized instance summary to explore global behavior per instance. Outliers can be filtered by user selection. (B) Dice distribution over the whole dataset. (C) Dice distribution and (D) Gradient distribution for the selected subgroup. Transformed (E) vs Optimized (F) for an instance. (1) Input image. (2) Segmentation output. (3) Gradient overlays. (4) Magnitude spectrum. (5) Gradient pattern added after optimization in overexposed areas.
2025,10.1109/VIS60296.2025.00021,11298845,fig2,2,Figure 2:,F,vis_2025_00021_fig_2.png,984,499,1fbI79t68GjDxzgg05iUm-fMX9Sr69c3r,Adaptation of optimization strategy of ProactiV Figure 1[13]
2025,10.1109/VIS60296.2025.00021,11298845,fig3,3,Figure 3:,F,vis_2025_00021_fig_3.png,1053,416,1hjIc3djbZpA-_122I4iHmyWeXrnvNlrI,Transformed (1) vs Optimized (2) images. (A)The image. (B) The segmented output. (C) The HSL color characteristics. (D) The gradients overlay
2025,10.1109/VIS60296.2025.00021,11298845,fig4,4,Figure 4:,F,vis_2025_00021_fig_4.png,1052,494,1Q5Pc7b7I7KkHK0YewEqOuDs7mibGGyvf,Transformed (1) vs Optimized (2) images. (A) The image. (B) The segmented output. (C) The gradients orientation histogram. (D) The magnitude spectrum
2025,10.1109/VIS60296.2025.00021,11298845,fig5,5,Figure 5:,F,vis_2025_00021_fig_5.png,1048,427,1G4-xmJ2vG8N8fUkUA9iA2nhGunofV_l5,The subgroup analysis. The gradient metrics for the selected subgroup from the Optimized instance summary (1) are aggregated as either histograms (2) or as heatmaps (3).
2025,10.1109/VIS60296.2025.00022,11298837,fig1,1,Figure 1:,F,vis_2025_00022_fig_1.png,1735,771,16Fh12WrZfXj4I0NAuzHXfVKFZNfHMrv0,Overview of the developed system for creating composite visualizations.
2025,10.1109/VIS60296.2025.00022,11298837,fig2,2,Figure 2:,F,vis_2025_00022_fig_2.png,2222,931,1EB9immPNydrw2YMvF8vImknYvHpldEeW,"Screenshots of the five visualization alternatives considered (cf. Sec. 2.2 for explanations), including raw video and composite visualizations which include a combination of information visualization and the raw video footage. See supplementary materials for videos."
2025,10.1109/VIS60296.2025.00022,11298837,fig3,3,Figure 3:,F,vis_2025_00022_fig_3.png,989,291,14FjvhVLL48yqw1bHAF-5rVFIr2Dkb4OT,Mean and standard deviation for the participants’ self-reported understanding how the shooter is aiming.
2025,10.1109/VIS60296.2025.00023,11298729,fig1,1,Figure 1:,F,vis_2025_00023_fig_1.png,1826,994,1iWkMIxMiOH4Nq1l1W3wnr562sTsNj4_Z,"The CLOVE interface showing data from a major fire related event in June, 2002, and described in Section 5."
2025,10.1109/VIS60296.2025.00023,11298729,fig2,2,Figure 2:,F,vis_2025_00023_fig_2.png,1043,700,1SAggBhQHcPey1moN6L-JtuB9YS7I4TxP,"Two views from CLOVE’s Residence Time Tree view, representing carbon dynamics in May and December 2001. The pink-highlighted regions correspond to different substance pools of the carbon cycle. Particle density reflects the quantity of carbon, while particle speed represents the turnover rate for each pool."
2025,10.1109/VIS60296.2025.00023,11298729,fig3,3,Figure 3:,F,vis_2025_00023_fig_3.png,1047,665,1zdLHLbaTFp93LaI14zd95-k9G7Rcg0tC,"Two views from CLOVE’s Shell Relationship Diagram, also showing May (left) and December (right) 2001. This more abstract, hierarchical overview focuses attention on the model’s aggregate architecture, highlighting not just present flows but absent ones. May shows higher foliage than December, similar to the Residence Time Tree (Figure 2)."
2025,10.1109/VIS60296.2025.00023,11298729,fig4,4,Figure 4:,F,vis_2025_00023_fig_4.png,738,735,1Kiig1y35x-YNhRbN5WJiDhZdbaDE-wRR,"CLOVE’s Medal relationship diagram provides a higher-level overview than the Shell Diagram (Figure 3), introducing a hierarchical grouping of organic pools while preserving directional carbon flow between them."
2025,10.1109/VIS60296.2025.00023,11298729,fig5,5,Figure 5:,F,vis_2025_00023_fig_5.png,1029,665,1L5y2hriqf4AC1RbGSaCviA7fE-KwZcHK,"The Aggregate Flux Petal Plot compares current carbon flux values (filled petals) with historical monthly averages (dashed lines) and overall averages (solid lines) across five categories: respiration, production, decomposition, fire, and disturbance."
2025,10.1109/VIS60296.2025.00023,11298729,fig6,6,Figure 6:,F,vis_2025_00023_fig_6.png,1041,670,1gwvycpyBUEpvewAsqHzGllCPzESoh6fV,"Garden Petal Plot presenting a chronological grid of monthly carbon flux snapshots across multiple years. Each petal represents a distinct flux category, with petal size indicating magnitude. The layout enables quick visual comparison across time to reveal seasonal trends, year-to-year variation, and unusual flux behavior."
2025,10.1109/VIS60296.2025.00024,11298866,fig1,1,Figure 1:,F,vis_2025_00024_fig_1.png,1790,691,1tIZmerHdrjklaoN6pYNnr-GSdCCRkeHP,"Analyzing periodicity and types of topological features in the von Kármán vortex street dataset using the Cerf diagram (left). Three types of maxima–sinusoidal pattern, horizontal lines in the range 1.13-1.3, and periodic in black boxes–and corresponding spatial tracks (right; red, cyan and blue). Diagonal patterns in the distance matrix (middle) reveal the periodicity."
2025,10.1109/VIS60296.2025.00024,11298866,fig2,2,Figure 2:,F,vis_2025_00024_fig_2.png,948,292,109UA8MGH-sOr7KUfKLPnj5Gc-9E7z1HI,Vertex diagram of a PL time varying function represents the evolution of regular (dotted) and critical points (solid).
2025,10.1109/VIS60296.2025.00024,11298866,fig3,3,Figure 3:,F,vis_2025_00024_fig_3.png,867,531,1vCDaaBoTtUvGvelncr0SM6TvIdQpmhRu,"Cerf diagram of a synthetic sum-of-Gaussians scalar field, where the centres of the two Gaussians move in opposite directions along the equator of a sphere at a speed of π/12. We observe a (half) period of 12 from the Cerf diagram because the centres meet at the opposite pole. The centres split at t = 0, and a second maximum appears at t = 2 resulting in a birth event. Both maxima are visible at t = 4, the centres return to their starting position at t = 24, soon after the second maximum dies at t = 22."
2025,10.1109/VIS60296.2025.00024,11298866,fig4,4,Figure 4:,F,vis_2025_00024_fig_4.png,2195,497,1pdWW2xtVLJgHcwoEY476ff8uwDb-rP3p,"Studying the evolution of the central finger in the viscous fingers dataset using the Cerf diagram. Tracks of maxima extracted by a search seeded inside the finger at time (a) t = 69, (b) t = 71, and (c) t = 73. (d) Cerf diagram contains two groups of maxima (upper / lower). Cerf arcs corresponding to maxima tracks are highlighted, distinguishing between maxima born prior to t = 73 (red) and after t = 73 (blue)."
2025,10.1109/VIS60296.2025.00025,11298816,fig1,1,Figure 1:,F,vis_2025_00025_fig_1.png,2017,1589,1opYS2Yk1Yj7jAvyEjkEiWU8VyZOca_PF,"Volumetric interpretation of the 1D reduces clutter, emphasizes spatial coherence, and allows us to apply many different visual metaphors. All of this can be used to generate informative visualizations. This figure shows mock-infected chromosome 4."
2025,10.1109/VIS60296.2025.00025,11298816,fig2,2,Figure 2:,F,vis_2025_00025_fig_2.png,2017,1000,1RnPEHHZujJdpUFjjxQLpwQh4qim45BQn,"Comparative view of the compartmentalization of chromosome 27 at 24 hours after infection. Top Right: The chromatin model (tubes) and chromatin compartments from MVA infected cells, color-coded yellow and cyan for active and inactive compartments, respectively. Bottom Right: The chromatin model (tubes) and chromatin compartments from mock-infected cells, color-coded in red and blue for active and inactive compartments, respectively. The inner boundaries of compartments are visualized with a neutral iso-surface. Left: The overlaid visualization of chromatin compartments between MVA and mock-infected models."
2025,10.1109/VIS60296.2025.00025,11298816,fig3,3,Figure 3:,F,vis_2025_00025_fig_3.png,961,476,1nMf7pfTZ7R9Z-YBpnqAMrsOVSCoL3xYD,Visualization as in Fig. 2 for chromosome 4.
2025,10.1109/VIS60296.2025.00026,11298836,fig1,1,Figure 1:,F,vis_2025_00026_fig_1.png,1827,683,1k8c-FUgy5ETr1L-GtgFnfY1M2U5rQLeD,"Overview of our embellished chart generation pipeline. From (A) an object image having top / middle / bottom parts, it can generate (B) three types of Canny edges (default / blur / sparsify). By arranging the edges for (E) the original bar chart, it can generate (C) small-to-large scale images for controlling the model. Lastly, (F) the ControlNet model can generate embellished bar charts with a degree of conditioning scales."
2025,10.1109/VIS60296.2025.00026,11298836,fig2,2,Figure 2:,F,vis_2025_00026_fig_2.png,1056,266,1ibVe7x5N3qblaWxBMZQaP2YerUUOfvgf,Failure cases occurred in data integrity evaluation. (A) Missed detections due to weak alignment between prompt (stack of coins) and object. (B) Incorrect detection count despite visible objects. (C) Bar bottom y-coordinate misaligned beyond threshold. (D) Inconsistent bar height ranking versus reference bars.
2025,10.1109/VIS60296.2025.00026,11298836,fig3,3,Figure 3:,F,vis_2025_00026_fig_3.png,1026,360,1B3E3IZPmChOOYydWU5W5N6ZqMDg8lrjN,Sample use scenario of our pipeline. Authors can replace bar marks with bottle images while retaining all other chart elements.
2025,10.1109/VIS60296.2025.00026,11298836,fig4,4,Figure 4:,F,vis_2025_00026_fig_4.png,1058,248,1ONDuRDJdEYTon0Ka8JETEJZHIb-zE52f,Resolved and remaining detection failure cases. (A) Boxes over 60% of chart width. (B) Partial boxes inside larger boxes. (C) Missed valid objects. (D) Unwanted detections. (E) Removed valid objects due to overlap with retained boxes.
2025,10.1109/VIS60296.2025.00027,11298908,fig1,1,Figure 1:,F,vis_2025_00027_fig_1.png,2195,1989,1ifRCwAKFIRQFsht096m4Sx4HiX1HKULE,VFP examples illustrating the different scenarios of VFP use as combinations of detection targets (columns) and scopes (rows).
2025,10.1109/VIS60296.2025.00027,11298908,fig2,2,Figure 2:,F,vis_2025_00027_fig_2.png,2205,1039,1LQ5o8MHGtccPEy5_qyC-EyELcc-VpVnG,Overview of visualization concepts related to VFPs.
2025,10.1109/VIS60296.2025.00028,11298909,fig1,1,Figure 1:,F,vis_2025_00028_fig_1.png,1802,963,1dAa1K5TE-RrbT0xfLDWJuGxt5S9Anx6o,"Illustrating Perspectiva, a tool that supports C-CLD documentation and transparency via: (A) side-by-side navigation with anchored nodes to facilitate comparison; (B) colour-coding of changes, conflicts, and clarifications; and (C) hover pop-ups that preserve term provenance and identify contributing stakeholder groups."
2025,10.1109/VIS60296.2025.00028,11298909,fig2,2,Figure 2:,F,vis_2025_00028_fig_2.png,1043,468,1XuInJUA8eRalsZNT5bC7nRRFG-ToByXI,"Illustrating Casual Loop Diagrams (CLDs): (A) An individual CLD constructed by a participant using pen and sticky notes, (B) Digitised, Static version of A using Vensim software, (C) Digital, interactive prototype of A Perspectiva"
2025,10.1109/VIS60296.2025.00029,11298769,fig1,1,Figure 1:,F,vis_2025_00029_fig_1.png,1645,136,1rHAenAsdNz3-Hd8pYHJtgOPG4lomR9il,FEB Framework.
2025,10.1109/VIS60296.2025.00029,11298769,fig2,2,Figure 2:,F,vis_2025_00029_fig_2.png,1703,362,1RHGAQk4G53Qpxq4gc1-2knxd56xA8VAB,FBQ Faithfulness Metrics framework.
2025,10.1109/VIS60296.2025.00029,11298769,fig3,3,Figure 3:,F,vis_2025_00029_fig_3.png,1089,370,15FjL-tkQnhLH6xj3NbppQ4sD_oHmJaNo,"(a) 61% runtime improvement by FEB methods over original bundling methods; (b) FBQJS (higher=better) by FEB methods, on average 0.68, and (c-d) FBQSQ (lower=better) by FEB methods, on average 0.26, showing high similarity of DB and \$D_B^{\prime }\$ ."
2025,10.1109/VIS60296.2025.00030,11298750,fig1,1,Figure 1:,F,vis_2025_00030_fig_1.png,958,546,1nbzHh5-waRERn61M8lkhuYvOPP3wDje_,"AGri determines the AGri curve during preprocessing, which defines optimal thumbnail representations across different footprints. At runtime, AGri dynamically selects thumbnails from this curve as the grid view—and thus the footprint—changes."
2025,10.1109/VIS60296.2025.00030,11298750,fig2,2,Figure 2:,F,vis_2025_00030_fig_2.png,1046,943,1A8ZpI4lhPBjItJvaIAW_7bbcA5MknZS0,Salience-based identification of crop offsets. (a) Salience computed from differences to temporally adjacent frames. (b) Cumulative salience image enabling efficient evaluation of salience within arbitrary rectangular regions. (c-e) Selected crop areas for varying footprint sizes.
2025,10.1109/VIS60296.2025.00030,11298750,fig3,3,Figure 3:,F,vis_2025_00030_fig_3.png,2208,1007,1Oo2Wp64cKsRmxOLnB_pa6XKp2aBFTmfY,"(a & f) The AGri curve depicts Pareto-optimal solutions A ∗ (gray) for droplet and BBB, respectively; other areas (A − A ∗ ) are shown in yellow for reference. (b-e & g-j) The resulting thumbnails for selected areas (colored in (a & f), respectively) are presented in a small grid."
2025,10.1109/VIS60296.2025.00030,11298750,fig4,4,Figure 4:,F,vis_2025_00030_fig_4.png,2222,975,1XLBVFGUzeMU0d1BowXMp2Y_-8JPcJ4Ex,"Grids created via Sca2Gri [10] with thumbnails from Fig. 3. Assuming a fixed total resolution in the order of a full HD screen, the requested thumbnail footprint \$\left\| \square \right\|\$ is accordingly decreased when increasing (horizontal) grid resolution gx."
2025,10.1109/VIS60296.2025.00031,11298746,fig1,1,Fig. 1:,F,vis_2025_00031_fig_1.png,1774,392,1lL-VSL2zTHJTMOTdI3P5zIcXfVAG3A4k,"Decluttering lenses on the MNIST dataset [14] with 10,000 samples, projected using UMAP [19]. In contrast to the classical magnifying lenses, these lenses allow for maximal decluttering of samples in the focus area. The shape of the lens and the regularization degree within the lens are interactively steered by the user depending on (c) the cluster shape, (d) distances to the neighboring clusters, or (e) available unoccupied space."
2025,10.1109/VIS60296.2025.00031,11298746,fig2,2,Fig. 2:,F,vis_2025_00031_fig_2.png,812,810,1ODBQmRuUuHxWNbkKBtgDxP6fjTuJDsP6,Modified sector-based regularization approach for a disk-shaped domain. Top left: Initial distribution of samples within the domain. Sectors and their corresponding anchor points are shown for a single data sample. The sample’s displacement during the first iteration is indicated by a green line. Subsequent images show the progressive regularization of samples through iterative application of the algorithm.
2025,10.1109/VIS60296.2025.00031,11298746,fig3,3,Fig. 3:,F,vis_2025_00031_fig_3.png,890,1438,1AqBqSK6SZMzzdr0y0XLsPi6_O-TXWZL8,"Regularizing virtual lens applied to the UrbanGB dataset. Boundaries of the selection and regularization domains, D1 and D2, are shown as black and green circles, respectively. The user can interactively change the size of the regularization area (green circle), adaptively allocating the screen space for the lens (left and right columns). Different rows demonstrate varying degree of the samples’ regularization, smoothly transitioning from original samples’ distribution (upper row) to fully regularized layout (lower row)."
2025,10.1109/VIS60296.2025.00031,11298746,fig4,4,Fig. 4:,F,vis_2025_00031_fig_4.png,2146,705,11HneBXNO72tnf5tJod6uDesmCPuwqexX,Flow diagram of the algorithm regularizing samples over arbitrary-shaped domain. The selected data samples and the boundary of the regularization domain D1 = D2 are shown in the first plot. The upper path illustrates the samples’ regularization over an auxiliary disk-shaped domain. The lower path shows the regularization of a regular grid in D2 over the same disk. The results of both paths are combined and barycentric coordinates of samples are computed. The final result is obtained by reversing the grid regularization (lower path) and computing the samples positions in D2 using the pre-computed barycentric coordinates.
2025,10.1109/VIS60296.2025.00032,11298743,fig1,1,Fig. 1:,F,vis_2025_00032_fig_1.png,1782,483,13yPz1CMFzeiI_8qRCKXbCYlPfbswjinw,"(b) Original scatterplot of an image dataset [1], where the images are plotted at the point locations. The scatterplot exhibits a lot of overdraw, making it hard to grasp the content of the images. (a) Gridified scatterplot obtained with the state-of-the-art method Hagrid [2]. (c) Regularized scatterplot after only 1 iteration of Sector-Based Regularization [14]. (d) Gridified scatterplot of our technique SiGrid that takes the output (c) and gridifies it with Hagrid. The comparison between Hagrid (a) and our new SiGrid technique (d) reveals that the global structures from the input scatterplot (b) are presented better in (d). For example, the decreasing brightness trend from top to bottom in (b) is reflected better in (d) than in (a), where the bottom-left and bottom-right corners of (a) are bright, whereas the bottom part of (b) is dark."
2025,10.1109/VIS60296.2025.00032,11298743,fig2,2,Fig. 2:,F,vis_2025_00032_fig_2.png,1047,305,1Ar_vaokfQzbjph9_8-0ioddNm819fDvp,"Points (hollow) getting assigned to grid cells (filled). (left) The points are assigned to their grid cells one after another. (center) If a point (gray) gets assigned to a grid cell already occupied (a), Hagrid resolves that collision by moving the point in the direction (b) or (c), depending on which one is closer to the input point. If that spot is also already occupied, it continues in that direction to find a free spot (d). (right) Many points are assigned to the same cells in the middle of the grid, which leads to many collisions. For example, the (hollow) point in the bottom right has to jump twice (indicated by gray arrows) to get the final arrangement (indicated with the black arrow)."
2025,10.1109/VIS60296.2025.00032,11298743,fig3,3,Fig. 3:,F,vis_2025_00032_fig_3.png,1041,769,1HxGeps-ENPW1uprQ0WAQDjdvOQMosaOh,The results of SBR with different parameter settings.
2025,10.1109/VIS60296.2025.00032,11298743,fig4,4,Fig. 4:,F,vis_2025_00032_fig_4.png,2060,531,1YJsIoBQ7yUJYbw2wvMD-8kORiedre10c,"(a) The original gridifying technique Hagrid [2], (b) the input scatterplot, and the steps of our technique SiGrid: (c) SBR [14] step and (d) subsequent gridification via Hagrid [2]."
2025,10.1109/VIS60296.2025.00032,11298743,fig5,5,Fig. 5:,F,vis_2025_00032_fig_5.png,2201,972,1HyyOA3vdogW8hgaTUqqtb6JiBeMHxLqY,"Comparison of Hagrid and SiGrid (with 1, 2, or 3 SBR iterations). Datasets are binned by their number of points. Except for the 4000–5000 bin, SiGrid leads to an improvement in trustworthiness, ordering, cross-correlation, and collisions at the cost of increased runtime. (Hagrid parameters are level: min level, ensure_whitespace: 0; SBR parameters are iterations: 1, 2, or 3, number_of_sectors: 8). Hagrid needs to use a finer grid for datasets with N > 4096 to be able to assign all points, which leads to 16384 grid cells."
2025,10.1109/VIS60296.2025.00033,11298778,fig1,1,Fig. 1:,F,vis_2025_00033_fig_1.png,1826,669,1goTypUKxzcgn9luUD9R6_w9ihsOjBEr0,"Ⓐ A pair of example stimuli from each combination of pie and stacked bar charts, aligned (segment starts/ends at a marker) and unaligned, and anchor (segment has a recognizable size) and non-anchor values. ⒷPredicted mean absolute error and response time to 95% CI. Anchor values and alignment positions show significant performance improvements in estimating values for both chart types. Results between conditions are significant (p < 0.05) except where noted."
2025,10.1109/VIS60296.2025.00033,11298778,fig2,2,Fig. 2:,F,vis_2025_00033_fig_2.png,1053,799,1edMW6IkIJg7-3CmoRlZfX2O1f8aVjx6M,ⒶFrequency of responses at each stimuli compared to frequency of stimuli values show a significant effect of rounding (overlap in gray). Ⓑ Absolute error across the full range of values reveals the anchor effect and the distance to anchor effect near the 25% and 50% anchor values.
2025,10.1109/VIS60296.2025.00033,11298778,fig3,3,Fig. 3:,F,vis_2025_00033_fig_3.png,2126,560,107pGZgbIIETT-PDMmTeXuzd1tGEe0ioD,"Main effects of Ⓐ chart type, Ⓑ alignment, and Ⓒ anchor value on absolute error from model predictions. Interaction effects of Ⓓ chart type and alignment, Ⓔ chart type and anchor value and Ⓕ alignment and anchor value on absolute error as predicted by the model."
2025,10.1109/VIS60296.2025.00034,11298771,fig1,1,Figure 1:,F,vis_2025_00034_fig_1.png,1699,911,1hbdKE8uecwKyLB51vdeBqVNIshaYQ0WQ,"Manually retargeting an Altair ridgeline plot of Seattle weather data (left) to a new dataset containing United States unemployment rates across different metro areas (right). Summary of retargeting actions: (A) Providing the new dataset source; (B) Removing stale data transformations and replacing old data fields with new fields; (C-E) Updating new fields, domains, and titles for encoding channels; (F) Removing a stale formatter used for the month field; (G) Updating the chart title."
2025,10.1109/VIS60296.2025.00034,11298771,fig2,2,Figure 2:,F,vis_2025_00034_fig_2.png,894,542,1Vk6qYcMGw5pp2TuzouYFeBGT8v19FJK2,"Baseline retargeting errors across 32 different chart instances. Higher errors are observed for more complex charts (annotations, regression) and datasets with high (IMDb) or low (US Unemployment) complexity."
2025,10.1109/VIS60296.2025.00034,11298771,fig3,3,Figure 3:,F,vis_2025_00034_fig_3.png,1954,1081,1dILrlXEAlio9lr2sXERfVO3nGx_z4rZR,Example retargeted chart specifications for both LLM baseline and pipeline. (A-C) Retargeted Matplotlib box plot to brain tumor dataset. (D-F) Retargeted Seaborn scatter plot with regression to IMDb Movies dataset; the LLM pipeline fails to render the chart (F).
2025,10.1109/VIS60296.2025.00035,11298732,fig1,1,Figure 1:,F,vis_2025_00035_fig_1.png,1827,588,1Tze71N6PM_oSqB4A0V1nsQ6sU4vE559w,"The BNNVis visual interface. The Model Architecture View (a) displays the overall architecture of the Bayesian Neural Network. The Layer Fit View (b) compares the empirical posterior of a selected layer to its prior. The Neuron View (c) displays a matrix representing the individual neurons within a layer colored by pickable metrics of interest. The Conditional Mean View (d) plots how different uncertainties change across the domain of input features selectable through a drop-down menu. The Raw Data View (e) contains a table of raw values. Finally, in the Prediction View (f), a Scatterplot Matrix illustrates any combination of raw data columns and BNN outputs, such as aleatoric, epistemic, and total uncertainty and error metrics relevant to the predicted data."
2025,10.1109/VIS60296.2025.00035,11298732,fig2,2,Figure 2:,F,vis_2025_00035_fig_2.png,1053,968,1KmCVKGaFSnlnEl6zbFLywYsatIWMHabF,"Usage scenario demonstrating the coordinated views for uncertainty and prediction analysis in the right-hand views of BN- NVis. Shown clockwise, (a) the Prediction View (SPLOM) showing the relationship between epistemic uncertainty, squared error, and aleatoric uncertainty across the dataset; (b) the Raw Data View showing an interactive data table where the user can sort, filter, and select points based on features or model outputs; (c) the Conditional Mean View aggregating and binning a selected feature (here, median income) to show how aleatoric (orange), epistemic (yellow), and total (cerise) uncertainty evolve across the feature space. User selections in (b) dynamically highlight corresponding points in (a), enabling precise, data-driven exploration of model behavior."
2025,10.1109/VIS60296.2025.00036,11298718,fig1,1,Figure 1:,F,vis_2025_00036_fig_1.png,2015,1044,1463FNwRyjq6tDGFBFXvwNbtBV7-Vj3y-,"Recourse Planning Usage Scenario: (a) Utilizing the Credit Risk dataset, the user selected a recourse path from the Recourse Path Explorer. (b) After multiple iterations, she identified a recourse path that resulted in significant improvement in the model outcome. (c) At the same time, the user observed that some features reached significantly higher-than-average values, while others showed a downward trend in their attributions. (d) Despite these differences, the majority of features followed an upward trajectory, consistent with the overall aim of recourse planning. Ultimately, the user confirmed that ReVise’s visual encodings faithfully reflect the explanation results offered by SHAP."
2025,10.1109/VIS60296.2025.00037,11298897,fig1,1,Figure 1:,F,vis_2025_00037_fig_1.png,1712,1036,1gOKVStITyqKBb4PA5e95jAIU88pKjGfm,"Overview of THE AGENTOPIA TIMES. This educational game is designed to teach hallucination mitigation in multi-agent system (MAS) with the integration of three key game components: (a) User Actions: enabling select datasets, run simulations, monitor intermediate agent outputs, and switch between agents; (b) Challenge: introducing hallucinated agents to simulate misinformation; (c) Feedback: providing quality scores, explanatory comments, and highlight hallucinated content. Players iteratively adjust their actions based on feedback to refine their strategies and address the game challenge."
2025,10.1109/VIS60296.2025.00037,11298897,fig2,2,Figure 2:,F,vis_2025_00037_fig_2.png,1048,769,1JbD-KO7nnqKUti6PeKR8s1MVoGlPTaV2,"System Overview of The Agentopia Times. The system has three main components: (a) MAS Module, where agents collaborate to generate data-driven stories; (b) Data-Driven Story Module, which analyzes content and evaluates report quality using LLM-based feedback; and (c) Game Interface, where users interact with familiar game elements (e.g., avatars, logs, and reports) to observe and modify the MAS in a newsroom-themed game."
2025,10.1109/VIS60296.2025.00037,11298897,fig3,3,Figure 3:,F,vis_2025_00037_fig_3.png,1872,787,1zghXzkae4Tr1Vb7S_8_x3pMWjzhYaupw,Use Case. a) Observing the propagation of hallucination in MAS; b) Mitigating hallucination via a voting collaboration. Yellow highlights: inaccurate information; blue highlights: accurate.
2025,10.1109/VIS60296.2025.00038,11298923,fig1,1,Figure 1:,F,vis_2025_00038_fig_1.png,1466,825,138hZAB0tWS-KCNRuBoXr44IyPovaxT4m,"The XplainAct interface, illustrated here using the opioid dataset. (A) Choropleth map highlighting Coconino County, Arizona (bold red outline) and counties with similar opioid-related socioeconomic indicators with their respective opioid death rates colored according to the legend on the right; (B) Feature explanation panel using LIME to reveal the contribution of each socioeconomic factor to the opioid death rate in Coconino County; (C) Parallel coordinates plot comparing Coconino County’s multidimensional profile (red line) with its socioeconomic peers (blue lines) and highlighted on the choropleth map (A); and (D) Slider group for defining contextual similarity criteria to Coconino County’s profile."
2025,10.1109/VIS60296.2025.00038,11298923,fig2,2,Figure 2:,F,vis_2025_00038_fig_2.png,1064,413,1UMMLcWZjyH8VJao983ko3cVB7AB5_ivY,Explanations supported by SHAP. (a) Waterfall plot showing cumulative contributions from each feature. (b) Beeswarm plot showing SHAP values of each data point.
2025,10.1109/VIS60296.2025.00038,11298923,fig3,3,Figure 3:,F,vis_2025_00038_fig_3.png,810,591,11s_CK6f73SQQtY_otEXHjHBWq2Wf6284,"Workflow of XplainAct for analyzing personalized interventions. Each block represents a view, and each edge denotes an interaction between views."
2025,10.1109/VIS60296.2025.00038,11298923,fig4,4,Figure 4:,F,vis_2025_00038_fig_4.png,1064,315,1lsf-WCUYSZZZ_HiZGsfMqXJLaBsDgcDi,Bob simulates an intervention on increasing household homeownership.
2025,10.1109/VIS60296.2025.00039,11298869,fig1,1,Figure 1:,F,vis_2025_00039_fig_1.png,949,418,1iAbz8RP-GlcqB6Uyvdq6dm490s7ZnNzR,The overview of the analysis pipeline. Our method facilitates the comparative analysis of three aspects of capabilities between human and generative AI.
2025,10.1109/VIS60296.2025.00039,11298869,fig2,2,Figure 2:,F,vis_2025_00039_fig_2.png,2173,776,1YvecfcK3Ey4-iUv4qa6zdbpnav9M_76F,"Our analysis reveals distinct properties of responses from Human and ChatGPTs over i) rhetorical styles, ii) knowledge coverage, and iii) perceived quality."
2025,10.1109/VIS60296.2025.00039,11298869,fig3,3,Figure 3:,F,vis_2025_00039_fig_3.png,1043,1332,1Ctoh0uaZohGdQvaZgSQ7Rj9FgA-GitNa,The regression analysis identifies major factors associated with i) users’ general preferences and ii) their preferences in favor of certain response source.
2025,10.1109/VIS60296.2025.00039,11298869,fig4,4,Figure 4:,F,vis_2025_00039_fig_4.png,1965,977,1NC1VimA-MgUrLxXm54TIZU2sUjUM_jGK,"The case study highlights two representative cases of visualization-related user question and responses from three different sources, including i) asking visualization knowledge and ii) seeking visualization design feedback. In the examples, they are distinct from each other in terms of their key insights and feedback (as underlined) and rhetorical and knowledge characteristics (as highlighted with color)."
2025,10.1109/VIS60296.2025.00040,11298868,fig1,1,Figure 1:,F,vis_2025_00040_fig_1.png,1827,1028,1SFSleG9XgQFKcZH4KFvCBB_CDxNZ0DsX,"Overview of our approach: (A) Map information cards for disrupted segments (A1), services (A2), legend (A3), and time slider (A4); (B) Calendar heatmap showing the disruptions per day; (C) Marey graph displaying delay accumulation for selected services; (D) Multi-line chart for different disruptions over time."
2025,10.1109/VIS60296.2025.00040,11298868,fig2,2,Figure 2:,F,vis_2025_00040_fig_2.png,1059,585,1lIL9oppEQxrqjIylPU8UlAzG-DHaqwaJ,Map and a close-up of the train glyph. The glyph shows a train icon (in red) oriented in the direction of its destination. Bars are appended and indicate the individual disrupted services.
2025,10.1109/VIS60296.2025.00040,11298868,fig3,3,Figure 3:,F,vis_2025_00040_fig_3.png,1059,373,1xtzy_LE6wnUXbOljhFRRKWNjjDIEFbJW,"Design Considerations. Visualizing disruption types: (a) icon-based vs. (b) color-based encoding for better readability. Delay bar designs: (c–f) show disruption types within a single train service, using stacked compartments (c, d) and temporal ordering (e, f). convey missing or incomplete data clearly. A legend (Figure 1-A3) clarifies the encoding for consistent interpretation."
2025,10.1109/VIS60296.2025.00040,11298868,fig4,4,Figure 4:,F,vis_2025_00040_fig_4.png,1059,621,1OnS1W_YPL81tl1zHrxYoy6irQi1LQyu-,Marey Graph: Comparison of scheduled \$(\color{blue}{\underline{\text{solid blue line}}})\$ versus actual timeline \$({\color{red}{\text{dashed red line}}})\$ for a selected service.
2025,10.1109/VIS60296.2025.00041,11298885,fig1,1,Figure 1:,F,vis_2025_00041_fig_1.png,1826,845,1Oje0VhRrUzIkhmu9WGVgLr7QN2npeDid,"Overview of the Posterity visualization system for American labor posters. (A): Timeline Theme: The chronological overview highlighting major associated historical events and periods; (B): Theme Distribution: The streamgraph reveals the popularity of poster themes across time, contextualizing design trends within social movements; (C) Subjects Featured: The subject-based bubble visualization highlights the prevalence of subjects in the posters; (D) Theme-Sorted 3D Cloud: the 3D spatial cloud view groups posters organized by theme; (E) Similarly Sorted Spiral View: a view of visually or semantically similar posters visualized along a spiral; (F) Similarity-Sorted 3D Spiral View: an interactive user-centered focused mode where posters are arranged in a spiral around the user’s input by order of similarity"
2025,10.1109/VIS60296.2025.00041,11298885,fig2,2,Figure 2:,F,vis_2025_00041_fig_2.png,2222,502,11BuOtohuPP1BR98r9IxJs3taqdsTuolY,Multidimensional visualization of American labor posters and associated contexts.
2025,10.1109/VIS60296.2025.00041,11298885,fig3,3,Figure 3:,F,vis_2025_00041_fig_3.png,1058,684,17n1VmEsy6P5D7qDint2NbX1CroMTm2-4,"3D Cloud View. Posters are spatialized using deep neural embeddings; users ""walk through"" the cloud, observing clusters based on color, theme, or style."
2025,10.1109/VIS60296.2025.00041,11298885,fig4,4,Figure 4:,F,vis_2025_00041_fig_4.png,1058,1388,1KjdNzqOArXOESqqcOeiiIump25Ql2KY6,Spiral View for The Visualization of Posters Based on Similarity Scores to Users’ Inputted Posture.
2025,10.1109/VIS60296.2025.00042,11298890,fig1,1,Figure 1:,F,vis_2025_00042_fig_1.png,1820,522,1EP8UcLFmZn9NYaJQ8M020a8VpkPNwQJT,"To visualize how topics evolve in real time, we create a rotatable embedding space where time is encoded along the Z-axis. We provide three preset views to help users explore topic clusters from different perspectives: (A) Front View (overall clusters), (B) Iso View (clusters over time), and (C) Side View (clusters over time). Here, each point represents an image from a dataset of Picasso’s paintings, batched into 5-year intervals."
2025,10.1109/VIS60296.2025.00042,11298890,fig2,2,Figure 2:,F,vis_2025_00042_fig_2.png,2195,880,1lrSX2ex3hc3vDPxy5Fr3JXbRybdrPwMM,"Chronotome contains two main interface components. (A) The rotatable Embedding Plot allows users to explore topic clusters in real time. Currently, the interface is in Playback mode, where users can visualize how nodes moved over time via the timestep slider. There is a filterable legend on the left, and additional visualization controls on the right. (B) Clicking on a cluster label in the legend opens the Data Gallery, where users can view all data objects (e.g., text or images) in that cluster."
2025,10.1109/VIS60296.2025.00042,11298890,fig3,3,Figure 3:,F,vis_2025_00042_fig_3.png,1059,1215,1-cjKAQqj0dTN3W2z_UjM1v2AaKoDrELI,"Topic clusters derived from Bill Gates’ tweets visualized in 3-month intervals using (A) Side View and (B) Iso View. A example tweet from "" Preventing future pandemics"" is shown."
2025,10.1109/VIS60296.2025.00042,11298890,fig4,4,Figure 4:,F,vis_2025_00042_fig_4.png,1057,607,1ltEevQhbNmfIKF3_h0_l4sZr4786yF2H,Topic clusters derived from The Grand Budapest Hotel film frames visualized in 6-minute intervals using Side View.
2025,10.1109/VIS60296.2025.00043,11298780,fig1,1,Figure 1:,F,vis_2025_00043_fig_1.png,1902,957,1K8LxCIMltzmr8WOnxM3z4n3mDVMJ56Ly,"Simulation of the Madlein avalanche (Tyrol, 1984) from its recorded release areas (highlighted in blue), computed and visualized in a few milliseconds. The color encodes the velocity."
2025,10.1109/VIS60296.2025.00043,11298780,fig2,2,Figure 2:,F,vis_2025_00043_fig_2.png,2116,569,1lxtr1neEiR6cu_a5USLMTZ4RW7RWSmY-,A node graph generated from the workflow specification for the avalanche use case (Sec. 5.2) This workflow generates a multi-resolution Avalanche Overlay Texture (right) from terrain model tiles in a given Region AABB (left).
2025,10.1109/VIS60296.2025.00043,11298780,fig3,3,Figure 3:,F,vis_2025_00043_fig_3.png,1074,652,1GgUp__l-wV-bduUTtNMmSeh1wxxApA7v,"Simple snow cover simulation using a fragment shader on top of the base map (top) or using a data-driven compute overlay (bottom). When zooming out (right), the fragment shader approach shows too much snow on top of forests and other locally steep terrain (top right). Zoom in for more details."
2025,10.1109/VIS60296.2025.00043,11298780,fig4,4,Figure 4:,F,vis_2025_00043_fig_4.png,1056,718,1m96yTEVYC9mGfT3ZQ5PnL7OUCqDzhmwM,"weBIGeo avalanche simulation results on the parabola (left) and vals (right) datasets. Release points are highlighted in blue. Contour lines represent the terrain, spaced at 50m intervals. Color encodes the maximum vertical displacement per step \$Z_{\max }^\delta \$ , which can be interpreted as an indicator for velocity. Zoom in for more de-tails."
2025,10.1109/VIS60296.2025.00044,11298759,fig1,1,Figure 1:,F,vis_2025_00044_fig_1.png,1903,1019,1K3jYFsoAIhqgNGXkEmRe9WXIgwk4BwaN,"The Embedding Atlas user interface visualizing the embedding of 196,630 wine reviews. A user has filtered the embedding to only show wines from the US, France, and Italy with ""points"" in a specific range, and selected one outlier from the embedding to read its review and inspect its metadata. Try the demo at: https://apple.github.io/embedding-atlas"
2025,10.1109/VIS60296.2025.00044,11298759,fig2,2,Figure 2:,F,vis_2025_00044_fig_2.png,1062,1258,18aWh6eh02D_G4EPkIEvzAEL2FhTnQpYH,Embedding Atlas widget in Jupyter Lab.
2025,10.1109/VIS60296.2025.00044,11298759,fig3,3,Figure 3:,F,vis_2025_00044_fig_3.png,1074,544,1RqGP7FEbnQFlF6xWF6O3a65oyR-E50XT,"The density mode (right) visualizes the density of the projected points through opacity and contours. When showing multiple categories, the visualization uses order-independent transparency [13] to avoid the effect of blend order."
2025,10.1109/VIS60296.2025.00044,11298759,fig4,4,Figure 4:,F,vis_2025_00044_fig_4.png,1071,993,1bd9ZqKI1IoRPWiWKNfRS0yiR7nU90tzS,"Embedding Atlas includes multiple distribution visualizations: bar charts, histograms, 2D heatmaps, and box plots. Basic charts can be added via a template-based chart builder. Advanced users can write arbitrary Mosaic specs to create complex charts."
2025,10.1109/VIS60296.2025.00044,11298759,fig5,5,Figure 5:,F,vis_2025_00044_fig_5.png,1039,376,1DfCFfqa3L1Dn5G8qfiDTW7xpyvV1kz4G,Left: Embedding view frames per second (FPS) over the number of points in the dataset. Embedding Atlas maintains above 60fps until 4 million points. Right: FPS over the number of categories for 5 million points.
2025,10.1109/VIS60296.2025.00045,11298871,fig1,1,Fig. 1:,F,vis_2025_00045_fig_1.png,1774,1264,1zOKas5UU2hqSXRS02oG7GKD2IcOFHR0Q,"Our prototype tool, CFTree, has two views: (A) individual view and group view. Users can select data rows from (B) the data table to submit and generate counterfactuals. These counterfactual explanations turn the selected data from an undesired class (C) into the desired class. After counterfactuals are generated, users can further filter counterfactuals (D) and uncheck or reorder attributes (G). To further explore the patterns/trends with different groups of counterfactuals, users can adjust sliders (E) to change the number of groups and define common attributes. Counterfactuals are summarized in a tree view (F) laid out as branching possibilities (H), with the nodes along each path representing data attributes and aligned by attribute, as in a table."
2025,10.1109/VIS60296.2025.00045,11298871,fig2,2,Fig. 2:,F,vis_2025_00045_fig_2.png,1055,1001,1CidlGaNv4tB0dDdmO-5SA_YsMJ4da6jR,"When nodes are expanded, users can see how the counterfactual explanations flow from one attribute to another attribute. Inside the expanded node, users can see how many different counterfactual values are possible for that attribute compared to the original data."
2025,10.1109/VIS60296.2025.00046,11298808,fig1,1,Figure 1:,F,vis_2025_00046_fig_1.png,1778,949,1nhqf3wfv5gHSlFfCtr8d5Oy6ftwy_dCq,"The CliMAScope interface combines multiple visualizations to understand spatial, temporal, and inter-variable relationship patterns for climate data."
2025,10.1109/VIS60296.2025.00046,11298808,fig2,2,Figure 2:,F,vis_2025_00046_fig_2.png,1053,761,1I1VJceJmAMp42D27lcSNIfJLBRh5ihPD,"A comparison of the expressive (left) and discrete (right) visual styles used by CliMAScope. The expressive visual style exaggerates the spatial data, using overlapping circles to create an organic appearance, while the discrete visual style limits the size of the square to the size of the geospatial pixel."
2025,10.1109/VIS60296.2025.00046,11298808,fig3,3,Figure 3:,F,vis_2025_00046_fig_3.png,1015,1131,1I8bBeGDEVoYkiRbHombdTzrAziiL8I6t,CliMAScope’s interactive thresholding view. Users brush value ranges for GPP and LAI on linked histograms and the bivariate color map (left). The spatial view (right) updates accordingly. Two examples of enabled comparisons are the full bivariate distribution of GPP and LAI over South America (top row) and a user-defined selection (bottom row).
2025,10.1109/VIS60296.2025.00046,11298808,fig4,4,Figure 4:,F,vis_2025_00046_fig_4.png,1053,388,1vuvMbarhQrYM_TOPFmiXJvPhYau2imnt,"The temporal panel, located at the bottom of the CliMAScope interface includes an aggregate view (left) depicting patterns across several timescales, and a temporal waveform (right) showing the timeseries data."
2025,10.1109/VIS60296.2025.00046,11298808,fig5,5,Figure 5:,F,vis_2025_00046_fig_5.png,529,724,1jhWL-RekKE7YwNpl9i7KcKIFQGAQBg5D,"A combined GPP-LAI view reveals unexpected color shifts over the Amazon basin, suggesting anomalous model behavior."
2025,10.1109/VIS60296.2025.00046,11298808,fig6,6,Figure 6:,F,vis_2025_00046_fig_6.png,1033,641,1Zu4V_XRsJQF2xdxrCoK0JWed1s8jsekM,"CliMAScope supports the integration of contextual layers, such as elevation data (right), alongside climate variables (left)."
2025,10.1109/VIS60296.2025.00047,11298754,fig1,1,Figure 1:,F,vis_2025_00047_fig_1.png,1907,821,1yu6sAJ1_pvFJUUDedOhgWNVtiFCViOz0,"The overview of MC-INR: (a) The input data is spatially partitioned using k-means clustering, and random sampling is performed within each cluster for meta-learning. (b) The sampled data are passed through positional encoding and used to train an initial network via meta-learning. (c) The meta-learned model is then fine-tuned using the full data of each cluster. Re-clustering is performed if the residual exceeds a threshold. (d) The proposed CoordNetB is the backbone DNN model, consisting of global and local structure feature extractors (GFE and LFE). Finally, the outputs from all clusters are merged to produce the final encoding result."
2025,10.1109/VIS60296.2025.00047,11298754,fig2,2,Figure 2:,F,vis_2025_00047_fig_2.png,1934,434,1AMQPGSXMHm_BZvYuzvbMjJgJUo3sZ_jI,"Comparison of encoding performance over time. PSNR is recorded per epoch, with curves starting at different times due to varyin training durations. Each method is trained until convergence."
2025,10.1109/VIS60296.2025.00047,11298754,fig3,3,Figure 3:,F,vis_2025_00047_fig_3.png,1887,782,1j1CpQoyh9NXt3aAqFnNep5QINKXzZ_lj,"Error map visualization of pressure value. Errors are computed using absolute difference, with lower values shown in blue and higher values in red. The ground truth (GT) refers to the reconstructed points obtained from the tetrahedral mesh."
2025,10.1109/VIS60296.2025.00048,11298755,fig1,1,Figure 1:,F,vis_2025_00048_fig_1.png,1813,714,1C4AEdQVzfrUWVHFsVZBmQJ4oB4-RLjRW,Activity recall timelines (ARTs) can encode uncertainty in activity recalls for better sensemaking while conveying the data’s underlying validity. We conducted a mixed-method user study to evaluate different temporal and categorical uncertainty encodings in ARTs.
2025,10.1109/VIS60296.2025.00048,11298755,fig2,2,Figure 2:,F,vis_2025_00048_fig_2.png,1040,506,141F6iOHJbZbCAL8n8JtPO0t38JWi9nIw,Design of ARTs and example stimuli. Left: visual components in ARTs. Right: a sparse (top) and dense (bottom) stimulus.
2025,10.1109/VIS60296.2025.00048,11298755,fig3,3,Figure 3:,F,vis_2025_00048_fig_3.png,1026,1772,1WG70HCJUUgHrScacx1kwiSu_5E_EXn99,"Plots for the accuracy (A), response time (B), and self-report confidence (C) on each encoding. Encodings are shorted for brevity."
2025,10.1109/VIS60296.2025.00048,11298755,fig4,4,Figure 4:,F,vis_2025_00048_fig_4.png,2204,428,1vSchKhOkDbdouOxcqBaRdDHfCWxqQ7V8,"Plots of the accuracy (1), response time (2), and self-report confidence (3) for timeline evaluation tasks across stimuli densities."
2025,10.1109/VIS60296.2025.00049,11298739,fig1,1,Figure 1:,F,vis_2025_00049_fig_1.png,1806,856,174VIkUucYYnRIrS7wb-g3YGSeYRtgwTy,"A pipeline overview of ViStruct.(a) User provides a visualization task description and static charts. (b) Behind the scenes, the system generates a detailed textual description of the chart and identifies its geometric elements. (c1) The high-level task is decomposed into a sequence of low-level component subtasks. (c2) An example shows how the original task is broken down into a step-by-step reasoning flow. (d) The system detects and labels chart regions based on geometric features and spatial relationships.(e) The chart is automatically annotated with task-relevant Areas of Interest (AOIs) to guide user attention."
2025,10.1109/VIS60296.2025.00049,11298739,fig2,2,Figure 2:,F,vis_2025_00049_fig_2.png,1000,552,1GnWsEIAj6fboUYfHCspGvqdnE0KL8-dB,"(T) Task Decomposition: The system presents a low-level component task breakdown derived from the user’s high-level question, categorized by task type. (W) Editable Workflow Interface: Users can view and manipulate the task structure and customize the workflow, selecting variable instances and reordering steps."
2025,10.1109/VIS60296.2025.00049,11298739,fig3,3,Figure 3:,F,vis_2025_00049_fig_3.png,1012,447,115ZfDfaIw70c-oCmHCOHAMmxnv7FDaP8,Workflow of region identification: The input chart is processed using OpenCV to identify distinct regions corresponding to chart segments. These regions are labeled by the system. VLM then identifies each annotated region with meaningful descriptions.
2025,10.1109/VIS60296.2025.00050,11298795,fig1,1,Figure 1:,F,vis_2025_00050_fig_1.png,1847,499,1VL3ajH98KdHC8DGxmEGvnxGlz4IwHd4c,"Centered are three abstracted notebooks with four color-coded visualization components. Program-Level has all four components in one code cell. Chart-Level has a function code cell, a function building code cell, and a data code cell. Lastly, Component-Level has all four components in different code cells. To the left is a sample of Chart-Level Decomposition. To the right is an example of Component-Level Decomposition."
2025,10.1109/VIS60296.2025.00051,11298742,fig1,1,Figure 1:,F,vis_2025_00051_fig_1.png,1784,590,1EG-aRqQw1adAWRghgmF4WE7ZrSugOolI,"Overview of publish-time optimization strategies for interactive visualizations. Shifting data preparation, optimization computations, and rendering to publish time improves both time-to-render (TTR) and time-to-activation (TTA)."
2025,10.1109/VIS60296.2025.00051,11298742,fig2,2,Figure 2:,F,vis_2025_00051_fig_2.png,1053,503,12k2sowe6GCeCPPKeFJle-hHR2ocZPcNE,Visualizations used to evaluate publish-time optimizations.
2025,10.1109/VIS60296.2025.00051,11298742,fig3,3,Figure 3:,F,vis_2025_00051_fig_3.png,2109,620,1WLrHnxiK8sCGJlmUIY3OVjEv5LU6KB4D,"Time-to-Render (TTR, top) and Time-to-Activation (TTA, bottom) across specifications, dataset sizes, and optimizations. Lines show median times in milliseconds, while shaded areas indicate interquartile ranges."
2025,10.1109/VIS60296.2025.00051,11298742,fig4,4,Figure 4:,F,vis_2025_00051_fig_4.png,1048,367,1gLgWCWkmhvjgjmr4J4gAqN0YH_6Y10QS,Breakdown of latency components averaged across visualization specifications with a backing dataset of 10 million rows.
2025,10.1109/VIS60296.2025.00052,11298820,fig1,1,Figure 1:,F,vis_2025_00052_fig_1.png,1383,557,1gn9GWAzt5Kr0p0Xf2rY1V1S0BNgUGh9P,"Overview of the structure of our study, showing (A) an example of a student-authored literate visualization notebook, and (B) the ten visualization design concepts used to classify rationale. Together, these components frame our methodology for (C) extracting and (D) validating question, answer, and rationale (QAR) triples from real-world student visualization design narratives."
2025,10.1109/VIS60296.2025.00052,11298820,fig2,2,Figure 2:,F,vis_2025_00052_fig_2.png,1075,851,1yQiRfJMgTztxBiflLt3Du5DJex3nGDBB,"Example of an ‘Areas’ Question, Answer and Rationale from our dataset."
2025,10.1109/VIS60296.2025.00052,11298820,fig3,3,Figure 3:,F,vis_2025_00052_fig_3.png,1037,810,12Ow6kX4jyIc8Itk4hrlxjS8kLFC6zVCS,"Example of a ‘Size’ Question, Answer, and Rationale from our dataset."
2025,10.1109/VIS60296.2025.00053,11298828,fig1,1,Figure 1:,F,vis_2025_00053_fig_1.png,1769,463,1DuzATWMVcWKcFqWZvFRioLyJO3Cz9E0Z,"(A) An annotated Washington Post visualization [36] recreated using a proof-of-concept implementation of our AnnoGram extension to the Grammar of Graphics, (B) is shown alongside an excerpt of the specification. (C) the implementation supports diverse annotation types (text, connector, enclosure, indicator, etc.) across various chart types."
2025,10.1109/VIS60296.2025.00053,11298828,fig2,2,Figure 2:,F,vis_2025_00053_fig_2.png,1033,854,1OBwWy8cw7ll-UMm47IWTlU3o968xhRQY,"AnnoGram introduces a top-level primitive to declaratively define annotation targets, types, and placement."
2025,10.1109/VIS60296.2025.00053,11298828,fig3,3,Figure 3:,F,vis_2025_00053_fig_3.png,999,349,1eL2ldR848bGDGPclKePvVmj_mVMWhXym,Supported annotation targets.
2025,10.1109/VIS60296.2025.00053,11298828,fig4,4,Figure 4:,F,vis_2025_00053_fig_4.png,1053,1356,1WjvVRrpIX7Z094o5zN1zkrKL2U0oYkmO,Workflow overview of AnnoGram implementation.
2025,10.1109/VIS60296.2025.00053,11298828,fig5,5,Figure 5:,F,vis_2025_00053_fig_5.png,1049,469,1or37fHUiDTSxkxsTNDMik_nWE53AjBRa,Same annotation specification applied to three different chart types with different fields of the same data. AnnoGram dynamically detects the target mark types and adds annotations.
2025,10.1109/VIS60296.2025.00054,11298864,fig1,1,Figure 1:,F,vis_2025_00054_fig_1.png,1433,863,1dAc1Ymwv5sqiRtfqcyjixGtFy0c03h1l,"The ANNOLENS system, recreating the annotations made by participant P1 in our pilot study, showing: (a) a scatter plot and relevance score contours, (b) bar charts depicting summary data about attributes for each lens and linking identical attributes, (c) primary lens, (d) secondary lens, (e+f) annotations, and (g) the hotbar with multiple buttons for annotation and navigation."
2025,10.1109/VIS60296.2025.00055,11298749,fig1,1,Figure 1:,F,vis_2025_00055_fig_1.png,1069,633,1SknOENJWZej9nqrVtalJxK3VqC76p-D0,"Our proposed similarity framework for visualization retrieval establishes clear comparison criteria and representation modalities. The framework characterizes comparison criteria determining what aspects of visualizations should be compared, while representation modalities define how these visualizations are represented for comparison, with regard to information content and visualization determinism–the degree to which a representation format guarantees a single, consistent visual rendering."
2025,10.1109/VIS60296.2025.00055,11298749,fig2,2,Figure 2:,F,vis_2025_00055_fig_2.png,1765,741,1XA5F6yUIMCHPS1o1H4UV9bcBeHtg4liZ,"Visualization representation across four modalities: a Vega-Lite JSON specification (right) rendered as SVG vector–with accompanying SVG markup, and PNG raster images, along with multiple natural language descriptions. Specification, vector, and raster formats maintain mapping relationships (directed arrows), while natural language enables one-to-many interpretations (multiple text examples)."
2025,10.1109/VIS60296.2025.00055,11298749,fig3,3,Figure 3:,F,vis_2025_00055_fig_3.png,736,241,1EOLl6LOKu_0Xo-swQytQ8Zt10TmZvvsS,Searching D3 Visualizations [7]
2025,10.1109/VIS60296.2025.00055,11298749,fig4,4,Figure 4:,F,vis_2025_00055_fig_4.png,736,231,1CxpsVrRrh_trID7o26tehzVFZTp8s6ut,Multimodal Retrieval of Genomics Data Visualizations [18]
2025,10.1109/VIS60296.2025.00055,11298749,fig5,5,Figure 5:,F,vis_2025_00055_fig_5.png,736,246,1IAxUqvLjbTGGwS-KbKdApzhDZL5t9HXs,WYTIWYR: User Intent-Aware Framework [30]
2025,10.1109/VIS60296.2025.00055,11298749,fig6,6,Figure 6:,F,vis_2025_00055_fig_6.png,736,255,1GAbsHvupNDmHQUvuTebCzenRgiyI54WF,VAID: Indexing View Designs in VA system [32]
2025,10.1109/VIS60296.2025.00056,11298814,fig1,1,Figure 1:,F,vis_2025_00056_fig_1.png,1796,702,1-XA4QXT_kUqy7T1oSYWTESX-dMJhpOWI,"Two out of the three experimental conditions. On the left: the control condition – copy of the design used by Kieskompas, composed by the visualization referred to as political compass and toggle buttons. The parties and the user (red dot) are positioned with respect to two axes: left-right, progressive-conservative. The questions are grouped into thematic topics and the topics can be switched on and off using toggle buttons. On the right: the experimental condition – composed of the visualization referred to as metaphoric map and the interactive sliders. The metaphoric map shows positions of other voters participating in the elections (light dots), positions of the parties and the user (red dot). The colored clusters group voters with similar positions. The sliders allow to change the answers on the questions and see how the position of the user is adapted. (Original text on the interface were in Dutch.)"
2025,10.1109/VIS60296.2025.00056,11298814,fig2,2,Figure 2:,F,vis_2025_00056_fig_2.png,1050,550,1nu8GQfr5btaZZOT32a4m20lJMpvGxvon,The flow of the experiment.
2025,10.1109/VIS60296.2025.00056,11298814,fig3,3,Figure 3:,F,vis_2025_00056_fig_3.png,1042,478,1sUWKLl3uTnVJZqSt7_zpePw4DN78KJZu,"Difference in means with 95% CIs for (A) perceived knowledge, (B) factual knowledge, and (C) ease of use."
2025,10.1109/VIS60296.2025.00056,11298814,fig4,4,Figure 4:,F,vis_2025_00056_fig_4.png,1013,567,1DltE5VAXPv1LzvaixhtCKVi6J2rJOVHu,"Relative frequency of responses categorized as ideological or non-ideological (e.g., based on political party, map/region, or opinion matching) across the control, intermediate, and experimental conditions."
2025,10.1109/VIS60296.2025.00058,11298793,fig1,1,Fig. 1:,F,vis_2025_00058_fig_1.png,1827,366,1nZdz_w46eyGZgWp_m8Nx3XvmWOLRBgp_,An illustration of the dimensions and their sub-categories in our systematic review. A detailed version is in Appendix A.
2025,10.1109/VIS60296.2025.00058,11298793,fig2,2,Fig. 2:,F,vis_2025_00058_fig_2.png,1053,368,1Zq4lJZPAA2iyYOjKMztaZ5I8lrqyH9yf,A mapping relationship between the widgets’ physical form and functional shape. The definitions of the physical form and functional shape can be found in Appendix C.
2025,10.1109/VIS60296.2025.00058,11298793,fig3,3,Fig. 3:,F,vis_2025_00058_fig_3.png,2221,1108,1-Q2_g7-_RuuHzcPq1mvxyeYUdVz3Iu1u,"A mapping relationship among the functional shapes of widgets, the types of interactions, and the tasks they support."
2025,10.1109/VIS60296.2025.00060,11298907,fig1,1,Figure 1:,F,vis_2025_00060_fig_1.png,1824,481,1GDe2a5AknSH06Y0LNJmU5NUhUrKavcIB,Overview of the design space dimensions. Intrinsic dimensions (top row) describe environmental and data characteristics; extrinsic dimensions (bottom row) reflect intentional choices in designing and situating embedded visualizations.
2025,10.1109/VIS60296.2025.00060,11298907,fig2,2,Figure 2:,F,vis_2025_00060_fig_2.png,2207,297,13yJBHRjd0kUO8yDen3sYiu2n5NP3nzMu,"Process of creating the design space. Grounded in theory and practice, we explored early visualization concepts, synthesized and adapted dimensions, and finally, operationalized the design space through speculative exemplars to demonstrate expressiveness."
2025,10.1109/VIS60296.2025.00060,11298907,fig3,3,Figure 3:,F,vis_2025_00060_fig_3.png,1832,989,1wbtvnA_Lxh6IVp6SlcY1HsnlatTwjpQs,"Emergent space of Visualization Appearances combining the dimensions Scale and Realism, resulting in the four quadrants Real, Abstract, Hybrid 1 and Hybrid 2, with examples in each area."
2025,10.1109/VIS60296.2025.00060,11298907,fig4,4,Figure 4:,F,vis_2025_00060_fig_4.png,2213,378,1aRzahOy1GjIRwIur3Sr4vNrZFpxZktAu,Three embedded urban visualization scenarios and their respective attributes from the design space. (A) A hyperlocal temperature curve on a sensor pole. (B) A visualization of rentals at a shared bike station. (C) Visualizations of a gridded climate model over time.
2025,10.1109/VIS60296.2025.00061,11298804,fig1,1,Figure 1:,F,vis_2025_00061_fig_1.png,1826,604,1gCvjVdWwsnxkmLWe0zTZ0mTqfQhhabZ5,"The FlexPhys cookbook. Researchers can draw a path passing through the eight ingredients of the cookbook. The core ingredient is the context and the goal. Left: The light grey line shows the ingredients covered by a workshop study (CLAY workshop); Middle: Three physicalization workshop examples [7], [18], [25] described using FlexPhys; Right: Three workshop scenarios that answer three types of research questions generated using FlexPhys."
2025,10.1109/VIS60296.2025.00063,11298714,fig1,1,Figure 1:,F,vis_2025_00063_fig_1.png,912,539,12f8X-X7LZdsJuinwZTfL5Z0slvJTsdeW,"Typology applied to the table of blood test results discussed by the clinician and patient in Scenario 1. For clarity, not all instances of each classification are tagged. The annotation highlights how even in this seemingly simple example, medical data shows high complexity requiring careful consideration for visualization."
2025,10.1109/VIS60296.2025.00064,11298785,fig1,1,Fig. 1,F,vis_2025_00064_fig_1.png,971,952,1Y4i9LvTdA35uMI0VwVhCPbhT_8zmsRVK,Comparison of AA and DLSS methods applied to mountainous terrain with realistic textures. Note the differences in edge treatment along ridgelines and texture preservation in the snow and rock textures.
2025,10.1109/VIS60296.2025.00064,11298785,fig2,2,Fig. 2,F,vis_2025_00064_fig_2.png,956,534,1OW48a6bQGOcVrket3_tUbKSUowVVR2_P,"DLSS artifacts: (top) hallucinated geometry, (middle) ghosting, (bottom) lost geometry and hallucinated holes."
2025,10.1109/VIS60296.2025.00064,11298785,fig3,3,Fig. 3,F,vis_2025_00064_fig_3.png,971,201,1hQzkaJtASkGxNc-C6bSRBuUSMjrV2Pan,One-pixel wide contour lines get thicker with DLSS upscaling.
2025,10.1109/VIS60296.2025.00064,11298785,fig4,4,Fig. 4,F,vis_2025_00064_fig_4.png,972,267,1cvhPNUdH1yXHpNVDnt7qiGqMp2I0OPOc,"Terrain, with photorealistic textures, and colored by height."
2025,10.1109/VIS60296.2025.00064,11298785,fig5,5,Fig. 5,F,vis_2025_00064_fig_5.png,971,832,1igafgn1kiPPbf8pCgNTZ-hzcr_ue4Zh5,"Visual comparison of various AA/DLAA/ DLSS techniques on point cloud rendering, demonstrating the effects of rendering resolution on point visualization."
2025,10.1109/VIS60296.2025.00064,11298785,fig6,6,Fig. 6,F,vis_2025_00064_fig_6.png,972,359,1lG9yWEIcmEa8O8fM2SfTVB92Ipnu1HMM,"Point clouds with eye-dome lighting, (top) full-res rendering with point size=3 pixels, (bottom) DLSS 33% with point size=1 pixel."
2025,10.1109/VIS60296.2025.00064,11298785,fig7,7,Fig. 7,F,vis_2025_00064_fig_7.png,962,474,1-i8GOZnfUrDWwJzW_xotpCvmyoNP3WES,"Image comparison scores for DLSS/DLAA on point clouds rendered with and without eye-dome lighting enabled. For visualization purposes, Y-axis values were normalized between their min and max observed values, with Butteraugli scores scaled from the range [29.04, 117.94], FLIP scores from [0.40, 0.82], and MS-SSIM scores from [0.10, 0.74]."
2025,10.1109/VIS60296.2025.00064,11298785,fig8,8,Fig. 8,F,vis_2025_00064_fig_8.png,969,277,1huYz6HLqttQhAcmWx_2jS1kVvHIV7fkW,"Shape preservation comparison, showing SSAA reference (top), CNN-based DLSS (middle), and transformer-based DLSS (bottom), demonstrating transformer's superior resemblance to SSAA."
2025,10.1109/VIS60296.2025.00065,11298716,fig1,1,Figure 1:,F,vis_2025_00065_fig_1.png,952,309,1wFacetkpgdmOoAmAN_w06XtlJe7bBWpk,"Overview of our vector field diffusion training pipeline. The process begins with noise addition following a forward diffusion process with βt schedule, combined with streamline input values. Both conditional and unconditional paths through parallel UNet2D networks are modeled, with the outputs combined using classifier-free guidance (CFG). This dual-path architecture enables the model to balance fidelity to known streamline regions while generating physically plausible completions in unknown regions."
2025,10.1109/VIS60296.2025.00065,11298716,fig2,2,Figure 2:,F,vis_2025_00065_fig_2.png,943,303,1jsBF2RwJi_qvAeUVPaYRxhF5KVZn0MEi,"Our vector field diffusion inference pipeline. The process begins with random noise in unknown regions while preserving known vector data from streamline observations. Through iterative denoising steps guided by CFG, the model produces complete vector fields while maintaining physical consistency."
2025,10.1109/VIS60296.2025.00065,11298716,fig3,3,Figure 3:,F,vis_2025_00065_fig_3.png,1976,839,1D2KKKyqeV_NMuiFtQUNYb2hCAC9F3P6I,"Qualitative comparison across all three datasets: (A) Synthetic, (B) Red Sea, and (C) CFD, with two examples per dataset. Top row: Ground truth vector fields with sparse streamline inputs overlaid that the model hasn’t seen. Middle row: Vector fields synthesized by our diffusion model. Bottom row: Vector fields synthesized by the baseline optimization method. Our approach consistently outperforms the baseline, better capturing complex flow patterns and maintaining physical consistency throughout the domain."
2025,10.1109/VIS60296.2025.00065,11298716,fig4,4,Figure 4:,F,vis_2025_00065_fig_4.png,942,738,1uqPTn-TkC8lL6AC5PQgKVEXtgS0rrqkA,"Vector field synthesis from hand-drawn streamlines. Each column shows a different input pattern: a simple vortex (left), a simple saddle (middle), and a complex S-shaped streamline (right). Top row: Results from our diffusion model with low CFG values and different random seeds, exhibiting more varied fields despite simple input streamlines. Note how the first column shows a vortex with near-parallel streamlines and the second column displays a more complex saddle pattern. Middle row: Results from our diffusion model with CFG ≥ 1, showing standard expected features that perfectly adhere to the input streamlines: a large simple vortex (left) and large simple saddle (middle). Bottom row: Results from the SVD method, which produces single, simple flows with physical properties concentrated around constraints for each set of constraints. The thick black lines with arrows are the hand-drawn input streamlines. The dashed black arrow signifies sparser sampling of a long hand-drawn streamline to smooth out artifacts like jitter or sharp angles from the drawing process. The thin white lines are streamlines depicting the synthesized flow."
2025,10.1109/VIS60296.2025.00066,11298784,fig1,1,Figure 1:,F,vis_2025_00066_fig_1.png,1611,738,1XvtgTJYx6_Q2EfeRsKqTueEoY-aegzF7,"Integration of Vizualink in a data article. Screenshots on the left side display article sections with highlighted data points. When a reader hovers over a data point, the corresponding section of the relevant graph is emphasized, as shown in screenshots on the right side."
2025,10.1109/VIS60296.2025.00066,11298784,fig2,2,Figure 2:,F,vis_2025_00066_fig_2.png,754,209,1y3mPGEx5G0Ja9vxG41bV7In4XmR0s5B2,"Boxplots of HQ-S scores. Scores range from 1 to 7, but all observed values fell between 2 and 7. *** p < .001."
2025,10.1109/VIS60296.2025.00066,11298784,fig3,3,Figure 3:,F,vis_2025_00066_fig_3.png,960,279,1rEmilSC4pNear_ilX3SWY1GFxpnl3WcZ,PLS results
2025,10.1109/VIS60296.2025.00067,11298825,fig1,1,Figure 1:,F,vis_2025_00067_fig_1.png,1826,739,1AneJ_4tjHbWDDJw2p3IUzCoMw7BHRuz3,"Upper-Left: 3D spatial visualization tools, like Paraview [3], work well for calculating and visualizing streamlines, but it is challenging to refine these visualizations in ways that a skilled illustrator would (e.g., by emphasizing specific lines or portions of lines). Bottom-Left: The Drawing in the Flow starts by importing a dense 3D line set (e.g., generated in Paraview with streamlines seeded on a regular 3D grid or randomly). These define an underlying 3D data ""canvas"", which can optionally be visualized to provide context. Middle: Users then work with a bimanual 3D sketching interface to draw lines that (roughly) follow the flow, controlling the length, density, color, and other stylistic properties as with any digital painting tool. ""Ink-data settling"" morphs these hand-drawn lines to match the underlying vector flow data, and ""lazy data binding"" can be used to tie color and line width to underlying scalar data (e.g., speed, pressure). Right: The result is an accurate semi-immersive 3D multivariate flow visualization customized without programming or scripting to emphasize particular features for teaching or other illustrative purposes."
2025,10.1109/VIS60296.2025.00067,11298825,fig2,2,Figure 2:,F,vis_2025_00067_fig_2.png,1054,307,1HLAx6xuOjpMDeCg8GoKebt58WHZnfxNA,User drawn stroke morphing from where it was drawn to a flow line then data is bound to the stroke.
2025,10.1109/VIS60296.2025.00067,11298825,fig3,3,Figure 3:,F,vis_2025_00067_fig_3.png,1059,347,1FVQHF4kBv041VGwaH4cmRJ1dsh0Lgsgg,Additional 3D illustrations of the heated and spinning disk dataset show the range of visual styles that can be created using the 3D sketching interface.
2025,10.1109/VIS60296.2025.00067,11298825,fig4,4,Figure 4:,F,vis_2025_00067_fig_4.png,1059,347,122KqJl-TKVIf4y5JTyMfDSH8c8TBx4Lu,"Perspective views from walking around a hand-drawn 3D illustration of a forest fire simulation, with color mapped to velocity magnitude (tan=low, magenta=high)."
2025,10.1109/VIS60296.2025.00068,11298888,fig1,1,Figure 1:,F,vis_2025_00068_fig_1.png,1827,1006,1OkZkruu3qF0W0t7A5SZ3i9LF9hAEd7LG,"An annotated chart and its corresponding ChartMark grammar representation. Left-top: The overall ChartMark instance showing the annotations list structure. Left-center: Basic chart information defining the group bar chart properties. Left-bottom: The rendered chart displaying annual training budget by department with four annotations: highlighting data marks with stroke and opacity (a), labeling marks with data values (b), drawing a mean line with value label (c), and outlining the max-value mark (d). Center and Right: The detailed JSON specification for each annotation (a-d). For more examples and details, see this link."
2025,10.1109/VIS60296.2025.00068,11298888,fig2,2,Figure 2:,F,vis_2025_00068_fig_2.png,1054,866,1mTdr8RexjCOdiNRkQP20ivI0kQnmNs2-,"Overview of the ChartMark grammar pipeline. It illustrates how annotations are represented hierarchically through JSON specifications (a), and (b) demonstrates the transformation of these abstract specifications into platform-specific visualizations using converters for Vega-Lite, ECharts, and D3.js."
2025,10.1109/VIS60296.2025.00068,11298888,fig3,3,Figure 3:,F,vis_2025_00068_fig_3.png,1020,1108,1Wc1MZMPUENQl8XQdmhjDbNvb6OJMr41n,"ChartMark specification for a scatter plot with three annotations: () dashed trend lines using linear regression across school groups, () an explanatory text note attached to the trend line highlighting the positive correlation, and () cross-mark symbols on failing scores (<60) with a legend explaining their meaning."
2025,10.1109/VIS60296.2025.00068,11298888,fig4,4,Figure 4:,F,vis_2025_00068_fig_4.png,1053,745,1qY30MFgQpS2h6cyYQ53lTiNKrJFRhP--,"ChartMark specification for a group line chart with four reference-type annotations: () a bounding box highlighting a specific time-value region (Jun-Oct 2024, 240-280 units), () a shaded background marking Q2, () a horizontal reference line at 190 units, and () customized y-axis grid lines with 6 intervals."
2025,10.1109/VIS60296.2025.00068,11298888,fig5,5,Figure 5:,F,vis_2025_00068_fig_5.png,1053,519,1J1Gn-Eq08czox_S1ty24OHw8NcWZxLpd,ChartMark in Jupyter notebook
2025,10.1109/VIS60296.2025.00069,11298798,fig1,1,Figure 1:,F,vis_2025_00069_fig_1.png,1771,508,1QpB6RPm2whoBkeU4GN-jLvcWdEfibTHt,"An example of animated output of a kinetic query, revealing a successful strategy in the election-simulation and computational thinking educational game Operation: ELECT. The line plot shows calculated acquired votes over the turns of an individual level. Isolated success in two key districts of the specific in-game level are encoded with red-to-green and red-to-blue color scales configured to overlap near the midpoint of the animation, creating a cyan blended encoding for players who were successful in both districts. An opacity encoding is also blended in near the midpoint of the animation to accentuate in-game actions of interest."
2025,10.1109/VIS60296.2025.00069,11298798,fig2,2,Figure 2:,F,vis_2025_00069_fig_2.png,2207,1474,1pNuq_-hQNvjBfLPm164zHG-Xzuk7x87e,"The full interface of the tool has two main views: the Encoding View and the Animation View. The Encoding View (A) allows analysts to add and configure layers, one of which (B) is expanded here to show its inputs (B.1-5) in greater detail. The Animation View (C) continuously plays an animated visual based on the configured layers. The full effect of the technique cannot be seen here due to its animated nature. However, multiple time-steps (C.1-3) can be seen at times t = 0.0, t =0.5 and t =1.0, where the animation curves in A.1-3 are at their peaks."
2025,10.1109/VIS60296.2025.00069,11298798,fig3,3,Figure 3:,F,vis_2025_00069_fig_3.png,1040,552,1QrRdT7t0SEiFQUDHXuZVPW0tDEpTAryg,"A layer processing diagram is shown. At any time t, each point Pi has a calculated visual encoding determined by its sequential flow through every blending layer. The input elements are shaded, with the first five being set through the blending layer’s interface. The final input is provided as output from the previous layer."
2025,10.1109/VIS60296.2025.00069,11298798,fig4,4,Figure 4:,F,vis_2025_00069_fig_4.png,1053,745,1yPCa1orPp3-bsuUriH35gx1M5c0UwTo8,"A GEAR UP cohort student plays Operation: ELECT, viewing one of four districts in level one. The left side of the screen shows available actions that may be taken in the selected district each turn. The right side of the screen shows district analytics the player must interpret to make informed decisions."
2025,10.1109/VIS60296.2025.00070,11298910,fig1,1,Figure 1:,F,vis_2025_00070_fig_1.png,1795,858,1NCwd_0HMDd-1E9wrl8MxJ315EwPWEZhO,"The procedures and results of a conceptual replication of a prior study conducted by Adams et al. [1]. We highlight one example of the difference between stimuli in the studies, which now use real data, and summarize our findings which mostly verify the results of the original study, strengthening its validity."
2025,10.1109/VIS60296.2025.00070,11298910,fig2,2,Figure 2:,F,vis_2025_00070_fig_2.png,1043,456,1Gqx7cXJV84lregQ3yMJjssCAbdpcF9VL,"Quantitative NASA-TLX aggregate measures showing differences between and within the Replication (R) and Original (O) studies. The trends between gender and conditions were similar to the original; however, the reported workload was higher across all conditions for the men’s and women’s groups in the replication study, with all conditions for men being statistically significantly different from the original."
2025,10.1109/VIS60296.2025.00071,11298844,fig1,1,Figure 1:,F,vis_2025_00071_fig_1.png,1824,656,1MKFObVyW7fgdv6Ba6ZmSSbZTZEpbjMoZ,We demonstrate OceanVive in an immersive environment: (A) 180° Panoramic Curved Display and (B) Exploratory Panel.
2025,10.1109/VIS60296.2025.00071,11298844,fig2,2,Figure 2:,F,vis_2025_00071_fig_2.png,1053,197,1B0Mr7b_ivODkDf_VKyjy7jhCavPh8ZvS,"Real-time dynamic slicing method enables flexible, contextual, and immediate observation of data from any angle and position."
2025,10.1109/VIS60296.2025.00071,11298844,fig3,3,Figure 3:,F,vis_2025_00071_fig_3.png,1048,470,19RsBI8p5scEn0T22sebS4bpH2t-Jmzpg,"Four observational targets in OceanVive, including A) Spatial Point, designated by clicking on the miniature, B) Spatial Path, designated by connecting a series of spatial points, C) Volumetric Area, designated by circle selection on the miniature, and D) the combination of multiple targets."
2025,10.1109/VIS60296.2025.00071,11298844,fig4,4,Figure 4:,F,vis_2025_00071_fig_4.png,601,921,1xVSlxbvbX6hn3VDVHmsKc9TlBUOxC-a6,"Three switchable charts tailored to current observational target: bar chart, line chart, and box plot."
2025,10.1109/VIS60296.2025.00071,11298844,fig5,5,Figure 5:,F,vis_2025_00071_fig_5.png,1054,372,1xdVPJnMFvMgRRfosCwl6ROt6joNy8sle,Four overlying line charts below indicate the sampled values along the route.
2025,10.1109/VIS60296.2025.00072,11298894,fig1,1,Figure 1:,F,vis_2025_00072_fig_1.png,866,622,1xrDGMqDJYnqntqxB_kbLwJ_Q89d7f5UL,"Overview of the user interfaces. (a) The default user interface without coordination. (b) The user interface with coordination using Volumetric Slice Planes (VSPs). (c) The user interface when using voice commands. (d) The visual result given by a voice command of ""I want to focus on the liver""."
2025,10.1109/VIS60296.2025.00072,11298894,fig2,2,Figure 2:,F,vis_2025_00072_fig_2.png,1889,692,1UoExBVGPTJZ6fcn0hr0wusuSZ3a_syzS,The pipeline of our multimodal coordinated 2D-3D visualization system.
2025,10.1109/VIS60296.2025.00072,11298894,fig3,3,Figure 3:,F,vis_2025_00072_fig_3.png,616,395,1qAJ0Wnc5Z_Ow_krUC5HmOWP6E9AUMKFk,The NASA Task Load Index from user study.
2025,10.1109/VIS60296.2025.00073,11298715,fig1,1,Figure 1:,F,vis_2025_00073_fig_1.png,1825,363,1wuX8vvzYkIY55drEP_210BHxZB13f30z,"Examples of three label placements: (a) Situated Individual, (b) Situated Grouped, and (c) Centered Grouped in simulated AR views and the diagrams of them (top right). Each cube’s color shows its spatial region, not an item type for the Identify task."
2025,10.1109/VIS60296.2025.00073,11298715,fig2,2,Figure 2:,F,vis_2025_00073_fig_2.png,1048,322,1iANA2IEkBFem4mU69od6CaLwFhFA9TnV,"Examples of target types in our three tasks: (a) Identify, (b) Compare, and (c) Summarize. In (a) and (b), we have only one target type (circles with a dotted line). In (c), we have two target types (colored blue and red in circles with a dotted line)."
2025,10.1109/VIS60296.2025.00073,11298715,fig3,3,Figure 3:,F,vis_2025_00073_fig_3.png,773,466,1RRZuRWDqVN7LqOeCslz8LzI_LRnHwgps,Mean completion time with 95% confidence intervals for each task and all the tasks.
2025,10.1109/VIS60296.2025.00073,11298715,fig4,4,Figure 4:,F,vis_2025_00073_fig_4.png,1043,545,1NDkvrJeH9z4jEYYLhx9TlIugX2atkg_8,NASA-TLX workload ratings of comparing three layouts. The percentage of low workload (green) and high workload ratings (pink) are shown within the bars.
2025,10.1109/VIS60296.2025.00074,11298835,fig1,1,Figure 1:,F,vis_2025_00074_fig_1.png,1903,1110,1zmk27tstH1wh8yglPEEKShaZcdJOtqsx,Four games displayed as space-time cubes. From left to right with different interactive selections: Game #15 with Agent 2 highlighted (green trajectory) and the game board at Step 33; Game #28 with bombs visible and the game board at Step 169; Game #6 with time range selection enabled (Step 435 to Step 484); Game #43 with active info panel and item pickups.
2025,10.1109/VIS60296.2025.00074,11298835,fig2,2,Figure 2:,F,vis_2025_00074_fig_2.png,1075,1110,1RkIb6IXFtc2DxTnsFRzhsP9l-qD9S5bv,"Annotated visualization of Game #6 with an active range selection: (A) primary STC, (B) ground plane (C) range selector, (D) time-flattening view, (E) secondary STC for the selected range, (F) game board, (G) info panel. Death events are visible in both STCs, the bombs and flames only in the secondary STC."
2025,10.1109/VIS60296.2025.00074,11298835,fig3,3,Figure 3:,F,vis_2025_00074_fig_3.png,752,752,1k_u8qhobkKtfpajlqJJNi6FjJGCE10Jk,"In Game #28, the blue agent traps itself, placing bombs at both entrances to its area and is destroyed by its own bomb. Meanwhile, the other agents, farther away, focus on collecting power-ups."
2025,10.1109/VIS60296.2025.00074,11298835,fig4,4,Figure 4:,F,vis_2025_00074_fig_4.png,1075,416,1iDRCfB3D6pMjZFCg-79jci-r7636eSGt,Close-up of the red agent’s elimination in Game #6 (see also supplemental video at 3:08): The red agent trapped in a space with both entrances blocked by the blue agent’s and their own bombs. The blue agent kicks its bomb toward the red agent.
2025,10.1109/VIS60296.2025.00074,11298835,fig5,5,Figure 5:,F,vis_2025_00074_fig_5.png,859,391,1459Cri-qkLo053AmX9kVYi2F2gXQolw2,"In Game #6, the blue agent places a bomb, waits four steps, then kicks it (red box) toward the red agent (white line connecting the bomb’s path). The bomb travels four tiles (from left to right) and explodes on the fifth, eliminating the red agent."
2025,10.1109/VIS60296.2025.00074,11298835,fig6,6,Figure 6:,F,vis_2025_00074_fig_6.png,860,752,1AEKtSB2zm5N0JMqgceyaoF7kHR-j39_Q,"In Game #6, the blue agents trap the red agents in the center and one corner, by planting bombs at the chokepoints."
2025,10.1109/VIS60296.2025.00075,11298911,fig1,1,Figure 1:,F,vis_2025_00075_fig_1.png,1784,543,1W3mmTv__0Fs-O9TLTthCqzjgYYQrh6de,"Multiple focuses set as colored 2-spheres upon a graph with their respective colored contents (induced subgraphs) presented in front of the user for inspection, editing, and interaction. The recently added link (highlighted in orange in the back) was created as a local operation joining the two respective nodes in the subgraphs. This link is not represented in either of the subgraphs but instead indicated by the dotted orange line for visual reference. The subgraphs are connected with the probes via tunnels. Additionally, colored cones (on the very left and right) point toward the probes located inside the graph."
2025,10.1109/VIS60296.2025.00075,11298911,fig2,2,Figure 2:,F,vis_2025_00075_fig_2.png,2106,486,1pOaXLB7aiDqmbqQt7MpiqBZMVHIbhZCW,"Exemplary renderings and conceptual arts covering the stages explained in Sec. 3. (a) Placement of a multi-focus probe in the graph. (b) Local editing of the probe content while the orange link got created through both subgraphs. Visual cues, i.e., the cones pointing toward the probes and the tunnel (truncated cone) connecting the right probe with its content, support the users’ orientation. Additionally, nodes and links in the graph which are surrounded by probes are enlarged and colored with the respective probe color for visibility. (c) Deformation of the graph using two probes. For better clarity, the nodes were initially arranged on a circle and the colored arrows in the concept art indicate the direction vectors caused by the two active probes."
2025,10.1109/VIS60296.2025.00075,11298911,fig3,3,Figure 3:,F,vis_2025_00075_fig_3.png,2174,540,16EBe12uRvR0jmj4yGb15nUbZTVgwQZtj,"(a) Shows viewpoints next to two different probes distant from each other. In each view, the tunnel indicates the path to the respective other probe and whilst only one is active it allows the user to translate to that probe. (b) Depicts the deformation where the left rendering illustrates the initial constellation in which three probes are positioned. On the right the graph is deformed caused by the navigation on one of the probe contents pushing away the probes from each other and stretching the graph in consequence."
2025,10.1109/VIS60296.2025.00076,11298842,fig1,1,Figure 1:,F,vis_2025_00076_fig_1.png,1827,577,1c-2M3e31n9sgyEERjVL-TS7X9k2b8YL0,"We present a timeline authoring tool that integrates augmented reality and tablet-based spatial interaction and explore its creative potential using two datasets: (a) the repetitive Fig wasp lifecycle, and (b) the La La Land’s emotional narrative arc."
2025,10.1109/VIS60296.2025.00076,11298842,fig2,2,Figure 2:,F,vis_2025_00076_fig_2.png,825,527,1YPyqUFU5iCToYOniuHVjM_jjOxldC3qU,"Key components of our timeline visualization:(a) Interactive nodes marking temporal positions, (b) Narrative cards displaying event/annotation details, (c) Connection lines anchoring cards to timeline positions, and (d) Structural lines defining the timeline’s form (curves, branches, etc.). This figure also illustrates card placement technique using the tablet’s bumping and dragging movement."
2025,10.1109/VIS60296.2025.00076,11298842,fig3,3,Figure 3:,F,vis_2025_00076_fig_3.png,2221,361,1hdi8lHAVopT496lRIGt_-1yf_XTr6A61,"The AR timeline is shaped through a combination of physical tablet movements: (a) creating a line, (b) creating a branch, (c) connecting line segments, and (d) removing a line segment."
2025,10.1109/VIS60296.2025.00076,11298842,fig4,4,Figure 4:,F,vis_2025_00076_fig_4.png,2221,450,1CIYsGMVs17j_mQBNXW2bxVNgjKEUZ41q,Participants’ AR timeline for La La Land movie plot (a) and Fig wasp life cycle (b-c).
2025,10.1109/VIS60296.2025.00077,11298768,fig1,1,Figure 1:,F,vis_2025_00077_fig_1.png,1803,523,1pw-xIjg2QIVTVyc_FAdagjQMlRzHNJ53,"Cell tracking in Mastodon (middle), 3D visualization of volume and track data in sciview (left) and a cell lineage tree (right). The dataset shows the early development stage of a C. elegans roundworm. Downloaded from the Cell Tracking Challenge website [15], data courtesy of Waterston Lab, University of Washington, Seattle, WA, USA [17]."
2025,10.1109/VIS60296.2025.00077,11298768,fig2,2,Figure 2:,F,vis_2025_00077_fig_2.png,1036,880,18SWXakaTmDIQdLVBs_Gd556EzI1lnBT-,"Data layout for manvr3d. It maintains a 3D spot and track representation in sciview via an event listener loop. Editing events are handed back to Mastodon, where they trigger partial or full graph redraw events (see appendix for details)."
2025,10.1109/VIS60296.2025.00077,11298768,fig3,3,Figure 3:,F,vis_2025_00077_fig_3.png,1059,765,1Xgk59F9q6EY1xvwtrHqlFyzeg5qJ0dUt,"VR user looking at a Platynereis dataset, annotated with controllers and ELEPHANT. Data courtesy of Tomancak Lab, MPI-CBG."
2025,10.1109/VIS60296.2025.00077,11298768,fig4,4,Figure 4:,F,vis_2025_00077_fig_4.png,2128,701,1XyATEMaQGmKGl28ho5o6k_LDgFoq0Wmj,"Left: Scheme of the graph search algorithm that connects the closest local maxima in subsequent gaze rays following the first local maximum found in the first ray. Right: A collection of gaze rays across time, collected by following a moving cell with one’s eyes. We slide a simple Gauss kernel in the shape of [0.25,0.5,0.25] along each ray to smooth the signal and extract local maxima more effectively. Here we show the effect of various iterations of Gauss smoothing. It can be seen that no or low amounts of smoothing can lead to incorrectly extracted tracks, and starting from 4 iterations onward we are able to extract the correct cell track."
2025,10.1109/VIS60296.2025.00078,11298857,fig1,1,Figure 1:,F,vis_2025_00078_fig_1.png,1722,482,13kGO_YkGyKYxKzYCvQtcoENpKSLyP8xN,"Non-dichoptic (a) and dichoptic (b) visualisation (left and right eyes) of a 3D image, and the blend of colours for both objects (cube and pyramid) presented to the screen."
2025,10.1109/VIS60296.2025.00078,11298857,fig2,2,Figure 2:,F,vis_2025_00078_fig_2.png,1038,362,1HC6mDdJY7WXPS2Rr1uWt4VNWwoqE6dZs,Left: Image presented to left eye with more transparent cube so that the pyramid is more visible. Right: Image presented to right eye with more opaque cube so that the pyramid is harder to see
2025,10.1109/VIS60296.2025.00078,11298857,fig3,3,Figure 3:,F,vis_2025_00078_fig_3.png,1029,770,1cH7E8TdjLj7Z2M0_aya17HXDXV7Qw7wN,"Graph showing opacity values selected by participants for the non-dichoptic condition (both eyes) and the dichoptic condition (left and right eyes), ordered by dichoptic opacity range. Data from P2 has been excluded due to outlier values."
2025,10.1109/VIS60296.2025.00079,11298733,fig1,1,Figure 1:,F,vis_2025_00079_fig_1.png,965,380,1Rnxo_JwnUH1T6CibhlQEBAkSjH-rdk88,"Bar Chart and Pie Chart Stimuli for the four conditions: 6L (faculty with Large publication size in 6 areas), 2L (faculty with Large publication size in 2 areas), 6S (faculty with Small publication size in 6 areas), 2S (faculty with Small publication size in 2 areas)."
2025,10.1109/VIS60296.2025.00079,11298733,fig2,2,Figure 2:,F,vis_2025_00079_fig_2.png,959,235,1UZw2DkfG6pmtsR-r7_w1N2dg9p_fichy,"The hypothesized model (H), where Bar Chart leads to stronger correlation for Productivity Factor, while Pie Chart leads to stronger correlation for Interdisciplinarity Factor, and the actual result (R), while Productivity always has a stronger correlation with Willingness to Work, regardless of chart types."
2025,10.1109/VIS60296.2025.00079,11298733,fig3,3,Figure 3:,F,vis_2025_00079_fig_3.png,955,253,1Bc0_a7JJvmxTo3VVbodADuMrgIVCpjzr,The empirical BIC and root mean residuals of factor models consisting of 1 to 6 factors.
2025,10.1109/VIS60296.2025.00079,11298733,fig4,4,Figure 4:,F,vis_2025_00079_fig_4.png,943,393,1XohnpejYRJr3dIRTsx_dICR55RNQvZOI,"An illustration demonstrating that when the normalized Earth Mover’s Distance value (Norm.EMD) is equal to 0.01, 0.1, 0.5, and 1, with a fixed Distribution 1 on the left side, what Distribution 2 would look like on the right side."
2025,10.1109/VIS60296.2025.00079,11298733,fig5,5,Figure 5:,F,vis_2025_00079_fig_5.png,1956,553,1FeAiuw3gBXvZnb3nH7YS7z8VveEsQWO2,"Comparison of participant responses using bar charts (orange) and pie charts (blue) across four conditions (6L, 2L, 6S, 2S) for the two factors, with the red dash-line representing the average value of these factors. The diagrams show the Mean Difference (MD), normalized Earth Mover’s Distance (Norm.EMD), and KS statistics, highlighting the impact of chart type on participant perceptions for each condition.* represents the significance of the KS test, with * representing p-value< 0.05, ** representing p-value< 0.01, and *** representing p-value< 0.001."
2025,10.1109/VIS60296.2025.00080,11298809,fig1,1,Figure 1:,F,vis_2025_00080_fig_1.png,1526,637,1SfMDpT-r6aVGHNdNKDO_XmADnKkQ0AoX,"(Left) Examples of stimuli showing combinations of the four charts with the three pre-attentive visual variables. (Right, top) Procedure of an individual study session. (Right, bottom) Table showing the three selected visual variables (in black) and the two discarded ones (in gray), the x sign means the visual variable can be applied to the chart, and - it cannot."
2025,10.1109/VIS60296.2025.00080,11298809,fig2,2,Figure 2:,F,vis_2025_00080_fig_2.png,1019,425,1H4MHmKjndr7x0cRIBHHvN03tuCZnk3Du,Confidence level rating for the three visual variables.
2025,10.1109/VIS60296.2025.00081,11298834,fig1,1,Figure 1:,F,vis_2025_00081_fig_1.png,1461,425,10Xhoc52nZXjZaqpgVXUvu8cD8Ab2Ynq1,"Overview of Experimental Setup and Research Questions (RQs). We studied how Motion (Sitting vs. Walking), Dial (Square vs. Round), and Visualization (Bar vs. Radial Bar) influence performance and experience on a smartwatch."
2025,10.1109/VIS60296.2025.00081,11298834,fig2,2,Figure 2:,F,vis_2025_00081_fig_2.png,1849,699,1YKvgK9EtqHndnJyyG9bQOJX1Ls24h-Z8,Top: Mean Completion Time (ms) and Accuracy (%) for Task 1. Bottom: Mean Completion Time (ms) and Estimation Error (%) for Task 2. Error bars represent 95% Bootstrap confidence intervals (CIs) with each p-value indicated.
2025,10.1109/VIS60296.2025.00081,11298834,fig3,3,Figure 3:,F,vis_2025_00081_fig_3.png,680,400,1OLahvHV_BeydFHN2YTUePxQV_2SH1Pfc,Mean Estimation Error (%) for Task 2 of the combination effect of Dial Shapes and Visualization Types. Error bars represent 95% Bootstrap confidence intervals (CIs) with p-value.
2025,10.1109/VIS60296.2025.00082,11298896,fig1,1,Figure 1:,F,vis_2025_00082_fig_1.png,234,234,1yXTd7ywc-hZN_AbrqUxam-1Go0xs0hkX,Simultaneous contrast examples demonstrating the baseline color perception shift of identical inner colors due to their adjacent surrounding colors (left versus right).
2025,10.1109/VIS60296.2025.00082,11298896,fig2,2,Figure 2:,F,vis_2025_00082_fig_2.png,903,223,1EiUFPL5V38h_Fgt8HatrCIdP_bQTLd3V,Simplified flow diagram of the MAP contrast tool.
2025,10.1109/VIS60296.2025.00082,11298896,fig3,3,Figure 3:,F,vis_2025_00082_fig_3.png,750,573,17jpK0SKjgSnDuZHnusCmuTvot15a65Er,A portion of the MAP report with an overview of the evaluated segment. This report shows an overall acceptable average perceptibility rating but a high risk for simultaneous contrast from employed color pairs.
2025,10.1109/VIS60296.2025.00083,11298720,fig1,1,Figure 1:,F,vis_2025_00083_fig_1.png,1644,628,1DunUGjyvTPFXiHYjU1LJR45S77-7O_mk,"Types of stimuli: The leftmost stimulus uses a cloud to prime the reader for the word ""school."" The middle stimulus has no cloud but still primes for ""school."" The right stimulus has a distractor cloud but the center word still primes for ""school."""
2025,10.1109/VIS60296.2025.00083,11298720,fig2,2,Figure 2:,F,vis_2025_00083_fig_2.png,836,1011,126Mkv0-1pcq8UORoBPgjhUEDO9k7T1qp,"An example 4-stage trial. Participants first encountered a blank screen with a cross to fixate on in the center for 350ms before being shown the (potentially) priming stimulus. After a set amount of time, they were shown another blank screen for 350ms followed by the target word of the lexical decision task. We expected that if the priming stimulus was semantically related to the target word, participants would respond faster."
2025,10.1109/VIS60296.2025.00083,11298720,fig3,3,Figure 3:,F,vis_2025_00083_fig_3.png,2144,1360,1MhOiCemYK_xCWGVlbj-iXE4svLQmx6_G,"This figure shows main effects observed for the three primary factors of the study (top row), along with the effects broken down by whether the cloud shown contains priming or distracting words (bottom row). Error bars indicate standard deviation, while asterisks (∗) indicate main effects that are significant at the α= 0.05 level. Pound signs (#) indicate marginal significance at the α= 0.07 level"
2025,10.1109/VIS60296.2025.00084,11298867,fig1,1,Figure 1:,F,vis_2025_00084_fig_1.png,1817,402,1N7yUoLW0hyjmlnnqdvIkgDj-pqkI3psI,"The 36 ‘original’ textures (adapted from [4]) includ three element types (dots, stripes, grids) in three versions of varying element size and set size. The dots varied in alignment (aligned, offset) and fill (filled, unfilled); the stripes varied in orientation (vertical, horizontal, diagonal) and a variant of fill (solid, dashed); and the grids varied in shape (square or diamond)."
2025,10.1109/VIS60296.2025.00084,11298867,fig2,2,Figure 2:,F,vis_2025_00084_fig_2.png,1053,1068,1QnqhxicFnx_lVElKuWHclQY_qRs65COV,"(A) Example of an original, repeat-scaled, and zoom-scaled texture, with (B) corresponding example bar charts for each type of scaling and (C) a hypothetical example of how inferred mappings could reverse after zoom-scaling but not repeat-scaling."
2025,10.1109/VIS60296.2025.00084,11298867,fig3,3,Figure 3:,F,vis_2025_00084_fig_3.png,999,293,1AxX-xymCPEB18LoA1c-qVU3u_f8Zn6eF,"Charts of data representing Mango (M) and Watermelon (W) with bipartite graphs showing the encoding system between colors and concepts for each chart. The encoding systems have (A) high semantic discriminabilty or (B) low semantic discriminability (figure adapted from [11], [9]). In both examples, the ‘outer assignment’ is the optimal assignment because it has greater total merit."
2025,10.1109/VIS60296.2025.00084,11298867,fig4,4,Figure 4:,F,vis_2025_00084_fig_4.png,1053,454,1baABM5Pv6RsarQrDtkxntLHtJckizbcX,"Mean association ratings for the concepts strawberry and watermelon for the 36 textures (x-axis) in their original (gray bars), zoom-scale (cyan bars), and repeat-scale (magenta bars) versions. See Supplementary Figure S.4 for the full set of concepts."
2025,10.1109/VIS60296.2025.00084,11298867,fig5,5,Figure 5:,F,vis_2025_00084_fig_5.png,894,401,1dZktzfMSwEhNqOdulEvMYxCMnMtexsqn,"Number of assignment reversals after zoom-scaling (cyan) or repeat-scaling (magenta) as a function of semantic distance ∆S threshold (combined over all concept pairs). [Note: There were 6,300 possible reversals (630 unique texture pairs × 10 concept pairs).]"
2025,10.1109/VIS60296.2025.00084,11298867,fig6,6,Figure 6:,F,vis_2025_00084_fig_6.png,1030,1991,1G1C9FNC_FVM4N7NM7Bx4SkrrpZBVMAez,"Semantic distances ∆S for each pair of 36 original textures within each concept pair. Darker colors indicate greater ∆S, with turquoise regions indicated ∆S ≥ 0.7. The axis labels indicate element shapes (dots, stripes, grids). See Supplementary Material Figure S.5 for a larger version that shows individual textures."
2025,10.1109/VIS60296.2025.00085,11298846,fig1,1,Figure 1:,F,vis_2025_00085_fig_1.png,927,331,14l7hwHvucOWOf5eXSJDxgo4dsR3LWo09,"Experiment Design: Participants were shown a line chart with y-axis labeled at 0 and 100. In experiment 1 (top panels), a visual mask following the line chart was shown for around 1.5 seconds. After the visual mask, participants were asked to use their mouse to drag the slider to their estimate of the y-axis average of the line chart. In experiment 2 (bottom panels), the graph remained on screen as participants reported their estimates. The stimulus shown is an example of the noisy graph."
2025,10.1109/VIS60296.2025.00085,11298846,fig2,2,Figure 2:,F,vis_2025_00085_fig_2.png,943,698,13Pnry5V4KbiwWxDw2exX9V_piv3ekwhu,"Top: Experiments 1 Results. Memory bias Bottom: Experiment 2 Results. Perception bias. Example stimuli are shown in the middle (Left to right: Single global minimum, single global maximum, noisy, three extrema graph with a global minimum and two local maxima, and three extrema graph with a global maximum and two local minima. The height of each bar represents the mean error in estimating the average of the graph of the associated graph type, averaged across samples of that graph type and participants."
