Conference,Year,Title,DOI,Link,FirstPage,LastPage,PaperType,Abstract,AuthorNames-Deduped,AuthorNames,AuthorAffiliation,InternalReferences,AuthorKeywords,AminerCitationCount,CitationCount_CrossRef,PubsCited_CrossRef,Downloads_Xplore,Award,GraphicsReplicabilityStamp,ArticleNumber,MediaPath,NumFigures
VIS,2021,Semantic Resizing of Charts Through Generalization: A Case Study with Line Charts,10.1109/VIS49827.2021.9623306,http://dx.doi.org/10.1109/VIS49827.2021.9623306,1,5,C,"Inspired by cartographic generalization principles, we present a generalization technique for rendering line charts at different sizes, preserving the important semantics of the data at that display size. The algorithm automatically determines the generalization operators to be applied at that size based on spatial density, distance, and the semantic importance of the various visualization elements in the line chart. A qualitative evaluation of the prototype that implemented the algorithm indicates that the generalized line charts preserved the general data shape, while minimizing visual clutter. We identify future opportunities where generalization can be extended and applied to other chart types and visual analysis authoring tools.",Vidya Setlur;Haeyong Chung,Vidya Setlur;Haeyong Chung,Tableau Research;University of Alabama in Huntsville,,"Responsive charts,visual clutter,spatial metrics,Human-centered computing,Visualization",,,47,,,,9623306,/mediastore/IEEE/content/media/9622895/9623263/9623306,4
VIS,2021,CloudFindr: A Deep Learning Cloud Artifact Masker for Satellite DEM Data,10.1109/VIS49827.2021.9623327,http://dx.doi.org/10.1109/VIS49827.2021.9623327,1,5,C,"Artifact removal is an integral component of cinematic scientific visualization, and is especially challenging with big datasets in which artifacts are difficult to define. In this paper, we describe a method for creating cloud artifact masks which can be used to remove artifacts from satellite imagery using a combination of traditional image processing together with deep learning based on U-Net. Compared to previous methods, our approach does not require multi-channel spectral imagery but performs successfully on single-channel Digital Elevation Models (DEMs). DEMs are a representation of the topography of the Earth and have a variety applications including planetary science, geology, flood modeling, and city planning.",Kalina Borkiewicz;Viraj Shah;J.P. Naiman;Chuanyue Shen;Stuart Levy;Jeff Carpenter,Kalina Borkiewicz;Viraj Shah;J.P. Naiman;Chuanyue Shen;Stuart Levy;Jeff Carpenter,University of Illinois at Urbana-Champaign;University of Illinois at Urbana-Champaign;University of Illinois at Urbana-Champaign;University of Illinois at Urbana-Champaign;University of Illinois at Urbana-Champaign;University of Illinois at Urbana-Champaign,,"cinematic scientific visualization,science communication,public outreach,broad impact,data visualization,data processing,machine learning,deep learning,u net,image processing,data preparation",,,23,,,,9623327,/mediastore/IEEE/content/media/9622895/9623263/9623327,8
VIS,2021,An Exploration And Validation of Visual Factors in Understanding Classification Rule Sets,10.1109/VIS49827.2021.9623303,http://dx.doi.org/10.1109/VIS49827.2021.9623303,6,10,C,"Rule sets are often used in Machine Learning (ML) as a way to communicate the model logic in settings where transparency and intelligibility are necessary. Rule sets are typically presented as a text-based list of logical statements (rules). Surprisingly, to date there has been limited work on exploring visual alternatives for presenting rules. In this paper, we explore the idea of designing alternative representations of rules, focusing on a number of visual factors we believe have a positive impact on rule readability and understanding. We then presents a user study exploring their impact. The results show that some design factors have a strong impact on how efficiently readers can process the rules while having minimal impact on accuracy. This work can help practitioners employ more effective solutions when using rules as a communication strategy to understand ML models.",Jun Yuan;Oded Nov;Enrico Bertini,Jun Yuan;Oded Nov;Enrico Bertini,New York University;New York University;New York University,,"Ruman-centered computing,Visualization,Empirical studies in visualization",,,27,,,,9623303,/mediastore/IEEE/content/media/9622895/9623263/9623303,4
VIS,2021,Fast & Accurate Gaussian Kernel Density Estimation,10.1109/VIS49827.2021.9623323,http://dx.doi.org/10.1109/VIS49827.2021.9623323,11,15,C,"Kernel density estimation (KDE) models a discrete sample of data as a continuous distribution, supporting the construction of visualizations such as violin plots, heatmaps, and contour plots. This paper draws on the statistics and image processing literature to survey efficient and scalable density estimation techniques for the common case of Gaussian kernel functions. We evaluate the accuracy and running time of these methods across multiple visualization contexts and find that the combination of linear binning and a recursive filter approximation by Deriche efficiently produces pixel-perfect estimates across a compelling range of kernel bandwidths.",Jeffrey Heer,Jeffrey Heer,University of Washiington,,"Kernel density estimation,Gaussian convolution,binning,approximation,performance,evaluation",,,27,,,,9623323,/mediastore/IEEE/content/media/9622895/9623263/9623323,8
VIS,2021,“Why did my AI agent lose?”: Visual Analytics for Scaling Up After-Action Review,10.1109/VIS49827.2021.9623268,http://dx.doi.org/10.1109/VIS49827.2021.9623268,16,20,C,"How can we help domain-knowledgeable users who do not have expertise in AI analyze why an AI agent failed? Our research team previously developed a new structured process for such users to assess AI, called After-Action Review for AI (AAR/AI), consisting of a series of steps a human takes to assess an AI agent and formalize their understanding. In this paper, we investigate how the AAR/AI process can scale up to support reinforcement learning (RL) agents that operate in complex environments. We augment the AAR/AI process to be performed at three levels—episode-level, decision-level, and explanation-level—and integrate it into our redesigned visual analytics interface. We illustrate our approach through a usage scenario of analyzing why a RL agent lost in a complex real-time strategy game built with the StarCraft 2 engine. We believe integrating structured processes like AAR/AI into visualization tools can help visualization play a more critical role in AI interpretability.",Delyar Tabatabai;Anita Ruangrotsakun;Jed Irvine;Jonathan Dodge;Zeyad Shureih;Kin-Ho Lam;Margaret Burnett;Alan Fern;Minsuk Kahng,Delyar Tabatabai;Anita Ruangrotsakun;Jed Irvine;Jonathan Dodge;Zeyad Shureih;Kin-Ho Lam;Margaret Burnett;Alan Fern;Minsuk Kahng,Oregon State University;Oregon State University;Oregon State University;Oregon State University;Oregon State University;Oregon State University;Oregon State University;Oregon State University;Oregon State University,,,,,31,,,,9623268,/mediastore/IEEE/content/media/9622895/9623263/9623268,4
VIS,2021,VAINE: Visualization and AI for Natural Experiments,10.1109/VIS49827.2021.9623285,http://dx.doi.org/10.1109/VIS49827.2021.9623285,21,25,C,"Natural experiments are observational studies where the assignment of treatment conditions to different populations occurs by chance“in the wild”. Researchers from fields such as economics, healthcare, and the social sciences leverage natural experiments to conduct hypothesis testing and causal effect estimation for treatment and outcome variables that would otherwise be costly, infeasible, or unethical. In this paper, we introduce VAINE (Visualization and AI for Natural Experiments), a visual analytics tool for identifying and understanding natural experiments from observational data. We then demonstrate how VAINE can be used to validate causal relationships, estimate average treatment effects, and identify statistical phenomena such as Simpson’s paradox through two usage scenarios.",Grace Guo;Maria Glenski;ZhuanYi Shaw;Emily Saldanha;Alex Endert;Svitlana Volkova;Dustin Arendt,Grace Guo;Maria Glenski;ZhuanYi Shaw;Emily Saldanha;Alex Endert;Svitlana Volkova;Dustin Arendt,Georgia Institute of Technology;Pacific Northwest National Laboratories;Pacific Northwest National Laboratories;Pacific Northwest National Laboratories;Georgia Institute of Technology;Pacific Northwest National Laboratories;Pacific Northwest National Laboratories,,"Human-centered computing,Visualization,Visualization systems and tools,Visualization application domains,Visual analytics",,,21,,,,9623285,/mediastore/IEEE/content/media/9622895/9623263/9623285,4
VIS,2021,Semantic Explanation of Interactive Dimensionality Reduction,10.1109/VIS49827.2021.9623322,http://dx.doi.org/10.1109/VIS49827.2021.9623322,26,30,C,"Interactive dimensionality reduction helps analysts explore the high-dimensional data based on their personal needs and domain-specific problems. Recently, expressive nonlinear models are employed to support these tasks. However, the interpretation of these human-steered nonlinear models during human-in-the-loop analysis has not been explored. To address this problem, we present a new visual explanation design called semantic explanation. Semantic explanation visualizes model behaviors in a manner that is similar to users’ direct projection manipulations. This design conforms to the spatial analytic process and enables analysts better understand the updated model in response to their interactions. We propose a pipeline to empower interactive dimensionality reduction with semantic explanation using counterfactuals. Based on the pipeline, we implement a visual text analytics system with nonlinear dimensionality reduction powered by deep learning via the BERT model. We demonstrate the efficacy of semantic explanation with two case studies of academic article exploration and intelligence analysis.",Yali Bian;Chris North;Eric Krokos;Sarah Joseph,Yali Bian;Chris North;Eric Krokos;Sarah Joseph,Virginia Tech;Virginia Tech;Department of Defense;Department of Defense,,"Interactive Dimensionality Reduction,Projection Explanation,Counterfactual Explanation,Human-in-the-loop Analysis",,,34,,,,9623322,/mediastore/IEEE/content/media/9622895/9623263/9623322,6
VIS,2021,AdViCE: Aggregated Visual Counterfactual Explanations for Machine Learning Model Validation,10.1109/VIS49827.2021.9623271,http://dx.doi.org/10.1109/VIS49827.2021.9623271,31,35,C,"Rapid improvements in the performance of machine learning models have pushed them to the forefront of data-driven decision-making. Meanwhile, the increased integration of these models into various application domains has further highlighted the need for greater interpretability and transparency. To identify problems such as bias, overfitting, and incorrect correlations, data scientists require tools that explain the mechanisms with which these model decisions are made. In this paper we introduce AdViCE, a visual analytics tool that aims to guide users in black-box model debugging and validation. The solution rests on two main visual user interface innovations: (1) an interactive visualization design that enables the comparison of decisions on user-defined data subsets; (2) an algorithm and visual design to compute and visualize counterfactual explanations - explanations that depict model outcomes when data features are perturbed from their original values. We provide a demonstration of the tool through a use case that showcases the capabilities and potential limitations of the proposed approach.",Oscar Gomez;Steffen Holter;Jun Yuan;Enrico Bertini,Oscar Gomez;Steffen Holter;Jun Yuan;Enrico Bertini,;;;,,"Machine learning,interpretability,explainability,counterfactual explanations,data visualization",,,34,,,,9623271,/mediastore/IEEE/content/media/9622895/9623263/9623271,2
VIS,2021,Contrastive Identification of Covariate Shift in Image Data,10.1109/VIS49827.2021.9623289,http://dx.doi.org/10.1109/VIS49827.2021.9623289,36,40,C,"Identifying covariate shift is crucial for making machine learning systems robust in the real world and for detecting training data biases that are not reflected in test data. However, detecting covariate shift is challenging, especially when the data consists of high-dimensional images, and when multiple types of localized covariate shift affect different subspaces of the data. Although automated techniques can be used to detect the existence of covariate shift, our goal is to help human users characterize the extent of covariate shift in large image datasets with interfaces that seamlessly integrate information obtained from the detection algorithms. In this paper, we design and evaluate a new visual interface that facilitates the comparison of the local distributions of training and test data. We conduct a quantitative user study on multi-attribute facial data to compare two different learned low-dimensional latent representations (pretrained ImageNet CNN vs. density ratio) and two user analytic workflows (nearest-neighbor vs. cluster-to-cluster). Our results indicate that the latent representation of our density ratio model, combined with a nearest-neighbor comparison, is the most effective at helping humans identify covariate shift.",Matthew L. Olson;Thuy-Vy Nguyen;Gaurav Dixit;Neale Ratzlaff;Weng-Keen Wong;Minsuk Kahng,Matthew L. Olson;Thuy-Vy Nguyen;Gaurav Dixit;Neale Ratzlaff;Weng-Keen Wong;Minsuk Kahng,Oregon State University;Oregon State University;Oregon State University;Oregon State University;Oregon State University;Oregon State University,,,,,21,,,,9623289,/mediastore/IEEE/content/media/9622895/9623263/9623289,5
VIS,2021,TimeElide: Visual Analysis of Non-Contiguous Time Series Slices,10.1109/VIS49827.2021.9623320,http://dx.doi.org/10.1109/VIS49827.2021.9623320,41,45,C,"We introduce the design and implementation of TimeElide, a visual analysis tool for the novel data abstraction of non-contiguous time series slices, namely time intervals that contain a sequence of time-value pairs but are not adjacent to each other. This abstraction is relevant for analysis tasks where time periods of interest are known in advance or inferred from the data, rather than discovered through open-ended visual exploration. We present a visual encoding design space as an underpinning of TimeElide, and the new sparkbox technique for visualizing fine and coarse grained temporal structures within one view. Datasets from different domains and with varying characteristics guided the development and their analysis provides preliminary evidence of TimeElide’s utility. We provide open-source code and demo at https://github.com/UBC-InfoVis/time-elide and supplemental materials at https://osf.io/yqvmf/.",Michael Oppermann;Luce Liu;Tamara Munzner,Michael Oppermann;Luce Liu;Tamara Munzner,University of British Columbia;University of British Columbia;University of British Columbia,,"Human-centered computing,Visualization,Visualization systems and tools",,,26,,,,9623320,/mediastore/IEEE/content/media/9622895/9623263/9623320,3
VIS,2021,Bayesian Modelling of Alluvial Diagram Complexity,10.1109/VIS49827.2021.9623282,http://dx.doi.org/10.1109/VIS49827.2021.9623282,51,55,C,"Alluvial diagrams are a popular technique for visualizing flow and relational data. However, successfully reading and interpreting the data shown in an alluvial diagram is likely influenced by factors such as data volume, complexity, and chart layout. To understand how alluvial diagram consumption is impacted by its visual features, we conduct two crowdsourced user studies with a set of alluvial diagrams of varying complexity, and examine (i) participant performance on analysis tasks, and (ii) the perceived complexity of the charts. Using the study results, we employ Bayesian modelling to predict participant classification of diagram complexity. We find that, while multiple visual features are important in contributing to alluvial diagram complexity, interestingly the importance of features seems to depend on the type of complexity being modeled, i.e. task complexity vs. perceived complexity.",Anjana Arunkumar;Shashank Ginjpalli;Chris Bryan,Anjana Arunkumar;Shashank Ginjpalli;Chris Bryan,Arizona State University;Arizona State University;Arizona State University,,"Human-centered computing,Visualization,Visualization techniques,Empirical studies in visualization",,,34,,,,9623282,/mediastore/IEEE/content/media/9622895/9623263/9623282,7
VIS,2021,"When Red Means Good, Bad, or Canada: Exploring People’s Reasoning for Choosing Color Palettes",10.1109/VIS49827.2021.9623314,http://dx.doi.org/10.1109/VIS49827.2021.9623314,56,60,C,"Color palette selection is an essential aspect of visualization design, influencing data interpretation and evoking emotions in the viewer. Rules of thumb grounded in perceptual science and visual arts generally form the basis of recommendation tools to support color assignment, but palette design is more nuanced than optimizing for perceptual tasks. In this work, we investigate how the general public reconciles the varied facets of color design in visualization. Does their decision-making align with established rules of thumb? What factors do they take into consideration? Through a crowd-sourced study with 63 participants, we find that the majority of palette choices are perceptually motivated, but other factors such as semantic associations and bias also play a role. We identify some flaws in participant reasoning, highlight clashes in opinions, and present some implications for future work in this space.",Jarryullah Ahmad;Elaine Huynh;Fanny Chevalier,Jarryullah Ahmad;Elaine Huynh;Fanny Chevalier,University of Toronto;University of Toronto;University of Toronto,,"Color,General Public,Human Subjects Qualitative Studies",,,37,,,,9623314,/mediastore/IEEE/content/media/9622895/9623263/9623314,3
VIS,2021,Does the Layout Really Matter? A Study on Visual Model Accuracy Estimation,10.1109/VIS49827.2021.9623326,http://dx.doi.org/10.1109/VIS49827.2021.9623326,61,65,C,"In visual interactive labeling, users iteratively assign labels to data items until the machine model reaches an acceptable accuracy. A crucial step of this process is to inspect the model’s accuracy and decide whether it is necessary to label additional elements. In scenarios with no or very little labeled data, visual inspection of the predictions is required. Similarity-preserving scatterplots created through a dimensionality reduction algorithm are a common visualization that is used in these cases. Previous studies investigated the effects of layout and image complexity on tasks like labeling. However, model evaluation has not been studied systematically. We present the results of an experiment studying the influence of image complexity and visual grouping of images on model accuracy estimation. We found that users outperform traditional automated approaches when estimating a model’s accuracy. Furthermore, while the complexity of images impacts the overall performance, the layout of the items in the plot has little to no effect on estimations.",Nicolas Grossmann;Jürgen Bernard;Michael Sedlmair;Manuela Waldner,Nicolas Grossmann;Jürgen Bernard;Michael Sedlmair;Manuela Waldner,TU Wien;University of Zurich;University of Stuttgart;TU Wien,,"Human-centered computing,Visualization,Empirical studies in visualization Human-centered computing,Visualization design and evaluation methods",,,22,,,,9623326,/mediastore/IEEE/content/media/9622895/9623263/9623326,3
VIS,2021,Histogram binning revisited with a focus on human perception,10.1109/VIS49827.2021.9623301,http://dx.doi.org/10.1109/VIS49827.2021.9623301,66,70,C,"This paper presents a quantitative user study to evaluate how well users can visually perceive the underlying data distribution from a histogram representation. We used different sample and bin sizes and four different distributions (uniform, normal, bimodal, and gamma). The study results confirm that, in general, more bins correlate with fewer errors by the viewers. However, upon a certain number of bins, the error rate cannot be improved by adding more bins. By comparing our study results with the outcomes of existing mathematical models for histogram binning (e.g., Sturges’ formula, Scott’s normal reference rule, the Rice Rule, or Freedman–Diaconis’ choice), we can see that most of them overestimate the number of bins necessary to make the distribution visible to a human viewer.",Raphael Sahann;Torsten Müller;Johanna Schmidt,Raphael Sahann;Torsten Müller;Johanna Schmidt,"Faculty of Computer Science, University of Vienna, Austria;Faculty of Computer Science, Data Science @ Uni Vienna, University of Vienna, Austria;VRVis Zentrum für Virtual Reality und Visualisierung Forschungs-GmbH, Austria",,"empirical studies in visualization,histogram binning",,,26,,,,9623301,/mediastore/IEEE/content/media/9622895/9623263/9623301,5
VIS,2021,"Jurassic Mark: Inattentional Blindness for a Datasaurus Reveals that Visualizations are Explored, not Seen",10.1109/VIS49827.2021.9623273,http://dx.doi.org/10.1109/VIS49827.2021.9623273,71,75,C,"Graphs effectively communicate data because they capitalize on the visual system’s ability to rapidly extract patterns. Yet, this pattern extraction does not occur in a single glance. Instead, research on visual attention suggests that the visual system iteratively applies a sequence of filtering operations on an image, extracting patterns from subsets of visual information over time, while selectively inhibiting other information at each of these moments. To demonstrate that this powerful series of filtering operations also occurs during the perception of visualized data, we designed a task where participants made judgments from one class of marks on a scatterplot, presumably incentivizing them to relatively ignore other classes of marks. Participants consistently missed a conspicuous dinosaur in the ignored collection of marks (93% for a 1s presentation, and 61% for 2.5s), but not in a control condition where the incentive to ignore that collection was removed (25% for a 1s presentation, and 11% for 2.5s), revealing that data visualizations are not “seen” in a single glance, and instead require an active process of exploration.",Tal Boger;Steven B. Most;Steven L. Franconeri,Tal Boger;Steven B. Most;Steven L. Franconeri,Yale University;UNSW Sydney;Northwestern University,,"perception & cognition,attention,communcation/presentation",,,37,,,,9623273,/mediastore/IEEE/content/media/9622895/9623263/9623273,3
VIS,2021,Fixation and Creativity in Data Visualization Design: Experiences and Perspectives of Practitioners,10.1109/VIS49827.2021.9623297,http://dx.doi.org/10.1109/VIS49827.2021.9623297,76,80,C,"Data visualization design often requires creativity, and research is needed to understand its nature and means for promoting it. The current visualization literature on creativity is not well developed, especially with respect to the experiences of professional data visualization designers. We conducted semi-structured interviews with 15 data visualization practitioners, focusing on a specific aspect of creativity known as design fixation. Fixation occurs when designers adhere blindly or prematurely to a set of ideas that limit creative outcomes. We present practitioners’ experiences and perspectives from their own design practice, specifically focusing on their views of (i) the nature of fixation, (ii) factors encouraging fixation, and (iii) factors discouraging fixation. We identify opportunities for future research related to chart recommendations, inspiration, and perspective shifts in data visualization design.",Paul Parsons;Prakash Shukla;Chorong Park,Paul Parsons;Prakash Shukla;Chorong Park,Purdue University;Purdue University;Purdue University,,"Human-centered computing,Visualization",,,53,,,,9623297,/mediastore/IEEE/content/media/9622895/9623263/9623297,0
VIS,2021,Towards a Survey on Static and Dynamic Hypergraph Visualizations,10.1109/VIS49827.2021.9623305,http://dx.doi.org/10.1109/VIS49827.2021.9623305,81,85,C,"Leveraging hypergraph structures to model advanced processes has gained much attention over the last few years in many areas, ranging from protein-interaction in computational biology to image retrieval using machine learning. Hypergraph models can provide a more accurate representation of the underlying processes while reducing the overall number of links compared to regular representations. However, interactive visualization methods for hypergraphs and hypergraph-based models have rarely been explored or systematically analyzed. This paper reviews the existing research landscape for hypergraph and hypergraph model visualizations and assesses the currently employed techniques. We provide an overview and a categorization of proposed approaches, focusing on performance, scalability, interaction support, successful evaluation, and the ability to represent different underlying data structures, including a recent demand for a temporal representation of interaction networks and their improvements beyond graph-based methods. Lastly, we discuss the strengths and weaknesses of the approaches and give an insight into the future challenges arising in this emerging research field.",Maximilian T. Fischer;Alexander Frings;Daniel A. Keim;Daniel Seebacher,Maximilian T. Fischer;Alexander Frings;Daniel A. Keim;Daniel Seebacher,"University of Konstanz, Germany;University of Konstanz, Germany;University of Konstanz, Germany;University of Konstanz, Germany",,"Hypergraphs,hypergraph model,temporal,visualization,visual analytics,survey",,,45,,,,9623305,/mediastore/IEEE/content/media/9622895/9623263/9623305,1
VIS,2021,Time-Varying Fuzzy Contour Trees,10.1109/VIS49827.2021.9623286,http://dx.doi.org/10.1109/VIS49827.2021.9623286,86,90,C,"We present a holistic, topology-based visualization technique for spatial time series data based on an adaptation of Fuzzy Contour Trees. Common analysis approaches for time dependent scalar fields identify and track specific features. To give a more general overview of the data, we extend Fuzzy Contour Trees, from the visualization and simultaneous analysis of the topology of multiple scalar fields, to time dependent scalar fields. The resulting time-varying Fuzzy Contour Trees allow the comparison of multiple time steps that are not required to be consecutive. We provide specific interaction and navigation possibilities that allow the exploration of individual time steps and time windows in addition to the behavior of the contour trees over all time steps. To achieve this, we reduce an existing alignment to multiple sub-alignments and adapt the Fuzzy Contour Tree-layout to continuously reflect changes and similarities in the sub-alignments. We apply time-varying Fuzzy Contour Trees to different real-world data sets and demonstrate their usefulness.",Anna-Pia Lohfink;Frederike Gartzky;Florian Wetzels;Luisa Vollmer;Christoph Garth,Anna-Pia Lohfink;Frederike Gartzky;Florian Wetzels;Luisa Vollmer;Christoph Garth,"Technische Universität Kaiserslautern, Germany;Technische Universität Kaiserslautern, Germany;Technische Universität Kaiserslautern, Germany;Technische Universität Kaiserslautern, Germany;Technische Universität Kaiserslautern, Germany",,"Human-centered computing,Visualization,Visualization techniques,Treemaps,Visualization design and evaluation methods",,,15,,,,9623286,/mediastore/IEEE/content/media/9622895/9623263/9623286,10
VIS,2021,Ray-traced Shell Traversal of Tetrahedral Meshes for Direct Volume Visualization,10.1109/VIS49827.2021.9623298,http://dx.doi.org/10.1109/VIS49827.2021.9623298,91,95,C,"A well-known method for rendering unstructured volumetric data is tetrahedral marching (tet marching), where rays are marched through a series of tetrahedral elements. Rowever, existing tet marching techniques do not easily generalize to rays with arbitrary origin and direction required for advanced shading effects or non-convex meshes. Additionally, the memory footprint of these methods may exceed GPU memory limits. Interactive performance and high image quality are opposing goals. Our approach significantly lowers the burden to render unstructured datasets with high image fidelity while maintaining real-time and interactive performance even for large datasets. To this end, we leverage hardware-accelerated ray tracing to find entry and exit faces for a given ray into a volume and utilize a compact mesh representation to enable the efficient marching of arbitrary rays, thus allowing for advanced shading effects that ultimately yields more convincing and grounded images. Our approach is also robust, supporting both convex and non-convex unstructured meshes. We show that our method achieves interactive rates even with moderately-sized datasets while secondary effects are applied.",Alper Şahıstan;Serkan Demirci;Nathan Morrical;Stefan Zellmann;Aytek Aman;Ingo Wald;Uğur Güdükbay,Alper Şahıstan;Serkan Demirci;Nathan Morrical;Stefan Zellmann;Aytek Aman;Ingo Wald;Uğur Güdükbay,Bilkent University;Bilkent University;University of Utah;University of Cologne;Bilkent University;NVIDIA Corporation;Bilkent University,,"Human-centered computing,Visualization,Visualization application domains,Scientific visualization,Computing methodologies,Computer Graphics,Rendering,Ray Tracing",,,24,,,,9623298,/mediastore/IEEE/content/media/9622895/9623263/9623298,6
VIS,2021,Segmentation Driven Peeling for Visual Analysis of Electronic Transitions,10.1109/VIS49827.2021.9623300,http://dx.doi.org/10.1109/VIS49827.2021.9623300,96,100,C,"Electronic transitions in molecules due to absorption or emission of light is a complex quantum mechanical process. Their study plays an important role in the design of novel materials. A common yet challenging task in the study is to determine the nature of those electronic transitions, i.e. which subgroups of the molecule are involved in the transition by donating or accepting electrons, followed by an investigation of the variation in the donor-acceptor behavior for different transitions or conformations of the molecules. In this paper, we present a novel approach towards the study of electronic transitions based on the visual analysis of a bivariate field, namely the electron density in the hole and particle Natural Transition Orbital (NTO). The visual analysis focuses on the continuous scatter plots (CSPs) of the bivariate field linked to their spatial domain. The method supports selections in the CSP visualized as fiber surfaces in the spatial domain, the grouping of atoms, and segmentation of the density fields to peel the CSP. This peeling operator is central to the visual analysis process and helps identify donors and acceptors. We study different molecular systems, identifying local excitation and charge transfer excitations to demonstrate the utility of the method.",Mohit Sharma;Talha Bin Masood;Signe S. Thygesen;Mathieu Linares;Ingrid Hotz;Vijay Natarajan,Mohit Sharma;Talha Bin Masood;Signe S. Thygesen;Mathieu Linares;Ingrid Hotz;Vijay Natarajan,"Indian Institute of Science, Bangalore, India;Department of Science and Technology (ITN), Linköping University, Norrköping, Sweden;Department of Science and Technology (ITN), Linköping University, Norrköping, Sweden;Department of Science and Technology (ITN), Linköping University, Norrköping, Sweden;Department of Science and Technology (ITN), Linköping University, Norrköping, Sweden;Indian Institute of Science, Bangalore, India",,"Human-centered computing,Visualization,Visualization application domains,Scientific visualization",,,22,,,,9623300,/mediastore/IEEE/content/media/9622895/9623263/9623300,5
VIS,2021,Exact Analytical Parallel Vectors,10.1109/VIS49827.2021.9623310,http://dx.doi.org/10.1109/VIS49827.2021.9623310,101,105,C,"This paper demonstrates that parallel vector curves are piecewise cubic rational curves in 3D piecewise linear vector fields. Parallel vector curves—loci of points where two vector fields are parallel— have been widely used to extract features including ridges, valleys, and vortex core lines in scientific data. We define the term generalized and underdetermined eigensystem in the form of Ax + a = $\lambda$(Bx + b) in order to derive the piecewise rational representation of 3D parallel vector curves. We discuss how singularities of the rationals lead to different types of intersections with tetrahedral cells.",Hanqi Guo;Tom Peterka,Hanqi Guo;Tom Peterka,"Mathematics and Computer Science Division, Argonne National Laboratory;Mathematics and Computer Science Division, Argonne National Laboratory",,,,,15,,,,9623310,/mediastore/IEEE/content/media/9622895/9623263/9623310,3
VIS,2021,Uncertainty Visualization of the Marching Squares and Marching Cubes Topology Cases,10.1109/VIS49827.2021.9623267,http://dx.doi.org/10.1109/VIS49827.2021.9623267,106,110,C,"Marching squares (MS) and marching cubes (MC) are widely used algorithms for level-set visualization of scientific data. In this paper, we address the challenge of uncertainty visualization of the topology cases of the MS and MC algorithms for uncertain scalar field data sampled on a uniform grid. The visualization of the MS and MC topology cases for uncertain data is challenging due to their exponential nature and the possibility of multiple topology cases per cell of a grid. We propose the topology case count and entropy-based techniques for quantifying uncertainty in the topology cases of the MS and MC algorithms when noise in data is modeled with probability distributions. We demonstrate the applicability of our techniques for independent and correlated uncertainty assumptions. We visualize the quantified topological uncertainty via color mapping proportional to uncertainty, as well as with interactive probability queries in the MS case and entropy isosurfaces in the MC case. We demonstrate the utility of our uncertainty quantification framework in identifying the isovalues exhibiting relatively high topological uncertainty. We illustrate the effectiveness of our techniques via results on synthetic, simulation, and hixel datasets.",Tushar M. Athawale;Sudhanshu Sane;Chris R. Johnson,Tushar M. Athawale;Sudhanshu Sane;Chris R. Johnson,"Scientific Computing & Imaging (SCI) Institute, University of Utah;Scientific Computing & Imaging (SCI) Institute, University of Utah;Scientific Computing & Imaging (SCI) Institute, University of Utah",,"Human-centered computing,Visualization,Visualization application domains,Scientific visualization",,,27,,,,9623267,/mediastore/IEEE/content/media/9622895/9623263/9623267,5
VIS,2021,Intercept Graph: An Interactive Radial Visualization for Comparison of State Changes,10.1109/VIS49827.2021.9623307,http://dx.doi.org/10.1109/VIS49827.2021.9623307,111,115,C,"State change comparison of multiple data items is often necessary in multiple application domains, such as medical science, financial engineering, sociology, biological science, etc. Slope graphs and grouped bar charts have been widely used to show a “before-and-after” story of different data states and indicate their changes. However, they visualize state changes as either slope or difference of bars, which has been proved less effective for quantitative comparison. Also, both visual designs suffer from visual clutter issues with an increasing number of data items. In this paper, we propose Intercept Graph, a novel visual design to facilitate effective interactive comparison of state changes. Specifically, a radial design is proposed to visualize the starting and ending states of each data item and the line segment length explicitly encodes the “state change By interactively adjusting the radius of the inner circular axis, Intercept Graph can smoothly filter the large state changes and magnify the difference between similar state changes, mitigating the visual clutter issues and enhancing the effective comparison of state changes. We conducted a case study through comparing Intercept Graph with slope graphs and grouped bar charts on real datasets to demonstrate the effectiveness of Intercept Graph.",Shaolun Ruan;Yong Wang;Qiang Guan,Shaolun Ruan;Yong Wang;Qiang Guan,Kent State University;Singapore Management University;Kent State University,,"Visual representation design,Interaction,State change comparison,Radial visualization",,,23,,,,9623307,/mediastore/IEEE/content/media/9622895/9623263/9623307,4
VIS,2021,Automatic Y-axis Rescaling in Dynamic Visualizations,10.1109/VIS49827.2021.9623319,http://dx.doi.org/10.1109/VIS49827.2021.9623319,116,120,C,"Animated and interactive data visualizations dynamically change the data rendered in a visualization (e.g., bar chart). As the data changes, the y-axis may need to be rescaled as the domain of the data changes. Each axis rescaling potentially improves the readability of the current chart, but may also disorient the user. In contrast to static visualizations, where there is considerable literature to help choose the appropriate y-axis scale, there is a lack of guidance about how and when rescaling should be used in dynamic visualizations. Existing visualization systems and libraries adapt a fixed global y-axis, or rescale every time the data changes. Yet, professional visualizations, such as in data journalism, do not adopt either strategy. They instead carefully and manually choose when to rescale based on the analysis task and data. To this end, we conduct a series of Mechanical Turk experiments to study the potential of dynamic axis rescaling and the factors that affect its effectiveness. We find that the appropriate rescaling policy is both task- and data-dependent, and we do not find one clear policy choice for all situations.",Jacob Fisher;Remco Chang;Eugene Wu,Jacob Fisher;Remco Chang;Eugene Wu,Columbia University;Tufts University;Columbia University,,"Human-centered computing,Visualization,Empirical studies in visualization,Human-centered computing,Visualization theory,concepts and paradigms",,,14,,,,9623319,/mediastore/IEEE/content/media/9622895/9623263/9623319,7
VIS,2021,A Mixed-Initiative Visual Analytics Approach for Qualitative Causal Modeling,10.1109/VIS49827.2021.9623318,http://dx.doi.org/10.1109/VIS49827.2021.9623318,121,125,C,"Modeling complex systems is a time-consuming, difficult and fragmented task, often requiring the analyst to work with disparate data, a variety of models, and expert knowledge across a diverse set of domains. Applying a user-centered design process, we developed a mixed-initiative visual analytics approach, a subset of the Causemos platform, that allows analysts to rapidly assemble qualitative causal models of complex socio-natural systems. Our approach facilitates the construction, exploration, and curation of qualitative models bringing together data across disparate domains. Referencing a recent user evaluation, we demonstrate our approach’s ability to interactively enrich user mental models and accelerate qualitative model building.",Fahd Husain;Pascale Proulx;Meng-Wei Chang;Rosa Romero-Gómez;Holland Vasquez,Fahd Husain;Pascale Proulx;Meng-Wei Chang;Rosa Romero-Gómez;Holland Vasquez,Uncharted Software Inc.;Uncharted Software Inc.;Uncharted Software Inc.;Uncharted Software Inc.;Uncharted Software Inc.,,"Human-centered computing,Visualization,Visualization techniques,Treemaps,Visualization design and evaluation methods",,,27,,,,9623318,/mediastore/IEEE/content/media/9622895/9623263/9623318,2
VIS,2021,A Visual Analytics System for Water Distribution System Optimization,10.1109/VIS49827.2021.9623272,http://dx.doi.org/10.1109/VIS49827.2021.9623272,126,130,C,"The optimization of water distribution systems (WDSs) is vital to minimize energy costs required for their operations. A principal approach taken by researchers is identifying an optimal scheme for water pump controls through examining computational simulations of WDSs. However, due to a large number of possible control combinations and the complexity of WDS simulations, it remains non-trivial to identify the best pump controls by reviewing the simulation results. To address this problem, we design a visual analytics system that helps understand relationships between simulation inputs and outputs towards better optimization. Our system incorporates interpretable machine learning as well as multiple linked visualizations to capture essential input-output relationships from complex WDS simulations. We demonstrate our system’s effectiveness through a practical case study and evaluate its usability through expert reviews. Our results show that our system can lessen the burden of analysis and assist in determining optimal operating schemes.",Yiran Li;Erin Musabandesu;Takanori Fujiwara;Frank J. Loge;Kwan-Liu Ma,Yiran Li;Erin Musabandesu;Takanori Fujiwara;Frank J. Loge;Kwan-Liu Ma,"University of California, Davis;University of California, Davis;University of California, Davis;University of California, Davis;University of California, Davis",,,,,27,,,,9623272,/mediastore/IEEE/content/media/9622895/9623263/9623272,2
VIS,2021,"CellProfiler Analyst Web (CPAW) - Exploration, analysis, and classification of biological images on the web",10.1109/VIS49827.2021.9623317,http://dx.doi.org/10.1109/VIS49827.2021.9623317,131,135,C,"CellProfiler Analyst (CPA) has enabled the scientific research community to explore image-based data and classify complex biological phenotypes through an interactive user interface since its release in 2008. This paper describes CellProfiler Analyst Web (CPAW), a newly redesigned and web-based version of the software, allowing for greater accessibility, quicker setup, and facilitating a simple workflow for users. Installation and managing new versions has been challenging and time-consuming, historically. CPAW is an alternative that ensures installation and future updates are not a hassle to the user. CPAW ports the core iteration loop of CPA to a pure server-less browser environment using modern web-development technologies, allowing computationally heavy activities, like machine learning, to occur without freezing the user interface (UI). With a setup as simple as navigating to a website, CPAW presents a clean UI to the user to refine their classifier and explore pheno-typic data easily. We evaluated both the old and the new version of the software in an extensive domain expert study. We found that users could complete the essential classification tasks in CPAW and CPA 3.0 with the same efficiency. Additionally, users completed the tasks 20 percent faster using CPAW compared to CPA 3.0. The code of CellProfiler Analyst Web is open-source and available at https://mpsych.github.io/CellProfilerAnalystWeb/.",Bella Baidak;Yahiya Hussain;Emma Kelminson;Thouis R. Jones;Loraine Franke;Daniel Haehn,Bella Baidak;Yahiya Hussain;Emma Kelminson;Thouis R. Jones;Loraine Franke;Daniel Haehn,University of Massachusetts Boston;University of Massachusetts Boston;University of Massachusetts Boston;The Broad Institute of MIT and Harvard;University of Massachusetts Boston;University of Massachusetts Boston,,"Biological Images,Visualization,Machine Learning Classification,Evaluation Methods",,,18,,,,9623317,/mediastore/IEEE/content/media/9622895/9623263/9623317,2
VIS,2021,Inspecting the Process of Bank Credit Rating via Visual Analytics,10.1109/VIS49827.2021.9623312,http://dx.doi.org/10.1109/VIS49827.2021.9623312,136,140,C,"Bank credit rating classifies banks into different levels based on publicly disclosed and internal information, serving as an important input in financial risk management. However, domain experts have a vague idea of exploring and comparing different bank credit rating schemes. A loose connection between subjective and quantitative analysis and difficulties in determining appropriate indicator weights obscure understanding of bank credit ratings. Furthermore, existing models fail to consider bank types by just applying a unified indicator weight set to all banks. We propose RatingVis to assist experts in exploring and comparing different bank credit rating schemes. It supports interactively inferring indicator weights for banks by involving domain knowledge and considers bank types in the analysis loop. We conduct a case study with real-world bank data to verify the efficacy of RatingVis. Expert feedback suggests that our approach helps them better understand different rating schemes.",Qiangqiang Liu;Quan Li;Zhihua Zhu;Tangzhi Ye;Xiaojuan Ma,Qiangqiang Liu;Quan Li;Zhihua Zhu;Tangzhi Ye;Xiaojuan Ma,"ShanghaiTech University, China & Tencent, China;ShanghaiTech University, China;Tencent, China;Tencent, China;The Hong Kong University of Science and Technology, Hong Kong, China",,"Human-centered computing,Visualization",,,32,,,,9623312,/mediastore/IEEE/content/media/9622895/9623263/9623312,4
VIS,2021,Where and Why is My Bot Failing? A Visual Analytics Approach for Investigating Failures in Chatbot Conversation Flows,10.1109/VIS49827.2021.9623295,http://dx.doi.org/10.1109/VIS49827.2021.9623295,141,145,C,"The ongoing coronavirus pandemic has accelerated the adoption of AI-powered task-oriented chatbots by businesses and healthcare organizations. Despite advancements in chatbot platforms, implementing a successful and effective bot is still challenging and requires a lot of manual work. There is a strong need for tools to help conversation analysts quickly identify problem areas and, consequently, introduce changes to chatbot design. We present a visual analytics approach and tool for conversation analysts to identify and assess common patterns of failure in conversation flows. We focus on two key capabilities: path flow analysis and root cause analysis. Interim evaluation results from applying our tool in real-world customer production projects are presented.",Avi Yaeli;Sergey Zeltyn,Avi Yaeli;Sergey Zeltyn,"IBM Research, Haifa;IBM Research, Haifa",,"visual analytics,conversation analytics,visualization systems and tools,chatbots,dialogue systems,root cause analysis",,,18,,,,9623295,/mediastore/IEEE/content/media/9622895/9623263/9623295,7
VIS,2021,AiR: An Augmented Reality Application for Visualizing Air Pollution,10.1109/VIS49827.2021.9623287,http://dx.doi.org/10.1109/VIS49827.2021.9623287,146,150,C,"In order to effectively combat Air Pollution, it is necessary for the government and the community to work together. Easily comprehensible visualizations can play a major role in drawing public attention and spreading awareness about seemingly intangible air pollution. Considering the widespread usage of Android-based devices, in this paper, we propose an Augmented Reality based application called AiR, to help users to visualize pollutants in the air and to create an immersive user experience. It aims to interactively engage a wide variety of users and create awareness without overwhelming them with data. AiR visualizes 12 pollutants $[PM _{10}$, $PM _{2.5}$, NO, NO2, $NO _{x}$, CO, SO2, O3, NH3, C6 H6, (CH3)C6 H5 and (CH3)2 C6 H5] through unique models. We demonstrate our application on pollution data by CPCB from various weather stations across India collected over the initial lockdown period due to COVID-19 in India.",Noble Saji Mathews;Sridhar Chimalakonda;Suresh Jain,Noble Saji Mathews;Sridhar Chimalakonda;Suresh Jain,"Department of Chemical Engineering, IIT, Tirupati;Department of Computer Science and Engineering, IIT, Tirupati;Department of Civil and Environmental Engineering, IIT, Tirupati",,"Human-centered computing,Visualization,Visualization systems and tools,Human computer interaction (HCI),Interaction paradigms,Mixed / augmented reality,Applied computing,Physical sciences and engineering,Earth and atmospheric sciences",,,32,,,,9623287,/mediastore/IEEE/content/media/9622895/9623263/9623287,4
VIS,2021,ConVIScope: Visual Analytics for Exploring Patient Conversations,10.1109/VIS49827.2021.9623269,http://dx.doi.org/10.1109/VIS49827.2021.9623269,151,155,C,"The proliferation of text messaging for mobile health is generating a large amount of patient-doctor conversations that can be extremely valuable to health care professionals. We present ConVIScope, a visual text analytic system that tightly integrates interactive visualization with natural language processing in analyzing patient-doctor conversations. ConVIScope was developed in collaboration with healthcare professionals following a user-centered iterative design. Case studies with six domain experts suggest the potential utility of ConVIScope and reveal lessons for further developments.",Raymond Li;Enamul Hoque;Giuseppe Carenini;Richard Lester;Raymond Chau,Raymond Li;Enamul Hoque;Giuseppe Carenini;Richard Lester;Raymond Chau,"Department of Computer Science, University of British, Columbia;School of Information Technology, York University;Department of Computer Science, University of British, Columbia;Department of Medicine, University of British, Columbia;Department of Medicine, University of British, Columbia",,"Human-centered computing,Visualization,Visualization design and evaluation methods",,,44,,,,9623269,/mediastore/IEEE/content/media/9622895/9623263/9623269,3
VIS,2021,Visually Connecting Historical Figures Through Event Knowledge Graphs,10.1109/VIS49827.2021.9623313,http://dx.doi.org/10.1109/VIS49827.2021.9623313,156,160,C,"Knowledge graphs store information about historical figures and their relationships indirectly through shared events. We developed a visualization system, VisKonnect, for analyzing the intertwined lives of historical figures based on the events they participated in. A user’s query is parsed for identifying named entities, and related data is retrieved from an event knowledge graph. While a short textual answer to the query is generated using the GPT-3 language model, various linked visualizations provide context, display additional information related to the query, and allow exploration.",Shahid Latif;Shivam Agarwal;Simon Gottschalk;Carina Chrosch;Felix Feit;Johannes Jahn;Tobias Braun;Yanick Christian Tchenko;Elena Demidova;Fabian Beck,Shahid Latif;Shivam Agarwal;Simon Gottschalk;Carina Chrosch;Felix Feit;Johannes Jahn;Tobias Braun;Yanick Christian Tchenko;Elena Demidova;Fabian Beck,"paluno, University of Duisburg-Essen;paluno, University of Duisburg-Essen;L3S Research Center, Leibniz University of Hannover;University of Duisburg-Essen;University of Duisburg-Essen;University of Duisburg-Essen;University of Duisburg-Essen;University of Duisburg-Essen;Data Science & Intelligent Systems (DSIS), University of Bonn;paluno, University of Duisburg-Essen",,"Knowledge graphs,general public,question answering,visualization,natural language generation",,,25,,,,9623313,/mediastore/IEEE/content/media/9622895/9623263/9623313,5
VIS,2021,Understanding the Effects of Visualizing Missing Values on Visual Data Exploration,10.1109/VIS49827.2021.9623328,http://dx.doi.org/10.1109/VIS49827.2021.9623328,161,165,C,"When performing data analysis, people often confront data sets containing missing values. We conducted an empirical study to understand the effect of visualizing those missing values on participants’ decision-making processes while performing a visual data exploration task. More specifically, our study participants purchased a hypothetical portfolio of stocks based on a data set where some stocks had missing values for attributes such as PE ratio, beta, and EPS. The experiment used scatterplots to communicate the stock data. For one group of participants, stocks with missing values simply were not shown, while the second group saw such stocks depicted with estimated values as points with error bars. We measured participants’ cognitive load involved in decision-making with data with missing values. Our results indicate that their decision-making workflow was different across two conditions.",Hayeong Song;Yu Fu;Bahador Saket;John Stasko,Hayeong Song;Yu Fu;Bahador Saket;John Stasko,Georgia Institute of Technology;Georgia Institute of Technology;Georgia Institute of Technology;Georgia Institute of Technology,,"Human-centered computing,Visualization,Empiriacal evaluation,Missing data",,,38,,,,9623328,/mediastore/IEEE/content/media/9622895/9623263/9623328,2
VIS,2021,GeoSneakPique: Visual Autocompletion for Geospatial Queries,10.1109/VIS49827.2021.9623324,http://dx.doi.org/10.1109/VIS49827.2021.9623324,166,170,C,"How many crimes occurred in the city center? And exactly which part of town is the “city center”? While location is at the heart of many data questions, geographic location can be difficult to specify in natural language (NL) queries. This is especially true when working with fuzzy cognitive regions or regions that may be defined based on data distributions instead of absolute administrative location (e.g., state, country). GeoSneakPique presents a novel method for using a mapping widget to support the NL query process, allowing users to specify location via direct manipulation with data-driven guidance on spatial distributions to help select the area of interest. Users receive feedback to help them evaluate and refine their spatial selection interactively and can save spatial definitions for re-use in subsequent queries. We conduct a qualitative evaluation of the GeoSneakPique that indicates the usefulness of the interface as well as opportunities for better supporting geospatial workflows in visual analysis tasks employing cognitive regions.",Vidya Setlur;Sarah Battersby;Tracy Wong,Vidya Setlur;Sarah Battersby;Tracy Wong,Tableau Software;Tableau Software;Tableau Software,,"Data-driven scaffolds,cognitive region,Human-centered computing,Visualization",,,46,,,,9623324,/mediastore/IEEE/content/media/9622895/9623263/9623324,2
VIS,2021,Atlas: Grammar-based Procedural Generation of Data Visualizations,10.1109/VIS49827.2021.9623315,http://dx.doi.org/10.1109/VIS49827.2021.9623315,171,175,C,"We present Atlas, a procedural grammar for constructing data visualizations. Unlike most visualization grammars which use declarative specifications to describe visualization components, Atlas exposes the generative process of a visualization through a set of concatenated high-level production rules. Each of these rules describes how an input graphical object is created, transformed, or joined with abstract data to derive an output object. The visualization state can thus be inspected throughout the generative process. We demonstrate Atlas’ expressivity through a catalog of visualization designs, and discuss the trade-offs in its design by comparing it to state-of-the-art grammars.",Zhicheng Liu;Chen Chen;Francisco Morales;Yishan Zhao,Zhicheng Liu;Chen Chen;Francisco Morales;Yishan Zhao,"Department of Computer Science, University of Maryland, College Park;Department of Computer Science, University of Maryland, College Park;Department of Computer Science, University of Maryland, College Park;Department of Computer Science, University of Maryland, College Park",,"Human-centered computing,Visualization,Visualization systems and tools,Visualization toolkits",,,25,,,,9623315,/mediastore/IEEE/content/media/9622895/9623263/9623315,5
VIS,2021,On the Potential of Zines as a Medium for Visualization,10.1109/VIS49827.2021.9623294,http://dx.doi.org/10.1109/VIS49827.2021.9623294,176,180,C,"Zines are a form of small-circulation self-produced publication often akin to a magazine. This free-form medium has a long history and has been used as means for personal or intimate expression, as a way for marginalized people to describe issues that are important to them, and as a venue for graphical experimentation. It would seem then that zines would make an ideal vehicle for the recent interest in applying feminist or humanist ideas to visualization. Yet, there has been little work combining visualization and zines. In this paper we explore the potential of this intersection by analyzing examples of zines that use data graphics and by describing the pedagogical value that they can have in a visualization classroom. In doing so, we argue that there are plentiful opportunities for visualization research and practice in this rich intersectional-medium.",Andrew McNutt,Andrew McNutt,University of Chicago,,"Human-centered computing,Visualization,Visualization application domains",,,58,,,,9623294,/mediastore/IEEE/content/media/9622895/9623263/9623294,2
VIS,2021,Narrative Sensemaking: Strategies for Narrative Maps Construction,10.1109/VIS49827.2021.9623296,http://dx.doi.org/10.1109/VIS49827.2021.9623296,181,185,C,"Narrative sensemaking is a fundamental process to understand sequential information. Narrative maps are a visual representation framework that can aid analysts in this process. They allow analysts to understand the big picture of a narrative, uncover new relationships between events, and model connections between storylines. As a sensemaking tool, narrative maps have applications in intelligence analysis, misinformation modeling, and computational journalism. In this work, we seek to understand how analysts construct narrative maps in order to improve narrative map representation and extraction methods. We perform an experiment with a data set of news articles. Our main contribution is an analysis of how analysts construct narrative maps. The insights extracted from our study can be used to design narrative map visualizations, extraction algorithms, and visual analytics tools to support the sensemaking process.",Brian Felipe Keith Norambuena;Tanushree Mitra;Chris North,Brian Felipe Keith Norambuena;Tanushree Mitra;Chris North,"Virginia Tech, Blacksburg, VA, USA & Universidad Catolica del Norte, Antofagasta, Chile;University of Washington;Virginia Tech",,"Human-centered computing,Visualization,Empirical studies in visualization,Human-centered Visualization,Visualization techniques,Graph drawings",,,34,,,,9623296,/mediastore/IEEE/content/media/9622895/9623263/9623296,2
VIS,2021,Text Visualization and Close Reading for Journalism with Storifier,10.1109/VIS49827.2021.9623264,http://dx.doi.org/10.1109/VIS49827.2021.9623264,186,190,C,"Journalistic inquiry often requires analysis and close study of large text collections around a particular topic. We argue that this practice could benefit from a more text- and reading-centered approach to journalistic text analysis, one that allows for a fluid transition between overview of entities of interest, the context of these entities in the text, down to the detailed documents they are extracted from. In this context, we present the design and development of Storifier, a text visualization tool created in close collaboration with a large francophone news office. We also discuss a case study on how our tool was used to analyze a text collection and helped publish a story.",Nicole Sultanum;Anastasia Bezerianos;Fanny Chevalier,Nicole Sultanum;Anastasia Bezerianos;Fanny Chevalier,"University of Toronto;Univ. Paris-Sud, CNRS, INRIA, Université Paris-Saclay;University of Toronto",,,,,38,,,,9623264,/mediastore/IEEE/content/media/9622895/9623263/9623264,1
VIS,2021,Conceptualizing Visual Analytic Interventions for Content Moderation,10.1109/VIS49827.2021.9623288,http://dx.doi.org/10.1109/VIS49827.2021.9623288,191,195,C,"Modern social media platforms like Twitch, YouTube, etc., embody an open space for content creation and consumption. However, an unintended consequence of such content democratization is the proliferation of toxicity and abuse that content creators get subjected to. Commercial and volunteer content moderators play an indispensable role in identifying bad actors and minimizing the scale and degree of harmful content. Moderation tasks are often laborious, complex, and even if semi-automated, they involve high-consequence human decisions that affect the safety and popular perception of the platforms. In this paper, through an interdisciplinary collaboration among researchers from social science, human-computer interaction, and visualization, we present a systematic understanding of how visual analytics can help in human-in-the-loop content moderation. We contribute a characterization of the data-driven problems and needs for proactive moderation and present a mapping between the needs and visual analytic tasks through a task abstraction framework. We discuss how the task abstraction framework can be used for transparent moderation, design interventions for moderators’ well-being, and ultimately, for creating futuristic human-machine interfaces for data-driven content moderation.",Sahaj Vaidya;Jie Cai;Soumyadeep Basu;Azadeh Naderi;Donghee Yvette Wohn;Aritra Dasgupta,Sahaj Vaidya;Jie Cai;Soumyadeep Basu;Azadeh Naderi;Donghee Yvette Wohn;Aritra Dasgupta,NJIT;NJIT;NJIT;NJIT;NJIT;NJIT,,"Content Moderation,Social Media,Task Abstractions,Real-time Decision-Making",,,43,,,,9623288,/mediastore/IEEE/content/media/9622895/9623263/9623288,2
VIS,2021,How Learners Sketch Data Stories,10.1109/VIS49827.2021.9623299,http://dx.doi.org/10.1109/VIS49827.2021.9623299,196,200,C,"Learning data storytelling involves a complex web of skills. Professional and academic educational offerings typically focus on the computational literacies required, but professionals in the field employ many non-technical methods; sketching by hand on paper is a common practice. This paper introduces and classifies a corpus of 101 data sketches produced by participants as part of a guided learning activity in informal and formal settings. We manually code each sketch against 12 metrics related to visual encodings, representations, and story structure. We find evidence for preferential use of positional and shape-based encodings, frequent use of symbolic and textual representations, and a high prevalence of stories comparing subsets of data. These findings contribute to our understanding of how learners sketch with data. This case study can inform tool design for learners, and help create educational programs that introduce novices to sketching practices used by experts.",Rahul Bhargava;Dee Williams;Catherine D’Ignazio,Rahul Bhargava;Dee Williams;Catherine D’Ignazio,Northeastern University;Northeastern University;MIT,,"Human-centered computing Visualization design and evaluation methods,Social and professional topics Informal education",,,32,,,,9623299,/mediastore/IEEE/content/media/9622895/9623263/9623299,5
VIS,2021,Gemini2: Generating Keyframe-Oriented Animated Transitions Between Statistical Graphics,10.1109/VIS49827.2021.9623291,http://dx.doi.org/10.1109/VIS49827.2021.9623291,201,205,C,"Complex animated transitions may be easier to understand when divided into separate, consecutive stages. However, effective staging requires careful attention to both animation semantics and timing parameters. We present Gemini2, a system for creating staged animations from a sequence of chart keyframes. Given only a start state and an end state, Gemini2 can automatically recommend intermediate keyframes for designers to consider. The Gemini2 recommendation engine leverages Gemini, our prior work, and GraphScape to itemize the given complex change into semantic edit operations and to recombine operations into stages with a guided order for clearly conveying the semantics. To evaluate Gemini2’s recommendations, we conducted a human-subject study in which participants ranked recommended animations from both Gemini2 and Gemini. We find that Gemini2’s animation recommendation ranking is well aligned with subjects’ preferences, and Gemini2 can recommend favorable animations that Gemini cannot support.",Younghoon Kim;Jeffrey Heer,Younghoon Kim;Jeffrey Heer,University of Washington;University of Washington,,"H.5.2 [User Interfaces]: User Interfaces,Graphical user interfaces (GUI),H.5.m [Information Interfaces and Presentation]: Miscellaneous",,,30,,,,9623291,/mediastore/IEEE/content/media/9622895/9623263/9623291,4
VIS,2022,Exploring D3 Implementation Challenges on Stack Overflow,10.1109/VIS54862.2022.00009,http://dx.doi.org/10.1109/VIS54862.2022.00009,1,5,C,"Visualization languages help to standardize the process of designing effective visualizations, one of the most prominent being D3. However, few researchers have analyzed at scale how users incorporate these languages into existing visualization programming processes, i.e., implementation workflows. In this paper, we present an analysis of the experiences of D3 users as observed through Stack Overflow, summarizing common D3 implementation workflows and challenges discussed online. Our results show how the visualization community may be limiting its understanding of users' visualization implementation challenges by ignoring the larger context in which languages such as D3 are used. Based on our findings, we suggest new research directions to enhance the user experience with visualization languages. All our data and code are available at: https://osf.io/fup48/.",Leilani Battle;Danni Feng;Kelli Webber,Leilani Battle;Danni Feng;Kelli Webber,University of Washington;University of Maryland;University of Maryland,,"Web mining,visualization language evaluation,Human-centered computing,Visualization,Visualization design and evaluation methods",,,47,,,,9973195,/mediastore/IEEE/content/media/9973064/9973190/9973195,1
VIS,2022,Facilitating Conversational Interaction in Natural Language Interfaces for Visualization,10.1109/VIS54862.2022.00010,http://dx.doi.org/10.1109/VIS54862.2022.00010,6,10,C,"Natural language (NL) toolkits enable visualization developers, who may not have a background in natural language processing (NLP), to create natural language interfaces (NLIs) for end-users to flexibly specify and interact with visualizations. However, these toolkits currently only support one-off utterances, with minimal capability to facilitate a multi-turn dialog between the user and the system. Developing NLIs with such conversational interaction capabilities remains a challenging task, requiring implementations of low-level NLP techniques to process a new query as an intent to follow-up on an older query. We extend an existing Python-based toolkit, NL4DV, that processes an NL query about a tabular dataset and returns an analytic specification containing data attributes, analytic tasks, and relevant visualizations, modeled as a JSON object. Specifically, NL4DV now enables developers to facilitate multiple simultaneous conversations about a dataset and resolve associated ambiguities, augmenting new conversational information into the output JSON object. We demonstrate these capabilities through three examples: (1) an NLI to learn aspects of the Vega-Lite grammar, (2) a mind mapping application to create free-flowing conversations, and (3) a chatbot to answer questions and resolve ambiguities.",Rishab Mitra;Arpit Narechania;Alex Endert;John Stasko,Rishab Mitra;Arpit Narechania;Alex Endert;John Stasko,Georgia Institute of Technology;Georgia Institute of Technology;Georgia Institute of Technology;Georgia Institute of Technology,,"Human-centered computing,Visualization,Visualization systems and tools,Visualization toolkits,Human computer interaction (HCI),Interaction techniques,Text input",,,49,,,,9973222,/mediastore/IEEE/content/media/9973064/9973190/9973222,7
VIS,2022,VegaFusion: Automatic Server-Side Scaling for Interactive Vega Visualizations,10.1109/VIS54862.2022.00011,http://dx.doi.org/10.1109/VIS54862.2022.00011,11,15,C,"The Vega grammar has been broadly adopted by a growing ecosys-tem of browser-based visualization tools. However, the reference Vega renderer does not scale well to large datasets (e.g., millions of rows or hundreds of megabytes) because it requires the entire dataset to be loaded into browser memory. We introduce VegaFusion, which brings automatic server-side scaling to the Vega ecosystem. VegaFusion accepts generic Vega specifications and partitions the required computation between the client and an out-of-browser, natively-compiled server-side process. Large datasets can be pro-cessed server-side to avoid loading them into the browser and to take advantage of multi-threading, more powerful server hardware and caching. We demonstrate how VegaFusion can be integrated into the existing Vega ecosystem, and show that VegaFusion greatly outperforms the reference implementation. We demonstrate these benefits with VegaFusion running on the same machine as the client as well as on a remote machine.",Nicolas Kruchten;Jon Mease;Dominik Moritz,Nicolas Kruchten;Jon Mease;Dominik Moritz,Ecole de technologie supérieure;VegaFusion Technologies LLC;Carnegie Mellon University,,"Human-centered computing,Visualization,Visualization systems and tools,Visualization toolkits,Visualization application domains,Information visualization",,,17,,,,9973205,/mediastore/IEEE/content/media/9973064/9973190/9973205,2
VIS,2022,Streamlining Visualization Authoring in D3 Through User-Driven Templates,10.1109/VIS54862.2022.00012,http://dx.doi.org/10.1109/VIS54862.2022.00012,16,20,C,"D3 is arguably the most popular tool for implementing web-based visualizations. Yet D3 has a steep learning curve that may hinder its adoption and continued use. To simplify the process of programming D3 visualizations, we must first understand the space of implementation practices that D3 users engage in. We present a qualitative analysis of 2500 D3 visualizations and their corresponding imple-mentations. We find that 5 visualization types (Bar Charts, Geomaps, Line Charts, Scatterplots, and Force Directed Graphs) account for 80% of D3 visualizations found in our corpus. While implementation styles vary slightly across designs, the underlying code structure for all visualization types remains the same; presenting an opportunity for code reuse. Using our corpus of D3 examples, we synthesize reusable code templates for eight popular D3 visualization types and share them in our open source repository. Based on our results, we discuss design considerations for leveraging users' implementation patterns to reduce visualization design effort through design templates and auto-generated code recommendations.",Hannah Bako;Alisha Varma;Anuoluwapo Faboro;Mahreen Haider;Favour Nerrise;Bissaka Kenah;Leilani Battle,Hannah Bako;Alisha Varma;Anuoluwapo Faboro;Mahreen Haider;Favour Nerrise;Bissaka Kenah;Leilani Battle,University of Maryland;University of Maryland;University of Maryland;University of Maryland;University of Maryland;University of Maryland;University of Washington,,"Human-centered computing,Visualization,Visualization systems and tools,Visualization toolkits",,,33,,,,9973201,/mediastore/IEEE/content/media/9973064/9973190/9973201,3
VIS,2022,Plotly-Resampler: Effective Visual Analytics for Large Time Series,10.1109/VIS54862.2022.00013,http://dx.doi.org/10.1109/VIS54862.2022.00013,21,25,C,"Visual analytics is arguably the most important step in getting acquainted with your data. This is especially the case for time series, as this data type is hard to describe and cannot be fully understood when using for example summary statistics. To realize effective time series visualization, four requirements have to be met; a tool should be (1) interactive, (2) scalable to millions of data points, (3) integrable in conventional data science environments, and (4) highly configurable. We observe that open source Python visualization toolkits empower data scientists in most visual analytics tasks, but lack the combination of scalability and interactivity to realize effective time series visualization. As a means to facilitate these requirements, we created Plotly-Resampler, an open source Python library. Plotly-Resampler is an add-on for Plotly's Python bindings, enhancing line chart scalability on top of an interactive toolkit by aggregating the underlying data depending on the current graph view. Plotly-Resampler is built to be snappy, as the reactivity of a tool qualitatively affects how analysts visually explore and analyze data. A benchmark task highlights how our toolkit scales better than alternatives in terms of number of samples and time series. Additionally, Plotly-Resampler's flexible data aggregation functionality paves the path towards researching novel aggregation techniques. Plotly-Resampler's integrability, together with its configurability, convenience, and high scalability, allows to effectively analyze high-frequency data in your day-to-day Python environment.",Jonas Van Der Donckt;Jeroen Van der Donckt;Emiel Deprost;Sofie Van Hoecke,Jonas Van Der Donckt;Jeroen Van der Donckt;Emiel Deprost;Sofie Van Hoecke,"IDLab, Ghent University - imec, Belgium;IDLab, Ghent University - imec, Belgium;IDLab, Ghent University - imec, Belgium;IDLab, Ghent University - imec, Belgium",,"Time series,Visual analytics,Python,Dash Plotly,Open source",,,34,,,,9973221,/mediastore/IEEE/content/media/9973064/9973190/9973221,4
VIS,2022,Explaining Website Reliability by Visualizing Hyperlink Connectivity,10.1109/VIS54862.2022.00014,http://dx.doi.org/10.1109/VIS54862.2022.00014,26,30,C,"As the information on the Internet continues growing exponentially, understanding and assessing the reliability of a website is becoming increasingly important. Misinformation has far-ranging repercussions, from sowing mistrust in media to undermining democratic elections. While some research investigates how to alert people to misinformation on the web, much less research has been conducted on explaining how websites engage in spreading false information. To fill the research gap, we present MisVis, a web-based interactive visualization tool that helps users assess a website's reliability by understanding how it engages in spreading false information on the World Wide Web. MisVis visualizes the hyperlink connectivity of the website and summarizes key characteristics of the Twitter accounts that mention the site. A large-scale user study with 139 participants demonstrates that MisVis facilitates users to assess and understand false information on the web and node-link diagrams can be used to communicate with non-experts. MisVis is available at the public demo link: https://poloclub.github.io/MisVis.",Seongmin Lee;Sadia Afroz;Haekyu Park;Zijie J. Wang;Omar Shaikh;Vibhor Sehgal;Ankit Peshin;Duen Horng Chau,Seongmin Lee;Sadia Afroz;Haekyu Park;Zijie J. Wang;Omar Shaikh;Vibhor Sehgal;Ankit Peshin;Duen Horng Chau,Georgia Tech.;AVAST Software.;Georgia Tech.;Georgia Tech.;Georgia Tech.;AVAST Software.;AVAST Software.;Georgia Tech.,,"Human-centered computing,Visualization,Visualization systems and tools,Visualization toolkits",,,49,,,,9973216,/mediastore/IEEE/content/media/9973064/9973190/9973216,4
VIS,2022,Paths Through Spatial Networks,10.1109/VIS54862.2022.00015,http://dx.doi.org/10.1109/VIS54862.2022.00015,31,34,C,"Spatial networks present unique challenges to understanding topo-logical structure. Each node occupies a location in physical space (e.g., longitude and latitude) and each link may either indicate a fixed and well-described path (e.g., along streets) or a logical connection only. Placing these elements in a map maintains these physical relationships while making it more difficult to identify topological features of interest such as clusters, cliques, and paths. While some systems provide coordinated representations of a spatial network, it is almost universally assumed that the network itself is the sole mechanism for movement across space. In this paper, I present a novel approach for exploring spatial networks by orienting them along a point or path in physical space that provides the guide for parameters in a force-directed layout. By specifying a path across topography, networks can be spatially filtered independently of the topology of the network. Initial case studies indicate promising results for exploring spatial networks in transportation and energy distribution.",Alex Godwin,Alex Godwin,American University,,"Human-centered computing,Visualization,Visualization techniques,Graph Drawing,Visualization application domains,Geographic visualization",,,19,,,,9973200,/mediastore/IEEE/content/media/9973064/9973190/9973200,4
VIS,2022,LineCap: Line Charts for Data Visualization Captioning Models,10.1109/VIS54862.2022.00016,http://dx.doi.org/10.1109/VIS54862.2022.00016,35,39,C,"Data visualization captions help readers understand the purpose of a visualization and are crucial for individuals with visual impairments. The prevalence of poor figure captions and the successful application of deep learning approaches to image captioning motivate the use of similar techniques for automated figure captioning. However, research in this field has been stunted by the lack of suitable datasets. We introduce LineCap, a novel figure captioning dataset of 3,528 figures, and we provide insights from curating this dataset and using end-to-end deep learning models for automated figure captioning.",Anita Mahinpei;Zona Kostic;Chris Tanner,Anita Mahinpei;Zona Kostic;Chris Tanner,Harvard University;Harvard University;Harvard University,,"figure captioning,line charts,deep learning dataset",,,37,,,,9973197,/mediastore/IEEE/content/media/9973064/9973190/9973197,4
VIS,2022,Intentable: A Mixed-Initiative System for Intent-Based Chart Captioning,10.1109/VIS54862.2022.00017,http://dx.doi.org/10.1109/VIS54862.2022.00017,40,44,C,"We present Intentable, a mixed-initiative caption authoring system that allows the author to steer an automatic caption generation pro-cess to reflect their intent, e.g., the finding that the author gained from visualization and thus wants to write a caption for. We first derive a grammar for specifying the intent, i.e., a caption recipe, and build a neural network that generates caption sentences given a recipe. Our quantitative evaluation revealed that our intent-based generation system not only allows the author to engage in the generation process but also produces more fluent captions than the previous end-to-end approaches without user intervention. Finally, we demonstrate the versatility of our system, such as context adaptation, unit conversion, and sentence reordering.",Jiwon Choi;Jaemin Jo,Jiwon Choi;Jaemin Jo,Sungkyunkwan University;Sungkyunkwan University,,"Human-centered computing,Visualization,Visualization systems and tools,Human-computer interaction (HCI),Interactive systems and tools",,,39,,,,9973198,/mediastore/IEEE/content/media/9973064/9973190/9973198,3
VIS,2022,Visual Auditor: Interactive Visualization for Detection and Summarization of Model Biases,10.1109/VIS54862.2022.00018,http://dx.doi.org/10.1109/VIS54862.2022.00018,45,49,C,"As machine learning (ML) systems become increasingly widespread, it is necessary to audit these systems for biases prior to their de-ployment. Recent research has developed algorithms for effectively identifying intersectional bias in the form of interpretable, underper-forming subsets (or slices) of the data. However, these solutions and their insights are limited without a tool for visually understanding and interacting with the results of these algorithms. We propose Visual Auditor, an interactive visualization tool for auditing and summarizing model biases. Visual Auditor assists model validation by providing an interpretable overview of intersectional bias (bias that is present when examining populations defined by multiple features), details about relationships between problematic data slices, and a comparison between underperforming and overper-forming data slices in a model. Our open-source tool runs directly in both computational notebooks and web browsers, making model auditing accessible and easily integrated into current ML development workflows. An observational user study in collaboration with domain experts at Fiddler AI highlights that our tool can help ML practitioners identify and understand model biases.",David Munechika;Zijie J. Wang;Jack Reidy;Josh Rubin;Krishna Gade;Krishnaram Kenthapadi;Duen Horng Chau,David Munechika;Zijie J. Wang;Jack Reidy;Josh Rubin;Krishna Gade;Krishnaram Kenthapadi;Duen Horng Chau,Georgia Tech.;Georgia Tech.;Fiddler AI.;Fiddler AI.;Fiddler AI.;Fiddler AI.;Georgia Tech.,,"Human-centered computing,Visualization",,,40,,,,9973204,/mediastore/IEEE/content/media/9973064/9973190/9973204,3
VIS,2022,RMExplorer: A Visual Analytics Approach to Explore the Performance and the Fairness of Disease Risk Models on Population Subgroups,10.1109/VIS54862.2022.00019,http://dx.doi.org/10.1109/VIS54862.2022.00019,50,54,C,"Disease risk models can identify high-risk patients and help clinicians provide more personalized care. However, risk models de-veloped on one dataset may not generalize across diverse subpop-ulations of patients in different datasets and may have unexpected performance. It is challenging for clinical researchers to inspect risk models across different subgroups without any tools. Therefore, we developed an interactive visualization system called RMExplorer (Risk Model Explorer) to enable interactive risk model assessment. Specifically, the system allows users to define subgroups of patients by selecting clinical, demographic, or other characteristics, to ex-plore the performance and fairness of risk models on the subgroups, and to understand the feature contributions to risk scores. To demonstrate the usefulness of the tool, we conduct a case study, where we use RMExplorer to explore three atrial fibrillation risk models by applying them to the UK Biobank dataset of 445,329 individuals. RMExplorer can help researchers to evaluate the performance and biases of risk models on subpopulations of interest in their data.",Bum Chul Kwon;Uri Kartoun;Shaan Khurshid;Mikhail Yurochkin;Subha Maity;Deanna G Brockman;Amit V Khera;Patrick T Ellinor;Steven A Lubitz;Kenney Ng,Bum Chul Kwon;Uri Kartoun;Shaan Khurshid;Mikhail Yurochkin;Subha Maity;Deanna G Brockman;Amit V Khera;Patrick T Ellinor;Steven A Lubitz;Kenney Ng,IBM Research;IBM Research;IBM Research;IBM Research;Broad Institute;University of Michigan;University of Michigan;University of Michigan;University of Michigan;IBM Research,,"visual analytics,health informatics,fairness,subgroup analysis,explainability,interpretability,electronic health records,Human-centered computing,Visualization",,,30,,,,9973226,/mediastore/IEEE/content/media/9973064/9973190/9973226,4
VIS,2022,Visualizing Rule-based Classifiers for Clinical Risk Prognosis,10.1109/VIS54862.2022.00020,http://dx.doi.org/10.1109/VIS54862.2022.00020,55,59,C,"Deteriorating conditions in hospital patients are a major factor in clinical patient mortality. Currently, timely detection is based on clinical experience, expertise, and attention. However, healthcare trends towards larger patient cohorts, more data, and the desire for better and more personalized care are pushing the existing, simple scoring systems to their limits. Data-driven approaches can extract decision rules from available medical coding data, which offer good interpretability and thus are key for successful adoption in practice. Before deployment, models need to be scrutinized by domain experts to identify errors and check them against existing medical knowledge. We propose a visual analytics system to support health-care professionals in inspecting and enhancing rule-based classifier through identification of similarities and contradictions, as well as modification of rules. This work was developed iteratively in close collaboration with medical professionals. We discuss how our tool supports the inspection and assessment of rule-based classifiers in the clinical coding domain and propose possible extensions.",Dario Antweiler;Georg Fuchs,Dario Antweiler;Georg Fuchs,"Fraunhofer IAIS, Fraunhofer Center for Machine Learning;Fraunhofer IAIS",,"Information systems applications [Decision support systems]: Data analytics,Human computer interaction (HCI) [HCI design and evaluation methods]: User studies,[Applied computing]: Life and medical sciences,Health care information systems",,,39,,,,9973191,/mediastore/IEEE/content/media/9973064/9973190/9973191,3
VIS,2022,TimberTrek: Exploring and Curating Sparse Decision Trees with Interactive Visualization,10.1109/VIS54862.2022.00021,http://dx.doi.org/10.1109/VIS54862.2022.00021,60,64,C,"Given thousands of equally accurate machine learning (ML) models, how can users choose among them? A recent ML technique enables domain experts and data scientists to generate a complete Rashomon set for sparse decision trees-a huge set of almost-optimal inter-pretable ML models. To help ML practitioners identify models with desirable properties from this Rashomon set, we develop Tim-bertrek, the first interactive visualization system that summarizes thousands of sparse decision trees at scale. Two usage scenarios high-light how Timbertrek can empower users to easily explore, compare, and curate models that align with their domain knowledge and values. Our open-source tool runs directly in users' computational notebooks and web browsers, lowering the barrier to creating more responsible ML models. Timbertrek is available at the following public demo link: https: //poloclub. github. io/timbertrek.",Zijie J. Wang;Chudi Zhong;Rui Xin;Takuya Takagi;Zhi Chen;Duen Horng Chau;Cynthia Rudin;Margo Seltzer,Zijie J. Wang;Chudi Zhong;Rui Xin;Takuya Takagi;Zhi Chen;Duen Horng Chau;Cynthia Rudin;Margo Seltzer,Georgia Institute of Technology;Duke University;Duke University;Fujitsu Laboratories;Duke University;Georgia Institute of Technology;Duke University;University of British Columbia,,"Human-centered computing,Visual Analytics",,,50,,,,9973202,/mediastore/IEEE/content/media/9973064/9973190/9973202,5
VIS,2022,FairFuse: Interactive Visual Support for Fair Consensus Ranking,10.1109/VIS54862.2022.00022,http://dx.doi.org/10.1109/VIS54862.2022.00022,65,69,C,"Fair consensus building combines the preferences of multiple rankers into a single consensus ranking, while ensuring any group defined by a protected attribute (such as race or gender) is not disadvantaged compared to other groups. Manually generating a fair consensus ranking is time-consuming and impractical- even for a fairly small number of candidates. While algorithmic approaches for auditing and generating fair consensus rankings have been developed, these have not been operationalized in interactive systems. To bridge this gap, we introduce FairFuse, a visualization system for generating, analyzing, and auditing fair consensus rankings. We construct a data model which includes base rankings entered by rankers, augmented with measures of group fairness, and algorithms for generating consensus rankings with varying degrees of fairness. We design novel visualizations that encode these measures in a parallel-coordinates style rank visualization, with interactions for generating and exploring fair consensus rankings. We describe use cases in which FairFuse supports a decision-maker in ranking scenarios in which fairness is important, and discuss emerging challenges for future efforts supporting fairness-oriented rank analysis. Code and demo videos available at https://osf.io/hd639/.",Hilson Shrestha;Kathleen Cachel;Mallak Alkhathlan;Elke Rundensteiner;Lane Harrison,Hilson Shrestha;Kathleen Cachel;Mallak Alkhathlan;Elke Rundensteiner;Lane Harrison,Worcester Polytechnic Institute;Worcester Polytechnic Institute;Worcester Polytechnic Institute;Worcester Polytechnic Institute;Worcester Polytechnic Institute,,"Human-centered computing,Visualization,Visualization systems and tools",,,47,,,,9973194,/mediastore/IEEE/content/media/9973064/9973190/9973194,4
VIS,2022,Guided Data Discovery in Interactive Visualizations via Active Search,10.1109/VIS54862.2022.00023,http://dx.doi.org/10.1109/VIS54862.2022.00023,70,74,C,"Recent advances in visual analytics have enabled us to learn from user interactions and uncover analytic goals. These innovations set the foundation for actively guiding users during data exploration. Providing such guidance will become more critical as datasets grow in size and complexity, precluding exhaustive investigation. Mean-while, the machine learning community also struggles with datasets growing in size and complexity, precluding exhaustive labeling. Active learning is a broad family of algorithms developed for actively guiding models during training. We will consider the intersection of these analogous research thrusts. First, we discuss the nuances of matching the choice of an active learning algorithm to the task at hand. This is critical for performance, a fact we demonstrate in a simulation study. We then present results of a user study for the particular task of data discovery guided by an active learning algorithm specifically designed for this task.",Shayan Monadjemi;Sunwoo Ha;Quan Nguyen;Henry Chai;Roman Garnett;Alvitta Ottley,Shayan Monadjemi;Sunwoo Ha;Quan Nguyen;Henry Chai;Roman Garnett;Alvitta Ottley,Washington University in St. Louis;Washington University in St. Louis;Washington University in St. Louis;Carnegie Mellon University;Washington University in St. Louis;Washington University in St. Louis,,"Human-centered computing,Visual analytics,Human,centered computing,Empirical studies in visualization Computing methodologies,Active learning settings",,,36,,,,9973212,/mediastore/IEEE/content/media/9973064/9973190/9973212,3
VIS,2022,Parametric Dimension Reduction by Preserving Local Structure,10.1109/VIS54862.2022.00024,http://dx.doi.org/10.1109/VIS54862.2022.00024,75,79,C,"We extend a well-known dimension reduction method, t-distributed stochastic neighbor embedding (t-SNE), from non-parametric to parametric by training neural networks. The main advantage of a parametric technique is the generalization of handling new data, which is beneficial for streaming data visualization. While previous parametric methods either require a network pre-training by the restricted Boltzmann machine or intermediate results obtained from the traditional non-parametric t-SNE, we found that recent network training skills can enable a direct optimization for the t-SNE objective function. Accordingly, our method achieves high embedding quality while enjoying generalization. Due to mini-batch network training, our parametric dimension reduction method is highly efficient. For evaluation, we compared our method to several baselines on a variety of datasets. Experiment results demonstrate the feasibility of our method. The source code is available at https://github.com/a07458666/parametric_dr.",Chien-Hsun Lai;Ming-Feng Kuo;Yun-Hsuan Lien;Kuan-An Su;Yu-Shuen Wang,Chien-Hsun Lai;Ming-Feng Kuo;Yun-Hsuan Lien;Kuan-An Su;Yu-Shuen Wang,"National Yang Ming Chiao Tung University, Taiwan;National Yang Ming Chiao Tung University, Taiwan;National Yang Ming Chiao Tung University, Taiwan;National Yang Ming Chiao Tung University, Taiwan;National Yang Ming Chiao Tung University, Taiwan",,"Computing methodologies,Dimensionality reduction and manifold learning,Human-centered computing,Visualization toolkits",,,42,,,,9973230,/mediastore/IEEE/content/media/9973064/9973190/9973230,2
VIS,2022,Uniform Manifold Approximation with Two-phase Optimization,10.1109/VIS54862.2022.00025,http://dx.doi.org/10.1109/VIS54862.2022.00025,80,84,C,"We introduce Uniform Manifold Approximation with Two-phase Optimization (UMATO), a dimensionality reduction (DR) technique that improves UMAP to capture the global structure of high-dimensional data more accurately. In UMATO, optimization is divided into two phases so that the resulting embeddings can depict the global structure reliably while preserving the local structure with sufficient accuracy. In the first phase, hub points are identified and projected to construct a skeletal layout for the global structure. In the second phase, the remaining points are added to the embedding preserving the regional characteristics of local areas. Through quan-titative experiments, we found that UMATO (1) outperformed widely used DR techniques in preserving the global structure while (2) pro-ducing competitive accuracy in representing the local structure. We also verified that UMATO is preferable in terms of robustness over diverse initialization methods, numbers of epochs, and subsampling techniques.",Hyeon Jeon;Hyung-Kwon Ko;Soohyun Lee;Jaemin Jo;Jinwook Seo,Hyeon Jeon;Hyung-Kwon Ko;Soohyun Lee;Jaemin Jo;Jinwook Seo,Seoul National University;NAVER Webtoon Corp.;Seoul National University;Sungkyunkwan University;Seoul National University,,"Human-centered computing,Visualization,Visualization techniques,Computing methodologies,Machine learning,Machine learning algorithms",,,39,,,,9973206,/mediastore/IEEE/content/media/9973064/9973190/9973206,2
VIS,2022,Let's Get Personal: Exploring the Design of Personalized Visualizations,10.1109/VIS54862.2022.00026,http://dx.doi.org/10.1109/VIS54862.2022.00026,85,89,C,"Media outlets often publish visualizations that can be personalized based on users' demographics, such as location, race, and age. However, the design of such personalized visualizations remains under-explored. In this work, we contribute a design space analysis of 47 public-facing articles with personalized visualizations to understand how designers structure content, encourage exploration, and present insights. We find that articles often lack explicit exploration suggestions or instructions, data notices, and personalized visual insights. We then outline three trajectories for future research: (1) explore how users choose to personalize visualizations, (2) examine how exploration suggestions and examples impact user interaction, and (3) investigate how personalization influences user insights.",Beleicia Bullock;Shunan Guo;Eunyee Koh;Ryan Rossi;Fan Du;Jane Hoffswell,Beleicia Bullock;Shunan Guo;Eunyee Koh;Ryan Rossi;Fan Du;Jane Hoffswell,Stanford University;Adobe Research;Adobe Research;Adobe Research;Adobe Research;Adobe Research,,"Human-centered computing,Visualization,Visualization application domains",,,18,,,,9973231,/mediastore/IEEE/content/media/9973064/9973190/9973231,1
VIS,2022,Who benefits from Visualization Adaptations? Towards a better Understanding of the Influence of Visualization Literacy,10.1109/VIS54862.2022.00027,http://dx.doi.org/10.1109/VIS54862.2022.00027,90,94,C,"The ability to read, understand, and comprehend visual information representations is subsumed under the term visualization literacy (VL). One possibility to improve the use of information visualizations is to introduce adaptations. However, it is yet unclear whether people with different VL benefit from adaptations to the same degree. We conducted an online experiment (n = 42) to investigate whether the effect of an adaptation (here: De-Emphasis) of visualizations (bar charts, scatter plots) on performance (accuracy, time) and user experiences depends on users' VL level. Using linear mixed models for the analyses, we found a positive impact of the De-Emphasis adaptation across all conditions, as well as an interaction effect of adaptation and VL on the task completion time for bar charts. This work contributes to a better understanding of the intertwined relationship of VL and visual adaptations and motivates future research.",Marc Satkowski;Franziska Kessler;Susanne Narciss;Raimund Dachselt,Marc Satkowski;Franziska Kessler;Susanne Narciss;Raimund Dachselt,"Interactive Media Lab Dresden, Technische Universität Dresden;Psychology of Learning and Instruction Technische Universität Dresden;Psychology of Learning and Instruction Technische Universität Dresden;Interactive Media Lab Dresden, Technische Universität Dresden",,"User Study,Visualization Adaptation,Visualization Literacy,Visualization Competence,Information Visualization,On-line Survey,User Experience,Human-centered computing,Visualization,Visualization design and evaluation methods",,,44,,,,9973225,/mediastore/IEEE/content/media/9973064/9973190/9973225,2
VIS,2022,VisQuiz: Exploring Feedback Mechanisms to Improve Graphical Perception,10.1109/VIS54862.2022.00028,http://dx.doi.org/10.1109/VIS54862.2022.00028,95,99,C,"In this paper, we explore the design and evaluation of feedback for graphical perception tasks, called VisQuiz. Using a quiz-like metaphor, we design feedback for a typical visualization comparison experiment, showing participants their answer alongside the correct answer in an animated sequence in each trial, as well as summary feedback at the end of trial sections. To evaluate VisQuiz, we conduct a between-subjects experiment, including three stages of 40 trials each with a control condition that included only summary feedback. Results from $n=80$ participants show that once participants started receiving trial feedback (Stage 2) they performed significantly better with bubble charts than those in the control condition. This effect carried over when feedback was removed (Stage 3). Results also suggest an overall trend of improved performance due to feedback. We discuss these findings in the context of other visualization literacy efforts, and possible future work at the intersection of visualization, feedback, and learning. Experiment data and analysis scripts are available at the following repository https://osf.io/jys5d/",Ryan Birchfield;Maddison Caten;Errica Cheng;Madyson Kelly;Truman Larson;Hoan Phan Pham;Yiren Ding;Noëlle Rakotondravony;Lane Harrison,Ryan Birchfield;Maddison Caten;Errica Cheng;Madyson Kelly;Truman Larson;Hoan Phan Pham;Yiren Ding;Noëlle Rakotondravony;Lane Harrison,Worcester Polytechnic Institute;Worcester Polytechnic Institute;Worcester Polytechnic Institute;Worcester Polytechnic Institute;Worcester Polytechnic Institute;Worcester Polytechnic Institute;Worcester Polytechnic Institute;Worcester Polytechnic Institute;Worcester Polytechnic Institute,,"Visualization,Graphical Perception,Feedback",,,27,,,,9973228,/mediastore/IEEE/content/media/9973064/9973190/9973228,5
VIS,2022,Oscar: A Semantic-based Data Binning Approach,10.1109/VIS54862.2022.00029,http://dx.doi.org/10.1109/VIS54862.2022.00029,100,104,C,"Binning is applied to categorize data values or to see distributions of data. Existing binning algorithms often rely on statistical properties of data. However, there are semantic considerations for selecting appropriate binning schemes. Surveys, for instance, gather respon-dent data for demographic-related questions such as age, salary, number of employees, etc., that are bucketed into defined semantic categories. In this paper, we leverage common semantic categories from survey data and Tableau Public visualizations to identify a set of semantic binning categories. We employ these semantic binning categories in Oscar: a method for automatically selecting bins based on the inferred semantic type of the field. We conducted a crowdsourced study with 120 participants to better understand user preferences for bins generated by Oscar vs. binning provided in Tableau. We find that maps and histograms using binned values generated by Oscar are preferred by users as compared to binning schemes based purely on the statistical properties of the data.",Vidya Setlur;Michael Correll;Sarah Battersby,Vidya Setlur;Michael Correll;Sarah Battersby,Tableau Research;Tableau Research;Tableau Research,,"Data-driven semantics,binning,constraints,geospatial,Human-centered computing,Visualization",,,38,,,,9973213,/mediastore/IEEE/content/media/9973064/9973190/9973213,3
VIS,2022,Toward Systematic Design Considerations of Organizing Multiple Views,10.1109/VIS54862.2022.00030,http://dx.doi.org/10.1109/VIS54862.2022.00030,105,109,C,"Multiple-view visualization (MV) has been used for visual analytics in various fields (e.g., bioinformatics, cybersecurity, and intelligence analysis). Because each view encodes data from a particular per-spective, analysts often use a set of views laid out in 2D space to link and synthesize information. The difficulty of this process is impacted by the spatial organization of these views. For instance, connecting information from views far from each other can be more challenging than neighboring ones. However, most visual analysis tools currently either fix the positions of the views or completely delegate this organization of views to users (who must manually drag and move views). This either limits user involvement in managing the layout of MV or is overly flexible without much guidance. Then, a key design challenge in MV layout is determining the factors in a spatial organization that impact understanding. To address this, we review a set of MV-based systems and identify considerations for MV layout rooted in two key concerns: perception, which considers how users perceive view relationships, and content, which considers the relationships in the data. We show how these allow us to study and analyze the design of MV layout systematically.",Abdul Rahman Shaikh;David Koop;Hamed Alhoori;Maoyuan Sun,Abdul Rahman Shaikh;David Koop;Hamed Alhoori;Maoyuan Sun,Northern Illinois University;Northern Illinois University;Northern Illinois University;Northern Illinois University,,"Multiple views,visual analytics,spatial layout",,,47,,,,9973209,/mediastore/IEEE/content/media/9973064/9973190/9973209,2
VIS,2022,Toward Systematic Considerations of Missingness in Visual Analytics,10.1109/VIS54862.2022.00031,http://dx.doi.org/10.1109/VIS54862.2022.00031,110,114,C,"Data-driven decision making has been a common task in today's big data era, from simple choices such as finding a fast way to drive home, to complex decisions on medical treatment. It is often supported by visual analytics. For various reasons (e.g., system failure, interrupted network, intentional information hiding, or bias), visual analytics for sensemaking of data involves missingness (e.g., data loss and incomplete analysis), which impacts human decisions. For example, missing data can cost a business millions of dollars, and failing to recognize key evidence can put an innocent person in jail. Being aware of missingness is critical to avoid such catastrophes. To fulfill this, as an initial step, we consider missingness in visual analytics from two aspects: data-centric and human-centric. The former emphasizes missingness in three data-related categories: data composition, data relationship, and data usage. The latter focuses on the human-perceived missingness at three levels: observed-level, inferred-level, and ignored-level. Based on them, we discuss possible roles of visualizations for handling missingness, and conclude our discussion with future research opportunities.",Maoyuan Sun;Yue Ma;Yuanxin Wang;Tianyi Li;Jian Zhao;Yujun Liu;Ping-Shou Zhong,Maoyuan Sun;Yue Ma;Yuanxin Wang;Tianyi Li;Jian Zhao;Yujun Liu;Ping-Shou Zhong,Northern Illinois University;Northern Illinois University;University of Waterloo;Purdue University;University of Waterloo;Northern Illinois University;University of Illinois Chicago,,"Missingness,missing data visualization,sensemaking,visual analytics",,,49,,,,9973227,/mediastore/IEEE/content/media/9973064/9973190/9973227,3
VIS,2022,The role of extended reality for planning coronary artery bypass graft surgery,10.1109/VIS54862.2022.00032,http://dx.doi.org/10.1109/VIS54862.2022.00032,115,119,C,"Immersive visual displays are becoming more common in the diagnostic imaging and pre-procedural planning of complex cardiology revascularization surgeries. One such procedure is coronary artery bypass grafting (CABG) surgery, which is a gold standard treat-ment for patients with advanced coronary heart disease. Treatment planning of the CABG surgery can be aided by extended reality (XR) displays as they are known for offering advantageous visual-ization of spatially heterogeneous and complex tasks. Despite the benefits of XR, it remains unknown whether clinicians will benefit from higher visual immersion offered by XR. In order to assess the impact of increased immersion as well as the latent factor of geometrical complexity, a quantitative user evaluation $(\mathrm{n}=14)$ was performed with clinicians of advanced cardiology training simulating CABG placement on sixteen 3D arterial tree models derived from 6 patients two levels of anatomic complexity. These arterial models were rendered on 3D/XR and 2D display modes with the same tactile interaction input device. The findings of this study reveal that compared to a monoscopic 2D display, the greater visual immersion of 3D/XR does not significantly alter clinician accuracy in the task of bypass graft placement. Latent factors such as arterial complexity and clinical experience both influence the accuracy of graft placement. In addition, an anatomically less complex model",Madhurima Vardhan;Harvey Shi;David Urick;Manesh Patel;Jane A. Leopold;Amanda Randles,Madhurima Vardhan;Harvey Shi;David Urick;Manesh Patel;Jane A. Leopold;Amanda Randles,Duke University;Duke University;Duke University;Duke University School of Medicine;Brigham and Women's Hospital;Duke University,,"extended reality,coronary artery bypass graft surgery,anatomic complexity,treatment planning stereoscopic and monoscopic displays",,,26,,,,9973211,/mediastore/IEEE/content/media/9973064/9973190/9973211,4
VIS,2022,ARShopping: In-Store Shopping Decision Support Through Augmented Reality and Immersive Visualization,10.1109/VIS54862.2022.00033,http://dx.doi.org/10.1109/VIS54862.2022.00033,120,124,C,"Online shopping gives customers boundless options to choose from, backed by extensive product details and customer reviews, all from the comfort of home; yet, no amount of detailed, online information can outweigh the instant gratification and hands-on understanding of a product that is provided by physical stores. However, making purchasing decisions in physical stores can be challenging due to a large number of similar alternatives and limited accessibility of the relevant product information (e.g., features, ratings, and reviews). In this work, we present ARShopping: a web-based prototype to visually communicate detailed product information from an online setting on portable smart devices (e.g., phones, tablets, glasses), within the physical space at the point of purchase. This prototype uses augmented reality (AR) to identify products and display detailed information to help consumers make purchasing decisions that fulfill their needs while decreasing the decision-making time. In particular, we use a data fusion algorithm to improve the precision of the product detection; we then integrate AR visualizations into the scene to facilitate comparisons across multiple products and features. We designed our prototype based on interviews with 14 participants to better understand the utility and ease of use of the prototype.",Bingjie Xu;Shunan Guo;Eunyee Koh;Jane Hoffswell;Ryan Rossi;Fan Du,Bingjie Xu;Shunan Guo;Eunyee Koh;Jane Hoffswell;Ryan Rossi;Fan Du,Northwestern University;Adobe Research;Adobe Research;Adobe Research;Adobe Research;Adobe Research,,"Human-centered computing,Visualization,Visualization systems and tools,Human computer interaction (HCI),Interaction paradigms,Mixed / augmented reality",,,32,,,,9973224,/mediastore/IEEE/content/media/9973064/9973190/9973224,4
VIS,2022,Color Coding of Large Value Ranges Applied to Meteorological Data,10.1109/VIS54862.2022.00034,http://dx.doi.org/10.1109/VIS54862.2022.00034,125,129,C,"This paper presents a novel color scheme designed to address the challenge of visualizing data series with large value ranges, where scale transformation provides limited support. We focus on meteo-rological data, where the presence of large value ranges is common. We apply our approach to meteorological scatterplots, as one of the most common plots used in this domain area. Our approach leverages the numerical representation of mantissa and exponent of the values to guide the design of novel “nested” color schemes, able to emphasize differences between magnitudes. Our user study evaluates the new designs, the state of the art color scales and rep-resentative color schemes used in the analysis of meteorological data: ColorCrafter, Viridis, and Rainbow. We assess accuracy, time and confidence in the context of discrimination (comparison) and interpretation (reading) tasks. Our proposed color scheme signifi-cantly outperforms the others in interpretation tasks, while showing comparable performances in discrimination tasks.",Daniel Braun;Kerstin Ebell;Vera Schemann;Laura Pelchmann;Susanne Crewell;Rita Borgo;Tatiana von Landesberger,Daniel Braun;Kerstin Ebell;Vera Schemann;Laura Pelchmann;Susanne Crewell;Rita Borgo;Tatiana von Landesberger,"Department of Mathematics and Computer Science, University of Cologne;University of Cologne, Institute for Geophysics and Meteorology;University of Cologne, Institute for Geophysics and Meteorology;Department of Mathematics and Computer Science, University of Cologne;University of Cologne, Institute for Geophysics and Meteorology;Department of Computer Science, King's College London;Department of Mathematics and Computer Science, University of Cologne",,"Color Coding,Perception,Large Value Ranges,User study",,,22,,,,9973199,/mediastore/IEEE/content/media/9973064/9973190/9973199,5
VIS,2022,Volume Puzzle: visual analysis of segmented volume data with multivariate attributes,10.1109/VIS54862.2022.00035,http://dx.doi.org/10.1109/VIS54862.2022.00035,130,134,C,"A variety of application domains, including material science, neuroscience, and connectomics, commonly use segmented volume data for exploratory visual analysis. In many cases, segmented objects are characterized by multivariate attributes expressing specific geometric or physical features. Objects with similar characteristics, determined by selected attribute configurations, can create peculiar spatial patterns, whose detection and study is of fundamental importance. This task is notoriously difficult, especially when the number of attributes per segment is large. In this work, we propose an interactive framework that combines a state-of-the-art direct volume renderer for categorical volumes with techniques for the analysis of the attribute space and for the automatic creation of 2D transfer function. We show, in particular, how dimensionality reduction, kernel-density estimation, and topological techniques such as Morse analysis combined with scatter and density plots allow the efficient design of two-dimensional color maps that highlight spatial patterns. The capabilities of our framework are demonstrated on synthetic and real-world data from several domains.",M. Agus;A. Aboulhassan;K. Al Thelaya;G. Pintore;E. Gobbetti;C. Calì;J. Schneider,M. Agus;A. Aboulhassan;K. Al Thelaya;G. Pintore;E. Gobbetti;C. Calì;J. Schneider,"Hamad Bin Khalifa University, Qatar;Hamad Bin Khalifa University, Qatar;Hamad Bin Khalifa University, Qatar;CRS4, Italy;CRS4, Italy;University of Turin, Italy;Hamad Bin Khalifa University, Qatar",,"Human-centered computing,Visualization,Visualization techniques,Visualization application domains,Scientific visualization",,,36,,,,9973193,/mediastore/IEEE/content/media/9973064/9973190/9973193,6
VIS,2022,Droplet-Local Line Integration for Multiphase Flow,10.1109/VIS54862.2022.00036,http://dx.doi.org/10.1109/VIS54862.2022.00036,135,139,C,"Line integration of stream-, streak-, and pathlines is widely used and popular for visualizing single-phase flow. In multiphase flow, i.e., where the fluid consists, e.g., of a liquid and a gaseous phase, these techniques could also provide valuable insights into the internal flow of droplets and ligaments and thus into their dynamics. However, since such structures tend to act as entities, high translational and rotational velocities often obfuscate their detail. As a remedy, we present a method for deriving a droplet-local velocity field, using a decomposition of the original velocity field removing translational and rotational velocity parts, and adapt path- and streaklines. Ge-nerally, the resulting integral lines are thus shorter and less tangled, which simplifies their analysis. We demonstrate and discuss the uti-lity of our approach on droplets in two-phase flow data and visualize the removed velocity parts employing glyphs for context.",Alexander Straub;Sebastian Boblest;Grzegorz K. Karch;Filip Sadlo;Thomas Ertl,Alexander Straub;Sebastian Boblest;Grzegorz K. Karch;Filip Sadlo;Thomas Ertl,University of Stuttgart;University of Stuttgart;University of Stuttgart;Heidelberg University;University of Stuttgart,,"Human-centered computing,Visualization,Visu-alization application domains,Scientific visualization",,,20,,,,9973207,/mediastore/IEEE/content/media/9973064/9973190/9973207,4
VIS,2022,Efficient Interpolation-based Pathline Tracing with B-spline Curves in Particle Dataset,10.1109/VIS54862.2022.00037,http://dx.doi.org/10.1109/VIS54862.2022.00037,140,144,C,"Particle tracing through numerical integration is a well-known approach to generating pathlines for visualization. However, for particle simulations, the computation of pathlines is expensive, since the interpolation method is complicated due to the lack of connectivity information. Previous studies utilize the k-d tree to reduce the time for neighborhood search. However, the efficiency is still limited by the number of tracing time steps. Therefore, we propose a novel interpolation-based particle tracing method that first represents particle data as B-spline curves and interpolates B-spline control points to reduce the number of interpolation time steps. We demonstrate our approach achieves good tracing accuracy with much less computation time.",Haoyu Li;Tianyu Xiong;Han-Wei Shen,Haoyu Li;Tianyu Xiong;Han-Wei Shen,The Ohio State University;The Ohio State University;The Ohio State University,,"Human-centered computing,Visualization,Visualization application domains,Scientific visualization",,,16,,,,9973196,/mediastore/IEEE/content/media/9973064/9973190/9973196,4
VIS,2022,Visualizing Confidence Intervals for Critical Point Probabilities in 2D Scalar Field Ensembles,10.1109/VIS54862.2022.00038,http://dx.doi.org/10.1109/VIS54862.2022.00038,145,149,C,"An important task in visualization is the extraction and highlighting of dominant features in data to support users in their analysis process. Topological methods are a well-known means of identifying such features in deterministic fields. However, many real-world phenom-ena studied today are the result of a chaotic system that cannot be fully described by a single simulation. Instead, the variability of such systems is usually captured with ensemble simulations that pro-duce a variety of possible outcomes of the simulated process. The topological analysis of such ensemble data sets and uncertain data, in general, is less well studied. In this work, we present an approach for the computation and visual representation of confidence intervals for the occurrence probabilities of critical points in ensemble data sets. We demonstrate the added value of our approach over existing methods for critical point prediction in uncertain data on a synthetic data set and show its applicability to a data set from climate research.",Dominik Vietinghoff;Michael Böttinger;Gerik Scheuermann;Christian Heine,Dominik Vietinghoff;Michael Böttinger;Gerik Scheuermann;Christian Heine,Leipzig University;Deutsches Klimarechenzentrum;Leipzig University;Leipzig University,,"Uncertainty visualization,scalar topology,critical points,ensemble data,climate data,inferential statistics,glyphs",,,23,,,,9973214,/mediastore/IEEE/content/media/9973064/9973190/9973214,4
VIS,2022,ASEVis: Visual Exploration of Active System Ensembles to Define Characteristic Measures,10.1109/VIS54862.2022.00039,http://dx.doi.org/10.1109/VIS54862.2022.00039,150,154,C,"Simulation ensembles are a common tool in physics for understanding how a model outcome depends on input parameters. We analyze an active particle system, where each particle can use energy from its surroundings to propel itself. A multi-dimensional feature vector containing all particles' motion information can describe the whole system at each time step. The system's behavior strongly depends on input parameters like the propulsion mechanism of the particles. To understand how the time-varying behavior depends on the input parameters, it is necessary to introduce new measures to quantify the difference of the dynamics of the ensemble members. We propose a tool that supports the interactive visual analysis of time-varying feature-vector ensembles. A core component of our tool allows for the interactive definition and refinement of new measures that can then be used to understand the system's behavior and compare the ensemble members. Different visualizations support the user in finding a characteristic measure for the system. By visualizing the user-defined measure, the user can then investigate the parameter dependencies and gain insights into the relationship between input parameters and simulation output.",Marina Evers;Raphael Wittkowski;Lars Linsen,Marina Evers;Raphael Wittkowski;Lars Linsen,"University of Münster, Germany;University of Münster, Germany;University of Münster, Germany",,,,,35,,,,9973218,/mediastore/IEEE/content/media/9973064/9973190/9973218,3
VIS,2022,Accelerated Probabilistic Marching Cubes by Deep Learning for Time-Varying Scalar Ensembles,10.1109/VIS54862.2022.00040,http://dx.doi.org/10.1109/VIS54862.2022.00040,155,159,C,"Visualizing the uncertainty of ensemble simulations is challenging due to the large size and multivariate and temporal features of en-semble data sets. One popular approach to studying the uncertainty of ensembles is analyzing the positional uncertainty of the level sets. Probabilistic marching cubes is a technique that performs Monte Carlo sampling of multivariate Gaussian noise distributions for positional uncertainty visualization of level sets. However, the technique suffers from high computational time, making interactive visualization and analysis impossible to achieve. This paper introduces a deep-learning-based approach to learning the level-set uncertainty for two-dimensional ensemble data with a multivariate Gaussian noise assumption. We train the model using the first few time steps from time-varying ensemble data in our workflow. We demonstrate that our trained model accurately infers uncertainty in level sets for new time steps and is up to 170X faster than that of the original probabilistic model with serial computation and 10X faster than that of the original parallel computation.",Mengjiao Han;Tushar M. Athawale;David Pugmire;Chris R. Johnson,Mengjiao Han;Tushar M. Athawale;David Pugmire;Chris R. Johnson,Oak Ridge National Laboratory;Scientific Computing and Imaging Institute;Scientific Computing and Imaging Institute;Oak Ridge National Laboratory,,"Human-centered computing,Visualization,Visualization application domains,Scientific visualization,Computing methodologies,Machine learning,Machine learning approaches,Neural networks",,,37,,,,9973217,/mediastore/IEEE/content/media/9973064/9973190/9973217,6
VIS,2022,Beyond Visuals: Examining the Experiences of Geoscience Professionals With Vision Disabilities in Accessing Data Visualizations,10.1109/VIS54862.2022.00041,http://dx.doi.org/10.1109/VIS54862.2022.00041,160,164,C,"Data visualizations are ubiquitous in all disciplines and have become the primary means of analysing data and communicating insights. However, the predominant reliance on visual encoding of data con-tinues to create accessibility barriers for people who are blind/vision impaired resulting in their under representation in Science, Tech-nology, Engineering and Mathematics (STEM) disciplines. This research study seeks to understand the experiences of professionals who are blind/vision impaired in one such STEM discipline (geo-sciences) in accessing data visualizations. In-depth, semi-structured interviews with seven professionals were conducted to examine the accessibility barriers and areas for improvement to inform acces-sibility research pertaining to data visualizations through a socio-technical lens. A reflexive thematic analysis revealed the negative impact of visualizations in influencing their career path, lack of data exploration tools for research, barriers in accessing works of peers and mismatched pace of visualization and accessibility research. The article also includes recommendations from the participants to address some of these accessibility barriers.",Nihanth W. Cherukuru;David A. Bailey;Tiffany Fourment;Becca Hatheway;Marika M. Holland;Matt Rehme,Nihanth W. Cherukuru;David A. Bailey;Tiffany Fourment;Becca Hatheway;Marika M. Holland;Matt Rehme,National Center for Atmospheric Research (NCAR) University Corporation for Atmospheric Research (UCAR);National Center for Atmospheric Research (NCAR) University Corporation for Atmospheric Research (UCAR);National Center for Atmospheric Research (NCAR) University Corporation for Atmospheric Research (UCAR);National Center for Atmospheric Research (NCAR) University Corporation for Atmospheric Research (UCAR);National Center for Atmospheric Research (NCAR) University Corporation for Atmospheric Research (UCAR);National Center for Atmospheric Research (NCAR) University Corporation for Atmospheric Research (UCAR),,"Human-centered computing,Visualization,Visualization Design and evaluation methods,Accessibility,Accessibility technologies",,,26,,,,9973220,/mediastore/IEEE/content/media/9973064/9973190/9973220,0
VIS,2023,Gridded Glyphmaps for Supporting Spatial COVID-19 Modelling,10.1109/VIS54172.2023.00009,http://dx.doi.org/10.1109/VIS54172.2023.00009,1,5,C,"We describe our use of gridded glyphmaps to support development of a repurposed COVID-19 infection model during the height of the pandemic. We found that gridded glyphmaps’ ability to interactive summarise multivariate model input, intermediate results and outputs across multiple scales supported our model development tasks in ways that the modellers had not previously seen. We recount our experiences, reflect on potential to support more spatial model development more generally and suggest areas of further work.",Aidan Slingsby;Richard Reeve;Claire Harris,Aidan Slingsby;Richard Reeve;Claire Harris,"Department of Computer Science City, University of London;School of Biodiversity, One Health & Veterinary Medicine, University of Glasgow;Biomathematics and Statistics Scotland, James Hutton Institute",,"Human-centered computing,Visualization,Visualization techniques",,,20,,,,10360930,/mediastore/IEEE/content/media/10360877/10360490/10360930,6
VIS,2023,Topological Analysis and Approximate Identification of Leading Lines in Artworks Based on Discrete Morse Theory,10.1109/VIS54172.2023.00010,http://dx.doi.org/10.1109/VIS54172.2023.00010,6,10,C,"Accomplished artists often incorporate leading lines into their compositions to guide the observer’s attention. Although saliency maps are typically employed to locate attractive regions in still images, such scalar features do not express the trajectory of an observer’s gaze. In this study, we propose a method for the visual analysis and approximate identification of leading lines based on maximum graphs, sparse subsets of Morse–Smale complexes, extracted from saliency maps. We provide empirical evidence substantiating the feasibility of our method through a comparison with actual observers’ eye tracking results. Further, we investigate the limitations of our approach by employing it to analyze a variety of artworks with diverse styles.",Fuminori Shibasaki;Issei Fujishiro,Fuminori Shibasaki;Issei Fujishiro,"Keio University, Japan;Keio University, Japan",,"Human-centered computing,Visualization,Visualization design and evaluation methods",,,28,,,,10360904,/mediastore/IEEE/content/media/10360877/10360490/10360904,5
VIS,2023,Effects of data distribution and granularity on color semantics for colormap data visualizations,10.1109/VIS54172.2023.00011,http://dx.doi.org/10.1109/VIS54172.2023.00011,11,15,C,"To create effective data visualizations, it helps to represent data using visual features in intuitive ways. When visualization designs match observer expectations, visualizations are easier to interpret. Prior work suggests that several factors influence such expectations. For example, the dark-is-more bias leads observers to infer that darker colors map to larger quantities, and the opaque-is-more bias leads them to infer that regions appearing more opaque (given the background color) map to larger quantities. Previous work suggested that the background color only plays a role if visualizations appear to vary in opacity. The present study challenges this claim. We hypothesized that the background color would modulate inferred mappings for colormaps that should not appear to vary in opacity (by previous measures) if the visualization appeared to have a “hole” that revealed the background behind the map (hole hypothesis). We found that spatial aspects of the map contributed to inferred mappings, though the effects were inconsistent with the hole hypothesis. Our work raises new questions about how spatial distributions of data influence color semantics in colormap data visualizations.",Clementine Zimnicki;Chin Tseng;Danielle Albers Szafir;Karen B Schloss,Clementine Zimnicki;Chin Tseng;Danielle Albers Szafir;Karen B Schloss,"University of Wisconsin–Madison;University of North Carolina, Chapel Hill;UNC, Chapel Hill;UW–Madison",,"Visual reasoning,Information visualization,Colormap data visualizations,Color cognition",,,37,,,,10360928,/mediastore/IEEE/content/media/10360877/10360490/10360928,5
VIS,2023,Let’s Get Vysical: Perceptual Accuracy in Visual & Tactile Encodings,10.1109/VIS54172.2023.00012,http://dx.doi.org/10.1109/VIS54172.2023.00012,16,20,C,"In this paper, we explore the effectiveness of tactile data encodings using swell paper in comparison to visual encodings displayed with SVGs for data perception tasks. By replicating and adapting Cleveland and McGill’s graphical perception study for the tactile modality, we establish a novel tactile encoding hierarchy. In a study with 12 university students, we found that participants perceived visual encodings more accurately when comparing values, judging their ratios with lower cognitive load, and better self-evaluated performance than tactile encodings. However, tactile encodings differed from their visual counterparts in terms of how accurately values could be decoded from them. This suggests that data physicalizations will require different design guidance than that developed for visual encodings. By providing empirical evidence for the perceptual accuracy of tactile encodings, our work contributes to foundational research on forms of data representation that prioritize tactile perception such as tactile graphics.",Zhongzheng Xu;Kristin Williams;Emily Wall,Zhongzheng Xu;Kristin Williams;Emily Wall,Emory University;Emory University;Emory University,,"Human-centered computing,Visualization,Visualization techniques,Human-centered computing,Visualization,Visualization design and evaluation methods",,,43,,,,10360913,/mediastore/IEEE/content/media/10360877/10360490/10360913,3
VIS,2023,MinMaxLTTB: Leveraging MinMax-Preselection to Scale LTTB,10.1109/VIS54172.2023.00013,http://dx.doi.org/10.1109/VIS54172.2023.00013,21,25,C,"Visualization plays an important role in the analysis and exploration of time series data. To facilitate efficient visualization of large datasets, downsampling has emerged as a well-established approach. This work concentrates on LTTB (Largest-Triangle-Three-Buckets), a widely adopted downsampling algorithm for time series data point selection. Specifically, we introduce MinMaxLTTB, a two-step algorithm that significantly improves the scalability of LTTB. MinMaxLTTB consists of the following two steps: (i) the MinMax algorithm preselects a certain ratio of minimum and maximum data points, followed by (ii) applying the LTTB algorithm on only these preselected data points, effectively reducing LTTB’s time complexity. The MinMax algorithm is computationally efficient and can be parallelized, enabling efficient data point preselection. Additionally, MinMax demonstrates competitive performance in terms of visual representation, making it also an effective data reduction method. Experimental results demonstrate that MinMaxLTTB outperforms LTTB by more than an order of magnitude in terms of computation time. Furthermore, preselecting a small multiple of the desired output size already yields similar visual representativeness compared to LTTB. In summary, MinMaxLTTB leverages the computational efficiency of MinMax to scale LTTB, without compromising on LTTB its favorable visualization properties. The code and experiments associated with this paper can be found at https://github.com/predict-idlab/MinMaxLTTB.",Jeroen Van Der Donckt;Jonas Van Der Donckt;Michael Rademaker;Sofie Van Hoecke,Jeroen Van Der Donckt;Jonas Van Der Donckt;Michael Rademaker;Sofie Van Hoecke,"IDLab, Ghent University - imec, Belgium;IDLab, Ghent University - imec, Belgium;IDLab, Ghent University - imec, Belgium;IDLab, Ghent University - imec, Belgium",,"Time series,Line charts,Downsampling algorithms,MinMax,LTTB,Computational efficiency,Perception,Preselection-Evaluation",,,29,,,,10360915,/mediastore/IEEE/content/media/10360877/10360490/10360915,4
VIS,2023,Do You Trust What You See? Toward A Multidimensional Measure of Trust in Visualization,10.1109/VIS54172.2023.00014,http://dx.doi.org/10.1109/VIS54172.2023.00014,26,30,C,"Few concepts are as ubiquitous in computational fields as trust. However, in the case of information visualization, there are several unique and complex challenges, chief among them: defining and measuring trust. In this paper, we investigate the factors that influence trust in visualizations. We draw on the literature to identify five factors likely to affect trust: credibility, clarity, reliability, familiarity, and confidence. We then conduct two studies investigating these factors’ relationship with visualization design features. In the first study, participants’ credibility, understanding, and reliability ratings depended on the visualization design and its source. In the second study, we find these factors also align with subjective trust rankings. Our findings suggest that these five factors are important considerations for the design of trustworthy visualizations.",Saugat Pandey;Oen G. McKinley;R. Jordan Crouser;Alvitta Ottley,Saugat Pandey;Oen G. McKinley;R. Jordan Crouser;Alvitta Ottley,Washington University in St. Louis;Washington University in St. Louis;Smith College;Washington University in St. Louis,,"Human-centered computing,Visualization,Visualization design and evaluation methods",,,48,,,,10360907,/mediastore/IEEE/content/media/10360877/10360490/10360907,3
VIS,2023,reVISit: Supporting Scalable Evaluation of Interactive Visualizations,10.1109/VIS54172.2023.00015,http://dx.doi.org/10.1109/VIS54172.2023.00015,31,35,C,"reVISit is an open-source software toolkit and framework for creating, deploying, and monitoring empirical visualization studies. Running a quality empirical study in visualization can be demanding and resource-intensive, requiring substantial time, cost, and technical expertise from the research team. These challenges are amplified as research norms trend towards more complex and rigorous study methodologies, alongside a growing need to evaluate more complex interactive visualizations. reVISit aims to ameliorate these challenges by introducing a domain-specific language for study set-up, and a series of software components, such as UI elements, behavior provenance, and an experiment monitoring and management interface. Together with interactive or static stimuli provided by the experimenter, these are compiled to a ready-to-deploy web-based experiment. We demonstrate reVISit’s functionality by re-implementing two studies — a graphical perception task and a more complex, interactive study. reVISit is an open-source community project, available at https://revisit.dev/.",Yiren Ding;Jack Wilburn;Hilson Shrestha;Akim Ndlovu;Kiran Gadhave;Carolina Nobre;Alexander Lex;Lane Harrison,Yiren Ding;Jack Wilburn;Hilson Shrestha;Akim Ndlovu;Kiran Gadhave;Carolina Nobre;Alexander Lex;Lane Harrison,Worcester Polytechnic Institute;University of Utah;Worcester Polytechnic Institute;Worcester Polytechnic Institute;University of Utah;University of Toronto;University of Utah;Worcester Polytechnic Institute,,"Human-centered computing,Software prototype,Visualization systems and tools,Empirical Study",,,26,,,,10360897,/mediastore/IEEE/content/media/10360877/10360490/10360897,2
VIS,2023,Augmented Reality as a Visualization Technique for Scholarly Publications in Astronomy: An Empirical Evaluation,10.1109/VIS54172.2023.00016,http://dx.doi.org/10.1109/VIS54172.2023.00016,36,40,C,"We present a mixed methods user study evaluating augmented reality (AR) as a visualization technique for use in astronomy journal publications. This work is motivated by the highly spatial nature of scientific visualizations employed in astronomy, including spatial reasoning tasks for hypothesis generation and scientific communications. In this 52-person user study, we evaluate two AR approaches (one traditional tabletop projection and the other with a ‘tangible’ aid) as spatial 3D visualization techniques, as compared to a baseline 3D rendering on a phone. We identify a significant difference in mental and physical workload between the two AR conditions in men and women. Qualitatively, through thematic coding of interviews, we identify notable observed differences ranging from device-specific physical challenges, to subdomain-specific utility within astronomy. The confluence of quantitative and qualitative results suggest a tension between workload and engagement when comparing non-AR and AR technologies. We summarize these findings and contribute them for reference in data visualization research furthering novel scientific communications in astronomy journal publications.",Jane L. Adams;Laura South;Arzu Çöltekin;Alyssa A. Goodman;Michelle A. Borkin,Jane L. Adams;Laura South;Arzu Çöltekin;Alyssa A. Goodman;Michelle A. Borkin,"Northeastern University;Northeastern University;University of Applied Sciences and Arts, Northwestern Switzerland (FHNW);Harvard University;Northeastern University",,"Human-centered computing,Visualization,Empirical studies in visualization,Human Computer Interaction (HCI),Interaction paradigms,Mixed / augmented reality",,,41,,,,10360918,/mediastore/IEEE/content/media/10360877/10360490/10360918,3
VIS,2023,Comparing Morse Complexes Using Optimal Transport: An Experimental Study,10.1109/VIS54172.2023.00017,http://dx.doi.org/10.1109/VIS54172.2023.00017,41,45,C,"Morse complexes and Morse-Smale complexes are topological descriptors popular in topology-based visualization. Comparing these complexes plays an important role in their applications in feature correspondences, feature tracking, symmetry detection, and uncertainty visualization. Leveraging recent advances in optimal transport, we apply a class of optimal transport distances to the comparative analysis of Morse complexes. Contrasting with existing comparative measures, such distances are easy and efficient to compute, and naturally provide structural matching between Morse complexes. We perform an experimental study involving scientific simulation datasets and discuss the effectiveness of these distances as comparative measures for Morse complexes. We also provide an initial guideline for choosing the optimal transport distances under various data assumptions.",Mingzhe Li;Carson Storm;Austin Yang Li;Tom Needham;Bei Wang,Mingzhe Li;Carson Storm;Austin Yang Li;Tom Needham;Bei Wang,University of Utah;University of Utah;University of Utah;Florida State University;University of Utah,,"Morse Complexes,topological data analysis,optimal transport,topology in visualization Human-centered computing,Visualization",,,41,,,,10360892,/mediastore/IEEE/content/media/10360877/10360490/10360892,3
VIS,2023,Projection Ensemble: Visualizing the Robust Structures of Multidimensional Projections,10.1109/VIS54172.2023.00018,http://dx.doi.org/10.1109/VIS54172.2023.00018,46,50,C,"We introduce Projection Ensemble, a novel approach for identifying and visualizing robust structures across multidimensional projections. Although multidimensional projections, such as t-Stochastic Neighbor Embedding (t-SNE), have gained popularity, their stochastic nature often leads the user to interpret the structures that arise by chance and make erroneous findings. To overcome this limitation, we present a frequent subgraph mining algorithm and a visualization interface to extract and visualize the consistent structures across multiple projections. We demonstrate that our system not only identifies trustworthy structures but also detects accidental clustering or separation of data points.",Myeongwon Jung;Jiwon Choi;Jaemin Jo,Myeongwon Jung;Jiwon Choi;Jaemin Jo,Sungkyunkwan University;Sungkyunkwan University;Sungkyunkwan University,,"Human-centered computing,Visualization,Visualization systems and tools",,,22,,,,10360924,/mediastore/IEEE/content/media/10360877/10360490/10360924,3
VIS,2023,Visualizing Query Traversals Over Bounding Volume Hierarchies Using Treemaps,10.1109/VIS54172.2023.00019,http://dx.doi.org/10.1109/VIS54172.2023.00019,51,55,C,"Bounding volume hierarchies (BVHs) are one of the most common spatial data structures in computer graphics. Visualizing ray intersections in these data structures is challenging due to the large number of queries in typical image rendering workloads, the spatial clutter induced by superimposing the tree in a 3D viewport, and the strong tendency of these queries to visit several tree leaves, all of which add a very high dimensionality to the data being visualized. We present a new technique for visualizing ray intersection traversals on BVHs over triangle meshes. Unlike previous approaches which display aggregate traversal costs using a heatmap over the rendered image, we display detailed traversal information about individual queries, using a 3D view of the mesh, a treemap of the BVH, and synchronized highlighting between the two views, along with a pixel grid to select a ray intersection query to view. We demonstrate how this technique elucidates traversal dynamics and tree construction properties, which makes it possible to easily spot algorithmic improvements in these two categories.",Abhishek Madan;Carolina Nobre,Abhishek Madan;Carolina Nobre,University of Toronto;University of Toronto,,"bounding volume hierarchies, treemaps Human-centered computing,Visualization,Visualization techniques,Treemaps,Computing methodologies,Computer graphics,Rendering,Ray tracing",,,21,,,,10360900,/mediastore/IEEE/content/media/10360877/10360490/10360900,3
VIS,2023,Visual Analysis of Large Multi-Field AMR Data on GPUs Using Interactive Volume Lines,10.1109/VIS54172.2023.00020,http://dx.doi.org/10.1109/VIS54172.2023.00020,56,60,C,"To visually compare ensembles of volumes, dynamic volume lines (DVLs) represent each ensemble member as a 1D polyline. To compute these, the volume cells are sorted on a space-filling curve and scaled by the ensemble’s local variation. The resulting 1D plot can augment or serve as an alternative to a 3D volume visualization free of visual clutter and occlusion. Interactively computing DVLs is challenging when the data is large, and the volume grid is not structured/regular, as is often the case with computational fluid dynamics simulations. We extend DVLs to support large-scale, multifield adaptive mesh refinement (AMR) data that can be explored interactively. Our GPU-based system updates the DVL representation whenever the data or the alpha transfer function changes. We demonstrate and evaluate our interactive prototype using large AMR volumes from astrophysics simulations.",Stefan Zellmann;Serkan Demirci;Uğur Güdükbay,Stefan Zellmann;Serkan Demirci;Uğur Güdükbay,University of Cologne;Bilkent University;Bilkent University,,"Human-centered computing,Visualization,Visualization application domains,Visual analytics,Human-centered computing,Visualization,Visualization application domains,Scientific visualization",,,18,,,,10360878,/mediastore/IEEE/content/media/10360877/10360490/10360878,6
VIS,2023,GeneticFlow: Exploring Scholar Impact with Interactive Visualization,10.1109/VIS54172.2023.00022,http://dx.doi.org/10.1109/VIS54172.2023.00022,66,70,C,"Visualizing a scholar’s scientific impact is important for many challenging tasks in academia such as tenure evaluation and award selection. Existing visualization and profiling approaches do not focus on the analysis of individual scholar’s impact, or they are too abstract to provide detailed interpretation of high-impact scholars. This work builds over a new scholar-centric impact-oriented profiling method called GeneticFlow. We propose a visualization design of scholar’s self-citation graphs using a time-dependent, hierarchical representation method. The graph visualization is augmented with color-coded topic information trained with cutting-edge deep learning techniques, and also temporal trend chart to illustrate the dynamics of topic/impact evolution. The visualization method is validated on a benchmark dataset established for the visualization field. Visualization results reveal key patterns of high-impact scholars and also demonstrate its capability to serve ordinary researchers for their impact visualization task.",Fengli Xiao;Lei Shi,Fengli Xiao;Lei Shi,"Beihang University, Beijing, China;Beihang University, Beijing, China",,"Human-centered computing,Visualization",,,33,,,,10360932,/mediastore/IEEE/content/media/10360877/10360490/10360932,4
VIS,2023,Visualizing Similarity of Pathline Dynamics in 2D Flow Fields,10.1109/VIS54172.2023.00023,http://dx.doi.org/10.1109/VIS54172.2023.00023,71,75,C,"Even though the analysis of unsteady 2D flow fields is challenging, fluid mechanics experts generally have an intuition on where in the simulation domain specific features are expected. Using this intuition, showing similar regions enables the user to discover flow patterns within the simulation data. When focusing on similarity, a solid mathematical framework for a specific flow pattern is not required. We propose a technique that visualizes similar and dissimilar regions with respect to a region selected by the user. Using infinitesimal strain theory, we capture the strain and rotation progression and therefore the dynamics of fluid parcels along pathlines, which we encode as distributions. We then apply the Jensen–Shannon divergence to compute the (dis)similarity between pathline dynamics originating in a user-defined flow region and the pathline dynamics of the flow field. We validate our method by applying it to two simulation datasets of two-dimensional unsteady flows. Our results show that our approach is suitable for analyzing the similarity of time-dependent flow fields.",Baldwin Nsonga;Gerik Scheuermann,Baldwin Nsonga;Gerik Scheuermann,Leipzig University;Leipzig University,,"Human-centered computing,Visualization,Visualization application domains,Scientific visualization",,,29,,,,10360926,/mediastore/IEEE/content/media/10360877/10360490/10360926,5
VIS,2023,Evaluation of cinematic volume rendering open-source and commercial solutions for the exploration of congenital heart data,10.1109/VIS54172.2023.00024,http://dx.doi.org/10.1109/VIS54172.2023.00024,76,80,C,"Detailed anatomical information is essential to optimize medical decisions for surgical and pre-operative planning in patients with congenital heart disease. The visualization techniques commonly used in clinical routine for the exploration of complex cardiac data are based on multi-planar reformations, maximum intensity projection, and volume rendering, which rely on basic lighting models prone to image distortion. On the other hand, cinematic rendering (CR), a three-dimensional visualization technique based on physically-based rendering methods, can create volumetric images with high fidelity. However, there are a lot of parameters involved in CR that affect the visualization results, thus being dependent on the user’s experience and requiring detailed evaluation protocols to compare available solutions. In this study, we have analyzed the impact of the most relevant parameters in a CR pipeline developed in the open-source version of the MeVisLab framework for the visualization of the heart anatomy of three congenital patients and two adults from CT images. The resulting visualizations were compared to a commercial tool used in the clinics with a questionnaire filled in by clinical users, providing similar definitions of structures, depth perception, texture appearance, realism, and diagnostic ability.",Irum Baseer;Israel Valverde;Abdel H. Moustafa;Josep Blat;Oscar Camara,Irum Baseer;Israel Valverde;Abdel H. Moustafa;Josep Blat;Oscar Camara,Universitat Pompeu Fabra;Institute of Biomedicine of Seville;Hospital de la Santa Creu i Sant Pau;Universitat Pompeu Fabra;Universitat Pompeu Fabra,,"Cinematic rendering,open-source,commercial tool,congenital heart data",,,18,,,,10360937,/mediastore/IEEE/content/media/10360877/10360490/10360937,5
VIS,2023,ExoplanetExplorer: Contextual Visualization of Exoplanet Systems,10.1109/VIS54172.2023.00025,http://dx.doi.org/10.1109/VIS54172.2023.00025,81,85,C,"An exoplanet is a planet outside of our solar system. Researchers study known exoplanets and gather data about them through observations and derived data. Ongoing efforts involve finding planets with an environment that supports life, which likely exists in what is known as the habitable zone around a star. Through a participatory design process, we developed a tool that enables the exploration of exoplanet attribute data and provides contextual visual information in a 3D spatial view that seamlessly presents an overview and a system view showing particular exoplanet systems.",Emma Broman;Jacqueline Faherty;Laura Kreidberg;Sebastian Zieba;Charles Hansen;Anders Ynnerman;Alexander Bock,Emma Broman;Jacqueline Faherty;Laura Kreidberg;Sebastian Zieba;Charles Hansen;Anders Ynnerman;Alexander Bock,"Linköping University;American Museum of Natural History;Max Planck Institute for Astronomy;Max Planck Institute for Astronomy;University of Utah, Linköping University;Linköping University;Linköping University",,"Human-centered computing,Visualization,Visualization systems and tools,Human-centered computing,Visualization,Visualization application domains,Scientific visualization",,,29,,,,10360923,/mediastore/IEEE/content/media/10360877/10360490/10360923,5
VIS,2023,A Visualization System for Hexahedral Mesh Quality Study,10.1109/VIS54172.2023.00026,http://dx.doi.org/10.1109/VIS54172.2023.00026,86,90,C,"In this paper, we introduce a new 3D hex mesh visual analysis system that emphasizes poor-quality areas with an aggregated glyph, highlights overlapping elements, and provides detailed boundary error inspection in three forms. By supporting multi-level analysis through multiple views, our system effectively evaluates various mesh models and compares the performance of mesh generation and optimization algorithms for hexahedral meshes.",Lei Si;Guoning Chen,Lei Si;Guoning Chen,University of Houston;University of Houston,,"hex-mesh analysis,mesh quality visualization,Human-centered computing,Visualization,Visualization systems and tools",,,48,,,,10360916,/mediastore/IEEE/content/media/10360877/10360490/10360916,9
VIS,2023,What Exactly is an Insight? A Literature Review,10.1109/VIS54172.2023.00027,http://dx.doi.org/10.1109/VIS54172.2023.00027,91,95,C,"Insights are often considered the ideal outcome of visual analysis sessions. However, there is no single definition of what an insight is. Some scholars define insights as correlations, while others define them as hypotheses or aha moments. This lack of a clear definition can make it difficult to build visualization tools that effectively support insight discovery. In this paper, we contribute a comprehensive literature review that maps the landscape of existing insight definitions. We summarize key themes regarding how insight is defined, with the goal of helping readers identify which definitions of insight align closely with their research and tool development goals. Based on our review, we also suggest interesting research directions, such as synthesizing a unified formalism for insight and connecting theories of insight to other critical concepts in visualization research.",Leilani Battle;Alvitta Ottley,Leilani Battle;Alvitta Ottley,University of Washington;Washington University in St. Louis,,"Insight Discovery,Visualization Theory,Human-centered computing,Visualization",,,56,,,,10360890,/mediastore/IEEE/content/media/10360877/10360490/10360890,1
VIS,2023,WhaleVis: Visualizing the History of Commercial Whaling,10.1109/VIS54172.2023.00028,http://dx.doi.org/10.1109/VIS54172.2023.00028,96,100,C,"Whales are an important part of the oceanic ecosystem. Although historic commercial whale hunting a.k.a. whaling has severely threatened whale populations, whale researchers are looking at historical whaling data to inform current whale status and future conservation efforts. To facilitate this, we worked with experts in aquatic and fishery sciences to create WhaleVis—an interactive dashboard for the commercial whaling dataset maintained by the International Whaling Commission (IWC). We characterize key analysis tasks among whale researchers for this database, most important of which is inferring spatial distribution of whale populations over time. In addition to facilitating analysis of whale catches based on the spatio-temporal attributes, we use whaling expedition details to plot the search routes of expeditions. We propose a model of the catch data as a graph, where nodes represent catch locations, and edges represent whaling expedition routes. This model facilitates visual estimation of whale search effort and in turn the spatial distribution of whale populations normalized by the search effort—a well known problem in fisheries research. It further opens up new avenues for graph analysis on the data, including more rigorous computation of spatial distribution of whales normalized by the search effort, and enabling new insight generation. We demonstrate the use of our dashboard through a real life use case.",Ameya Patil;Zoe Rand;Trevor Branch;Leilani Battle,Ameya Patil;Zoe Rand;Trevor Branch;Leilani Battle,"Computer Science and Engineering, University of Washington, Seattle;Quantitative Ecology and Resource Management, University of Washington, Seattle;School of Aquatic and Fishery Sciences, University of Washington, Seattle;Computer Science and Engineering, University of Washington, Seattle",,"Whaling,conservation,data visualization dashboards,Applied computing,Bioinformatics,Applied computing,Environmental sciences",,,35,,,,10360933,/mediastore/IEEE/content/media/10360877/10360490/10360933,2
VIS,2023,The Role of Visualization in Genomics Data Analysis Workflows: The Interviews,10.1109/VIS54172.2023.00029,http://dx.doi.org/10.1109/VIS54172.2023.00029,101,105,C,"The diversity of genome-mapped data and analysis tasks makes it challenging for a single visualization tool to fulfill all visualization needs. To design a visualization tool that supports various genomics workflows of users, it is critical to first gain insights into the diverse workflows and the limitations of existing genomics tools for supporting them. In this paper, we conducted semi-structured interviews (N=9) to understand the role of visualization in genomics data analysis workflows. Our main goals were to identify various genomics workflows, from data analysis to visual exploration and presentation, and to observe challenges that genomics analysts encounter in these workflows when using existing tools. Through the interviews, we found several unique characteristics of genomics workflows, such as the use of multiple visualization tools and many repetitive tasks, which can significantly affect the overall performance. Based on our findings, we discuss implications for designing effective visualization authoring tools that tightly support genomics workflows, such as supporting automation and reproducibility.",Sehi L’Yi;Qianwen Wang;Nils Gehlenborg,Sehi L’Yi;Qianwen Wang;Nils Gehlenborg,Harvard Medical School;Harvard Medical School;Harvard Medical School,,"H.5.2 [Information Systems]: Information Interfaces and Presentation (e.g., HCI),User Interfaces",,,33,,,,10360921,/mediastore/IEEE/content/media/10360877/10360490/10360921,2
VIS,2023,Vis-SPLIT: Interactive Hierarchical Modeling for mRNA Expression Classification,10.1109/VIS54172.2023.00030,http://dx.doi.org/10.1109/VIS54172.2023.00030,106,110,C,"We propose an interactive visual analytics tool, Vis-SPLIT, for partitioning a population of individuals into groups with similar gene signatures. Vis-SPLIT allows users to interactively explore a dataset and exploit visual separations to build a classification model for specific cancers. The visualization components reveal gene expression and correlation to assist specific partitioning decisions, while also providing overviews for the decision model and clustered genetic signatures. We demonstrate the effectiveness of our framework through a case study and evaluate its usability with domain experts. Our results show that Vis-SPLIT can classify patients based on their genetic signatures to effectively gain insights into RNA sequencing data, as compared to an existing classification system.",Braden Roper;James C. Mathews;Saad Nadeem;Ji Hwan Park,Braden Roper;James C. Mathews;Saad Nadeem;Ji Hwan Park,University of Oklahoma;Memorial Sloan Kettering Cancer Center;Memorial Sloan Kettering Cancer Center;University of Oklahoma,,"Human-centered computing,Visualization,Visualization application domains,Visual analytics",,,36,,,,10360899,/mediastore/IEEE/content/media/10360877/10360490/10360899,3
VIS,2023,Enabling Multimodal User Interactions for Genomics Visualization Creation,10.1109/VIS54172.2023.00031,http://dx.doi.org/10.1109/VIS54172.2023.00031,111,115,C,"Visualization plays an important role in extracting insights from complex and large-scale genomics data. Traditional graphical user interfaces (GUIs) offer limited flexibility for custom visualizations. Our prior work, Gosling, enables expressive visualization creation using a grammar-based approach, but beginners may face challenges in constructing complex visualizations. To address this, we explore multimodal interactions, including sketches, example images, and natural language inputs, to streamline visualization creation. Specifically, we customize two deep learning models (YOLO v7 and GPT3.5) to interpret user interactions and convert them into Gosling specifications. A workflow is proposed to progressively introduce and integrate multimodal interactions. We then present use cases demonstrating their effectiveness and identify challenges and opportunities for future research.",Qianwen Wang;Xiao Liu;Man Qing Liang;Sehi L’Yi;Nils Gehlenborg,Qianwen Wang;Xiao Liu;Man Qing Liang;Sehi L’Yi;Nils Gehlenborg,"Harvard Medical School, Boston, MA, USA;Harvard Medical School, Boston, MA, USA;Harvard Medical School, Boston, MA, USA;Harvard Medical School, Boston, MA, USA;Harvard Medical School, Boston, MA, USA",,"Human-centered computing,Visualization,Visualization systems and tools,Human-centered computing,Interaction Design",,,39,,,,10360908,/mediastore/IEEE/content/media/10360877/10360490/10360908,5
VIS,2023,Simulating the Geometric Growth of the Marine Sponge Crella Incrustans,10.1109/VIS54172.2023.00032,http://dx.doi.org/10.1109/VIS54172.2023.00032,116,120,C,"Simulating marine sponge growth helps marine biologists analyze, measure, and predict the effects that the marine environment has on marine sponges, and vice versa. This paper describes a way to simulate and grow geometric models of the marine sponge Crella incrustans while considering environmental factors including fluid flow and nutrients. The simulation improves upon prior work by changing the skeletal architecture of the sponge in the growth model to better suit the structure of Crella incrustans. The change in skeletal architecture and other simulation parameters are then evaluated qualitatively against photos of a real-life Crella incrustans sponge. The results support the hypothesis that changing the skeletal architecture from radiate accretive to Halichondrid produces a sponge model which is closer in resemblance to Crella incrustans than the prior work.",Joshua O’Hagan;Andrew Chalmers;Taehyun Rhee,Joshua O’Hagan;Andrew Chalmers;Taehyun Rhee,"Computational Media Innovation Centre, Victoria University of Wellington;Computational Media Innovation Centre, Victoria University of Wellington;Computational Media Innovation Centre, Victoria University of Wellington",,"Computing methodologies,Computer graphics,Shape modeling,Computing methodologies,Modeling and simulation,Human-centered computing,Visualization,Scientific visualization",,,16,,,,10360891,/mediastore/IEEE/content/media/10360877/10360490/10360891,5
VIS,2023,How “Applied” is Fifteen Years of VAST conference?,10.1109/VIS54172.2023.00033,http://dx.doi.org/10.1109/VIS54172.2023.00033,121,125,C,"Visual analytics (VA) science and technology emerge as a promising methodology in visualization and data science in the new century. Application-driven research continues to contribute significantly to the development of VA, as well as in a broader scope of VIS. However, existing studies on the trend and impact of VA/VIS application research stay at a commentary and subjective level, using methods such as panel discussions and expert interviews. On the contrary, this work presents a first study on VA application research using data-driven methodology with cutting-edge machine learning algorithms, achieving both objective and scalable goals. Experiment results demonstrate the validity of our method with high F1 scores up to 0.89 for the inference of VA application papers on both the expert-labeled benchmark dataset and two external validation data sources. Inference results on 15 years of VAST conference papers also narrate interesting patterns in VA application research’s origin, trend, and constitution.",Lei Shi;Lei Xia;Zipeng Liu;Ye Sun;Huijie Guo;Klaus Mueller,Lei Shi;Lei Xia;Zipeng Liu;Ye Sun;Huijie Guo;Klaus Mueller,"Beihang University, Beijing, China;Beihang University, Beijing, China;Beihang University, Beijing, China;Beihang University, Beijing, China;Beihang University, Beijing, China;Stony Brook University, New York, United States",,"Human-centered computing,Visualization",,,34,,,,10360912,/mediastore/IEEE/content/media/10360877/10360490/10360912,4
VIS,2023,CLEVER: A Framework for Connecting Lived Experiences with Visualisation of Electronic Records,10.1109/VIS54172.2023.00034,http://dx.doi.org/10.1109/VIS54172.2023.00034,126,130,C,"The disconnect between insights generated from data and real-life practices of decision makers presents a number of open questions for visual analytics (VA). In public service planning, routine data are often perceived as unavailable, biased, incomplete and inconsistent across services. Decision makers often rely on qualitative data - sometimes collected through co-production - to understand the lived experience of communities before formulating a decision. We followed a subjectivist case study approach and immersed ourselves in ongoing co-production activities over the course of one year, to capture how VA can support the dialogue between population health decision-makers and the communities they serve. We present a framework for Connecting Lived Experiences with Visualisation of Electronic Records (CLEVER). The framework regards visualisation as a central component in a complex adaptive decision-making ecosystem and highlights the need to structure domain knowledge across decision contexts in Population Health Management (PHM) at clinical-, service- and district-levels. Our process for developing an initial framework comprised three steps: (i) we elicited decision-making tasks through a series of qualitative data collection activities; (ii) we developed a preliminary domain model to capture data views and a subjective view of the world through human stories; and (iii) we developed a series of visualisation prototypes to instantiate the framework and demonstrated them regularly to stakeholders. In future work, we will conduct ‘deep dives’ to systematically study the role of VA in individual stages of the framework.",Mai Elshehaly;Lucy Eddy;Mark Mon-Williams,Mai Elshehaly;Lucy Eddy;Mark Mon-Williams,"City, University of London;University of Bradford;University of Leeds",,"Human-centered computing,Visualization,Visualization design and evaluation methods",,,22,,,,10360922,/mediastore/IEEE/content/media/10360877/10360490/10360922,3
VIS,2023,Design of an Ecological Visual Analytics Interface for Operators of Time-Constant Processes,10.1109/VIS54172.2023.00035,http://dx.doi.org/10.1109/VIS54172.2023.00035,131,135,C,"In industrial applications where the physical parameters are highly interconnected, keeping the process flow steady is a major concern for the operators. This is caused by the sensitivity of system to the process dynamics. As a result, a slight adjustment to a control parameter can significantly affect the efficiency of the system and thus impact the financial gain. Paper pulp production is an example of such a process, where operators continuously investigate the potential of changes in the process and predict the consequences of an adjustment before making a decision. Process parameter adjustments prescribed by simulated control models cannot be fully trusted as the external disturbances and the process inherent variabilities cannot be fully incorporated into the simulations. Therefore, to assess the viability of a strategy, operators often compare the situation with the historical records and trends during which the processes in the plant ran steadily. While previous research has mostly focused on developing advanced control models to simulate complex pulp production process, this work aims to support operators analytical reasoning by provision of effective data visualization. The contributions of our design study include a domain problem characterization and a linked-view visual encoding design, which aims to enhance operator’s mental models independent of particular users or scenarios. Finally, by reflecting on the advantages of our choice of task abstraction technique, inherited from the ecological interface design framework [5], we reason for the generalizability of our approach to similar industrial applications.",Elmira Zohrevandi;Emmanuel Brorsson;Andreas Darnell;Magnus Bång;Jonas Lundberg;Anders Ynnerman,Elmira Zohrevandi;Emmanuel Brorsson;Andreas Darnell;Magnus Bång;Jonas Lundberg;Anders Ynnerman,Linköping University;Södra Cell & ABB Sweden;Södra Cell;Linköping University;Linköping University;Linköping University,,"Visual analytics interfaces, Design study, Focus+,context techniques, Linked-view interfaces, Time-constant processes Human-centered computing,Visualization,Visualization application domains,Visual analytics",,,41,,,,10360898,/mediastore/IEEE/content/media/10360877/10360490/10360898,2
VIS,2023,Taken By Surprise? Evaluating how Bayesian Surprise & Suppression Influences Peoples’ Takeaways in Map Visualizations,10.1109/VIS54172.2023.00036,http://dx.doi.org/10.1109/VIS54172.2023.00036,136,140,C,"Choropleth maps have been studied and extended in many ways to counteract the many biases that can occur when using them. Two recent techniques, Surprise metrics and Value Suppressing Uncertainty Palettes (VSUPs), offer promising solutions but have yet to be tested empirically with users of visualizations. In this paper, we explore how well people can make use of these techniques in map exploration tasks. We report a crowdsourced experiment where n = 300 participants are assigned to one of Choropleth, Surprise (only), and VSUP conditions (depicting rates and Surprise in a suppressed palette). Results show clear differences in map analysis outcomes, e.g. with Surprise maps leading people to significantly higher areas of population, or VSUPs performing similar or better than Choropleths for rate selection. Qualitative analysis suggests that many participants may only consider a subset of the metrics presented to them during exploration and decision-making. We discuss how these results generally support the use of Surprise and VSUP techniques in practice, and opportunities for further technique development. The material for the study (data, study results and code) is publicly available on https://osf.io/exb95/.",Akim Ndlovu;Hilson Shrestha;Lane T. Harrison,Akim Ndlovu;Hilson Shrestha;Lane T. Harrison,Worcester Polytechnic Institute;Worcester Polytechnic Institute;Worcester Polytechnic Institute,,"Data Visualization,Choropleth Maps,Bayesian Surprise",,,26,,,,10360887,/mediastore/IEEE/content/media/10360877/10360490/10360887,3
VIS,2023,Towards Autocomplete Strategies for Visualization Construction,10.1109/VIS54172.2023.00037,http://dx.doi.org/10.1109/VIS54172.2023.00037,141,145,C,"Constructive visualization uses physical data units - tokens - to enable non-experts to create personalized visualizations engagingly. However, its physical nature limits efficiency and scalability. One potential solution to address this issue is autocomplete. By providing automated suggestions while still allowing for manual intervention, autocomplete can expedite visualization construction while maintaining expressivity. We conduct a speculative design study to examine how people would like to interact with a visualization authoring system that supports autocomplete. Our study identifies three types of autocomplete strategies and gains insights for designing future visualization authoring tools with autocomplete functionality.A free copy of this paper and all supplemental materials are available on our online repository: https://osf.io/nu4z3/?view_only= 594baee54d114a99ab381886fb32a126.",Wei Wei;Samuel Huron;Yvonne Jansen,Wei Wei;Samuel Huron;Yvonne Jansen,"Télécom Paris, University of Victoria University of Calgary;Télécom Paris, CNRS i3, Institut Polytechnique de Paris;CNRS, Inria, LaBRI, Univ. Bordeaux",,"Autocomplete,constructive visualization,visualization authoring,physicalization,automation,expressivity,design,Human-centered computing,Visualization",,,32,,,,10360879,/mediastore/IEEE/content/media/10360877/10360490/10360879,4
VIS,2023,Indy Survey Tool: A Framework to Unearth Correlations in Survey Data,10.1109/VIS54172.2023.00038,http://dx.doi.org/10.1109/VIS54172.2023.00038,146,150,C,"Survey companion websites allow users to explore collected survey information more deeply, as well as update or add entries for papers. These sites can help information stay relevant past the original release date of the survey paper. However, creating and maintaining a website can be laborious and difficult, especially when authors might not be experienced with programming. We introduce Indy Survey Tool to help authors develop companion websites for survey papers across diverse fields of study. The tool’s core aim is to identify correlations between categorizations of papers. To accomplish this, the tool offers multiple combined filters and correlation matrix visualizations that enable users to explore the data from diverse perspectives. The tool’s visualizations, list of papers, and filters are harmoniously integrated and highly responsive, providing users with feedback based on their selections. Identifying correlations in survey papers is a pivotal aspect of research, as it can enable the recognition of common combinations of categorizations within the papers—as well as highlight any omissions. The versatility of Indy Survey Tool enables researchers to delve into the correlations between categorizations in survey data, an essential aspect of research that can reveal gaps in the literature and highlight promising areas for future exploration. A preprint and supplemental material for the paper can be found at osf.io/tdhqn.",Tarik Crnovrsanin;Sara Di Bartolomeo;Connor Wilson;Cody Dunne,Tarik Crnovrsanin;Sara Di Bartolomeo;Connor Wilson;Cody Dunne,Northeastern University;Northeastern University;Northeastern University;Northeastern University,,"Software tool,systematic review,literature review,survey,co-occurrence visualization,Human-centered computing,Visualization,Visualization systems and tools,Visualization toolkits,General and reference,Document types,Surveys and overviews",,,22,,,,10360929,/mediastore/IEEE/content/media/10360877/10360490/10360929,4
VIS,2023,Data in the Wind: Evaluating Multiple-Encoding Design for Particle Motion Visualizations,10.1109/VIS54172.2023.00039,http://dx.doi.org/10.1109/VIS54172.2023.00039,151,155,C,"Motion is widely used in modern data visualizations, serving as a means for transitioning views and as a primary channel for conveying information. Particle flow maps have become a popular means for communicating the speed and direction of wind in engaging and informative ways. Yet there is little empirical design guidance supporting the multiple encodings these maps use, such as particle speed, particle density, and color saturation. In this paper, we investigate multiple encoding wind maps using a staircase methodology to estimate just-noticeable differences for a range of speed values across visualizations with or without motion encodings. Results suggest: 1. the multiple encodings designers use are not only aesthetically engaging– they also improve speed discriminability for the average participant. 2. The speed of particle motion should be controlled under a certain range for good information retrieval accuracy. These findings contribute empirical guidance for particle motion encoding design, and lay groundwork for future investigations as motion becomes more widely used in visualization practice.",Yiren Ding;Lane Harrison,Yiren Ding;Lane Harrison,Worcester Polytechnic Institute;Worcester Polytechnic Institute,,"Human-centered computing,Visualization,Visualization techniques,Empirical study",,,39,,,,10360894,/mediastore/IEEE/content/media/10360877/10360490/10360894,5
VIS,2023,Show Me My Users: A Dashboard Visualizing User Interaction Logs,10.1109/VIS54172.2023.00040,http://dx.doi.org/10.1109/VIS54172.2023.00040,156,160,C,"This paper describes the design of a dashboard and analysis pipeline to monitor users of visualization tools in the wild. Our pipeline describes how to extract analysis KPIs from extensive log event data and a mix of user types. The resulting three-page dashboard displays live KPIs, helping analysts to understand users, detect exploratory behaviors, plan education interventions, and improve tool features. We propose this case study as a motivation to use the dashboard approach for a more ‘casual’ monitoring of users and building carer mindsets for visualization tools.",Jinrui Wang;Mashael AlKadi;Benjamin Bach,Jinrui Wang;Mashael AlKadi;Benjamin Bach,The University of Edinburgh;The University of Edinburgh & Imam Abdulrahman bin Faisal University;The University of Edinburgh,,"Human-centered computing,Visualization,Visualization design and evaluation methods,Human-centered computing,Visualization,Visualization application domains,Visual Analytics",,,33,,,,10360880,/mediastore/IEEE/content/media/10360877/10360490/10360880,3
VIS,2023,Fast Fiber Line Extraction for 2D Bivariate Scalar Fields,10.1109/VIS54172.2023.00021,http://dx.doi.org/10.1109/VIS54172.2023.00021,156,160,C,"Extracting level sets from scalar data is a fundamental operation in visualization with many applications. Recently, the concept of level set extraction has been extended to bivariate scalar fields. Prior work on vector field equivalence, wherein an analyst marks a region in the domain and is shown other regions in the domain with similar vector values, pointed out the need to make this extraction operation fast, so that analysts can work interactively. To date, the fast extraction of level sets from bivariate scalar fields has not been researched as extensively as for the univariate case. In this paper, we present a novel algorithm that extracts fiber lines, i.e., the preimages of so called control polygons (FSCP), for bivariate 2D data by joint traversal of bounding volume hierarchies for both grid and FSCP elements. We performed an extensive evaluation, comparing our method to a two-dimensional adaptation of the method proposed by Klacansky et al., as well as to the naive approach for fiber line extraction. The evaluation incorporates a vast array of configurations in several datasets. We found that our method provides a speedup of several orders of magnitudes compared to the naive algorithm and requires two thirds of the computation time compared to Klacansky et al. adapted for 2D.",Felix Raith;Baldwin Nsonga;Gerik Scheuermann;Christian Heine,Felix Raith;Baldwin Nsonga;Gerik Scheuermann;Christian Heine,Leipzig University;Leipzig University;Leipzig University;Leipzig University,,"Visualization,scalar fields,bivariate data,fibers,preimage extraction algorithm,dual bounding volume hierarchy traversal,Human-centered computing,Visualization",,,38,,,,10360914,/mediastore/IEEE/content/media/10360877/10360490/10360914,4
VIS,2023,What Is the Difference Between a Mountain and a Molehill? Quantifying Semantic Labeling of Visual Features in Line Charts,10.1109/VIS54172.2023.00041,http://dx.doi.org/10.1109/VIS54172.2023.00041,161,165,C,"Relevant language describing visual features in charts can be useful for authoring captions and summaries about the charts to help with readers’ takeaways. To better understand the interplay between concepts that describe visual features and the semantic relationships among those concepts (e.g., ‘sharp increase’ vs. ‘gradual rise’), we conducted a crowdsourced study to collect labels and visual feature pairs for univariate line charts. Using this crowdsourced dataset of labeled visual signatures, this paper proposes a novel method for labeling visual chart features based on combining feature-word distributions with the visual features and the data domain of the charts. These feature-word-topic models identify word associations with similar yet subtle differences in semantics, such as ‘flat,’ ‘plateau,’ and ‘stagnant,’ and descriptors of the visual features, such as ‘sharp increase,’ ‘slow climb,’ and ‘peak.’ Our feature-word-topic model is computed using both a quantified semantics approach and a signal processing-inspired least-errors shape-similarity approach. We finally demonstrate the application of this dataset for annotating charts and generating textual data summaries.",Dennis Bromley;Vidya Setlur,Dennis Bromley;Vidya Setlur,"Tableau Research, Seattle, WA, USA;Tableau Research, Palo Alto, CA, USA",,"Semantics,trends,annotation,text generation,Human-centered computing,Visualization,Visualization systems and tools",,,47,,,,10360895,/mediastore/IEEE/content/media/10360877/10360490/10360895,3
VIS,2023,Draco 2: An Extensible Platform to Model Visualization Design,10.1109/VIS54172.2023.00042,http://dx.doi.org/10.1109/VIS54172.2023.00042,166,170,C,"Draco introduced a constraint-based framework to model visualization design in an extensible and testable form. It provides a way to abstract design guidelines from theoretical and empirical studies and applies the knowledge in automated design tools. However, Draco is challenging to use because there is limited tooling and documentation. In response, we present Draco 2, the successor with (1) a more flexible visualization specification format, (2) a comprehensive test suite and documentation, and (3) flexible and convenient APIs. We designed Draco 2 to be more extensible and easier to integrate into visualization systems. We demonstrate these advantages and believe that they make Draco 2 a platform for future research.",Junran Yang;Péter Ferenc Gyarmati;Zehua Zeng;Dominik Moritz,Junran Yang;Péter Ferenc Gyarmati;Zehua Zeng;Dominik Moritz,"University of Washington, Seattle;University of Vienna, Vienna;University of Maryland, College Park;Carnegie Mellon University, Pittsburgh",,"Human-centered computing,Visualization,Visualization systems and tools",,,27,,,,10360911,/mediastore/IEEE/content/media/10360877/10360490/10360911,2
VIS,2023,A Simple yet Useful Spiral Visualization of Large Graphs,10.1109/VIS54172.2023.00043,http://dx.doi.org/10.1109/VIS54172.2023.00043,171,175,C,"We present a Spiral Visualization that facilitates users to visually comprehend large graphs. Spiral Visualization is a representation that highlights key aspects of networks, including the number, size, and density of communities, important or central nodes within communities, centrality distribution within communities, connections between communities, and connections between nodes. To facilitate analysis and comprehension of networks using various interaction techniques, such as zooming, tooltip, and highlight, we have implemented a Spiral Visualization dashboard. We conducted a qualitative user study incorporating observation, think-aloud protocols, and participant rating of confidence and easiness to assess the usability and suitability of our visualization. The findings suggest that our visualization is appropriate for the network tasks evaluated. However, tasks requiring color comparison, such as identifying the densest community and comparing community densities were found to be more challenging to perform.",Garima Jindal;Kamalakar Karlapalem,Garima Jindal;Kamalakar Karlapalem,"International Institute of Information Technology, Hyderabad, India;International Institute of Information Technology, Hyderabad, India",,"Human-centered computing,Visualization,Visualization techniques,Graph Drawing,Human-centered computing,Visualization,Visualization design and evaluation methods",,,35,,,,10360896,/mediastore/IEEE/content/media/10360877/10360490/10360896,2
VIS,2023,ProtoGraph: A Non-Expert Toolkit for Creating Animated Graphs,10.1109/VIS54172.2023.00044,http://dx.doi.org/10.1109/VIS54172.2023.00044,176,180,C,"Creating intuitive and aesthetically pleasing visualizations and animations of small-to-moderate-sized graphs in the form of node-link diagrams is a common task across many fields, particularly in pedagogical settings. However, creating a graph visualization either requires users to manually construct a graph by hand or programming skills. We present ProtoGraph, an English-like programming language for non-expert users to rapidly specify and animate node-link graph visualizations. The language supports iterative prototyping, thereby allowing non-experts users to intuitively refine their graphs, and to easily create animated graphs. The key features of ProtoGraph include a web-based live coding interface, previews for the different states in an animated graph, integrated user documentation, and an active-learning style tutorial. We have integrated the ProtoGraph language into an open-source JavaScript graph visualization library for rendering and a graphical web interface for rapid prototyping. In a user study, we show that participants with varying coding experiences were able to quickly learn the ProtoGraph language and create real-world pedagogical visualizations, showing that ProtoGraph is easy to learn, efficient to use, and extensible.",Malchiel Rodrigues;Joel Dapello;Priyan Vaithilingam;Carolina Nobre;Johanna Beyer,Malchiel Rodrigues;Joel Dapello;Priyan Vaithilingam;Carolina Nobre;Johanna Beyer,Harvard University;Harvard University;Harvard University;Harvard University & University of Toronto;Harvard University & University of Toronto,,"Human-centered computing,Visualization,Visualization techniques,Graph drawings,Human-centered computing,Visualization,Visualization systems and tools,Visualization toolkits",,,39,,,,10360910,/mediastore/IEEE/content/media/10360877/10360490/10360910,6
VIS,2023,Visual Validation versus Visual Estimation: A Study on the Average Value in Scatterplots,10.1109/VIS54172.2023.00045,http://dx.doi.org/10.1109/VIS54172.2023.00045,181,185,C,"We investigate the ability of individuals to visually validate statistical models in terms of their fit to the data. While visual model estimation has been studied extensively, visual model validation remains under-investigated. It is unknown how well people are able to visually validate models, and how their performance compares to visual and computational estimation. As a starting point, we conducted a study across two populations (crowdsourced and volunteers). Participants had to both visually estimate (i.e, draw) and visually validate (i.e., accept or reject) the frequently studied model of averages. Across both populations, the level of accuracy of the models that were considered valid was lower than the accuracy of the estimated models. We find that participants’ validation and estimation were unbiased. Moreover, their natural critical point between accepting and rejecting a given mean value is close to the boundary of its 95% confidence interval, indicating that the visually perceived confidence interval corresponds to a common statistical standard. Our work contributes to the understanding of visual model validation and opens new research opportunities.",Daniel Braun;Ashley Suh;Remco Chang;Michael Gleicher;Tatiana von Landesberger,Daniel Braun;Ashley Suh;Remco Chang;Michael Gleicher;Tatiana von Landesberger,"University of Cologne;Tufts University;Tufts University;University of Wisconsin, Madison;University of Cologne",,"Perception,Visual model validation,Visual model estimation,User study,Information visualization",,,31,,,,10360882,/mediastore/IEEE/content/media/10360877/10360490/10360882,5
VIS,2023,Line Harp: Importance-Driven Sonification for Dense Line Charts,10.1109/VIS54172.2023.00046,http://dx.doi.org/10.1109/VIS54172.2023.00046,186,190,C,"Accessibility in visualization is an important yet challenging topic. Sonification, in particular, is a valuable yet underutilized technique that can enhance accessibility for people with low vision. However, the lower bandwidth of the auditory channel makes it difficult to fully convey dense visualizations. For this reason, interactivity is key in making full use of its potential. In this paper, we present a novel approach for the sonification of dense line charts. We utilize the metaphor of a string instrument, where individual line segments can be “plucked”. We propose an importance-driven approach which encodes the directionality of line segments using frequency and dynamically scales amplitude for improved density perception. We discuss the potential of our approach based on a set of examples.",Egil Bru;Thomas Trautner;Stefan Bruckner,Egil Bru;Thomas Trautner;Stefan Bruckner,"University of Bergen, Norway;University of Bergen, Norway;University of Rostock, Germany",,"Human-centered computing,Visualization,Visualization application domains,Information visualization,Human-centered computing,Human computer interaction (HCI),Interaction techniques,Auditory feedback,Human-centered computing,Accessibility,Accessibility systems and tools",,,38,,,,10360906,/mediastore/IEEE/content/media/10360877/10360490/10360906,6
VIS,2023,Compact Phase Histograms for Guided Exploration of Periodicity,10.1109/VIS54172.2023.00047,http://dx.doi.org/10.1109/VIS54172.2023.00047,191,195,C,"Periodically occurring accumulations of events or measured values are present in many time-dependent datasets and can be of interest for analyses. The frequency of such periodic behavior is often not known in advance, making it difficult to detect and tedious to explore. Automated analysis methods exist, but can be too costly for smooth, interactive analysis. We propose a compact visual representation that reveals periodicity by showing a phase histogram for a given period length that can be used standalone or in combination with other linked visualizations. Our approach supports guided, interactive analyses by suggesting other period lengths to explore, which are ranked based on two quality measures. We further describe how the phase can be mapped to visual representations in other views to reveal periodicity there.",Max Franke;Steffen Koch,Max Franke;Steffen Koch,"University of Stuttgart, Germany;University of Stuttgart, Germany",,"Human-centered computing,Visualization,Visualization techniques",,,37,,,,10360936,/mediastore/IEEE/content/media/10360877/10360490/10360936,3
VIS,2023,ZADU: A Python Library for Evaluating the Reliability of Dimensionality Reduction Embeddings,10.1109/VIS54172.2023.00048,http://dx.doi.org/10.1109/VIS54172.2023.00048,196,200,C,"Dimensionality reduction (DR) techniques inherently distort the original structure of input high-dimensional data, producing imperfect low-dimensional embeddings. Diverse distortion measures have thus been proposed to evaluate the reliability of DR embeddings. However, implementing and executing distortion measures in practice has so far been time-consuming and tedious. To address this issue, we present ZADU, a Python library that provides distortion measures. ZADU is not only easy to install and execute but also enables comprehensive evaluation of DR embeddings through three key features. First, the library covers a wide range of distortion measures. Second, it automatically optimizes the execution of distortion measures, substantially reducing the running time required to execute multiple measures. Last, the library informs how individual points contribute to the overall distortions, facilitating the detailed analysis of DR embeddings. By simulating a real-world scenario of optimizing DR embeddings, we verify that our optimization scheme substantially reduces the time required to execute distortion measures. Finally, as an application of ZADU, we present another library called ZADUVis that allows users to easily create distortion visualizations that depict the extent to which each region of an embedding suffers from distortions.",Hyeon Jeon;Aeri Cho;Jinhwa Jang;Soohyun Lee;Jake Hyun;Hyung-Kwon Ko;Jaemin Jo;Jinwook Seo,Hyeon Jeon;Aeri Cho;Jinhwa Jang;Soohyun Lee;Jake Hyun;Hyung-Kwon Ko;Jaemin Jo;Jinwook Seo,Seoul National University;Seoul National University;Seoul National University & Samsung Electronics;Seoul National University;Seoul National University;KAIST;Sungkyunkwan University;Seoul National University,,"Human-centered computing,Visualization,Visualization design and evaluation methods",,,42,,,,10360886,/mediastore/IEEE/content/media/10360877/10360490/10360886,6
VIS,2023,TimePool: Visually Answer “Which and When” Questions On Univariate Time Series,10.1109/VIS54172.2023.00049,http://dx.doi.org/10.1109/VIS54172.2023.00049,201,205,C,"When exploring time series datasets, analysts often pose “which and when” questions. For example, with world life expectancy data over one hundred years, they may inquire about the top 10 countries in life expectancy and the time period when they achieved this status, or which countries have had longer life expectancy than Ireland and when. This paper proposes TimePool, a new visualization prototype, to address this need for univariate time series analysis. It allows users to construct interactive “which and when” queries and visually explore the results for insights. TimePool has been evaluated through example scenarios, a formal user study, and interviews with domain experts.",Tinghao Feng;Yueqi Hu;Jing Yang;Tom Polk;Ye Zhao;Shixia Liu;Zhaocong Yang,Tinghao Feng;Yueqi Hu;Jing Yang;Tom Polk;Ye Zhao;Shixia Liu;Zhaocong Yang,"Appalachian State University;UNC Charlotte;UNC Charlotte;Compass Draw, LLC;Kent State University;Tshinghua University;Appalachian State University",,"time series data,interaction,dynamic queries,Human-centered computing,Visualization",,,41,,,,10360934,/mediastore/IEEE/content/media/10360877/10360490/10360934,2
VIS,2023,“Two Heads are Better than One”: Pair-Interviews for Visualization,10.1109/VIS54172.2023.00050,http://dx.doi.org/10.1109/VIS54172.2023.00050,206,210,C,"Visualization research methods help us study how visualization systems are used in complex real-world scenarios. One such widely used method is the interview — researchers asking participants specific questions to enrich their understanding. In this work, we introduce the pair-interview technique as a method that relies on two interviewers with specific and delineated roles, instead of one. Pair-interviewing focuses on the mechanics of conducting semi-structured interviews as a pair, and complements other existing visualization interview techniques. Based on a synthesis of the experiences and reflections of researchers in four diverse studies who used pair-interviewing, we outline recommendations for when and how to use pair-interviewing within visualization research studies.",Derya Akbaba;Miriah Meyer,Derya Akbaba;Miriah Meyer,Linköping University;Linköping University,,"Human-centered computing,Visualization,Empirical studies in visualization",,,22,,,,10360901,/mediastore/IEEE/content/media/10360877/10360490/10360901,0
VIS,2023,Quantifying the Impact of XR Visual Guidance on User Performance Using a Large-Scale Virtual Assembly Experiment,10.1109/VIS54172.2023.00051,http://dx.doi.org/10.1109/VIS54172.2023.00051,211,215,C,"The combination of Visual Guidance and Extended Reality (XR) technology holds the potential to greatly improve the performance of human workforces in numerous areas, particularly industrial environments. Focusing on virtual assembly tasks and making use of different forms of supportive visualisations, this study investigates the potential of XR Visual Guidance. Set in a web-based immersive environment, our results draw from a heterogeneous pool of 199 participants. This research is designed to significantly differ from previous exploratory studies, which yielded conflicting results on user performance and associated human factors. Our results clearly show the advantages of XR Visual Guidance based on an over 50% reduction in task completion times and mistakes made; this may further be enhanced and refined using specific frameworks and other forms of visualisations/Visual Guidance. Discussing the role of other factors, such as cognitive load, motivation, and usability, this paper also seeks to provide concrete avenues for future research and practical takeaways for practitioners.",Leon Pietschmann;Paul Zürcher;Erik Bubik;Zhutian Chen;Hanspeter Pfister;Thomas Bohné,Leon Pietschmann;Paul Zürcher;Erik Bubik;Zhutian Chen;Hanspeter Pfister;Thomas Bohné,University of Cambridge & Harvard University;University of Cambridge;University of Cambridge;Harvard University;Harvard University;Harvard University,,"[Human-centered computing]:,Visualization,Human computer interaction (HCI),Interaction design,Empirical studies in visualization,HCI,interaction design",,,27,,,,10360919,/mediastore/IEEE/content/media/10360877/10360490/10360919,3
VIS,2023,Explain-and-Test: An Interactive Machine Learning Framework for Exploring Text Embeddings,10.1109/VIS54172.2023.00052,http://dx.doi.org/10.1109/VIS54172.2023.00052,216,220,C,"Text embeddings–mappings of collections of text to points in high-dimensional space–are a common object of analysis. A classic method to visualize these embeddings is to create a nonlinear projection to two dimensions and look for clusters and other structures in the resulting map. Explaining why certain texts cluster together, however, can be difficult. In this paper, we introduce a human-in-the-loop framework for applying machine learning (ML) to this challenge. The framework has two stages: (1) explain, in which we use ML to produce a description of a pattern; and (2) test, in which the user can verify the explanation by entering new text that fits the pattern, and sees where it appears on the map. If the new text is mapped to the original cluster, that is evidence in favor of the ML-generated explanation. We illustrate this process with a visualization application that provides two kinds of explanations: Natural Language Explanations and Contrastive PhraseClouds. Scenarios on exploring academic papers and literary work showcase the benefit of our workflow in discovering related topics and analyzing thematic differences in text.",Shivam Raval;Carolyn Wang;Fernanda Viégas;Martin Wattenberg,Shivam Raval;Carolyn Wang;Fernanda Viégas;Martin Wattenberg,"Harvard University;Harvard College;Harvard University, Google Research;Harvard University, Google Research",,"Text Visualization,Dimensionality Reduction,Clustering,Large Language Models,Explanation",,,29,,,,10360935,/mediastore/IEEE/content/media/10360877/10360490/10360935,4
VIS,2023,Concept Lens: Visually Analyzing the Consistency of Semantic Manipulation in GANs,10.1109/VIS54172.2023.00053,http://dx.doi.org/10.1109/VIS54172.2023.00053,221,225,C,"As applications of generative AI become mainstream, it is important to understand what generative models are capable of producing, and the extent to which one can predictably control their outputs. In this paper, we propose a visualization design, named Concept Lens, for jointly navigating the data distribution of a generative model, and concept manipulations supported by the model. Our work is focused on modern vision-based generative adversarial networks (GAN), and their learned latent spaces, wherein concept discovery has gained significant interest as a means of image manipulation. Concept Lens is designed to support users in understanding the diversity of a provided set of concepts, the relationship between concepts, and the suitability of concepts to give semantic controls for image generation. Key to our approach is the hierarchical grouping of concepts, generated images, and the associated joint exploration. We show how Concept Lens can reveal consistent semantic manipulations for editing images, while also serving as a diagnostic tool for studying the limitations and trade-offs of concept discovery methods.",Sangwon Jeong;Mingwei Li;Matthew Berger;Shusen Liu,Sangwon Jeong;Mingwei Li;Matthew Berger;Shusen Liu,Lawrence Livermore National Laboratory;Vanderbilt University;Vanderbilt University;Lawrence Livermore National Laboratory,,"Generative model,Explainable AI,Latent space,Clustering,Bivariate color,[Human Centered Computing]: Visualization",,,38,,,,10360889,/mediastore/IEEE/content/media/10360877/10360490/10360889,6
VIS,2023,HAiVA: Hybrid AI-assisted Visual Analysis Framework to Study the Effects of Cloud Properties on Climate Patterns,10.1109/VIS54172.2023.00054,http://dx.doi.org/10.1109/VIS54172.2023.00054,226,230,C,"Clouds have a significant impact on the Earth’s climate system. They play a vital role in modulating Earth’s radiation budget and driving regional changes in temperature and precipitation. This makes clouds ideal for climate intervention techniques like Marine Cloud Brightening (MCB) which refers to modification in cloud reflectivity, thereby cooling the surrounding region. However, to avoid unintended effects of MCB, we need a better understanding of the complex cloud to climate response function. Designing and testing such interventions scenarios with conventional Earth System Models is computationally expensive. Therefore, we propose a hybrid AI-assisted visual analysis framework to drive such scientific studies and facilitate interactive “what-if” investigation of different MCB intervention scenarios to assess their intended and unintended impacts on climate patterns. We work with a team of climate scientists to develop a suite of hybrid AI models emulating cloud-climate response function and design a tightly coupled frontend interactive visual analysis system to perform different MCB intervention experiments.",Subhashis Hazarika;Haruki Hirasawa;Sookyung Kim;Kalai Ramea;Salva R. Cachay;Peetak Mitra;Dipti Hingmire;Hansi Singh;Phil J. Rasch,Subhashis Hazarika;Haruki Hirasawa;Sookyung Kim;Kalai Ramea;Salva R. Cachay;Peetak Mitra;Dipti Hingmire;Hansi Singh;Phil J. Rasch,"Palo Alto Research Center;University of Victoria;Palo Alto Research Center;Palo Alto Research Center;University of California, San Dieago;Excarta;University of Victoria;University of Victoria;University of Washington",,"Human-centered computing,Visualization,Visualization application domains,Visual analytics,Computing methodologies,Machine learning,Machine learning approaches,Neural networks",,,40,,,,10360925,/mediastore/IEEE/content/media/10360877/10360490/10360925,2
VIS,2023,DATATALES: Investigating the use of Large Language Models for Authoring Data-Driven Articles,10.1109/VIS54172.2023.00055,http://dx.doi.org/10.1109/VIS54172.2023.00055,231,235,C,"Authoring data-driven articles is a complex process requiring authors to not only analyze data for insights but also craft a cohesive narrative that effectively communicates the insights. Text generation capabilities of contemporary large language models (LLMs) present an opportunity to assist the authoring of data-driven articles and expedite the writing process. In this work, we investigate the feasibility and perceived value of leveraging LLMs to support authors of data-driven articles. We designed a prototype system, DATATALES, that leverages a LLM to generate textual narratives accompanying a given chart. Using DATATALES as a design probe, we conducted a qualitative study with 11 professionals to evaluate the concept, from which we distilled affordances and opportunities to further integrate LLMs as valuable data-driven article authoring assistants.",Nicole Sultanum;Arjun Srinivasan,Nicole Sultanum;Arjun Srinivasan,Tableau Research;Tableau Research,,"Human-centered computing,Visualization,Visualization design and evaluation methods",,,41,,,,10360883,/mediastore/IEEE/content/media/10360877/10360490/10360883,3
VIS,2023,Visualizing Linguistic Diversity of Text Datasets Synthesized by Large Language Models,10.1109/VIS54172.2023.00056,http://dx.doi.org/10.1109/VIS54172.2023.00056,236,240,C,"Large language models (LLMs) can be used to generate smaller, more refined datasets via few-shot prompting for benchmarking, fine-tuning or other use cases. However, understanding and evaluating these datasets is difficult, and the failure modes of LLM-generated data are still not well understood. Specifically, the data can be repetitive in surprising ways, not only semantically but also syntactically and lexically. We present LinguisticLens, a novel interactive visualization tool for making sense of and analyzing syntactic diversity of LLM-generated datasets. LinguisticLens clusters text along syntactic, lexical, and semantic axes. It supports hierarchical visualization of a text dataset, allowing users to quickly scan for an overview and inspect individual examples. The live demo is available at https://shorturl.at/zHOUV.",Emily Reif;Minsuk Kahng;Savvas Petridis,Emily Reif;Minsuk Kahng;Savvas Petridis,Google Research;Google Research;Google Research,,"Visualization,Text,MLStatsModel",,,30,,,,10360888,/mediastore/IEEE/content/media/10360877/10360490/10360888,6
VIS,2023,WUDA: Visualizing and Transforming Rotations in Real-Time with Quaternions and Smart Devices,10.1109/VIS54172.2023.00057,http://dx.doi.org/10.1109/VIS54172.2023.00057,241,245,C,"The rising popularity of inertial sensing via smart devices is evident, finding use in multidisciplinary applications, such as gesture recognition and image stabilization. Amid the popularity of analyzing raw motion signals and Euler angles, we highlight quaternion rotations as a robust alternative for studying device orientation. Quaternions are a powerful mathematical tool for representing and affecting three-dimensional rotations. Their abstract nature, however, can make it difficult for researchers to visualize the data they provide. Mobile sensing rarely invents practical tools to experiment with this mathematical method. Since visualization effectively communicates data findings, we develop an open-source, real-time app, Wuda, that allows users to observe the orientation of smart devices via inertial sensing. Wuda helps users reduce dimensional complexity and intuitively study quaternion transformations. We demonstrate the practical nature of Wuda in the context of fitness tracking.",Slobodan Milanko,Slobodan Milanko,,,"Mathematical Foundations & Numerical Methods,Machine Learning,Statistics,Modelling,Simulation Applications,Human-centered computing,Visualization",,,28,,,,10360881,/mediastore/IEEE/content/media/10360877/10360490/10360881,6
VIS,2023,ScatterUQ: Interactive Uncertainty Visualizations for Multiclass Deep Learning Problems,10.1109/VIS54172.2023.00058,http://dx.doi.org/10.1109/VIS54172.2023.00058,246,250,C,"Recently, uncertainty-aware deep learning methods for multiclass labeling problems have been developed that provide calibrated class prediction probabilities and out-of-distribution (OOD) indicators, letting machine learning (ML) consumers and engineers gauge a model’s confidence in its predictions. However, this extra neural network prediction information is challenging to scalably convey visually for arbitrary data sources under multiple uncertainty contexts. To address these challenges, we present ScatterUQ, an interactive system that provides targeted visualizations to allow users to better understand model performance in context-driven uncertainty settings. ScatterUQ leverages recent advances in distance-aware neural networks, together with dimensionality reduction techniques, to construct robust, 2-D scatter plots explaining why a model predicts a test example to be (1) in-distribution and of a particular class, (2) in-distribution but unsure of the class, and (3) out-of-distribution. ML consumers and engineers can visually compare the salient features of test samples with training examples through the use of a “hover callback” to understand model uncertainty performance and decide follow up courses of action. We demonstrate the effectiveness of ScatterUQ to explain model uncertainty for a multiclass image classification on a distance-aware neural network trained on Fashion-MNIST and tested on Fashion-MNIST (in distribution) and MNIST digits (out of distribution), as well as a deep learning model for a cyber dataset. We quantitatively evaluate dimensionality reduction techniques to optimize our contextually driven UQ visualizations. Our results indicate that the ScatterUQ system should scale to arbitrary, multiclass datasets. Our code is available at https://github.com/mit-ll-responsible-ai/equine-webapp.",Harry X. Li;Steven Jorgensen;John Holodnak;Allan B. Wollaber,Harry X. Li;Steven Jorgensen;John Holodnak;Allan B. Wollaber,MIT Lincoln Laboratory;MIT Lincoln Laboratory;MIT Lincoln Laboratory;MIT Lincoln Laboratory,,"Uncertainty quantification,Machine learning,Dimensionality reduction,Visualization,Explainable AI",,,22,,,,10360884,/mediastore/IEEE/content/media/10360877/10360490/10360884,4
VIS,2023,Combining Degree of Interest Functions and Progressive Visualization,10.1109/VIS54172.2023.00059,http://dx.doi.org/10.1109/VIS54172.2023.00059,251,255,C,"When visualizing large datasets, an important goal is to emphasize data that is relevant to the task at hand. A common way of achieving this is to compute the relevance of the data using degree of interest (DOI) functions, which apply a scenario-specific metric to quantify the data items according to their relevance to the users and their tasks. These DOI values can then be used to adjust the visual encoding through mechanisms like focus+context or information hiding. For datasets too large to be visualized at once, an alternative approach is to visualize it progressively in chunks, allowing analysts to reason about partial results and concluding their analysis much earlier than had they waited for all data. Combining the advantages of both approaches to tailor the visualization seems synergistic, yet, in practice turns out to be challenging, as DOI functions require the context of all data to produce useful values, requiring lengthy computations that break analysts’ flow in progressive visualization. In this paper, we propose an approach for uniting DOI functions with progressive visualization. We first introduce a new model for quantifying the user interest in analysis scenarios where the data is only partially available, by computing the interest for available data and predicting it for the rest. We then propose regression trees for implementing this approach in practice and evaluate it in benchmarks. With DOI values now available for progressive visualization as well, our approach opens the door for tailoring the visualization of large datasets to the analysis task at interactive update rates.",Marius Hogräfer;Dominik Moritz;Adam Perer;Hans-Jörg Schulz,Marius Hogräfer;Dominik Moritz;Adam Perer;Hans-Jörg Schulz,Schulz are with Aarhus University;Carnegie Mellon University;Carnegie Mellon University;Schulz are with Aarhus University,,"Progressive visualization,Degree-of-interest functions,Human-centered computing,Visualization,Visualization application domains,Visual Analytics",,,27,,,,10360931,/mediastore/IEEE/content/media/10360877/10360490/10360931,3
VIS,2024,Hypertrix: An indicatrix for high-dimensional visualizations,10.1109/VIS55277.2024.00073,http://dx.doi.org/10.1109/VIS55277.2024.00073,1,5,C,"Visualizing high dimensional data is challenging, since any dimensionality reduction technique will distort distances. A classic method in cartography–Tissot’s Indicatrix, specific to sphere-to-plane maps– visualizes distortion using ellipses. Inspired by this idea, we describe the hypertrix: a method for representing distortions that occur when data is projected from arbitrarily high dimensions onto a 2D plane. We demonstrate our technique through synthetic and real-world datasets, and describe how this indicatrix can guide interpretations of nonlinear dimensionality reduction.",Shivam Raval;Fernanda Viégas;Martin Wattenberg,Shivam Raval;Fernanda Viégas;Martin Wattenberg,Harvard University;Harvard University Google Research;Harvard University Google Research,,"Dimensionality Reduction,High-dimensional data—Distortion—Text Visualization,Clustering—",,,26,,,,10771111,/mediastore/IEEE/content/media/10770856/10771079/10771111,5
VIS,2024,PyGWalker: On-the-fly Assistant for Exploratory Visual Data Analysis,10.1109/VIS55277.2024.00009,http://dx.doi.org/10.1109/VIS55277.2024.00009,6,10,C,"Exploratory visual data analysis tools empower data analysts to efficiently and intuitively explore data insights throughout the entire analysis cycle. However, the gap between common programmatic analysis (e.g., within computational notebooks) and exploratory visual analysis leads to a disjointed and inefficient data analysis experience. To bridge this gap, we developed PyGWalker, a Python library that offers on-the-fly assistance for exploratory visual data analysis. It features a lightweight and intuitive GUI with a shelf builder modality. Its loosely coupled architecture supports multiple computational environments to accommodate varying data sizes. Since its release in February 2023, PyGWalker has gained much attention, with 612k downloads on PyPI and over 10.5k stars on GitHub as of June 2024. This demonstrates its value to the data science and visualization community, with researchers and developers integrating it into their own applications and studies.",Yue Yu;Leixian Shen;Fei Long;Huamin Qu;Hao Chen,Yue Yu;Leixian Shen;Fei Long;Huamin Qu;Hao Chen,Hong Kong University of Science and Technology & Kanaries Data;Hong Kong University of Science and Technology;Kanaries Data;Hong Kong University of Science and Technology;Kanaries Data,,"Data Visualization,Exploratory Data Analysis,Computational Notebooks",,,42,,,,10771146,/mediastore/IEEE/content/media/10770856/10771079/10771146,3
VIS,2024,DaVE - A Curated Database of Visualization Examples,10.1109/VIS55277.2024.00010,http://dx.doi.org/10.1109/VIS55277.2024.00010,11,15,C,"Visualization, from simple line plots to complex high-dimensional visual analysis systems, has established itself throughout numerous domains to explore, analyze, and evaluate data. Applying such visualizations in the context of simulation science where High-Performance Computing (HPC) produces ever-growing amounts of data that is more complex, potentially multidimensional, and multimodal, takes up resources and a high level of technological experience often not available to domain experts. In this work, we present DaVE - a curated database of visualization examples, which aims to provide state-of-the-art and advanced visualization methods that arise in the context of HPC applications. Based on domain- or data-specific descriptors entered by the user, DaVE provides a list of appropriate visualization techniques, each accompanied by descriptions, examples, references, and resources. Sample code, adaptable container templates, and recipes for easy integration in HPC applications can be downloaded for easy access to high-fidelity visualizations. While the database is currently filled with a limited number of entries based on a broad evaluation of needs and challenges of current HPC users, DaVE is designed to be easily extended by experts from both the visualization and HPC communities.",Jens Koenen;Marvin Petersen;Christoph Garth;Tim Gerrits,Jens Koenen;Marvin Petersen;Christoph Garth;Tim Gerrits,"RWTH Aachen University, Germany;RPTU Kaiserslautern-Landau, Germany;RPTU Kaiserslautern-Landau, Germany;RWTH Aachen University, Germany",,"Visualization,Curated Database,High-Performance Computing",,,25,,,,10771098,/mediastore/IEEE/content/media/10770856/10771079/10771098,4
VIS,2024,Counterpoint: Orchestrating Large-Scale Custom Animated Visualizations,10.1109/VIS55277.2024.00011,http://dx.doi.org/10.1109/VIS55277.2024.00011,16,20,C,"Custom animated visualizations of large, complex datasets are helpful across many domains, but they are hard to develop. Much of the difficulty arises from maintaining visualization state across many animated graphical elements that may change in number over time. We contribute Counterpoint, a framework for state management designed to help implement such visualizations in JavaScript. Using Counterpoint, developers can manipulate large collections of marks with reactive attributes that are easy to render in scalable APIs such as Canvas and WebGL. Counterpoint also helps orchestrate the entry and exit of graphical elements using the concept of a rendering ""stage."" Through a performance evaluation, we show that Counterpoint adds minimal overhead over current high-performance rendering techniques while simplifying implementation. We provide two examples of visualizations created using Counterpoint that illustrate its flexibility and compatibility with other visualization toolkits as well as considerations for users with disabilities. Counterpoint is open-source and available at https://github.com/cmudig/counterpoint.",Venkatesh Sivaraman;Frank Elavsky;Dominik Moritz;Adam Perer,Venkatesh Sivaraman;Frank Elavsky;Dominik Moritz;Adam Perer,Carnegie Mellon University;Carnegie Mellon University;Carnegie Mellon University;Carnegie Mellon University,,"Visualization Toolkits,Animation,Web Interfaces,Software System Structures",,,34,,,,10771135,/mediastore/IEEE/content/media/10770856/10771079/10771135,4
VIS,2024,"Visualizing an Exascale Data Center Digital Twin: Considerations, Challenges and Opportunities",10.1109/VIS55277.2024.00012,http://dx.doi.org/10.1109/VIS55277.2024.00012,21,25,C,"Digital twins are an excellent tool to model, visualize, and simulate complex systems, to understand and optimize their operation. In this work, we present the technical challenges of real-time visualization of a digital twin of the Frontier supercomputer.We show the initial prototype and current state of the twin and highlight technical design challenges of visualizing such a large High Performance Computing (HPC) system. The goal is to understand the use of augmented reality as a primary way to extract information and collaborate on digital twins of complex systems. This leverages the spatio-temporal aspect of a 3D representation of a digital twin, with the ability to view historical and real-time telemetry, triggering simulations of a system state and viewing the results, which can be augmented via dashboards for details. Finally, we discuss considerations and opportunities for augmented reality of digital twins of large-scale, parallel computers.",Matthias Maiterth;Wes Brewer;Dane De Wet;Scott Greenwood;Vineet Kumar;Jesse Hines;Sedrick Bouknight;Zhe Wang;Tim Dykes;Feiyi Wang,Matthias Maiterth;Wes Brewer;Dane De Wet;Scott Greenwood;Vineet Kumar;Jesse Hines;Sedrick Bouknight;Zhe Wang;Tim Dykes;Feiyi Wang,Oak Ridge National Laboratory;Oak Ridge National Laboratory;Oak Ridge National Laboratory;Oak Ridge National Laboratory;Oak Ridge National Laboratory;Oak Ridge National Laboratory;Oak Ridge National Laboratory;Oak Ridge National Laboratory;Hewlett Packard Enterprise;Oak Ridge National Laboratory,,"Digital Twin,Data Center,Information Representation,Massively Parallel Systems,Operational Data Analytics,Simulation,Augmented Reality",,,24,,,,10771133,/mediastore/IEEE/content/media/10770856/10771079/10771133,7
VIS,2024,Guided Statistical Workflows with Interactive Explanations and Assumption Checking,10.1109/VIS55277.2024.00013,http://dx.doi.org/10.1109/VIS55277.2024.00013,26,30,C,"Statistical practices such as building regression models or running hypothesis tests rely on following rigorous procedures of steps and verifying assumptions on data to produce valid results. However, common statistical tools do not verify users’ decision choices and provide low-level statistical functions without instructions on the whole analysis practice. Users can easily misuse analysis methods, potentially decreasing the validity of results. To address this problem, we introduce GuidedStats, an interactive interface within computational notebooks that encapsulates guidance, models, visualization, and exportable results into interactive workflows. It breaks down typical analysis processes, such as linear regression and two-sample T-tests, into interactive steps supplemented with automatic visualizations and explanations for step-wise evaluation. Users can iterate on input choices to refine their models, while recommended actions and exports allow the user to continue their analysis in code. Case studies show how GuidedStats offers valuable instructions for conducting fluid statistical analyses while finding possible assumption violations in the underlying data, supporting flexible and accurate statistical analyses.",Yuqi Zhang;Adam Perer;Will Epperson,Yuqi Zhang;Adam Perer;Will Epperson,New York University;Carnegie Mellon University;Carnegie Mellon University,,"Data science tools,computational notebooks,analytical guidance",,,28,,,,10771085,/mediastore/IEEE/content/media/10770856/10771079/10771085,3
VIS,2024,FCNR: Fast Compressive Neural Representation of Visualization Images,10.1109/VIS55277.2024.00014,http://dx.doi.org/10.1109/VIS55277.2024.00014,31,35,C,"We present FCNR, a fast compressive neural representation for tens of thousands of visualization images under varying viewpoints and timesteps. The existing NeRVI solution, albeit enjoying a high compression ratio, incurs slow speeds in encoding and decoding. Built on the recent advances in stereo image compression, FCNR assimilates stereo context modules and joint context transfer modules to compress image pairs. Our solution significantly improves encoding and decoding speed while maintaining high reconstruction quality and satisfying compression ratio. To demonstrate its effectiveness, we compare FCNR with state-of-the-art neural compression methods, including E-NeRV, HNeRV, NeRVI, and ECSIC. The source code can be found at https://github.com/YunfeiLu0112/FCNR.",Yunfei Lu;Pengfei Gu;Chaoli Wang,Yunfei Lu;Pengfei Gu;Chaoli Wang,University of Notre Dame;University of Notre Dame;University of Notre Dame,,"Machine Learning Techniques,Image and Video Data",,,25,,,,10771145,/mediastore/IEEE/content/media/10770856/10771079/10771145,5
VIS,2024,Groot: A System for Editing and Configuring Automated Data Insights,10.1109/VIS55277.2024.00015,http://dx.doi.org/10.1109/VIS55277.2024.00015,36,40,C,"Visualization tools now commonly present automated insights highlighting salient data patterns, including correlations, distributions, outliers, and differences, among others. While these insights are valuable for data exploration and chart interpretation, users currently only have a binary choice of accepting or rejecting them, lacking the flexibility to refine the system logic or customize the insight generation process. To address this limitation, we present Groot, a prototype system that allows users to proactively specify and refine automated data insights. The system allows users to directly manipulate chart elements to receive insight recommendations based on their selections. Additionally, Groot provides users with a manual editing interface to customize, reconfigure, or add new insights to individual charts and propagate them to future explorations. We describe a usage scenario to illustrate how these features collectively support insight editing and configuration and discuss opportunities for future work, including incorporating Large Language Models (LLMs), improving semantic data and visualization search, and supporting insight management.",Sneha Gathani;Anamaria Crisan;Vidya Setlur;Arjun Srinivasan,Sneha Gathani;Anamaria Crisan;Vidya Setlur;Arjun Srinivasan,"University of Maryland, College Park;Tableau Research;Tableau Research;Tableau Research",,"Automated data insights,insight reconfiguration,natural language templates",,,37,,,,10771141,/mediastore/IEEE/content/media/10770856/10771079/10771141,6
VIS,2024,Visualizations on Smart Watches while Running: It Actually Helps!,10.1109/VIS55277.2024.00016,http://dx.doi.org/10.1109/VIS55277.2024.00016,41,45,C,"Millions of runners rely on smart watches that display running-related metrics such as pace, heart rate and distance for training and racing — mostly with text and numbers. Although research tells us that visualizations are a good alternative to text on smart watches, we know little about how visualizations can help in realistic running scenarios. We conducted a study in which 20 runners completed running-related tasks on an outdoor track using both text and visualizations. Our results show that runners are 1.5 to 8 times faster in completing those tasks with visualizations than with text, prefer visualizations to text, and would use such visualizations while running — if available on their smart watch.",Sarina Kashanj;Xiyao Wang;Charles Perin,Sarina Kashanj;Xiyao Wang;Charles Perin,University of Victoria;University of Victoria;University of Victoria,,"Running,Visualization,Smartwatch visualization",,,32,,,,10771090,/mediastore/IEEE/content/media/10770856/10771079/10771090,3
VIS,2024,Micro Visualizations on a Smartwatch: Assessing Reading Performance While Walking,10.1109/VIS55277.2024.00017,http://dx.doi.org/10.1109/VIS55277.2024.00017,46,50,C,"With two studies, we assess how different walking trajectories (straight line, circular, and infinity) and speeds (2 km/h, 4 km/h, and 6 km/h) influence the accuracy and response time of participants reading micro visualizations on a smartwatch. We showed our participants common watch face micro visualizations including date, time, weather information, and four complications showing progress charts of fitness data. Our findings suggest that while walking trajectories did not significantly affect reading performance, overall walking activity, especially at high speeds, hurt reading accuracy and, to some extent, response time. Supplemental material is available at: https://osf.io/u78s6/.",Fairouz Grioui;Tanja Blascheck;Lijie Yao;Petra Isenberg,Fairouz Grioui;Tanja Blascheck;Lijie Yao;Petra Isenberg,"University of Stuttgart, Stuttgart, Germany;University of Stuttgart, Stuttgart, Germany;Université Paris-Saclay CNRS, Inria, LISN, France & Xi’an Jiaotong-Liverpool University, China;Université Paris-Saclay CNRS, Inria, LISN, France",,"micro and mobile visualization,smartwatch",,,32,,,,10771084,/mediastore/IEEE/content/media/10770856/10771079/10771084,2
VIS,2024,FAVis: Visual Analytics of Factor Analysis for Psychological Research,10.1109/VIS55277.2024.00018,http://dx.doi.org/10.1109/VIS55277.2024.00018,51,55,C,"Psychological research often involves understanding psychological constructs through conducting factor analysis on data collected by a questionnaire, which can comprise hundreds of questions. Without interactive systems for interpreting factor models, researchers are frequently exposed to subjectivity, potentially leading to misinterpretations or overlooked crucial information. This paper introduces FAVis, a novel interactive visualization tool designed to aid researchers in interpreting and evaluating factor analysis results. FAVis enhances the understanding of relationships between variables and factors by supporting multiple views for visualizing factor loadings and correlations, allowing users to analyze information from various perspectives. The primary feature of FAVis is to enable users to set optimal thresholds for factor loadings to balance clarity and information retention. FAVis also allows users to assign tags to variables, enhancing the understanding of factors by linking them to their associated psychological constructs. Our user study demonstrates the utility of FAVis in various tasks.",Yikai Lu;Chaoli Wang,Yikai Lu;Chaoli Wang,University of Notre Dame;University of Notre Dame,,"Machine Learning,Statistics,Modelling and Simulation Applications,Coordinated and Multiple Views,High-dimensional Data",,,30,,,,10771112,/mediastore/IEEE/content/media/10770856/10771079/10771112,2
VIS,2024,Data Guards: Challenges and Solutions for Fostering Trust in Data,10.1109/VIS55277.2024.00019,http://dx.doi.org/10.1109/VIS55277.2024.00019,56,60,C,"From dirty data to intentional deception, there are many threats to the validity of data-driven decisions. Making use of data, especially new or unfamiliar data, therefore requires a degree of trust or verification. How is this trust established? In this paper, we present the results of a series of interviews with both producers and consumers of data artifacts (outputs of data ecosystems like spreadsheets, charts, and dashboards) aimed at understanding strategies and obstacles to building trust in data. We find a recurring need, but lack of existing standards, for data validation and verification, especially among data consumers. We therefore propose a set of data guards: methods and tools for fostering trust in data artifacts.",Nicole Sultanum;Dennis Bromley;Michael Correll,Nicole Sultanum;Dennis Bromley;Michael Correll,"Tableau Research, Seattle, WA, USA;Tableau Research, Seattle, WA, USA;Northeastern University, Portland, ME, USA",,"data visualization,data cleaning,data quality,trust",,,46,,,,10771127,/mediastore/IEEE/content/media/10770856/10771079/10771127,2
VIS,2024,AltGeoViz: Facilitating Accessible Geovisualization,10.1109/VIS55277.2024.00020,http://dx.doi.org/10.1109/VIS55277.2024.00020,61,65,C,"Geovisualizations are powerful tools for exploratory spatial analysis, enabling sighted users to discern patterns, trends, and relationships within geographic data. However, these visual tools have remained largely inaccessible to screen-reader users. We introduce AltGeoViz, a new interactive geovisualization approach that dynamically generates alt-text descriptions based on the user’s current map view, providing voiceover summaries of spatial patterns and descriptive statistics. In a remote user study with five screen-reader users, we found that participants were able to interact with spatial data in previously infeasible ways, demonstrated a clear understanding of data summaries and their location context, and could synthesize spatial understandings of their explorations. Moreover, we identified key areas for improvement, such as the addition of spatial navigation controls and comparative analysis features.",Chu Li;Rock Yuren Pang;Ather Sharif;Arnavi Chheda-Kothary;Jeffrey Heer;Jon E. Froehlich,Chu Li;Rock Yuren Pang;Ather Sharif;Arnavi Chheda-Kothary;Jeffrey Heer;Jon E. Froehlich,University of Washington;University of Washington;University of Washington;University of Washington;University of Washington;University of Washington,,"dynamic geovisualization,accessibility,alt-text,screen-reader",,,37,,,,10771129,/mediastore/IEEE/content/media/10770856/10771079/10771129,3
VIS,2024,"""Must Be a Tuesday"": Affect, Attribution, and Geographic Variability in Equity-Oriented Visualizations of Population Health Disparities",10.1109/VIS55277.2024.00021,http://dx.doi.org/10.1109/VIS55277.2024.00021,66,70,C,"This study examines the impacts of public health communications visualizing risk disparities between racial and other social groups. It compares the effects of traditional bar charts to an alternative design emphasizing geographic variability with differing annotations and jitter plots. Whereas both visualization designs increased perceived vulnerability, behavioral intent, and policy support, the geo-emphasized charts were significantly more effective in reducing personal attribution biases. The findings also reveal emotionally taxing experiences for chart viewers from marginalized communities. This work suggests a need for strategic reevaluation of visual communication tools in public health to enhance understanding and engagement without reinforcing stereotypes or emotional distress.",Eli Holder;Lace M. Padilla,Eli Holder;Lace M. Padilla,;,,"Health Equity,Public Health Communication",,,58,,,,10771107,/mediastore/IEEE/content/media/10770856/10771079/10771107,3
VIS,2024,Demystifying Spatial Dependence: Interactive Visualizations for Interpreting Local Spatial Autocorrelation,10.1109/VIS55277.2024.00022,http://dx.doi.org/10.1109/VIS55277.2024.00022,71,75,C,"The Local Moran’s I statistic is a valuable tool for identifying localized patterns of spatial autocorrelation. Understanding these patterns is crucial in spatial analysis, but interpreting the statistic can be difficult. To simplify this process, we introduce three novel visualizations that enhance the interpretation of Local Moran’s I results. These visualizations can be interactively linked to one another, and to established visualizations, to offer a more holistic exploration of the results. We provide a JavaScript library with implementations of these new visual elements, along with a web dashboard that demonstrates their integrated use.",Lee Mason;Blánaid Hicks;Jonas Almeida,Lee Mason;Blánaid Hicks;Jonas Almeida,National Cancer Institute & Queen’s University Belfast;Queen’s University Belfast;National Cancer Institute,,"Spatial,spatial clustering,spatial autocorrelation,geospatial,GIS,interactive visualization,visual analytics,Moran’s I,local indicators of spatial association",,,28,,,,10771120,/mediastore/IEEE/content/media/10770856/10771079/10771120,4
VIS,2024,Two-point Equidistant Projection and Degree-of-interest Filtering for Smooth Exploration of Geo-referenced Networks,10.1109/VIS55277.2024.00023,http://dx.doi.org/10.1109/VIS55277.2024.00023,76,80,C,The visualization and interactive exploration of geo-referenced networks poses challenges if the network’s nodes are not evenly distributed. Our approach proposes new ways of realizing animated transitions for exploring such networks from an ego-perspective. We aim to reduce the required screen estate while maintaining the viewers’ mental map of distances and directions. A preliminary study provides first insights of the comprehensiveness of animated geographic transitions regarding directional relationships between start and end point in different projections. Two use cases showcase how ego-perspective graph exploration can be supported using less screen space than previous approaches.,Max Franke;Samuel Beck;Steffen Koch,Max Franke;Samuel Beck;Steffen Koch,"University of Stuttgart, Germany;University of Stuttgart, Germany;University of Stuttgart, Germany",,"Geographical projection,geo-referenced graph,degree-of-interest function,ego-perspective exploration",,,41,,,,10771125,/mediastore/IEEE/content/media/10770856/10771079/10771125,4
VIS,2024,Bringing Data into the Conversation: Adapting Content from Business Intelligence Dashboards for Threaded Collaboration Platforms,10.1109/VIS55277.2024.00024,http://dx.doi.org/10.1109/VIS55277.2024.00024,81,85,C,"To enable data-driven decision-making across organizations, data professionals need to share insights with their colleagues in context-appropriate communication channels. Many of their colleagues rely on data but are not themselves analysts; furthermore, their colleagues are reluctant or unable to use dedicated analytical applications or dashboards, and they expect communication to take place within threaded collaboration platforms such as Slack or Microsoft Teams. In this paper, we introduce a set of six strategies for adapting content from business intelligence (BI) dashboards into appropriate formats for sharing on collaboration platforms, formats that we refer to as dashboard snapshots. Informed by prior studies of enterprise communication around data, these strategies go beyond redesigning or restyling by considering varying levels of data literacy across an organization, introducing affordances for self-service question-answering, and anticipating the post-sharing lifecycle of data artifacts. These strategies involve the use of templates that are matched to common communicative intents, serving to reduce the workload of data professionals. We contribute a formal representation of these strategies and demonstrate their applicability in a comprehensive enterprise communication scenario featuring multiple stakeholders that unfolds over the span of months.",Hyeok Kim;Arjun Srinivasan;Matthew Brehmer,Hyeok Kim;Arjun Srinivasan;Matthew Brehmer,Northwestern University;Tableau Research;University of Waterloo,,"Collaboration visualization,visualization retargeting,responsive visualization design,business intelligence",,,43,,,,10771080,/mediastore/IEEE/content/media/10770856/10771079/10771080,5
VIS,2024,The Comic Construction Kit: An Activity for Students to Learn and Explain Data Visualizations,10.1109/VIS55277.2024.00025,http://dx.doi.org/10.1109/VIS55277.2024.00025,86,90,C,"As visualization literacy and its implications gain prominence, we need effective methods to prepare students for the variety of visualizations in an increasingly data-driven world. Recently, the potential of comics has been recognized in various data visualization contexts, including educational settings. We describe the development of a workshop in which we use our ""comic construction kit"" as a tool for students to understand various data visualization techniques through an interactive creative approach of creating explanatory comics. We report on our insights from holding eight workshops with high school students and teachers, university students, and lecturers, aiming to enhance the landscape of handson visualization activities that can enrich the visualization classroom. The comic construction kit and all supplemental materials are open source under a CC-BY license and available at https://fhstp.github.io/comixplain/vis4schools.html.",Magdalena Boucher;Christina Stoiber;Mandy Keck;Victor-Adriel De-Jesus-Oliveira;Wolfgang Aigner,Magdalena Boucher;Christina Stoiber;Mandy Keck;Victor-Adriel De-Jesus-Oliveira;Wolfgang Aigner,"St. Pölten University of Applied Sciences;St. Pölten University of Applied Sciences;University of Applied Sciences, Upper Austria;St. Pölten University of Applied Sciences;St. Pölten University of Applied Sciences",,"data comics,storytelling,visualization education,visualization literacy,visualization activities",,,33,,,,10771123,/mediastore/IEEE/content/media/10770856/10771079/10771123,3
VIS,2024,ImageSI: Semantic Interaction for Deep Learning Image Projections,10.1109/VIS55277.2024.00026,http://dx.doi.org/10.1109/VIS55277.2024.00026,91,95,C,"Semantic interaction (SI) in Dimension Reduction (DR) of images allows users to incorporate feedback through direct manipulation of the 2D positions of images. Through interaction, users specify a set of pairwise relationships that the DR should aim to capture. Existing methods for images incorporate feedback into the DR through feature weights on abstract embedding features. However, if the original embedding features do not suitably capture the users’ task then the DR cannot either. We propose ImageSI, an SI method for image DR that incorporates user feedback directly into the image model to update the underlying embeddings, rather than weighting them. In doing so, ImageSI ensures that the embeddings suitably capture the features necessary for the task so that the DR can subsequently organize images using those features. We present two variations of ImageSI using different loss functions - ${\text{ImageS}}{{\text{I}}_{{\text{MD}}{{\text{S}}^{ - 1}}}}$, which prioritizes the explicit pairwise relationships from the interaction and ImageSITriplet, which prioritizes clustering, using the interaction to define groups of images. Finally, we present a usage scenario and a simulation-based evaluation to demonstrate the utility of ImageSI and compare it to current methods.",Jiayue Lin;Rebecca Faust;Chris North,Jiayue Lin;Rebecca Faust;Chris North,Virginia Tech;Tulane University;Virginia Tech,,"Semantic Interaction,Dimension Reduction",,,26,,,,10771139,/mediastore/IEEE/content/media/10770856/10771079/10771139,4
VIS,2024,Diffusion Explainer: Visual Explanation for Text-to-image Stable Diffusion,10.1109/VIS55277.2024.00027,http://dx.doi.org/10.1109/VIS55277.2024.00027,96,100,C,"Diffusion-based generative models’ impressive ability to create convincing images has garnered global attention. However, their complex structures and operations often pose challenges for non-experts to grasp. We present Diffusion Explainer, the first interactive visualization tool that explains how Stable Diffusion transforms text prompts into images. Diffusion Explainer tightly integrates a visual overview of Stable Diffusion’s complex structure with explanations of the underlying operations. By comparing image generation of prompt variants, users can discover the impact of keyword changes on image generation. A 56-participant user study demonstrates that Diffusion Explainer offers substantial learning benefits to non-experts. Our tool has been used by over 10,300 users from 124 countries at https://poloclub.github.io/diffusion-explainer/.",Seongmin Lee;Benjamin Hoover;Hendrik Strobelt;Zijie J. Wang;ShengYun Peng;Austin Wright;Kevin Li;Haekyu Park;Haoyang Yang;Duen Horng Polo Chau,Seongmin Lee;Benjamin Hoover;Hendrik Strobelt;Zijie J. Wang;ShengYun Peng;Austin Wright;Kevin Li;Haekyu Park;Haoyang Yang;Duen Horng Polo Chau,Georgia Tech;Georgia Tech & IBM Research;IBM Research;Georgia Tech;Georgia Tech;Georgia Tech;Georgia Tech;Georgia Tech;Georgia Tech;Georgia Tech,,"Generative AI,Machine Learning,Interactive visualization,Text-to-image generative AI,Artificial Intelligence,User study",,,50,,,,10771097,/mediastore/IEEE/content/media/10770856/10771079/10771097,7
VIS,2024,A Two-Phase Visualization System for Continuous Human-AI Collaboration in Sequelae Analysis and Modeling,10.1109/VIS55277.2024.00028,http://dx.doi.org/10.1109/VIS55277.2024.00028,101,105,C,"In healthcare, AI techniques are widely used for tasks like risk assessment and anomaly detection. Despite AI’s potential as a valuable assistant, its role in complex medical data analysis often over-simplifies human-AI collaboration dynamics. To address this, we collaborated with a local hospital, engaging six physicians and one data scientist in a formative study. From this collaboration, we propose a framework integrating two-phase interactive visualization systems: one for Human-Led, AI-Assisted Retrospective Analysis and another for AI-Mediated, Human-Reviewed Iterative Modeling. This framework aims to enhance understanding and discussion around effective human-AI collaboration in healthcare.",Yang Ouyang;Chenyang Zhang;He Wang;Tianle Ma;Chang Jiang;Yuheng Yan;Zuoqin Yan;Xiaojuan Ma;Chuhan Shi;Quan Li,Yang Ouyang;Chenyang Zhang;He Wang;Tianle Ma;Chang Jiang;Yuheng Yan;Zuoqin Yan;Xiaojuan Ma;Chuhan Shi;Quan Li,ShanghaiTech University;University of Illinois at Urbana-Champaign;ShanghaiTech University;Zhongshan Hospital Fudan University;Zhongshan Hospital Fudan University;ShanghaiTech University;Zhongshan Hospital Fudan University;Hong Kong University of Science and Technology;Southeast University;ShanghaiTech University,,"Role Transfer,Hormone-related Medical Records,Visual Analytics,Machine Learning",,,38,,,,10771144,/mediastore/IEEE/content/media/10770856/10771079/10771144,2
VIS,2024,Can GPT-4 Models Detect Misleading Visualizations?,10.1109/VIS55277.2024.00029,http://dx.doi.org/10.1109/VIS55277.2024.00029,106,110,C,"The proliferation of misleading visualizations online, particularly during critical events like public health crises and elections, poses a significant risk. This study investigates the capability of GPT-4 models (4V, 4o, and 4o mini) to detect misleading visualizations. Utilizing a dataset of tweet-visualization pairs containing various visual misleaders, we test these models under four experimental conditions with different levels of guidance. We show that GPT-4 models can detect misleading visualizations with moderate accuracy without prior training (naive zero-shot) and that performance notably improves when provided with definitions of misleaders (guided zero-shot). However, a single prompt engineering technique does not yield the best results for all misleader types. Specifically, providing the models with misleader definitions and examples (guided few-shot) proves more effective for reasoning misleaders, while guided zero-shot performs better for design misleaders. This study underscores the feasibility of using large vision-language models to detect visual misinformation and the importance of prompt engineering for optimized detection accuracy.",Jason Alexander;Priyal Nanda;Kai-Cheng Yang;Ali Sarvghad,Jason Alexander;Priyal Nanda;Kai-Cheng Yang;Ali Sarvghad,"University of Massachusetts Amherst;University of Massachusetts Amherst;Network Science Institute, Northeastern University;University of Massachusetts Amherst",,"Misleading visualizations,GPT-4,large vision language model,misinformation",,,41,,,,10771149,/mediastore/IEEE/content/media/10770856/10771079/10771149,2
VIS,2024,Intuitive Design of Deep Learning Models through Visual Feedback,10.1109/VIS55277.2024.00030,http://dx.doi.org/10.1109/VIS55277.2024.00030,111,115,C,"In the rapidly evolving field of deep learning, traditional methodologies for designing models predominantly rely on code-based frameworks. While these approaches provide flexibility, they create a significant barrier to entry for non-experts and obscure the immediate impact of architectural decisions on model performance. In response to this challenge, recent no-code approaches have been developed with the aim of enabling easy model development through graphical interfaces. However, both traditional and no-code methodologies share a common limitation that the inability to predict model outcomes or identify issues without executing the model. To address this limitation, we introduce an intuitive visual feedback-based no-code approach to visualize and analyze deep learning models during the design phase. This approach utilizes dataflow-based visual programming with dynamic visual encoding of model architecture. A user study was conducted with deep learning developers to demonstrate the effectiveness of our approach in enhancing the model design process, improving model understanding, and facilitating a more intuitive development experience. The findings of this study suggest that real-time architectural visualization significantly contributes to more efficient model development and a deeper understanding of model behaviors.",JunYoung Choi;Sohee Park;GaYeon Koh;Youngseo Kim;Won-Ki Jeong,JunYoung Choi;Sohee Park;GaYeon Koh;Youngseo Kim;Won-Ki Jeong,"VIENCE Inc., Korea University;VIENCE Inc.;Korea University;VIENCE Inc.;VIENCE Inc., Korea University",,"Deep learning,visual programming,explainable AI",,,26,,,,10771115,/mediastore/IEEE/content/media/10770856/10771079/10771115,6
VIS,2024,LinkQ: An LLM-Assisted Visual Interface for Knowledge Graph Question-Answering,10.1109/VIS55277.2024.00031,http://dx.doi.org/10.1109/VIS55277.2024.00031,116,120,C,"We present LinkQ, a system that leverages a large language model (LLM) to facilitate knowledge graph (KG) query construction through natural language question-answering. Traditional approaches often require detailed knowledge of a graph querying language, limiting the ability for users – even experts – to acquire valuable insights from KGs. LinkQ simplifies this process by implementing a multistep protocol in which the LLM interprets a user’s question, then systematically converts it into a well-formed query. LinkQ helps users iteratively refine any open-ended questions into precise ones, supporting both targeted and exploratory analysis. Further, LinkQ guards against the LLM hallucinating outputs by ensuring users’ questions are only ever answered from ground truth KG data. We demonstrate the efficacy of LinkQ through a qualitative study with five KG practitioners. Our results indicate that practitioners find LinkQ effective for KG question-answering, and desire future LLM-assisted exploratory data analysis systems.",Harry Li;Gabriel Appleby;Ashley Suh,Harry Li;Gabriel Appleby;Ashley Suh,MIT Lincoln Laboratory;Tufts University;MIT Lincoln Laboratory,,"Knowledge graphs,large language models,query construction,question-answering,natural language interfaces",,,34,,,,10771088,/mediastore/IEEE/content/media/10770856/10771079/10771088,3
VIS,2024,Bavisitter: Integrating Design Guidelines into Large Language Models for Visualization Authoring,10.1109/VIS55277.2024.00032,http://dx.doi.org/10.1109/VIS55277.2024.00032,121,125,C,"Large Language Models (LLMs) have demonstrated remarkable versatility in visualization authoring, but often generate suboptimal designs that are invalid or fail to adhere to design guidelines for effective visualization. We present Bavisitter, a natural language interface that integrates established visualization design guidelines into LLMs. Based on our survey on the design issues in LLM-generated visualizations, Bavisitter monitors the generated visualizations during a visualization authoring dialogue to detect an issue. When an issue is detected, it intervenes in the dialogue, suggesting possible solutions to the issue by modifying the prompts. We also demonstrate two use cases where Bavisitter detects and resolves design issues from the actual LLM-generated visualizations.",Jiwon Choi;Jaeung Lee;Jaemin Jo,Jiwon Choi;Jaeung Lee;Jaemin Jo,Sungkyunkwan University;Sungkyunkwan University;Sungkyunkwan University,,"Automated Visualization,Visualization Tools,Large Language Model",,,34,,,,10771142,/mediastore/IEEE/content/media/10770856/10771079/10771142,4
VIS,2024,Exploring the Capability of LLMs in Performing Low-Level Visual Analytic Tasks on SVG Data Visualizations,10.1109/VIS55277.2024.00033,http://dx.doi.org/10.1109/VIS55277.2024.00033,126,130,C,"Data visualizations help extract insights from datasets, but reaching these insights requires decomposing high level goals into low-level analytic tasks that can be complex due to varying degrees of data literacy and visualization experience. Recent advancements in large language models (LLMs) have shown promise for lowering barriers for users to achieve tasks such as writing code and may likewise facilitate visualization insight. Scalable Vector Graphics (SVG), a text-based image format common in data visualizations, matches well with the text sequence processing of transformer-based LLMs. In this paper, we explore the capability of LLMs to perform 10 low-level visual analytic tasks defined by Amar, Eagan, and Stasko directly on SVG-based visualizations [2]. Using zero-shot prompts, we instruct the models to provide responses or modify the SVG code based on given visualizations. Our findings demonstrate that LLMs can effectively modify existing SVG visualizations for some tasks like Cluster but perform poorly on tasks requiring mathematical operations like Compute Derived Value. We also discovered that LLM performance can vary based on factors such as the number of data points, the presence of value labels, and the chart type. Our findings contribute to gauging the general capabilities of LLMs and highlight the need for further exploration and development to fully harness their potential in supporting visual analytic tasks.",Zhongzheng Xu;Emily Wall,Zhongzheng Xu;Emily Wall,Brown University;Emory University,,"Data Visualization,Large Language Models (LLMs),Visual Analytics Tasks,Scalable Vector Graphics (SVG)",,,41,,,,10771094,/mediastore/IEEE/content/media/10770856/10771079/10771094,3
VIS,2024,On Combined Visual Cluster and Set Analysis,10.1109/VIS55277.2024.00034,http://dx.doi.org/10.1109/VIS55277.2024.00034,131,135,C,"Real-world datasets often consist of quantitative and categorical variables. The analyst needs to focus on either kind separately or both jointly. We proposed a visualization technique tackling these challenges that supports visual cluster and set analysis. In this paper, we investigate how its visualization parameters affect the accuracy and speed of cluster and set analysis tasks in a controlled experiment. Our findings show that, with the proper settings, our visualization can support both task types well. However, we did not find settings suitable for the joint task, which provides opportunities for future research.",Nikolaus Piccolotto;Markus Wallinger;Silvia Miksch;Markus Bögl,Nikolaus Piccolotto;Markus Wallinger;Silvia Miksch;Markus Bögl,TU Wien;TU Wien;TU Wien;TU Wien,,"Visual cluster analysis,set visualization",,,26,,,,10771119,/mediastore/IEEE/content/media/10770856/10771079/10771119,2
VIS,2024,An Overview+Detail Layout for Visualizing Compound Graphs,10.1109/VIS55277.2024.00035,http://dx.doi.org/10.1109/VIS55277.2024.00035,136,140,C,"Compound graphs are networks in which vertices can be grouped into larger subsets, with these subsets capable of further grouping, resulting in a nesting that can be many levels deep. In several applications, including biological workflows, chemical equations, and computational data flow analysis, these graphs often exhibit a tree-like nesting structure, where sibling clusters are disjoint. Common compound graph layouts prioritize the lowest level of the grouping, down to the individual ungrouped vertices, which can make the higher level grouped structures more difficult to discern, especially in deeply nested networks. Leveraging the additional structure of the tree-like nesting, we contribute an overview+detail layout for this class of compound graphs that preserves the saliency of the higher level network structure when groups are expanded to show internal nested structure. Our layout draws inner structures adjacent to their parents, using a modified tree layout to place substructures. We describe our algorithm and then present case studies demonstrating the layout's utility to a domain expert working on data flow analysis. Finally, we discuss network parameters and analysis situations in which our layout is well suited.",Chang Han;Justin Lieffers;Clayton Morrison;Katherine E. Isaacs,Chang Han;Justin Lieffers;Clayton Morrison;Katherine E. Isaacs,The University of Utah;The University of Arizona;Lum AI;The University of Utah,,"compound graphs,network layout,graph drawing,ntework visualization,graph visualization",,,26,,,,10771154,/mediastore/IEEE/content/media/10770856/10771079/10771154,7
VIS,2024,Improving Property Graph Layouts by Leveraging Attribute Similarity for Structurally Equivalent Nodes,10.1109/VIS55277.2024.00036,http://dx.doi.org/10.1109/VIS55277.2024.00036,141,145,C,"Many real-world networks contain structurally-equivalent nodes. These are defined as vertices that share the same set of neighboring nodes, making them interchangeable with a traditional graph layout approach. However, many real-world graphs also have properties associated with nodes, adding additional meaning to them. We present an approach for swapping locations of structurally-equivalent nodes in graph layout so that those with more similar properties have closer proximity to each other. This improves the usefulness of the visualization from an attribute perspective without negatively impacting the visualization from a structural perspective. We include an algorithm for finding these sets of nodes in linear time, as well as methodologies for ordering nodes based on their attribute similarity, which works for scalar, ordinal, multidimensional, and categorical data.",Patrick Mackey;Jacob Miller;Liz Faultersack,Patrick Mackey;Jacob Miller;Liz Faultersack,Pacific Northwest National Laboratory;Pacific Northwest National Laboratory & University of Arizona;Pacific Northwest National Laboratory,,"graph drawing,network visualization,property graphs,attributed networks",,,17,,,,10771124,/mediastore/IEEE/content/media/10770856/10771079/10771124,7
VIS,2024,"Fields, Bridges, and Foundations: How Researchers Browse Citation Network Visualizations",10.1109/VIS55277.2024.00037,http://dx.doi.org/10.1109/VIS55277.2024.00037,146,150,C,"Visualizing citation relations with network structures is widely used, but the visual complexity can make it challenging for individual researchers trying to navigate them. We collected data from 18 researchers with an interface that we designed using network simplification methods and analyzed how users browsed and identified important papers. Our analysis reveals six major patterns used for identifying papers of interest, which can be categorized into three key components: Fields, Bridges, and Foundations, each viewed from two distinct perspectives: layout-oriented and connection-oriented. The connection-oriented approach was found to be more reliable for selecting relevant papers, but the layout-oriented method was adopted more often, even though it led to unexpected results and user frustration. Our findings emphasize the importance of integrating these components and the necessity to balance visual layouts with meaningful connections to enhance the effectiveness of citation networks in academic browsing systems.",Kiroong Choe;Eunhye Kim;Sangwon Park;Jinwook Seo,Kiroong Choe;Eunhye Kim;Sangwon Park;Jinwook Seo,Seoul National University;Seoul National University;Seoul National University;Seoul National University,,"Literature search,network visualization",,,23,,,,10771118,/mediastore/IEEE/content/media/10770856/10771079/10771118,5
VIS,2024,Feature Clock: High-Dimensional Effects in Two-Dimensional Plots,10.1109/VIS55277.2024.00038,http://dx.doi.org/10.1109/VIS55277.2024.00038,151,155,C,"Humans struggle to perceive and interpret high-dimensional data. Therefore, high-dimensional data are often projected into two dimensions for visualization. Many applications benefit from complex nonlinear dimensionality reduction techniques, but the effects of individual high-dimensional features are hard to explain in the two-dimensional space. Most visualization solutions use multiple two-dimensional plots, each showing the effect of one high-dimensional feature in two dimensions; this approach creates a need for a visual inspection of k plots for a k-dimensional input space. Our solution, Feature Clock, provides a novel approach that reduces the need to inspect these k plots to grasp the influence of original features on the data structure depicted in two dimensions. Feature Clock enhances the explainability and compactness of visualizations of embedded data and is available in an open-source Python library1.",Olga Ovcharenko;Rita Sevastjanova;Valentina Boeva,Olga Ovcharenko;Rita Sevastjanova;Valentina Boeva,ETH Zürich;ETH Zürich;ETH Zürich,,"High-dimensional data,nonlinear dimensionality reduction,feature importance,visualization",,,34,,,,10771082,/mediastore/IEEE/content/media/10770856/10771079/10771082,6
VIS,2024,Uniform Sample Distribution in Scatterplots via Sector-based Transformation,10.1109/VIS55277.2024.00039,http://dx.doi.org/10.1109/VIS55277.2024.00039,156,160,C,"A high number of samples often leads to occlusion in scatter-plots, which hinders data perception and analysis. De-cluttering approaches based on spatial transformation reduce visual clutter by remapping samples using the entire available scatterplot domain. Such regularized scatterplots may still be used for data analysis tasks, if the spatial transformation is smooth and preserves the original neighborhood relations of samples. Recently, Rave et al. [21] proposed an efficient regularization method based on integral images. We propose a generalization of their regularization scheme using sector-based transformations with the aim of increasing sample uniformity of the resulting scatterplot. We document the improvement of our approach using various uniformity measures.",Hennes Rave;Vladimir Molchanov;Lars Linsen,Hennes Rave;Vladimir Molchanov;Lars Linsen,"University of Münster, Germany;University of Münster, Germany;University of Münster, Germany",,"Scatterplot de-cluttering,spatial transformation",,,28,,,,10771106,/mediastore/IEEE/content/media/10770856/10771079/10771106,7
VIS,2024,GhostUMAP: Measuring Pointwise Instability in Dimensionality Reduction,10.1109/VIS55277.2024.00040,http://dx.doi.org/10.1109/VIS55277.2024.00040,161,165,C,"Although many dimensionality reduction (DR) techniques employ stochastic methods for computational efficiency, such as negative sampling or stochastic gradient descent, their impact on the projection has been underexplored. In this work, we investigate how such stochasticity affects the stability of projections and present a novel DR technique, GhostUMAP, to measure the pointwise instability of projections. Our idea is to introduce clones of data points, ""ghosts"", into UMAP’s layout optimization process. Ghosts are designed to be completely passive: they do not affect any others but are influenced by attractive and repulsive forces from the original data points. After a single optimization run, GhostUMAP can capture the projection instability of data points by measuring the variance with the projected positions of their ghosts. We also present a successive halving technique to reduce the computation of GhostUMAP. Our results suggest that Ghost-UMAP can reveal unstable data points with a reasonable computational overhead.",Myeongwon Jung;Takanori Fujiwara;Jaemin Jo,Myeongwon Jung;Takanori Fujiwara;Jaemin Jo,Sungkyunkwan University;Linköping University;Sungkyunkwan University,,Dimensionality Reduction,,,26,,,,10771096,/mediastore/IEEE/content/media/10770856/10771079/10771096,3
VIS,2024,"Use-Coordination: Model, Grammar, and Library for Implementation of Coordinated Multiple Views",10.1109/VIS55277.2024.00041,http://dx.doi.org/10.1109/VIS55277.2024.00041,166,170,C,"Coordinated multiple views (CMV) in a visual analytics system can help users explore multiple data representations simultaneously with linked interactions. However, the implementation of coordinated multiple views can be challenging. Without standard software libraries, visualization designers need to re-implement CMV during the development of each system. We introduce use-coordination, a grammar and software library that supports the efficient implementation of CMV. The grammar defines a JSON-based representation for an abstract coordination model from the information visualization literature. We contribute an optional extension to the model and grammar that allows for hierarchical coordination. Through three use cases, we show that use-coordinationenables implementation of CMV in systems containing not only basic statistical charts but also more complex visualizations such as medical imaging volumes. We describe six software extensions, including a graphical editor for manipulation of coordination, which showcase the potential to build upon our coordination-focused declarative approach. The software is open-source and available at https://use-coordination.dev.",Mark S. Keller;Trevor Manz;Nils Gehlenborg,Mark S. Keller;Trevor Manz;Nils Gehlenborg,Harvard Medical School;Harvard Medical School;Harvard Medical School,,"Visualization toolkits,visual analytics,domain specific languages",,,29,,,,10771108,/mediastore/IEEE/content/media/10770856/10771079/10771108,3
VIS,2024,Accelerating Transfer Function Update for Distance Map based Volume Rendering,10.1109/VIS55277.2024.00042,http://dx.doi.org/10.1109/VIS55277.2024.00042,171,175,C,"Direct volume rendering using ray-casting is widely used in practice. By using GPUs and applying acceleration techniques as empty space skipping, high frame rates are possible on modern hardware. This enables performance-critical use-cases such as virtual reality volume rendering. The currently fastest known technique uses volumetric distance maps to skip empty sections of the volume during ray-casting but requires the distance map to be updated per transfer function change. In this paper, we demonstrate a technique for subdividing the volume intensity range into partitions and deriving what we call partitioned distance maps. These can be used to accelerate the distance map computation for a newly changed transfer function by a factor up to 30. This allows the currently fastest known empty space skipping approach to be used while maintaining high frame rates even when the transfer function is changed frequently.",Michael Rauter;Lukas Zimmermann;Markus Zeilinger,Michael Rauter;Lukas Zimmermann;Markus Zeilinger,"Competence Center for Preclinical Imaging and Biomedical Engineering, Faculty of Health, University of Applied Sciences Wiener Neustadt, Austria;Department of Radiation Oncology, Medical University of Vienna, Austria;Competence Center for Preclinical Imaging and Biomedical Engineering, Faculty of Health, University of Applied Sciences Wiener Neustadt, Austria",,"Computing methodologies,Computer graphics,Rendering,Theory of computation,Design and analysis of algorithms,Data structures design and analysis",,,22,,,,10771087,/mediastore/IEEE/content/media/10770856/10771079/10771087,5
VIS,2024,A Ridge-based Approach for Extraction and Visualization of 3D Atmospheric Fronts,10.1109/VIS55277.2024.00043,http://dx.doi.org/10.1109/VIS55277.2024.00043,176,180,C,"An atmospheric front is an imaginary surface that separates two distinct air masses and is commonly defined as the warm-air side of a frontal zone with high gradients of atmospheric temperature and humidity (Fig. 1, left). These fronts are a widely used conceptual model in meteorology, which are often encountered in the literature as two-dimensional (2D) front lines on surface analysis charts. This paper presents a method for computing three-dimensional (3D) atmospheric fronts as surfaces that is capable of extracting continuous and well-confined features suitable for 3D visual analysis, spatiotemporal tracking, and statistical analyses (Fig. 1, middle, right). Recently developed contour-based methods for 3D front extraction rely on computing the third derivative of a moist potential temperature field. Additionally, they require the field to be smoothed to obtain continuous large-scale structures. This paper demonstrates the feasibility of an alternative method to front extraction using ridge surface computation. The proposed method requires only the second derivative of the input field and produces accurate structures even from unsmoothed data. An application of the ridge-based method to a data set corresponding to Cyclone Friederike demonstrates its benefits and utility towards visual analysis of the full 3D structure of fronts.",Anne Gossing;Andreas Beckert;Christoph Fischer;Nicolas Klenert;Vijay Natarajan;George Pacey;Thorwin Vogt;Marc Rautenhaus;Daniel Baum,Anne Gossing;Andreas Beckert;Christoph Fischer;Nicolas Klenert;Vijay Natarajan;George Pacey;Thorwin Vogt;Marc Rautenhaus;Daniel Baum,Zuse Institute Berlin;Universität Hamburg;Universität Hamburg;Zuse Institute Berlin;Indian Institute of Science Bangalore & Zuse Institute Berlin;Freie Universität Berlin;Universität Hamburg;Universität Hamburg;Zuse Institute Berlin,,"Atmospheric front,ridge surface,visual analysis",,,26,,,,10771101,/mediastore/IEEE/content/media/10770856/10771079/10771101,5
VIS,2024,Investigating the Apple Vision Pro Spatial Computing Platform for GPU-Based Volume Visualization,10.1109/VIS55277.2024.00044,http://dx.doi.org/10.1109/VIS55277.2024.00044,181,185,C,"In this paper, we analyze the Apple Vision Pro hardware and the visionOS software platform, assessing their capabilities for volume rendering of structured grids—a prevalent technique across various applications. The Apple Vision Pro supports multiple display modes, from classical augmented reality (AR) using video see-through technology to immersive virtual reality (VR) environments that exclusively render virtual objects. These modes utilize different APIs and exhibit distinct capabilities. Our focus is on direct volume rendering, selected for its implementation challenges due to the native graphics APIs being predominantly oriented towards surface shading. Volume rendering is particularly vital in fields where AR and VR visualizations offer substantial benefits, such as in medicine and manufacturing. Despite its initial high cost, we anticipate that the Vision Pro will become more accessible and affordable over time, following Apple’s track record of market expansion. As these devices become more prevalent, understanding how to effectively program and utilize them becomes increasingly important, offering significant opportunities for innovation and practical applications in various sectors.",Camilla Hrycak;David Lewakis;Jens Krüger,Camilla Hrycak;David Lewakis;Jens Krüger,University of Duisburg-Essen;University of Duisburg-Essen;University of Duisburg-Essen,,"Apple Vision Pro,Volume Rendering,Virtual Reality,Augmented Reality",,,34,,,,10771092,/mediastore/IEEE/content/media/10770856/10771079/10771092,2
VIS,2024,A Comparative Study of Neural Surface Reconstruction for Scientific Visualization,10.1109/VIS55277.2024.00045,http://dx.doi.org/10.1109/VIS55277.2024.00045,186,190,C,"This comparative study evaluates various neural surface reconstruction methods, particularly focusing on their implications for scientific visualization through reconstructing 3D surfaces via multi-view rendering images. We categorize ten methods into neural radiance fields and neural implicit surfaces, uncovering the benefits of leveraging distance functions (i.e., SDFs and UDFs) to enhance the accuracy and smoothness of the reconstructed surfaces. Our findings highlight the efficiency and quality of NeuS2 for reconstructing closed surfaces and identify NeUDF as a promising candidate for reconstructing open surfaces despite some limitations. By sharing our benchmark dataset, we invite researchers to test the performance of their methods, contributing to the advancement of surface reconstruction solutions for scientific visualization.",Siyuan Yao;Weixi Song;Chaoli Wang,Siyuan Yao;Weixi Song;Chaoli Wang,University of Notre Dame;Wuhan University;University of Notre Dame,,"machine learning techniques,datasets",,,41,,,,10771132,/mediastore/IEEE/content/media/10770856/10771079/10771132,4
VIS,2024,Visualization of 2D Scalar Field Ensembles Using Volume Visualization of the Empirical Distribution Function,10.1109/VIS55277.2024.00046,http://dx.doi.org/10.1109/VIS55277.2024.00046,191,195,C,"Analyzing uncertainty in spatial data is a vital task in many domains, as for example with climate and weather simulation ensembles. Although many methods support the analysis of uncertain 2D data, such as uncertain isocontours or overlaying of statistical information on plots of the actual data, it is still a challenge to get a more detailed overview of 2D data together with its statistical properties. We present cumulative height fields, a visualization method for 2D scalar field ensembles using the marginal empirical distribution function and show preliminary results using volume rendering and slicing for the Max Planck Institute Grand Ensemble.",Tomas Daetz;Michael Böttinger;Gerik Scheuermann;Christian Heine,Tomas Daetz;Michael Böttinger;Gerik Scheuermann;Christian Heine,Leipzig University;German Climate Computing Center;Leipzig University;Leipzig University,,"Scalar field visualization,ensemble visualization,volume rendering,nonparametric statistics",,,33,,,,10771103,/mediastore/IEEE/content/media/10770856/10771079/10771103,4
VIS,2024,Text-based transfer function design for semantic volume rendering,10.1109/VIS55277.2024.00047,http://dx.doi.org/10.1109/VIS55277.2024.00047,196,200,C,"Transfer function design is crucial in volume rendering, as it directly influences the visual representation and interpretation of volumetric data. However, creating effective transfer functions that align with users’ visual objectives is often challenging due to the complex parameter space and the semantic gap between transfer function values and features of interest within the volume. In this work, we propose a novel approach that leverages recent advancements in language-vision models to bridge this semantic gap. By employing a fully differentiable rendering pipeline and an image-based loss function guided by language descriptions, our method generates transfer functions that yield volume-rendered images closely matching the user’s intent. We demonstrate the effectiveness of our approach in creating meaningful transfer functions from simple descriptions, empowering users to intuitively express their desired visual outcomes with minimal effort. This advancement streamlines the transfer function design process and makes volume rendering more accessible to a wider range of users.",Sangwon Jeong;Jixian Li;Chris R. Johnson;Shusen Liu;Matthew Berger,Sangwon Jeong;Jixian Li;Chris R. Johnson;Shusen Liu;Matthew Berger,"Vanderbilt University;SCI Institute, University of Utah;SCI Institute, University of Utah;Lawrence Livermore National Laboratory;Vanderbilt University",,"Transfer function design,vision-language model",,,40,,,,10771134,/mediastore/IEEE/content/media/10770856/10771079/10771134,4
VIS,2024,Multi-User Mobile Augmented Reality for Cardiovascular Surgical Planning,10.1109/VIS55277.2024.00048,http://dx.doi.org/10.1109/VIS55277.2024.00048,201,205,C,"Collaborative planning for congenital heart diseases typically involves creating physical heart models through 3D printing, which are then examined by both surgeons and cardiologists. Recent developments in mobile augmented reality (AR) technologies have presented a viable alternative, known for their ease of use and portability. However, there is still a lack of research examining the utilization of multi-user mobile AR environments to support collaborative planning for cardiovascular surgeries. We created ARCOLLAB, an iOS AR app designed for enabling multiple surgeons and cardiologists to interact with a patient’s 3D heart model in a shared environment. ARCOLLAB enables surgeons and cardiologists to import heart models, manipulate them through gestures and collaborate with other users, eliminating the need for fabricating physical heart models. Our evaluation of ARCOL-LAB’s usability and usefulness in enhancing collaboration, conducted with three cardiothoracic surgeons and two cardiologists, marks the first human evaluation of a multi-user mobile AR tool for surgical planning. ARCOLLAB is open-source, available at https://github.com/poloclub/arcollab.",Pratham Mehta;Rahul Narayanan;Harsha Karanth;Haoyang Yang;Timothy C. Slesnick;Fawwaz Shaw;Duen Horng Chau,Pratham Mehta;Rahul Narayanan;Harsha Karanth;Haoyang Yang;Timothy C. Slesnick;Fawwaz Shaw;Duen Horng Chau,Georgia Institute of Technology;Georgia Institute of Technology;Georgia Institute of Technology;Georgia Institute of Technology;Children’s Healthcare of Atlanta;Children’s Healthcare of Atlanta;Georgia Institute of Technology,,"Augmented Reality,Mobile Collaboration,Surgical Planning",,,22,,,,10771130,/mediastore/IEEE/content/media/10770856/10771079/10771130,5
VIS,2024,Active Appearance and Spatial Variation Can Improve Visibility in Area Labels for Augmented Reality,10.1109/VIS55277.2024.00049,http://dx.doi.org/10.1109/VIS55277.2024.00049,206,210,C,"Augmented reality (AR) area labels can visualize real world regions with arbitrary boundaries and show invisible objects or features. But environment conditions such as lighting and clutter can decrease fixed or passive label visibility, and labels that have high opacity levels can occlude crucial details in the environment. We design and evaluate active AR area label visualization modes to enhance visibility across real-life environments, while still retaining environment details within the label. For this, we define a distant characteristic color from the environment in perceptual CIELAB space, then introduce spatial variations among label pixel colors based on the underlying environment variation. In a user study with 18 participants, we found that our active label visualization modes can be comparable in visibility to a fixed green baseline by Gabbard et al., and can outperform it with added spatial variation in cluttered environments, across varying levels of lighting (e.g., nighttime), and in environments with colors similar to the fixed baseline color.",Hojung Kwon;Yuanbo Li;Xiaohan Ye;Praccho Muna-McQuay;Liuren Yin;James Tompkin,Hojung Kwon;Yuanbo Li;Xiaohan Ye;Praccho Muna-McQuay;Liuren Yin;James Tompkin,Brown University;Brown University;Brown University;Brown University;Brown University & Duke University;Brown University,,"Augmented reality,active labels,environment-adaptive",,,24,,,,10771093,/mediastore/IEEE/content/media/10770856/10771079/10771093,9
VIS,2024,Dark Mode or Light Mode? Exploring the Impact of Contrast Polarity on Visualization Performance Between Age Groups,10.1109/VIS55277.2024.00050,http://dx.doi.org/10.1109/VIS55277.2024.00050,211,215,C,"This study examines the impact of positive and negative contrast polarities (i.e., light and dark modes) on the performance of younger adults and people in their late adulthood (PLA). In a crowdsourced study with 134 participants (69 below age 60, 66 aged 60 and above), we assessed their accuracy and time performing analysis tasks across three common visualization types (Bar, Line, Scatterplot) and two contrast polarities (positive and negative). We observed that, across both age groups, the polarity that led to better performance and the resulting amount of improvement varied on an individual basis, with each polarity benefiting comparable proportions of participants. However, the contrast polarity that led to better performance did not always match their preferred polarity. Additionally, we observed that the choice of contrast polarity can have an impact on time similar to that of the choice of visualization type, resulting in an average percent difference of around 36%. These findings indicate that, overall, the effects of contrast polarity on visual analysis performance do not noticeably change with age. Furthermore, they underscore the importance of making visualizations available in both contrast polarities to better-support a broad audience with differing needs. Supplementary materials for this work can be found at https://osf.io/539a4/.",Zack While;Ali Sarvghad,Zack While;Ali Sarvghad,University of Massachusetts Amherst;University of Massachusetts Amherst,,"People in late adulthood,GerontoVis,data visualization,contrast polarity",,,28,,,,10771122,/mediastore/IEEE/content/media/10770856/10771079/10771122,5
VIS,2024,Science in a Blink: Supporting Ensemble Perception in Scalar Fields,10.1109/VIS55277.2024.00051,http://dx.doi.org/10.1109/VIS55277.2024.00051,216,220,C,"Visualizations support rapid analysis of scientific datasets, allowing viewers to glean aggregate information (e.g., the mean) within split-seconds. While prior research has explored this ability in conventional charts, it is unclear if spatial visualizations used by computational scientists afford a similar ensemble perception capacity. We investigate people’s ability to estimate two summary statistics, mean and variance, from pseudocolor scalar fields. In a crowd- sourced experiment, we find that participants can reliably characterize both statistics, although variance discrimination requires a much stronger signal. Multi-hue and diverging colormaps outperformed monochromatic, luminance ramps in aiding this extraction. Analysis of qualitative responses suggests that participants often estimate the distribution of hotspots and valleys as visual proxies for data statistics. These findings suggest that people’s summary interpretation of spatial datasets is likely driven by the appearance of discrete color segments, rather than assessments of overall luminance. Implicit color segmentation in quantitative displays could thus prove more useful than previously assumed by facilitating quick, gist- level judgments about color-coded visualizations.",Victor A. Mateevitsi;Michael E. Papka;Khairi Reda,Victor A. Mateevitsi;Michael E. Papka;Khairi Reda,"Argonne National Laboratory, University of Illinois Chicago;Argonne National Laboratory, University of Illinois Chicago;Indiana University Indianapolis",,"Ensemble perception,colormaps,scalar fields",,,41,,,,10771114,/mediastore/IEEE/content/media/10770856/10771079/10771114,4
VIS,2024,Towards a Quality Approach to Hierarchical Color Maps,10.1109/VIS55277.2024.00052,http://dx.doi.org/10.1109/VIS55277.2024.00052,221,225,C,"To improve the perception of hierarchical structures in data sets, several color map generation algorithms have been proposed to take this structure into account. But the design of hierarchical color maps elicits different requirements to those of color maps for tabular data. Within this paper, we make an initial effort to put design rules from the color map literature into the context of hierarchical color maps. We investigate the impact of several design decisions and provide recommendations for various analysis scenarios. Thus, we lay the foundation for objective quality criteria to evaluate hierarchical color maps.",Tobias Mertz;Jörn Kohlhammer,Tobias Mertz;Jörn Kohlhammer,"Fraunhofer IGD;Fraunhofer IGD, TU Darmstadt",,"Guidelines,Color,Graph/Network and Tree Data",,,25,,,,10771150,/mediastore/IEEE/content/media/10770856/10771079/10771150,3
VIS,2024,Assessing Graphical Perception of Image Embedding Models using Channel Effectiveness,10.1109/VIS55277.2024.00053,http://dx.doi.org/10.1109/VIS55277.2024.00053,226,230,C,"Recent advancements in vision models have greatly improved their ability to handle complex chart understanding tasks, like chart captioning and question answering. However, it remains challenging to assess how these models process charts. Existing benchmarks only roughly evaluate model performance without evaluating the underlying mechanisms, such as how models extract image embeddings. This limits our understanding of the model’s ability to perceive fundamental graphical components. To address this, we introduce a novel evaluation framework to assess the graphical perception of image embedding models. For chart comprehension, we examine two main aspects of channel effectiveness: accuracy and discriminability of various visual channels. Channel accuracy is assessed through the linearity of embeddings, measuring how well the perceived magnitude aligns with the size of the stimulus. Discrim-inability is evaluated based on the distances between embeddings, indicating their distinctness. Our experiments with the CLIP model show that it perceives channel accuracy differently from humans and shows unique discriminability in channels like length, tilt, and curvature. We aim to develop this work into a broader benchmark for reliable visual encoders, enhancing models for precise chart comprehension and human-like perception in future applications.",Soohyun Lee;Minsuk Chang;Seokhyeon Park;Jinwook Seo,Soohyun Lee;Minsuk Chang;Seokhyeon Park;Jinwook Seo,Seoul National University;Seoul National University;Seoul National University;Seoul National University,,"Graphical perception,channel effectiveness,image embeddings,clip",,,40,,,,10771100,/mediastore/IEEE/content/media/10770856/10771079/10771100,4
VIS,2024,Connections Beyond Data: Exploring Homophily With Visualizations,10.1109/VIS55277.2024.00054,http://dx.doi.org/10.1109/VIS55277.2024.00054,231,235,C,"Homophily refers to the tendency of individuals to associate with others who are similar to them in characteristics, such as, race, ethnicity, age, gender, or interests. In this paper, we investigate if individuals exhibit racial homophily when viewing visualizations, using mass shooting data in the United States as the example topic. We conducted a crowdsourced experiment (N=450) where each participant was shown a visualization displaying the counts of mass shooting victims, highlighting the counts for one of three racial groups (White, Black, or Hispanic). Participants were assigned to view visualizations highlighting their own race or a different race to assess the influence of racial concordance on changes in affect (emotion) and attitude towards gun control. While we did not find evidence of homophily, the results showed a significant negative shift in affect across all visualization conditions. Notably, political ideology significantly impacted changes in affect, with more liberal views correlating with a more negative affect change. Our findings underscore the complexity of reactions to mass shooting visualizations and suggest that future research should consider various methodological improvements to better assess homophily effects.",Poorna Talkad Sukumar;Maurizio Porfiri;Oded Nov,Poorna Talkad Sukumar;Maurizio Porfiri;Oded Nov,New York University;New York University;New York University,,"Visualization,Journalism,Mass shootings,Race,Homophily",,,29,,,,10771089,/mediastore/IEEE/content/media/10770856/10771079/10771089,1
VIS,2024,A Literature-based Visualization Task Taxonomy for Gantt Charts,10.1109/VIS55277.2024.00055,http://dx.doi.org/10.1109/VIS55277.2024.00055,236,240,C,"Gantt charts are a widely-used idiom for visualizing temporal discrete event sequence data where dependencies exist between events. They are popular in domains such as manufacturing and computing for their intuitive layout of such data. However, these domains frequently generate data at scales which tax both the visual representation and the ability to render it at interactive speeds. To aid visualization developers who use Gantt charts in these situations, we develop a task taxonomy of low level visualization tasks supported by Gantt charts and connect them to the data queries needed to support them. Our taxonomy is derived through a literature survey of visualizations using Gantt charts over the past 30 years.",Sayef Azad Sakin;Katherine E. Isaacs,Sayef Azad Sakin;Katherine E. Isaacs,"SCI Institute and Kahlert School of Computing, The University of Utah;SCI Institute and Kahlert School of Computing, The University of Utah",,"Gantt chart,Visualization,Task taxonomy",,,42,,,,10771138,/mediastore/IEEE/content/media/10770856/10771079/10771138,2
VIS,2024,Zoomable Level-of-Detail ChartTables for Interpreting Probabilistic Model Outputs for Reactionary Train Delays,10.1109/VIS55277.2024.00056,http://dx.doi.org/10.1109/VIS55277.2024.00056,241,245,C,"""Reactionary delay"" is a result of the accumulated cascading effects of knock-on train delays which is increasing on UK railways due to increasing utilisation of the railway infrastructure. The chaotic nature of its effects on train lateness is notoriously hard to predict. We use a stochastic Monte-Carto-style simulation of reactionary delay that produces whole distributions of likely reactionary delay and delays this causes. We demonstrate how Zoomable Level-of-Detail ChartTables – case-by-variable tables where cases are rows, variables are columns, variables are complex composite metrics that incorporate distributions, and cells contain mini-charts that depict these as different levels of detail through zoom interaction – help interpret whole distributions of model outputs to help understand the causes and effects of reactionary delay, how they inform timetable robustness testing, and how they could be used in other contexts.",Aidan Slingsby;Jonathan Hyde,Aidan Slingsby;Jonathan Hyde,University of London;Risk Solutions,,"Level-of-detail,mini-charts,distributions,stochastic modelling",,,18,,,,10771095,/mediastore/IEEE/content/media/10770856/10771079/10771095,6
VIS,2024,Gridlines Mitigate Sine Illusion in Line Charts,10.1109/VIS55277.2024.00057,http://dx.doi.org/10.1109/VIS55277.2024.00057,246,250,C,"The sine illusion is an underestimation of the difference between two lines when both lines have increasing slopes. We evaluate three visual manipulations on mitigating sine illusions: dotted lines, aligned gridlines, and offset gridlines via a user study. We asked participants to compare the deltas between two lines at two time points and found aligned gridlines to be the most effective in mitigating sine illusions. Using data from the user study, we produced a model that predicts the impact of the sine illusion in line charts by accounting for the ratio of the vertical distance between the two points of comparison. When the ratio is less than 50%, participants begin to be influenced by the sine illusion. This effect can be significantly exacerbated when the difference between the two deltas falls under 30%. We compared two explanations for the sine illusion based on our data: either participants were mistakenly using the perpendicular distance between the two lines to make their comparison (the perpendicular explanation), or they incorrectly relied on the length of the line segment perpendicular to the angle bisector of the bottom and top lines (the equal triangle explanation). We found the equal triangle explanation to be the more predictive model explaining participant behaviors.",Clayton Knittel;Jane Awuah;Steven Franconeri;Cindy Xiong Bearfield,Clayton Knittel;Jane Awuah;Steven Franconeri;Cindy Xiong Bearfield,Google;Georgia Institute of Technology;Northwestern University;Georgia Institute of Technology,,"sine illusion,gridlines,perception,bias,thresholds",,,33,,,,10771105,/mediastore/IEEE/content/media/10770856/10771079/10771105,4
VIS,2024,Design Patterns in Right-to-Left Visualizations: The Case of Arabic Content,10.1109/VIS55277.2024.00058,http://dx.doi.org/10.1109/VIS55277.2024.00058,251,255,C,"Data visualizations are reaching global audiences. As people who use Right-to-left (RTL) scripts constitute over a billion potential data visualization users, a need emerges to investigate how visualizations are communicated to them. Web design guidelines exist to assist designers in adapting different reading directions, yet we lack a similar standard for visualization design. This paper investigates the design patterns of visualizations with RTL scripts. We collected 128 visualizations from data-driven articles published in Arabic news outlets and analyzed their chart composition, textual elements, and sources. Our analysis suggests that designers tend to apply RTL approaches more frequently for categorical data. In other situations, we observed a mix of Left-to-right (LTR) and RTL approaches for chart directions and structures, sometimes inconsistently utilized within the same article. We reflect on this lack of clear guidelines for RTL data visualizations and derive implications for visualization authoring tools and future research directions.",Muna Alebri;Noëlle Rakotondravony;Lane Harrison,Muna Alebri;Noëlle Rakotondravony;Lane Harrison,"University College, London;Worcester Polytechnic Institute;Worcester Polytechnic Institute",,"Design Patterns,Right-To-Left Visualizations,Data Journalism",,,28,,,,10771109,/mediastore/IEEE/content/media/10770856/10771079/10771109,4
VIS,2024,Dash: A Bimodal Data Exploration Tool for Interactive Text and Visualizations,10.1109/VIS55277.2024.00059,http://dx.doi.org/10.1109/VIS55277.2024.00059,256,260,C,"Integrating textual content, such as titles, annotations, and captions, with visualizations facilitates comprehension and takeaways during data exploration. Yet current tools often lack mechanisms for integrating meaningful long-form prose with visual data. This paper introduces DASH, a bimodal data exploration tool that supports integrating semantic levels into the interactive process of visualization and text-based analysis. DASH operationalizes a modified version of Lundgard et al.’s semantic hierarchy model that catego-rizes data descriptions into four levels ranging from basic encodings to high-level insights. By leveraging this structured semantic level framework and a large language model’s text generation capabilities, DASH enables the creation of data-driven narratives via drag-and-drop user interaction. Through a preliminary user evaluation, we discuss the utility of DASH’s text and chart integration capabilities when participants perform data exploration with the tool.",Dennis Bromley;Vidya Setlur,Dennis Bromley;Vidya Setlur,Tableau Research;Tableau Research,,"Semantic levels,LLMs,text generation",,,33,,,,10771148,/mediastore/IEEE/content/media/10770856/10771079/10771148,2
VIS,2024,Evaluating the Semantic Profiling Abilities of LLMs for Natural Language Utterances in Data Visualization,10.1109/VIS55277.2024.00060,http://dx.doi.org/10.1109/VIS55277.2024.00060,261,265,C,"Automatically generating data visualizations in response to human utterances on datasets necessitates a deep semantic understanding of the utterance, including implicit and explicit references to data attributes, visualization tasks, and necessary data preparation steps. Natural Language Interfaces (NLIs) for data visualization have explored ways to infer such information, yet challenges persist due to inherent uncertainty in human speech. Recent advances in Large Language Models (LLMs) provide an avenue to address these challenges, but their ability to extract the relevant semantic information remains unexplored. In this study, we evaluate four publicly available LLMs (GPT-4, Gemini-Pro, Llama3, and Mixtral), investigating their ability to comprehend utterances even in the presence of uncertainty and identify the relevant data context and visual tasks. Our findings reveal that LLMs are sensitive to uncertainties in utterances. Despite this sensitivity, they are able to extract the relevant data context. However, LLMs struggle with inferring visualization tasks. Based on these results, we highlight future research directions on using LLMs for visualization generation. Our supplementary materials have been shared on GitHub: https://github.com/hdi-umd/Semantic_Profiling_LLM_Evaluation.",Hannah K. Bako;Arshnoor Bhutani;Xinyi Liu;Kwesi A. Cobbina;Zhicheng Liu,Hannah K. Bako;Arshnoor Bhutani;Xinyi Liu;Kwesi A. Cobbina;Zhicheng Liu,University of Maryland;University of Maryland;University of Texas at Austin;University of Maryland;University of Mayland,,"Human-centered computing,Visualization,Empirical studies in visualization",,,35,,,,10771116,/mediastore/IEEE/content/media/10770856/10771079/10771116,2
VIS,2024,Representing Charts as Text for Language Models: An In-Depth Study of Question Answering for Bar Charts,10.1109/VIS55277.2024.00061,http://dx.doi.org/10.1109/VIS55277.2024.00061,266,270,C,"Machine Learning models for chart-grounded Q&A (CQA) often treat charts as images, but performing CQA on pixel values has proven challenging. We thus investigate a resource overlooked by current ML-based approaches: the declarative documents describing how charts should visually encode data (i.e., chart specifications). In this work, we use chart specifications to enhance language models (LMs) for chart-reading tasks, such that the resulting system can robustly understand language for CQA. Through a case study with 359 bar charts, we test novel fine tuning schemes on both GPT-3 and T5 using a new dataset curated for two CQA tasks: question-answering and visual explanation generation. Our text-only approaches strongly outperform vision-based GPT-4 on explanation generation (99% vs. 63% accuracy), and show promising results for question-answering (57–67% accuracy). Through in-depth experiments, we also show that our text-only approaches are mostly robust to natural language variation.",Victor Soares Bursztyn;Jane Hoffswell;Eunyee Koh;Shunan Guo,Victor Soares Bursztyn;Jane Hoffswell;Eunyee Koh;Shunan Guo,Adobe Research;Adobe Research;Adobe Research;Adobe Research,,"Machine Learning Techniques,Charts,Diagrams,and Plots,Datasets,Computational Benchmark Studies",,,26,,,,10771151,/mediastore/IEEE/content/media/10770856/10771079/10771151,5
VIS,2024,Confides: A Visual Analytics Solution for Automated Speech Recognition Analysis and Exploration,10.1109/VIS55277.2024.00062,http://dx.doi.org/10.1109/VIS55277.2024.00062,271,275,C,"Confidence scores of automatic speech recognition (ASR) outputs are often inadequately communicated, preventing its seamless integration into analytical workflows. In this paper, we introduce Confides, a visual analytic system developed in collaboration with intelligence analysts to address this issue. Confides aims to aid exploration and post-AI-transcription editing by visually representing the confidence associated with the transcription. We demonstrate how our tool can assist intelligence analysts who use ASR outputs in their analytical and exploratory tasks and how it can help mitigate misinterpretation of crucial information. We also discuss opportunities for improving textual data cleaning and model transparency for human-machine collaboration.",Sunwoo Ha;Chaehun Lim;R. Jordan Crouser;Alvitta Ottley,Sunwoo Ha;Chaehun Lim;R. Jordan Crouser;Alvitta Ottley,;;;,,"Visual analytics,confidence visualization,automatic speech recognition",,,32,,,,10771110,/mediastore/IEEE/content/media/10770856/10771079/10771110,4
VIS,2024,Integrating Annotations for Sonifications and Physicalizations,10.1109/VIS55277.2024.00063,http://dx.doi.org/10.1109/VIS55277.2024.00063,276,280,C,"Annotations are a critical component of visualizations, helping viewers interpret the visual representation and highlighting critical data insights. Despite their significant role, we lack an understanding of how annotations can be incorporated into other data representations, such as physicalizations and sonifications. Given the emergent nature of these representations, sonifications, and physicalizations lack formalized conventions (e.g., design space, vocabulary) that can introduce challenges for audiences to interpret the intended data encoding. To address this challenge, this work focuses on how annotations can be more tightly integrated into the design process of creating sonifications and physicalizations. In an exploratory study with 13 designers, we explore how visualization annotation techniques can be adapted to sonic and physical modalities. Our work highlights how annotations for sonification and physicalizations are inseparable from their data encodings.",Rhys Sorenson-Graff;S. Sandra Bae;Jordan Wirfs-Brock,Rhys Sorenson-Graff;S. Sandra Bae;Jordan Wirfs-Brock,Whitman College;CU Boulder;Whitman College,,"Annotations,physicalization,sonification",,,43,,,,10771128,/mediastore/IEEE/content/media/10770856/10771079/10771128,3
VIS,2024,AEye: A Visualization Tool for Image Datasets,10.1109/VIS55277.2024.00064,http://dx.doi.org/10.1109/VIS55277.2024.00064,281,285,C,"Image datasets serve as the foundation for machine learning models in computer vision, significantly influencing model capabilities, performance, and biases alongside architectural considerations. Therefore, understanding the composition and distribution of these datasets has become increasingly crucial. To address the need for intuitive exploration of these datasets, we propose AEye, an extensible and scalable visualization tool tailored to image datasets. AEye utilizes a contrastively trained model to embed images into semantically meaningful high-dimensional representations, facilitating data clustering and organization. To visualize the high-dimensional representations, we project them onto a two-dimensional plane and arrange images in layers so users can seamlessly navigate and explore them interactively. AEye facilitates semantic search functionalities for both text and image queries, enabling users to search for content. We open-source the codebase for AEye, and provide a simple configuration to add datasets.",Florian Grötschla;Luca A. Lanzendörfer;Marco Calzavara;Roger Wattenhofer,Florian Grötschla;Luca A. Lanzendörfer;Marco Calzavara;Roger Wattenhofer,"ETH Zurich, Switzerland;ETH Zurich, Switzerland;ETH Zurich, Switzerland;ETH Zurich, Switzerland",,"Image embeddings,image visualization,contrastive learning,semantic search",,,20,,,,10771081,/mediastore/IEEE/content/media/10770856/10771079/10771081,5
VIS,2024,Opening the Black Box of 3D Reconstruction Error Analysis with VECTOR,10.1109/VIS55277.2024.00065,http://dx.doi.org/10.1109/VIS55277.2024.00065,286,290,C,"Reconstruction of 3D scenes from 2D images is a technical challenge that impacts domains from Earth and planetary sciences and space exploration to augmented and virtual reality. Typically, reconstruction algorithms first identify common features across images and then minimize reconstruction errors after estimating the shape of the terrain. This bundle adjustment (BA) step optimizes around a single, simplifying scalar value that obfuscates many possible causes of reconstruction errors (e.g., initial estimate of the position and orientation of the camera, lighting conditions, ease of feature detection in the terrain). Reconstruction errors can lead to inaccurate scientific inferences or endanger a spacecraft exploring a remote environment. To address this challenge, we present VECTOR, a visual analysis tool that improves error inspection for stereo reconstruction BA. VECTOR provides analysts with previously unavailable visibility into feature locations, camera pose, and computed 3D points. VECTOR was developed in partnership with the Perseverance Mars Rover and Ingenuity Mars Helicopter terrain reconstruction team at the NASA Jet Propulsion Laboratory. We report on how this tool was used to debug and improve terrain reconstruction for the Mars 2020 mission.",Racquel Fygenson;Kazi Jawad;Isabel Li;Francois Ayoub;Robert G. Deen;Scott Davidoff;Dominik Moritz;Mauricio Hess-Flores,Racquel Fygenson;Kazi Jawad;Isabel Li;Francois Ayoub;Robert G. Deen;Scott Davidoff;Dominik Moritz;Mauricio Hess-Flores,"Northeastern University;Wētā FX;Art Center College of Design;Jet Propulsion Laboratory, California Institute of Technology;Jet Propulsion Laboratory, California Institute of Technology;Jet Propulsion Laboratory, California Institute of Technology;Carnegie Mellon University;Jet Propulsion Laboratory, California Institute of Technology",,"Computer vision,stereo image processing,optimization,error analysis,uncertainty,SLAM,SfM,robotics",,,36,,,,10771153,/mediastore/IEEE/content/media/10770856/10771079/10771153,3
VIS,2024,What Color Scheme is More Effective in Assisting Readers to Locate Information in a Color-Coded Article?,10.1109/VIS55277.2024.00066,http://dx.doi.org/10.1109/VIS55277.2024.00066,291,295,C,"Color coding, a technique assigning specific colors to cluster information types, has proven advantages in aiding human cognitive activities, especially reading and comprehension. The rise of Large Language Models (LLMs) has streamlined document coding, enabling simple automatic text labeling with various schemes. This has the potential to make color-coding more accessible and benefit more users. However, the impact of color choice on information seeking is understudied. We conducted a user study assessing various color schemes’ effectiveness in LLM-coded text documents, standardizing contrast ratios to approximately 5.55:1 across schemes. Participants performed timed information-seeking tasks in color-coded scholarly abstracts. Results showed non-analogous and yellow-inclusive color schemes improved performance, with the latter also being more preferred by participants. These findings can inform better color scheme choices for text annotation. As LLMs advance document coding, we advocate for more research focusing on the ""color"" aspect of color-coding techniques.",Ho Yin Ng;Zeyu He;Ting-Hao ‘Kenneth’ Huang,Ho Yin Ng;Zeyu He;Ting-Hao ‘Kenneth’ Huang,Pennsylvania State University;Pennsylvania State University;Pennsylvania State University,,"Color,Color coding,Information seeking,Text visualization,Document",,,39,,,,10771086,/mediastore/IEEE/content/media/10770856/10771079/10771086,2
VIS,2024,From Graphs to Words: A Computer-Assisted Framework for the Production of Accessible Text Descriptions,10.1109/VIS55277.2024.00067,http://dx.doi.org/10.1109/VIS55277.2024.00067,296,300,C,"In the digital landscape, the ubiquity of data visualizations in media underscores the necessity for accessibility to ensure inclusivity for all users, including those with visual impairments. Current visual content often fails to cater to the needs of screen reader users due to the absence of comprehensive textual descriptions. To address this gap, we propose in this paper a framework designed to empower media content creators to transform charts into descriptive narratives. This tool not only facilitates the understanding of complex visual data through text but also fosters a broader awareness of accessibility in digital content creation. Through the application of this framework, users can interpret and convey the insights of data visualizations more effectively, accommodating a diverse audience. Our evaluations reveal that this tool not only enhances the comprehension of data visualizations but also promotes new perspectives on the represented data, thereby broadening the interpretative possibilities for all users.",Qiang Xu;Thomas Hurtut,Qiang Xu;Thomas Hurtut,Polytechnique Montréal;Polytechnique Montréal,,"Accessibility,chart text description",,,31,,,,10771147,/mediastore/IEEE/content/media/10770856/10771079/10771147,2
VIS,2024,Design of a Real-Time Visual Analytics Decision Support Interface to Manage Air Traffic Complexity,10.1109/VIS55277.2024.00068,http://dx.doi.org/10.1109/VIS55277.2024.00068,301,305,C,An essential task of an air traffic controller is to manage the traffic flow by predicting future trajectories. Complex traffic patterns are difficult to predict and manage and impose cognitive load on the air traffic controllers. In this work we present an interactive visual analytics interface which facilitates detection and resolution of complex traffic patterns for air traffic controllers. The interface supports air traffic controllers in detecting complex clusters of aircraft and further enables them to visualize and simultaneously compare how different re-routing strategies for each individual aircraft yield reduction of complexity in the entire sector for the next hour. The development of the concepts was supported by the domain-specific feedback we received from six fully licensed and operational air traffic controllers in an iterative design process over a period of 14 months.,Elmira Zohrevandi;Katerina Vrotsou;Carl A. L. Westin;Jonas Lundberg;Anders Ynnerman,Elmira Zohrevandi;Katerina Vrotsou;Carl A. L. Westin;Jonas Lundberg;Anders Ynnerman,"Department of Science and Technology, Linköping University, Norrköping, Sweden;Department of Science and Technology, Linköping University, Norrköping, Sweden;Department of Science and Technology, Linköping University, Norrköping, Sweden;Department of Science and Technology, Linköping University, Norrköping, Sweden;Department of Science and Technology, Linköping University, Norrköping, Sweden",,"Visual analytics,Visualization design,Safety-critical systems",,,30,,,,10771104,/mediastore/IEEE/content/media/10770856/10771079/10771104,4
VIS,2024,Building and Eroding: Exogenous and Endogenous Factors that Influence Subjective Trust in Visualization,10.1109/VIS55277.2024.00069,http://dx.doi.org/10.1109/VIS55277.2024.00069,306,310,C,"Trust is a subjective yet fundamental component of human-computer interaction, and is a determining factor in shaping the efficacy of data visualizations. Prior research has identified five dimensions of trust assessment in visualizations (credibility, clarity, reliability, familiarity, and confidence), and observed that these dimensions tend to vary predictably along with certain features of the visualization being evaluated. This raises a further question: how do the design features driving viewers’ trust assessment vary with the characteristics of the viewers themselves? By reanalyzing data from these studies through the lens of individual differences, we build a more detailed map of the relationships between design features, individual characteristics, and trust behaviors. In particular, we model the distinct contributions of endogenous design features (such as visualization type, or the use of color) and exogenous user characteristics (such as visualization literacy), as well as the interactions between them. We then use these findings to make recommendations for individualized and adaptive visualization design.",R. Jordan Crouser;Syrine Matoussi;Lan Kung;Saugat Pandey;Oen G. McKinley;Alvitta Ottley,R. Jordan Crouser;Syrine Matoussi;Lan Kung;Saugat Pandey;Oen G. McKinley;Alvitta Ottley,;;;;;,,"Trust,data visualization,individual differences,personality",,,20,,,,10771091,/mediastore/IEEE/content/media/10770856/10771079/10771091,4
VIS,2024,Topological Separation of Vortices,10.1109/VIS55277.2024.00070,http://dx.doi.org/10.1109/VIS55277.2024.00070,311,315,C,"Vortices and their analysis play a critical role in the understanding of complex phenomena in turbulent flows. Traditional vortex extraction methods, notably region-based techniques, often overlook the entanglement phenomenon, resulting in the inclusion of multiple vortices within a single extracted region. Their separation is necessary for quantifying different types of vortices and their statistics. In this study, we propose a novel vortex separation method that extends the conventional contour tree-based segmentation approach with an additional step termed ""layering"". Upon extracting a vortical region using specified vortex criteria (e.g., λ2), we initially establish topological segmentation based on the contour tree, followed by the layering process to allocate appropriate segmentation IDs to unsegmented cells, thus separating individual vortices within the region. However, these regions may still suffer from inaccurate splits, which we address statistically by leveraging the continuity of vorticity lines across the split boundaries. Our findings demonstrate a significant improvement in both the separation of vortices and the mitigation of inaccurate splits compared to prior methods.",Adeel Zafar;Zahra Poorshayegh;Di Yang;Guoning Chen,Adeel Zafar;Zahra Poorshayegh;Di Yang;Guoning Chen,University of Houston;University of Houston;University of Houston;University of Houston,,"Fluid flow,vortices,vortex topology",,,24,,,,10771117,/mediastore/IEEE/content/media/10770856/10771079/10771117,9
VIS,2024,Towards Reusable and Reactive Widgets for Information Visualization Research and Dissemination,10.1109/VIS55277.2024.00071,http://dx.doi.org/10.1109/VIS55277.2024.00071,316,320,C,"The information visualization research community commonly produces supporting software to demonstrate technical contributions to the field. However, developing this software tends to be an overwhelming task. The final product tends to be a research prototype without much thought for modularization and re-usability, which makes it harder to replicate and adopt. This paper presents a design pattern for facilitating the creation, dissemination, and re-utilization of visualization techniques using reactive widgets. The design pattern features basic concepts that leverage modern front-end development best practices and standards, which facilitate development and replication. The paper presents several usage examples of the pattern, templates for implementation, and even a wrapper for facilitating the conversion of any Vega [27], [28] specification into a reactive widget. https://johnguerra.co/reactiveWidgets",John A. Guerra-Gomez,John A. Guerra-Gomez,Northeastern University,,"Information Visualization,Software Components,Reactive Components,Notebook Programming,Direct Manipulation,Brush and Linking",,,37,,,,10771102,/mediastore/IEEE/content/media/10770856/10771079/10771102,5
VIS,2024,Animating the Narrative: A Review of Animation Styles in Narrative Visualization,10.1109/VIS55277.2024.00074,http://dx.doi.org/10.1109/VIS55277.2024.00074,321,325,C,"Narrative visualization has become a crucial tool in data presentation, merging storytelling with data visualization to convey complex information in an engaging and accessible manner. In this study, we review the design space for narrative visualizations, focusing on animation style, through a comprehensive analysis of 80 papers from key visualization venues. We categorize these papers into six broad themes: Animation Style, Interactivity, Technology Usage, Methodology Development, Evaluation Type, and Application Domain. Our findings reveal a significant evolution in the field, marked by a growing preference for animated and non-interactive techniques. This trend reflects a shift towards minimizing user interaction while enhancing the clarity and impact of data presentation. We also identified key trends and technologies shaping the field, highlighting the role of technologies, such as machine learning in driving these changes. We offer insights into the dynamic interrelations within the narrative visualization domains, and suggest future research directions, including exploring non-interactive techniques, examining the interplay between different visualization elements, and developing domain-specific visualizations.",Vyri Yang;Mahmood Jasim,Vyri Yang;Mahmood Jasim,"Louisiana State University, Baton Rouge, Louisiana, United States;Louisiana State University, Baton Rouge, Louisiana, United States",,"Narrative visualizations,static and animated visualization,categorization,design space",,,35,,,,10771126,/mediastore/IEEE/content/media/10770856/10771079/10771126,3
VIS,2024,Curve Segment Neighborhood-based Vector Field Exploration,10.1109/VIS55277.2024.00075,http://dx.doi.org/10.1109/VIS55277.2024.00075,326,330,C,"Integral curves have been widely used to represent and analyze various vector fields. In this paper, we propose a Curve Segment Neighborhood Graph (CSNG) to capture the relationships between neighboring curve segments. This graph representation enables us to adapt the fast community detection algorithm, i.e., the Louvain algorithm, to identify individual graph communities from CSNG. Our results show that these communities often correspond to the features of the flow. To achieve a multi-level interactive exploration of the detected communities, we adapt a force-directed layout that allows users to refine and re-group communities based on their domain knowledge. We incorporate the proposed techniques into an interactive system to enable effective analysis and interpretation of complex patterns in large-scale integral curve datasets.",Nguyen K. Phan;Guoning Chen,Nguyen K. Phan;Guoning Chen,University of Houston;University of Houston,,"Vector field,neighbor search,community detection",,,38,,,,10771083,/mediastore/IEEE/content/media/10770856/10771079/10771083,5
VIS,2025,Toward a Logic of Generalization about Visualization as a Decision Aid,10.1109/VIS60296.2025.00005,http://dx.doi.org/10.1109/VIS60296.2025.00005,1,5,C,"Visualization as a discipline often grapples with generalization by reasoning about how study results on the efficacy of a tool in one context might apply to another context. This work offers an account of the logic of generalization in visualization research and argues that it struggles in particular with applications of visualization as a decision aid. We use decision theory to define the dimensions on which decision problems can vary, and we present an analysis of heterogeneity in scenarios where visualization supports decision-making. Our findings identify utility as a focal and under-examined concept in visualization research on decision-making, demonstrating how the visualization community’s logic of generalization might benefit from using decision theory as a lens for understanding context variation.",Alex Kale,Alex Kale,University of Chicago,,"Decision theory,visualization,epistemology",,,39,,,,11298851,/mediastore/IEEE/content/media/11298682/11298713/11298851,2
VIS,2025,The Perils of Chart Deception: How Misleading Visualizations Affect Vision-Language Models,10.1109/VIS60296.2025.00006,http://dx.doi.org/10.1109/VIS60296.2025.00006,6,10,C,"Information visualizations are powerful tools that help users quickly identify patterns, trends, and outliers, facilitating informed decision-making. However, when visualizations incorporate deceptive design elements—such as truncated or inverted axes, unjustified 3D effects, or violations of best practices—they can mislead viewers and distort understanding, spreading misinformation. While some deceptive tactics are obvious, others subtly manipulate perception while maintaining a façade of legitimacy. As Vision-Language Models (VLMs) are increasingly used to interpret visualizations, especially by non-expert users, it is critical to understand how susceptible these models are to deceptive visual designs. In this study, we conduct an in-depth evaluation of VLMs’ ability to interpret misleading visualizations. By analyzing over 16,000 responses from ten different models across eight distinct types of misleading chart designs, we demonstrate that most VLMs are deceived by them. This leads to altered interpretations of charts, despite the underlying data remaining the same. Our findings highlight the need for robust safeguards in VLMs against visual misinformation.",Ridwan Mahbub;Mohammed Saidul Islam;Md Tahmid Rahman Laskar;Mizanur Rahman;Mir Tafseer Nayeem;Enamul Hoque,Ridwan Mahbub;Mohammed Saidul Islam;Md Tahmid Rahman Laskar;Mizanur Rahman;Mir Tafseer Nayeem;Enamul Hoque,York University;York University;York University;York University;University of Alberta;York University,,"Misleading Visualizations,Large Language Models,Vision Language Models,Taxonomy,Evaluation",,,47,,,,11298756,/mediastore/IEEE/content/media/11298682/11298713/11298756,4
VIS,2025,Watering the Future: Assessing a Visualization Design for Accessible Comprehension of Water Management,10.1109/VIS60296.2025.00007,http://dx.doi.org/10.1109/VIS60296.2025.00007,11,15,C,"Managing water resources within California’s Central Valley is a complex task involving analyzing a myriad of factors e.g. climate, demand, and government policies. This results in opaque management decisions which are concentrated to a small group of people while the majority of the valley is left out of the decision-making process, leading to inequitable distribution. This paper assesses the design for Watering the Future, an application aiming to educate non-experts in water management about water distribution systems by illustrating regional water supplies and the factors behind them in a more understandable manner. We sought feedback from a domain expert in water management and conducted a user study to assess the effectiveness of our graph designs, of which results suggested increased levels of engagement while still communicating the required information, suggesting an enhanced level of accessibility to the unfamiliar field of water management.",Sarah Yuniar;Yuya Kawakami;Logan Tang;Kwan-Liu Ma,Sarah Yuniar;Yuya Kawakami;Logan Tang;Kwan-Liu Ma,"University of California, Davis;University of California, Davis;University of California, Davis;University of California, Davis",,"Visualization design study,public-facing visualization,visual metaphor",,,23,,,,11298853,/mediastore/IEEE/content/media/11298682/11298713/11298853,6
VIS,2025,Interactive Discovery and Visualization of Process Trees,10.1109/VIS60296.2025.00008,http://dx.doi.org/10.1109/VIS60296.2025.00008,16,20,C,"Process Discovery, a key area of Process Mining, constructs models from event logs containing sequences of activity executions. Current automatic approaches suffer from opaque algorithms, limited incorporation of domain knowledge, and static, hard-to-explore visualizations. To address these limitations, we propose an interactive discovery process involving users in constructing process trees. This allows real-time interaction, dynamic domain expertise integration, and better understanding of the relationship between logs and models. We demonstrate this with a prototype featuring four linked views, and introduce improved process tree visualizations.",Wouter van der Heijden;Stef van den Elzen,Wouter van der Heijden;Stef van den Elzen,Eindhoven University of Technology;Eindhoven University of Technology,,"Visual Analytics,Process Mining,Process Trees",,,24,,,,11298794,/mediastore/IEEE/content/media/11298682/11298713/11298794,6
VIS,2025,Reflection on Data Storytelling Tools in the Generative AI Era from the Human-AI Collaboration Perspective,10.1109/VIS60296.2025.00009,http://dx.doi.org/10.1109/VIS60296.2025.00009,21,25,C,"Human-AI collaborative tools attract attentions from the data storytelling community to lower the expertise barrier and streamline the workflow. The recent advance in large-scale generative AI techniques, e.g., large language models (LLMs) and text-to-image models, has the potential to enhance data storytelling with their power in visual and narration generation. After two years since these techniques were publicly available, it is important to reflect our progress of applying them and have an outlook for future opportunities. To achieve the goal, we compare the collaboration patterns of the latest tools with those of earlier ones using a dedicated framework for understanding human-AI collaboration in data storytelling. Through comparison, we identify consistently widely studied patterns, e.g., human-creator + AI-assistant, and newly explored or emerging ones, e.g., AI-creator + human-reviewer. The benefits of these AI techniques and implications to human-AI collaboration are also revealed. We further propose future directions to hopefully ignite innovations.",Haotian Li;Yun Wang;Huamin Qu,Haotian Li;Yun Wang;Huamin Qu,Microsoft Research Asia;Microsoft Research Asia;The Hong Kong University of Science and Technology,,"Data storytelling,human-AI collaboration",,,46,,,,11298764,/mediastore/IEEE/content/media/11298682/11298713/11298764,1
VIS,2025,SimVecVis: A Dataset for Enhancing MLLMs in Visualization Understanding,10.1109/VIS60296.2025.00010,http://dx.doi.org/10.1109/VIS60296.2025.00010,26,30,C,"Current multimodal large language models (MLLMs), while effective in natural image understanding, struggle with visualization understanding due to their inability to decode the data-to-visual mapping and extract structured information. To address these challenges, we propose SimVec, a novel simplified vector format that encodes chart elements such as mark type, position, and size. The effectiveness of SimVec is demonstrated by using MLLMs to reconstruct chart information from SimVec formats. Then, we build a new visualization dataset, SimVecVis, to enhance the performance of MLLMs in visualization understanding, which consists of three key dimensions: bitmap images of charts, their SimVec representations, and corresponding data-centric question-answering (QA) pairs with explanatory chain-of-thought (CoT) descriptions. We fine-tune state-of-the-art MLLMs (e.g., MiniCPM and Qwen-VL), using SimVecVis with different dataset dimensions. The experimental results show that it leads to substantial performance improvements of MLLMs with good spatial perception capabilities (e.g., MiniCPM) in data-centric QA tasks. Our dataset and source code are available at: https://github.com/VIDA-Lab/SimVecVis.",Can Liu;Chunlin Da;Xiaoxiao Long;Yuxiao Yang;Yu Zhang;Yong Wang,Can Liu;Chunlin Da;Xiaoxiao Long;Yuxiao Yang;Yu Zhang;Yong Wang,Nanyang Technological University;ByteDance Inc;Nanjing University;Tsinghua University;University of Oxford;Nanyang Technological University,,"Visualization,Multimodal LLMs,Chart QA",,,39,,,,11298758,/mediastore/IEEE/content/media/11298682/11298713/11298758,3
VIS,2025,Towards Difficulty-Aware Analysis of Deep Neural Networks,10.1109/VIS60296.2025.00011,http://dx.doi.org/10.1109/VIS60296.2025.00011,31,35,C,"Traditional instance-based model analysis focuses mainly on misclassified instances. However, this approach overlooks the varying difficulty associated with different instances. Ideally, a robust model should recognize and reflect the challenges presented by intrinsically difficult instances. It is also valuable to investigate whether the difficulty perceived by the model aligns with that perceived by humans. To address this, we propose incorporating instance difficulty into the deep neural network evaluation process, specifically for supervised classification tasks on image data. Specifically, we consider difficulty measures from three perspectives – , , and – to facilitate comprehensive evaluation and comparison. Additionally, we develop an interactive visual tool, DifficultyEyes, to support the identification of instances of interest based on various difficulty patterns and to aid in analyzing potential data or model issues. Case studies demonstrate the effectiveness of our approach.",Linhao Meng;Stef van den Elzen;Anna Vilanova,Linhao Meng;Stef van den Elzen;Anna Vilanova,Eindhoven University of Technology;Eindhoven University of Technology;Eindhoven University of Technology,,"Visualization,deep neural network,difficulty",,,36,,,,11298904,/mediastore/IEEE/content/media/11298682/11298713/11298904,4
VIS,2025,CLAImate: AI-Enabled Climate Change Communication through Personalized and Localized Narrative Visualizations,10.1109/VIS60296.2025.00012,http://dx.doi.org/10.1109/VIS60296.2025.00012,36,40,C,"Communicating climate change remains challenging, as climate reports, though rich in data and visualizations, often feel too abstract or technical for the public. Although personalization can enhance communication, most tools still lack the narrative and visualization tailoring needed to connect with individual experiences. We present clAImate, an AI-enabled prototype that personalizes conversation narratives and localizes visualizations based on users’ climate knowledge and geographic location. We evaluated clAImate through internal verification of factual correctness, a formative study with experts, and a pilot with UK residents. CLAImate achieved 66% SNLI accuracy and 70% FACTSCORE. Visualization experts appreciated its clarity and personalization, and seven out of ten UK participants reported better understanding and local relevance of climate risks with claImate. We also discuss design challenges in personalization, accuracy, and scalability, and outline future directions for integrating visualizations in personalized conversational interfaces.",Mashrur Rashik;Jean-Daniel Fekete;Narges Mahyar,Mashrur Rashik;Jean-Daniel Fekete;Narges Mahyar,"University of Massachusetts Amherst;CNRS, Inria, Université Paris-Saclay;University of Massachusetts Amherst",,"Other Application Areas,Communication/Presentation,Storytelling,General Public,Software Prototype",,,39,,,,11298826,/mediastore/IEEE/content/media/11298682/11298713/11298826,1
VIS,2025,Enhancing XAI Interpretation through a Reverse Mapping from Insights to Visualizations,10.1109/VIS60296.2025.00013,http://dx.doi.org/10.1109/VIS60296.2025.00013,41,45,C,"As AI systems become increasingly integrated into high-stakes domains, enabling users to accurately interpret model behavior is critical. While AI explanations can be provided, users often struggle to reason effectively with these explanations, limiting their ability to validate or learn from AI decisions. To address this gap, we introduce Reverse Mapping, a novel approach that enhances visual explanations by incorporating user-derived insights back into the explanation workflow. Our system extracts structured insights from free-form user interpretations using a large language model and maps them back onto visual explanations through interactive annotations and coordinated multi-view visualizations. Inspired by the verification loop in the visualization knowledge generation model, this design aims to foster more deliberate, reflective interaction with AI explanations. We demonstrate our approach in a prototype system with two use cases and qualitative user feedback.",Aniket Nuthalapati;Nicholas Hinds;Brian Y. Lim;Qianwen Wang,Aniket Nuthalapati;Nicholas Hinds;Brian Y. Lim;Qianwen Wang,University of Minnesota;University of Minnesota;National University of Singapore;University of Minnesota,,"Visualization,insight,explainable AI",,,29,,,,11298914,/mediastore/IEEE/content/media/11298682/11298713/11298914,5
VIS,2025,Metric Design != Metric Behavior: Improving Metric Selection for the Unbiased Evaluation of Dimensionality Reduction,10.1109/VIS60296.2025.00014,http://dx.doi.org/10.1109/VIS60296.2025.00014,46,50,C,"Evaluating the accuracy of dimensionality reduction (DR) projections in preserving the structure of high-dimensional data is crucial for reliable visual analytics. Diverse evaluation metrics targeting different structural characteristics have thus been developed. However, evaluations of DR projections can become biased if highly correlated metrics—those measuring similar structural characteristics—are inadvertently selected, favoring DR techniques that emphasize those characteristics. To address this issue, we propose a novel workflow that reduces bias in the selection of evaluation metrics by clustering metrics based on their empirical correlations rather than on their intended design characteristics alone. Our workflow works by computing metric similarity using pairwise correlations, clustering metrics to minimize overlap, and selecting a representative metric from each cluster. Quantitative experiments demonstrate that our approach improves the stability of DR evaluation, which indicates that our workflow contributes to mitigating evaluation bias.",Jiyeon Bae;Hyeon Jeon;Jinwook Seo,Jiyeon Bae;Hyeon Jeon;Jinwook Seo,Seoul National University;Seoul National University;Seoul National University,,"Dimensionality reduction,Evaluation metrics,Correlation analysis,Benchmarking,Visual analytics",,,39,,,,11298767,/mediastore/IEEE/content/media/11298682/11298713/11298767,4
VIS,2025,Does visualization help AI understand data?,10.1109/VIS60296.2025.00016,http://dx.doi.org/10.1109/VIS60296.2025.00016,51,55,C,"Charts and graphs help people analyze data, but can they also be useful to AI systems? To investigate this question, we perform a series of experiments with two commercial vision-language models: GPT 4.1 and Claude 3.5. Across three representative analysis tasks, the two systems describe synthetic datasets more precisely and accurately when raw data is accompanied by a scatterplot, especially as datasets grow in complexity. Comparison with two baselines— providing a blank chart and a chart with mismatched data—shows that the improved performance is due to the content of the charts. Our results are initial evidence that AI systems, like humans, can benefit from visualization.",Victoria R. Li;Johnathan L. Sun;Martin Wattenberg,Victoria R. Li;Johnathan L. Sun;Martin Wattenberg,"Harvard University;Harvard University;Google Research, Harvard University",,"AI,Workflow Design,Human-Machine Analysis",,,21,,,,11298833,/mediastore/IEEE/content/media/11298682/11298713/11298833,6
VIS,2025,Semantic Pathway: An Interactive Visualization of Hidden States and Token Influence in LLMs,10.1109/VIS60296.2025.00017,http://dx.doi.org/10.1109/VIS60296.2025.00017,56,60,C,"Transformer-based language models have demonstrated remarkable capabilities across various tasks, yet their internal mechanisms—such as layered representations, distributed attention, and evolving token semantics—remain challenging to interpret. We present Semantic Pathway, an interactive visual analytics tool designed to reveal how token representations evolve across layers in autoregressive Transformer models such as GPT-2. The system integrates layerwise semantic trajectories, attention overlays, and output probability views into a unified interface, enabling users to trace how meaning accumulates and decisions emerge during generation. To reduce visual and interaction complexity, Semantic Pathway incorporates attention-based influence filtering, optional nearest-token projections, and a Compare Mode for analyzing divergence across alternate outputs. The design prioritizes interpretability and usability, supporting both fine-grained inspection and high-level exploration of sequence modeling behavior. This work contributes to ongoing efforts to make language models more interpretable, educationally accessible, and open to diagnostic insight.",Mithilesh Kumar Singh;Klaus Mueller,Mithilesh Kumar Singh;Klaus Mueller,"Department of Computer Science, Stony Brook University;Department of Computer Science, Stony Brook University",,"Large Language Models,Interpretability,Hidden States,Attention Weights,Semantic Pathway Visualization,Token Influence,Interactive Visualization,Transformer Models",,,21,,,,11298747,/mediastore/IEEE/content/media/11298682/11298713/11298747,3
VIS,2025,ParaView-MCP: An Autonomous Visualization Agent with Direct Tool Use,10.1109/VIS60296.2025.00018,http://dx.doi.org/10.1109/VIS60296.2025.00018,61,65,C,"While powerful and well-established, tools like ParaView present a steep learning curve that can discourage many potential users. This work introduces ParaView-MCP, an autonomous agent that integrates modern multimodal large language models (MLLMs) with ParaView to not only lower the barrier to entry but also augment ParaView with intelligent decision support. By leveraging the state-of-the-art reasoning, command execution, and vision capabilities of MLLMs, ParaView-MCP enables users to interact with ParaView through natural language and visual inputs. Specifically, our system adopted the Model Context Protocol (MCP), a standardized interface for model-application communication, which facilitates direct interaction between MLLMs and ParaView’s Python API, allowing seamless information exchange between the user, the language model, and the visualization tool itself. Furthermore, by implementing a visual feedback mechanism that allows the agent to observe the viewport, we unlock a range of new capabilities, including recreating visualizations from examples, closed-loop visualization parameter updates based on user-defined goals, and even cross-application collaboration involving multiple tools.",Shusen Liu;Haichao Miao;Peer-Timo Bremer,Shusen Liu;Haichao Miao;Peer-Timo Bremer,"Lawrence Livermore National Laboratory, CASC, Computing;Lawrence Livermore National Laboratory, CASC, Computing;Lawrence Livermore National Laboratory, CASC, Computing",,"Agent,Tool Use,Model Context Protocol",,,37,,,,11298840,/mediastore/IEEE/content/media/11298682/11298713/11298840,5
VIS,2025,Uncertain Mode Surfaces in 3D Symmetric Second-Order Tensor Field Ensembles,10.1109/VIS60296.2025.00019,http://dx.doi.org/10.1109/VIS60296.2025.00019,66,70,C,"The analysis of 3D symmetric second-order tensor fields often relies on topological features such as degenerate tensor lines, neutral surfaces, and their generalization to mode surfaces, which reveal important structural insights into the data. However, uncertainty in such fields is typically visualized using derived scalar attributes or tensor glyph representations, which often fail to capture the global behavior. Recent advances have introduced uncertain topological features for tensor field ensembles by focusing on degenerate tensor locations. Yet, mode surfaces, including neutral surfaces and arbitrary mode surfaces are essential to a comprehensive understanding of tensor field topology. In this work, we present a generalization of uncertain degenerate tensor features to uncertain mode surfaces of arbitrary mode values, encompassing uncertain degenerate tensor lines as a special case. Our approach supports both surface and line geometries, forming a unified framework for analyzing uncertain mode-based topological features in tensor field ensembles. We demonstrate the effectiveness of our method on several real-world simulation datasets from engineering and materials science.",Tim Gerrits,Tim Gerrits,"RWTH Aachen University, Germany",,"Second-Order Tensors,Symmetric Tensors,Tensor Topology,Tensor Mode,Uncertainty",,,29,,,,11298875,/mediastore/IEEE/content/media/11298682/11298713/11298875,4
VIS,2025,Virtual Ray Sampling for Direct Volume Rendering using Hermite Interpolation,10.1109/VIS60296.2025.00020,http://dx.doi.org/10.1109/VIS60296.2025.00020,71,75,C,"Virtual sampling has been proposed as an alternative of pre-integration to reduce artifacts caused by an insufficient sampling of the ray profiles in volume-rendering applications. According to the originally recommended implementation, a 3D tricubic B-spline reconstruction is applied to evaluate true samples along the rays, while between the true samples, virtual samples are calculated by using a 1D Catmull-Rom spline interpolation. The virtual samples can be evaluated much faster, but they can still well approximate the true samples. Therefore, the rendering performance can be drastically improved at the cost of a very slight quality degradation. Nevertheless, in this paper, we show that the original virtual sampling scheme does not exploit the fact, that the applied tricubic B-spline reconstruction filter together with its analytic derivative filters provide Hermite samples. Therefore, it is more natural to use Hermite interpolation along the rays rather than Catmull-Rom spline interpolation. From a sampling-theoretical point of view, this modification requires half of the true samples to guarantee the same reconstruction quality. Furthermore, concerning the evaluation of the true samples, we also investigate a recently published GPU-accelerated triquadratic B-spline filtering as an alternative of the tricubic B-spline filtering.",Balázs Csébfalvi,Balázs Csébfalvi,Budapest University of Technology and Economics,,"Direct volume rendering,reconstruction filtering,virtual sampling",,,22,,,,11298779,/mediastore/IEEE/content/media/11298682/11298713/11298779,4
VIS,2025,SEG-RobustEye: Understanding Medical Image Segmentation Models,10.1109/VIS60296.2025.00021,http://dx.doi.org/10.1109/VIS60296.2025.00021,76,80,C,"Deep learning (DL) models have proven to be suitable for various applications, achieving state-of-the-art performance. Despite that, they experience notable performance drops when subjected to realistic transformations in input data. Analyzing model behavior under input transformations is essential to preemptively identify possible breaking points and understand what image characteristics might cause them before their failure in the real world.We introduce SEG-RobustEye, a visual analytics (VA) design developed to assist in the evaluation of the robustness of segmentation models for endoscopy images under realistic input transformations. SEG-RobustEye is based on ProactiV [13], a VA framework designed for understanding the behaviour of image-to-image translation models. SEG-RobustEye is a tailored instance of the framework and an extension of ProactiV for medical images, in concrete endoscopic images. These require visual designs that enhance the relevant features for such medical applications, which are different from general natural scenes. SEG-RobustEye is designed to discover features that affect the model behaviour under specific transformations. SEG-RobustEye connects the provided perspectives by ProactiV, i.e., global and instance level, and extends to subgroup level patterns. Subgroup level patterns facilitate the discovery and generalizability of selected subgroups of instances. The value of our approach was verified against real-world cases in endoscopy imaging by DL developers as proof of concept of the potential of SEG-RobustEye and, by extension, of ProactiV.",Andreea Melania Popa;Vidya Prasad;Tim J.M. Jaspers;Fons van der Sommen;Anna Vilanova,Andreea Melania Popa;Vidya Prasad;Tim J.M. Jaspers;Fons van der Sommen;Anna Vilanova,Eindhoven University of Technology;Eindhoven University of Technology;Eindhoven University of Technology;Eindhoven University of Technology;Eindhoven University of Technology,,"Visual analytics,explainable AI,medical imaging,input transformations,robustness analysis,model behavior,deep learning",,,17,,,,11298845,/mediastore/IEEE/content/media/11298682/11298713/11298845,5
VIS,2025,Scope Meets Screen: Lessons Learned in Designing Composite Visualizations for Marksmanship Training Across Skill Levels,10.1109/VIS60296.2025.00022,http://dx.doi.org/10.1109/VIS60296.2025.00022,81,85,C,"Marksmanship practices are required in various professions, including police, military personnel, hunters, as well as sports shooters, such as Olympic shooting, biathlon, and modern pentathlon. The current form of training and coaching is mostly based on repetition, where the coach does not see through the eyes of the shooter, and analysis is limited to stance and accuracy post-session. In this study, we present a shooting visualization system and evaluate its perceived effectiveness for both novice and expert shooters. To achieve this, five composite visualizations were developed using first-person shooting video recordings enriched with overlaid metrics and graphical summaries. These views were evaluated with 10 participants (5 expert marksmen, 5 novices) through a mixed-methods study including shot-count and aiming interpretation tasks, pairwise preference comparisons, and semi-structured interviews. The results show that a dashboard-style composite view, combining raw video with a polar plot and selected graphs, was preferred in 9 of 10 cases and supported understanding across skill levels. The insights gained from this design study point to the broader value of integrating first-person video with visual analytics for coaching, and we suggest directions for applying this approach to other precision-based sports.",Emin Zerman;Jonas Carlsson;Mårten Sjöström,Emin Zerman;Jonas Carlsson;Mårten Sjöström,"Department of Computer and Electrical Engineering, Mid Sweden University, Sundsvall, Sweden;Department of Computer and Electrical Engineering, Mid Sweden University, Sundsvall, Sweden;Department of Computer and Electrical Engineering, Mid Sweden University, Sundsvall, Sweden",,"Composite visualization,sports coaching,marksmanship training,first-person video,user studies",,,34,,,,11298837,/mediastore/IEEE/content/media/11298682/11298713/11298837,3
VIS,2025,Interactive Visual Analytics of Carbon Cycle Science,10.1109/VIS60296.2025.00023,http://dx.doi.org/10.1109/VIS60296.2025.00023,86,90,C,"Tracking the flow of carbon (C) through the Earth’s terrestrial biosphere remains a major challenge to understanding how ecosystems respond to environmental change [11]. To build an understanding of this flow, researchers have recently developed models that include thousands of variables whose intricate inter-dependencies can make them difficult to interpret. To open this scientific black box, we partnered with C cycle scientists at the NASA Jet Propulsion Lab who developed the Carbon Data-Model (CARDAMOM) framework [5]. This paper presents a design study of CLOVE, a C science visual analytics application that encodes model dimensions in an intuitive way by using visual metaphors that correspond to the natural world. We describe how CLOVE encapsulates C states and fluxes in complex models, and explains how C cycle scientists can use it to diagnose their model outputs.",Linh Pham;Kevin Hu;Minyoung Joo;Nathan White;A. Anthony Bloom;Krys Blackwood;Santiago Lombeyda;Hillary Mushkin;Scott Davidoff,Linh Pham;Kevin Hu;Minyoung Joo;Nathan White;A. Anthony Bloom;Krys Blackwood;Santiago Lombeyda;Hillary Mushkin;Scott Davidoff,"Harvard University;Harvard University;Art Center College of Design;University of Wisconsin, Madison;Jet Propulsion Lab, California Institute of Technology;Jet Propulsion Lab, California Institute of Technology;California Institute of Technology;California Institute of Technology;Jet Propulsion Lab, California Institute of Technology",,"earth system,bayesian carbon cycle,design study",,,30,,,,11298729,/mediastore/IEEE/content/media/11298682/11298713/11298729,6
VIS,2025,Analyzing Time-Varying Scalar Fields using Piecewise-Linear Morse-Cerf Theory,10.1109/VIS60296.2025.00024,http://dx.doi.org/10.1109/VIS60296.2025.00024,91,95,C,Morse-Cerf theory considers a one-parameter family of smooth functions defined on a manifold and studies the evolution of their critical points with the parameter. This paper presents an adaptation of Morse-Cerf theory to a family of piecewise-linear (PL) functions. The vertex diagram and Cerf diagram are introduced as representations of the evolution of critical points of the PL function. The characterization of a crossing in the vertex diagram based on the homology of the lower links of vertices leads to the definition of a topological descriptor for time-varying scalar fields. An algorithm for computing the Cerf diagram and a measure for comparing two Cerf diagrams are also described together with experimental results on time-varying scalar fields.,Amritendu Dhar;Apratim Chakraborty;Vijay Natarajan,Amritendu Dhar;Apratim Chakraborty;Vijay Natarajan,"Indian Institute of Science, Bangalore;TCG CREST, Kolkata, India;Indian Institute of Science, Bangalore",,"time-varying scalar fields,morse theory,cerf theory,piecewise-linear functions",,,26,,,,11298866,/mediastore/IEEE/content/media/11298682/11298713/11298866,4
VIS,2025,Volumetric Visualization of the Genome,10.1109/VIS60296.2025.00025,http://dx.doi.org/10.1109/VIS60296.2025.00025,96,100,C,"Within the nucleus of a cell, the genetic material (DNA) is condensed, supercoiled, and wrapped around proteins called histones, so to form chromatin. Unlike its traditional visualization, the organization of chromatin is 3D and can be measured with whole-genome sequencing technologies such as Hi-C sequencing, the results of which are often graphically represented as flat 2D heat-maps or a 1D curve that looks like a hairball. Here we discuss a novel approach to represent these and other genomic data by transforming the visualization of the genome from a 1D curve embedded in 3D into a structured 3D volume. This abstraction prioritizes 3D spatial proximity of chromatin and enables advanced techniques like clipping, thresholding, and contouring. Our method allows for multi-variable encoding, thereby enhancing our ability to interpret multivariate relationships, offering a more complete and effective representation of genomic structures, chromosome organization, and data relationships.",Roxana Bujack;David H. Rogers;Cullen Roth;Eric Small;Banerjee Shounak;Vrinda Venu;Shawn R. Starkenburg;Christina R. Steadman,Roxana Bujack;David H. Rogers;Cullen Roth;Eric Small;Banerjee Shounak;Vrinda Venu;Shawn R. Starkenburg;Christina R. Steadman,;;;;;;;,,"Genome,volume,DNA,3D Hi-C,volumetric,abstraction",,,35,,,,11298816,/mediastore/IEEE/content/media/11298682/11298713/11298816,3
VIS,2025,Grounded Generation of Embellished Bar Chart Ensuring Chart Integrity,10.1109/VIS60296.2025.00026,http://dx.doi.org/10.1109/VIS60296.2025.00026,101,105,C,"Grounded image generation enables precise spatial control over pre-trained diffusion models, making it possible to use chart images as visual guides during the image generation process. This paper presents a novel approach that generates cohesive and natural illustrations of vertical bar charts by integrating real-world object images as visual embellishments. The proposed pipeline takes an object image and a reference bar chart as input and produces an embellished bar chart that follows the structure of the input chart. To preserve chart integrity by maintaining the count, position, size, and order of data values, we introduce a strategy that anchors the top and bottom parts of the object image to the top and bottom of each bar while allowing the middle section to be filled by the generation model. We demonstrate the efficacy of the pipeline through the generation of 4,725 chart images followed by evaluation based on three integrity metrics. The results show that generation success rate is affected by various factors. Finally, we discuss future directions for generalization and better usability of our pipeline, and limitations of evaluation used in our approach.",Seon Gyeom Kim;Jae Young Choi;Phillip Y. Lee;Jaeryung Chung;Ryan Rossi;Jihyung Kil;Eunyee Koh;Tak Yeon Lee,Seon Gyeom Kim;Jae Young Choi;Phillip Y. Lee;Jaeryung Chung;Ryan Rossi;Jihyung Kil;Eunyee Koh;Tak Yeon Lee,KAIST;KAIST;KAIST;KAIST;Adobe Research;Adobe Research;Adobe Research;KAIST,,"Chart Embellishment,Grounded Image Generation",,,31,,,,11298836,/mediastore/IEEE/content/media/11298682/11298713/11298836,4
VIS,2025,Visual Fingerprints for Detecting Data Characteristics,10.1109/VIS60296.2025.00027,http://dx.doi.org/10.1109/VIS60296.2025.00027,106,110,C,"Compact visualizations are often used to detect expected and unexpected data characteristics at a glance. The literature uses the terms fingerprints, thumbnails, or sketches for these bite-sized visualizations. To date, these visualizations have not been described in context and their discussion is fragmented across publications. In this paper, we propose the term Visual Fingerprints for these visualizations, highlight the task of visual detection for which they are designed, outline their visual properties, and discuss their commonalities and differences with related concepts. In doing so, we aim to bundle the existing research on these visualizations into a common concept and term that serves as a foundation and stepping stone for future developments in this direction.",Meredith Siang-Yun Chou;Hans-Jörg Schulz,Meredith Siang-Yun Chou;Hans-Jörg Schulz,Aarhus University;Aarhus University,,"charts,diagrams,plots",,,44,,,,11298908,/mediastore/IEEE/content/media/11298682/11298713/11298908,2
VIS,2025,Out of the Loop: Enhancing Documentation and Transparency in Collaborative Causal Loop Diagrams to Capture Multiple Perspectives,10.1109/VIS60296.2025.00028,http://dx.doi.org/10.1109/VIS60296.2025.00028,111,115,C,"Collaborative causal loop diagrams (C-CLDs) help decision makers to model complex systems and processes, but existing tools offer little support for documenting the model-building process or capturing the provenance of stakeholder contributions. In this paper, we map the C-CLD design space to derive concrete requirements for documentation and transparency. We introduce Perspectiva, an interactive prototype shaped by those requirements and refined through iterative feedback. Perspectiva enables side-by-side navigation and comparison of CLDs, codifies changes and conflicting relationships, and preserves term provenance and contributor attri bution. Its core features include anchored nodes for topological consistency, node interaction, hover-activated provenance pop-ups, and colour-coded encodings. In user studies with domain and visualisation experts, participants reported that Perspectiva improved navigation, comparison, and provenance tracking relative to static diagrams as well as highlighting opportunities for enhancement and future research.",Jessica Bou Nassar;Yu Xuan Yio;Nethara Athukorala;Simran;Songhai Fan;Cynthia A. Huang;Lyn Bartram;Tim Dwyer;Sarah Goodwin,Jessica Bou Nassar;Yu Xuan Yio;Nethara Athukorala;Simran;Songhai Fan;Cynthia A. Huang;Lyn Bartram;Tim Dwyer;Sarah Goodwin,Monash University;Monash University;Monash University;Monash University;Monash University;Monash University;Simon Fraser University;Monash University;Monash University,,"Causal loop diagram,Collaborative,Conceptual Modelling,Systems thinking,Documentation",,,29,,,,11298909,/mediastore/IEEE/content/media/11298682/11298713/11298909,2
VIS,2025,Fast and Faithful Edge Bundling for Large and Complex Networks,10.1109/VIS60296.2025.00029,http://dx.doi.org/10.1109/VIS60296.2025.00029,116,120,C,"Edge bundling reduces the visual complexity of drawings of dense graphs by clustering ""compatible"" edges. However, existing edge bundling methods often have high computational complexity, leading to scalability issues. This paper presents a new framework for fast edge bundling and faithfulness metrics for large and complex graphs using spectral sparsification, which sparsifies a graph G into a subgraph G′ with O(nlogn) edges, preserving the spectrum of G. We first present a general framework FEB (Fast Edge Bundling) utilizing spectral sparsification to improve the efficiency of existing bundling methods while maintaining a similar quality of bundling. We then present FBQ (Fast Bundling Quality) framework for proxy bundle faithfulness metrics, to measure how FEB faithfully preserves the ground truth structure in the original edge bundling, with two variants, FBQJS (utilizing Jaccard Similarity) and FBQSQ (utilizing sampling quality metrics). Extensive experiments using various real-world networks demonstrate the efficiency of the FEB framework, with 61% runtime improvement over the original edge bundling methods without sparsification, while maintaining a similar quality by FBQ quality metrics and visual comparison.",Xingjue Jiang;Seok-Hee Hong;Amyra Meidiana;Xianyuan Zeng,Xingjue Jiang;Seok-Hee Hong;Amyra Meidiana;Xianyuan Zeng,University of Sydney;University of Sydney;University of Sydney;University of Sydney,,"Edge bundling,Spectral sparsification,Faithfulness metrics",,,34,,,,11298769,/mediastore/IEEE/content/media/11298682/11298713/11298769,3
VIS,2025,AGri: Adaptive Thumbnails For Grid-based Visualizations,10.1109/VIS60296.2025.00030,http://dx.doi.org/10.1109/VIS60296.2025.00030,121,125,C,"This work introduces AGri (Adaptive Thumbnails For Grid-based Visualizations), a method for dynamically adjusting thumbnails of spatiotemporal data—such as videos—to varying screen footprints in grid-based layouts. AGri aims to maximize thumbnail expressiveness, which quantifies how well similarity relationships among data members (e.g., video frames) are preserved. Thumbnails are generated via cropping, with crop windows optimized based on cumulative salience images. By modeling the trade-off between expressiveness and footprint size, AGri defines a curve—the AGri curve—representing Pareto-optimal visual representations. This curve enables dynamic selection of thumbnails suited to different grid sizes and resolutions. The approach is demonstrated on two datasets: a spatiotemporal ensemble from scientific experiments and an animated short film.",Steffen Frey,Steffen Frey,University of Groningen,,"Grid-based Visualization,Thumbnails,Spatiotemporal Data,Video Visualization",,,34,,,,11298750,/mediastore/IEEE/content/media/11298682/11298713/11298750,4
VIS,2025,A Decluttering Lens for Scatterplots,10.1109/VIS60296.2025.00031,http://dx.doi.org/10.1109/VIS60296.2025.00031,126,130,C,"Scatterplots are among the most popular visualization methods for bivariate or multivariate data. While scatterplots scale well with the number of samples, visual clutter cannot be avoided with increasing data size. Density regularization is a common approach to declutter scatterplots. However, most existing density-equalizing algorithms are restricted to rectangular domains, which limits their applicability. In particular, they cannot operate within interactive lenses, a widely used approach for interactive data exploration. We present a numerical approach that generalizes density-equalizing transformations to domains of arbitrary shape, including concave regions. The definition of the regions of interest can be data-driven or interactive. We demonstrate the effectiveness of our method by implementing adaptive and flexible interactive lenses for enhanced data exploration in scatterplots, showcasing its versatility and potential for broader application.",Vladimir Molchanov;Hennes Rave;Lars Linsen,Vladimir Molchanov;Hennes Rave;Lars Linsen,Münster University;Münster University;Münster University,,"Clutter reduction,scatterplots,density equalization,virtual lenses",,,35,,,,11298746,/mediastore/IEEE/content/media/11298682/11298713/11298746,4
VIS,2025,SiGrid: Gridifying Scatterplots with Sector-Based Regularization and Hagrid,10.1109/VIS60296.2025.00032,http://dx.doi.org/10.1109/VIS60296.2025.00032,131,135,C,"Hagrid is a state-of-the-art space-filling-curve-based method for gridifying scatterplots. However, it exhibits limitations in preserving the global structures of scatterplots with areas of varying density due to the incompatibility of adapting the granularity level of the underlying space-filling curve to regions with different densities. To compensate for this shortcoming, we introduce SiGrid, which combines Hagrid with the Sector-Based Regularization (SBR) technique. SiGrid applies SBR to generate a scatterplot with a more uniform and generally lower density as an intermediate step. This intermediate scatterplot can then be fed to Hagrid for improved results. We quantitatively evaluate SiGrid by comparing it to Hagrid over a set of 502 scatterplots of different sizes, ranging from 50 to 10000 points per dataset, using relevant quality metrics. While generally slower, the results demonstrate that SiGrid outperforms Hagrid regarding the quality metrics of rank-wise neighborhood preservation (trustworthiness), ordering preservation, and pairwise distance preservation (cross-correlation).",Rene Cutura;Hennes Rave;Quynh Quang Ngo;Vladimir Molchanov;Lars Linsen;Daniel Weiskopf;Michael Sedlmair,Rene Cutura;Hennes Rave;Quynh Quang Ngo;Vladimir Molchanov;Lars Linsen;Daniel Weiskopf;Michael Sedlmair,University of Stuttgart;University of Münster;University of Stuttgart;University of Münster;University of Münster;University of Stuttgart;University of Stuttgart,,"Scatterplot,Space-filling curve,Grid layout,Neighborhood preservation",,,18,,,,11298743,/mediastore/IEEE/content/media/11298682/11298713/11298743,5
VIS,2025,Anchoring and Alignment: Data Factors in Part-to-Whole Visualization,10.1109/VIS60296.2025.00033,http://dx.doi.org/10.1109/VIS60296.2025.00033,136,140,C,"We explore the effects of data and design considerations through the example case of part-to-whole data relationships. Standard part-to-whole representations like pie charts and stacked bar charts make the relationships of parts to the whole explicit. Value estimation in these charts benefits from two perceptual mechanisms: anchoring, where the value is close to a reference value with an easily recognized shape, and alignment where the beginning or end of the shape is aligned with a marker. In an online study, we explore how data and design factors such as value, position, and encoding together impact these effects in making estimations in part-to-whole charts. The results show how salient values and alignment to positions on a scale affect task performance. This demonstrates the need for informed visualization design based around how data properties and design factors affect perceptual mechanisms.",Connor Bailey;Michael Gleicher,Connor Bailey;Michael Gleicher,University of Wisconsin-Madison;University of Wisconsin-Madison,,"part-to-whole,estimation,graphical perception,anchoring,alignment,rounding,perceptual mechanisms",,,26,,,,11298778,/mediastore/IEEE/content/media/11298682/11298713/11298778,3
VIS,2025,Challenges & Opportunities with LLM-Assisted Visualization Retargeting,10.1109/VIS60296.2025.00034,http://dx.doi.org/10.1109/VIS60296.2025.00034,141,145,C,"Despite the ubiquity of visualization examples published on the web, retargeting existing custom chart implementations to new datasets remains difficult, time-intensive, and tedious. The adaptation process assumes author familiarity with both the implementation of the example as well as how the new dataset might need to be transformed to fit into the example code. With recent advances in Large Language Models (LLMs), automatic adaptation of code can be achieved from high-level user prompts, reducing the barrier for visualization retargeting. To better understand how LLMs can assist retargeting and its potential limitations, we characterize and evaluate the performance of LLM assistance across multiple datasets and charts of varying complexity, categorizing failures according to type and severity. In our evaluation, we compare two approaches: (1) directly instructing the LLM model to fully generate and adapt code by treating code as text inputs and (2) a more constrained program synthesis pipeline where the LLM guides the code construction process by providing structural information (e.g., visual encodings) based on properties of the example code and data. We find that both approaches struggle when new data has not been appropriately transformed, and discuss important design recommendations for future retargeting systems.",Luke S. Snyder;Chenglong Wang;Steven M. Drucker,Luke S. Snyder;Chenglong Wang;Steven M. Drucker,University of Washington;Microsoft Research;Microsoft Research,,"Visualization,Large Language Models,Retargeting",,,40,,,,11298771,/mediastore/IEEE/content/media/11298682/11298713/11298771,3
VIS,2025,BNNVis: Towards Visual Analytics for Bayesian Neural Networks,10.1109/VIS60296.2025.00035,http://dx.doi.org/10.1109/VIS60296.2025.00035,146,150,C,"Bayesian Neural Networks (BNNs) offer a principled approach to modeling uncertainty in addition to providing predictions, making them particularly valuable for high-stake domains where uncertainty quantification is required. However, their adoption remains low, partly due to the difficulty in tuning and interpreting these models and their results. To address this limitation, we introduce BNNVis, a visual analytics tool designed to visualize BNNs and their results. BNNVis allows the user to understand the architecture and learned posterior weight distributions of their BNN at a glance and how these distributions differ from their prior. Additionally, the system helps them understand the distribution and magnitude of the accompanying uncertainties of the model’s predictions. BNNVis provides insight into the final predictions and the model, helping practitioners tune and interpret BNNs and their results. We describe a usage scenario to demonstrate how the features of BNNVis come together to support a practitioner in using a BNN.",Gabriel Appleby;Malik Hassanaly;Jen Rogers;Juliane Mueller;Kristi Potter,Gabriel Appleby;Malik Hassanaly;Jen Rogers;Juliane Mueller;Kristi Potter,The National Renewable Energy Laboratory;The National Renewable Energy Laboratory;Idaho National Laboratory;The National Renewable Energy Laboratory;The National Renewable Energy Laboratory,,"Visual Analytics,Visualization,Machine Learning,Bayesian Neural-Networks,Uncertainty Visualization",,,27,,,,11298732,/mediastore/IEEE/content/media/11298682/11298713/11298732,2
VIS,2025,ReVise: A Human-AI Interface for Incremental Algorithmic Recourse,10.1109/VIS60296.2025.00036,http://dx.doi.org/10.1109/VIS60296.2025.00036,151,155,C,"The recent adoption of artificial intelligence in socio-technical systems raises concerns about the black-box nature of the resulting decisions in fields such as hiring, finance, admissions, etc. If data subjects—such as job applicants, loan applicants, and students—receive an unfavorable outcome, they may be interested in algorithmic recourse, which involves updating certain features to yield a more favorable result when re-evaluated by algorithmic decision-making. Unfortunately, when individuals do not fully understand the incremental steps needed to change their circumstances, they risk following misguided paths that can lead to significant, long-term adverse consequences. Existing recourse approaches focus exclusively on the final recourse goal but neglect the possible incremental steps to reach the goal with real-life constraints, user preferences, and model artifacts. To address this gap, we formulate a visual analytic workflow for incremental recourse planning in collaboration with AI/ML experts and contribute an interactive visualization interface that helps data subjects efficiently navigate the recourse alternatives and make an informed decision. We present a usage scenario and subjective feedback from observational studies with twelve graduate students using a real-world dataset, which demonstrates that our approach can be instrumental for data subjects in choosing a suitable recourse path.",Kaustav Bhattacharjee;Jun Yuan;Aritra Dasgupta,Kaustav Bhattacharjee;Jun Yuan;Aritra Dasgupta,"Pacific Northwest National Laboratory, Optimization & Control Group;Department of Data Science, New Jersey Institute of Technology;Department of Data Science, New Jersey Institute of Technology",,"Visual analytics,recourse,machine learning",,,24,,,,11298718,/mediastore/IEEE/content/media/11298682/11298713/11298718,1
VIS,2025,The Agentopia Times: Understanding and Mitigating Hallucinations in Multi-Agent LLM Systems via Data Journalism Gameplay,10.1109/VIS60296.2025.00037,http://dx.doi.org/10.1109/VIS60296.2025.00037,156,160,C,"Large language models (LLMs) are increasingly used to support data analysis and visualization tasks, but remain prone to hallucinations. Recent work suggests that multi-agent systems (MAS) can mitigate hallucinations by enabling internal validation and cross-verification. However, learning effective MAS coordination strategies to mitigate hallucination remains challenging, particularly for newcomers, due to the wide range of coordination strategies and the lack of interactive, hands-on learning tools. To address this, we present The Agentopia Times, an educational game that teaches hallucination mitigation through active experimentation with MAS coordination strategies. The Agentopia Times simulates a newsroom where LLM agents collaborate to create data-driven narratives, with users tasked with adjusting communication protocols to manage hallucinated content. The game features a structured mapping between MAS coordination and familiar gameplay mechanics, providing immediate feedback on hallucination outcomes. Through use cases and preliminary user feedback, we demonstrate how The Agentopia Times enables users to explore and mitigate hallucination in MAS.",Yilin Harry Lu;Shurui Du;Qianwen Wang,Yilin Harry Lu;Shurui Du;Qianwen Wang,"University of Minnesota, USA;University of Minnesota, USA;University of Minnesota, USA",,"LLM,visualization generation,educational game,LLM hallucination,Multi-Agent",,,31,,,,11298897,/mediastore/IEEE/content/media/11298682/11298713/11298897,3
VIS,2025,XplainAct: Visualization for Personalized Intervention Insights,10.1109/VIS60296.2025.00038,http://dx.doi.org/10.1109/VIS60296.2025.00038,161,165,C,"Causality helps people reason about and understand complex systems, particularly through what-if analyses that explore how interventions might alter outcomes. Although existing methods embrace causal reasoning using interventions and counterfactual analysis, they primarily focus on effects at the population level. These approaches often fall short in systems characterized by significant heterogeneity, where the impact of an intervention can vary widely across subgroups. To address this challenge, we present XplainAct, a visual analytics framework that supports simulating, explaining, and reasoning interventions at the individual level within subpopulations. We demonstrate the effectiveness of XplainAct through two case studies: investigating opioid-related deaths in epidemiology and analyzing voting inclinations in the presidential election.",Yanming Zhang;Krishnakumar Hegde;Klaus Mueller,Yanming Zhang;Krishnakumar Hegde;Klaus Mueller,Stony Brook University;Stony Brook University;Stony Brook University,,"Explainable AI,Causality,Visual Analytics",,,36,,,,11298923,/mediastore/IEEE/content/media/11298682/11298713/11298923,4
VIS,2025,Understanding Why ChatGPT Outperforms Humans in Visualization Design Advice,10.1109/VIS60296.2025.00039,http://dx.doi.org/10.1109/VIS60296.2025.00039,166,170,C,"This paper investigates why recent generative AI models outperform humans in data visualization knowledge tasks. Through systematic comparative analysis of responses to visualization questions, we find that differences exist between two ChatGPT models and human outputs over rhetorical structure, knowledge breadth, and perceptual quality. Our findings reveal that ChatGPT-4, as a more advanced model, displays a hybrid of characteristics from both humans and ChatGPT-3.5. The two models were generally favored over human responses, while their strengths in coverage and breadth, and emphasis on technical and task-oriented visualization feedback collectively shaped higher overall quality. Based on our findings, we draw implications for advancing user experiences based on the potential of LLMs and human perception over their capabilities, with relevance to broader applications of AI.",Yongsu Ahn;Nam Wook Kim,Yongsu Ahn;Nam Wook Kim,Boston College;Boston College,,"Generative AI,LLM,Visualization,Question and answering,ChatGPT",,,24,,,,11298869,/mediastore/IEEE/content/media/11298682/11298713/11298869,4
VIS,2025,Don’t Stop Me Now: Visualizing Disruptions in Railroad Networks,10.1109/VIS60296.2025.00040,http://dx.doi.org/10.1109/VIS60296.2025.00040,171,175,C,"Railroad networks are complex systems where a single disruption can have cumulative effects, impacting services’ planned schedules and degrading the network’s performance. To support railroad planners in identifying these disruptions, we propose a Visual Analytics approach with multiple coordinated views: a map, calendar heatmap, Marey graph, and a multi-line chart. Our proposed approach enables the exploration and analysis of the disruptions’ spatial and temporal patterns and delay accumulation to identify vulnerable segments in the railroad network. We assess the effectiveness of our approach through an expert interview highlighting how the accumulation of delays and disruptions is lucidly communicated and provides valuable insights into their spread across the network. We discuss the outcomes of the expert interview alongside the limitations we identified and how we resolve these. Finally, we illustrate directions for future work, including online data to assist railroad planners with real-time monitoring for proactive decision-making and improved operations.",S. Rajdendran;A. Arleo;T. von Landesberger;S. Miksch;M. Sondag;M. Tuscher;V. Filipov,S. Rajdendran;A. Arleo;T. von Landesberger;S. Miksch;M. Sondag;M. Tuscher;V. Filipov,"TU Wien, Austria;University of Cologne, Germany;TU Eindhoven, the Netherlands;TU Wien, Austria;TU Eindhoven, the Netherlands;TU Wien, Austria;TU Wien, Austria",,"Spatio-temporal Data,Networks",,,40,,,,11298868,/mediastore/IEEE/content/media/11298682/11298713/11298868,4
VIS,2025,Posterity: Balancing Historical Context and Visual Dynamism While Visualizing a Collection of American Labor Posters,10.1109/VIS60296.2025.00041,http://dx.doi.org/10.1109/VIS60296.2025.00041,176,180,C,"Visual archives of political movements are rich cultural resources, yet often difficult to explore at scale due to complex visual semantics and limited interaction models. We present Posterity, an interactive visualization system for 784 digitized American labor posters (1900–2010), designed to support both historical contextualization and visual-semantic exploration. Posterity integrates curated meta-data, CLIP-based multimodal embeddings, and unsupervised clustering to offer three coordinated views: a timeline aligned with key labor events, a 3D semantic cloud, and a similarity spiral responsive to image-, object-, or gesture-based input. Together, these views enable users to trace recurring visual motifs, discover rhetorical patterns, and explore labor movement narratives from multiple entry points. While developed for labor posters, the approach demonstrates potential for adaptation to other visual cultural heritage collections, particularly those with rich metadata and symbolic content.",Linh Pham;Daniel Rodriguez-Rodriguez;Jingfei Huang;Hui-Ying Suk,Linh Pham;Daniel Rodriguez-Rodriguez;Jingfei Huang;Hui-Ying Suk,Harvard University;Harvard University;Harvard University;Harvard University,,"digital humanities,image visualization,image interpretation,historical records,similarity retrieval",,,26,,,,11298885,/mediastore/IEEE/content/media/11298682/11298713/11298885,4
VIS,2025,Chronotome: Real-Time Topic Modeling for Streaming Embedding Spaces,10.1109/VIS60296.2025.00042,http://dx.doi.org/10.1109/VIS60296.2025.00042,181,185,C,"Many real-world datasets – from an artist’s body of work to a person’s social media history – exhibit meaningful semantic changes over time that are difficult to capture with existing dimensionality reduction methods. To address this gap, we introduce a visualization technique that combines force-based projection and streaming clustering methods to build a spatial-temporal map of embeddings. Applying this technique, we create Chronotome, a tool for interactively exploring evolving themes in time-based data – in real time. We demonstrate the utility of our approach through use cases on text and image data, showing how it offers a new lens for understanding the aesthetics and semantics of temporal datasets.",Matte Lim;Catherine Yeh;Martin Wattenberg;Fernanda Viégas;Panagiotis Michalatos,Matte Lim;Catherine Yeh;Martin Wattenberg;Fernanda Viégas;Panagiotis Michalatos,"Harvard University;Harvard University;Google Research, Harvard University;Google Research, Harvard University;Harvard University",,"Dynamic topic modeling,embedding visualization,clustering methods,temporal data,spring force models",,,32,,,,11298890,/mediastore/IEEE/content/media/11298682/11298713/11298890,4
VIS,2025,Data-Driven Compute Overlays for Interactive Geographic Simulation and Visualization,10.1109/VIS60296.2025.00043,http://dx.doi.org/10.1109/VIS60296.2025.00043,186,190,C,"We present interactive data-driven compute overlays for native and web-based 3D geographic map applications based on WebGPU. Our data-driven overlays are generated in a multi-step compute workflow from multiple data sources on the GPU. We demonstrate their potential by showing results from snow cover and avalanche simulations, where simulation parameters can be adjusted interactively and results are visualized instantly. Benchmarks show that our approach can compute large-scale avalanche simulations in milliseconds to seconds, depending on the size of the terrain and the simulation parameters, which is multiple orders of magnitude faster than a state-of-the-art Python implementation.",Patrick Komon;Gerald Kimmersdorfer;Adam Celarek;Manuela Waldner,Patrick Komon;Gerald Kimmersdorfer;Adam Celarek;Manuela Waldner,TU Wien;TU Wien;TU Wien;TU Wien,,"3D geographic visualization,geographic simulation,WebGPU",,,22,,,,11298780,/mediastore/IEEE/content/media/11298682/11298713/11298780,4
VIS,2025,"Embedding Atlas: Low-Friction, Interactive Embedding Visualization",10.1109/VIS60296.2025.00044,http://dx.doi.org/10.1109/VIS60296.2025.00044,191,195,C,"Embedding projections are popular for visualizing large datasets and models. However, people often encounter ""friction"" when using embedding visualization tools: (1) barriers to adoption, e.g., tedious data wrangling and loading, scalability limits, no integration of results into existing workflows, and (2) limitations in possible analyses, without integration with external tools to additionally show coordinated views of metadata. In this paper, we present Embedding Atlas, a scalable, interactive visualization tool designed to make interacting with large embeddings as easy as possible. Embedding Atlas uses modern web technologies and advanced algorithms—including density-based clustering, and automated labeling—to provide a fast and rich data analysis experience at scale. We evaluate Embedding Atlas with a competitive analysis against other popular embedding tools, showing that Embedding Atlas’s feature set specifically helps reduce friction, and report a benchmark on its real-time rendering performance with millions of points. Embedding Atlas is available as open source to support future work in embedding-based analysis.",Donghao Ren;Fred Hohman;Halden Lin;Dominik Moritz,Donghao Ren;Fred Hohman;Halden Lin;Dominik Moritz,Apple;Apple;Apple;Apple,,"Embedding visualization,visual analytics",,,27,,,,11298759,/mediastore/IEEE/content/media/11298682/11298713/11298759,5
VIS,2025,CFTree: Exploring Paths Through Counterfactuals,10.1109/VIS60296.2025.00045,http://dx.doi.org/10.1109/VIS60296.2025.00045,196,200,C,"Machine learning algorithms may be chosen for their effectiveness at predictions, but they lose impact when human decision makers do not understand the predictions well enough to trust them. Though machine learning algorithms that produce interpretable models are available, many factors influence the selection for a particular application, and many tools exist for building understanding post-hoc. One way to develop insight is to probe through a concept humans use in making decisions – an examination of alternate scenarios that might change the outcome called counterfactuals. In this short paper, we build on work using counterfactuals for comprehending machine learning models by proposing a technique wherein users explore counterfactuals as paths through a tree of possible data attribute changes. We extend the technique to groups of data points and consequently to groups of counterfactuals. We provide a prototype implementation and evaluation with four users from different fields of expertise who were able to apply CFTree to their own domain data and discover interesting attribute relationships.",Fang Cao;Eli T. Brown,Fang Cao;Eli T. Brown,DePaul University;DePaul University,,"counterfactuals,human-centered AI,interpretable machine learning,visual analytics",,,36,,,,11298871,/mediastore/IEEE/content/media/11298682/11298713/11298871,2
VIS,2025,Visualizing Climate Model Outputs with CliMAScope,10.1109/VIS60296.2025.00046,http://dx.doi.org/10.1109/VIS60296.2025.00046,201,205,C,"With the increasing complexity and diversity of climate models, climate scientists often turn to multiple tools to understand and assess relationships between observations and model output. To explore ways to overcome that workflow complexity, we partnered with the Climate Modeling Alliance (CliMA) to develop CliMAScope. CliMAScope is an open source, interactive, web-based land surface climate model visualization tool that aims to unify analysis, comparison, validation, and correlation mapping of observational data with climate land model output. This paper presents a design study of CliMAScope, and explains how the tool’s visual and interactive elements support the goal of comparing seamless climate model outputs to observational data.",Linh Pham;Kevin Hu;Nathan White;Minyoung Joo;Alexandre A. Renchon;Tapio Schneider;Krys Blackwood;Santiago Lombeyda;Hillary Mushkin;Scott Davidoff,Linh Pham;Kevin Hu;Nathan White;Minyoung Joo;Alexandre A. Renchon;Tapio Schneider;Krys Blackwood;Santiago Lombeyda;Hillary Mushkin;Scott Davidoff,"Harvard University;Harvard University;University of Wisconsin, Madison;Art Center College of Design;California Institute of Technology;California Institute of Technology;Jet Propulsion Lab, California Institute of Technology;California Institute of Technology;California Institute of Technology;Jet Propulsion Lab, California Institute of Technology",,"visual analytics,design study climate model",,,26,,,,11298808,/mediastore/IEEE/content/media/11298682/11298713/11298808,6
VIS,2025,MC-INR: Efficient Encoding of Multivariate Scientific Simulation Data using Meta-Learning and Clustered Implicit Neural Representations,10.1109/VIS60296.2025.00047,http://dx.doi.org/10.1109/VIS60296.2025.00047,206,210,C,"Implicit Neural Representations (INRs) are widely used to encode data as continuous functions, enabling the visualization of large-scale multivariate scientific simulation data with reduced memory usage. However, existing INR-based methods face three main limitations: (1) inflexible representation of complex structures, (2) primarily focusing on single-variable data, and (3) dependence on structured grids. Thus, their performance degrades when applied to complex real-world datasets. To address these limitations, we propose a novel neural network-based framework, MC-INR, which handles multivariate data on unstructured grids. It combines meta-learning and clustering to enable flexible encoding of complex structures. To further improve performance, we introduce a residual-based dynamic re-clustering mechanism that adaptively partitions clusters based on local error. We also propose a branched layer to leverage multivariate data through independent branches simultaneously. Experimental results demonstrate that MC-INR outperforms existing methods on scientific data encoding tasks.",Hyunsoo Son;Jeonghyun Noh;Suemin Jeon;Chaoli Wang;Won-Ki Jeong,Hyunsoo Son;Jeonghyun Noh;Suemin Jeon;Chaoli Wang;Won-Ki Jeong,Korea University;Korea University;Korea University;University of Notre Dame;Korea University,,"Implicit neural representation,meta-learning,clustering,multivariate data encoding",,,24,,,,11298754,/mediastore/IEEE/content/media/11298682/11298713/11298754,3
VIS,2025,An Evaluation of Temporal and Categorical Uncertainty on Timelines: A Case Study in Human Activity Recall Visualizations,10.1109/VIS60296.2025.00048,http://dx.doi.org/10.1109/VIS60296.2025.00048,211,215,C,"Encoding uncertainty in timelines can provide more precise and informative visualizations (e.g., visual representations of unsure times or locations in event planning timelines). To evaluate the effectiveness of different temporal and categorical uncertainty representations on timelines, we conducted a mixed-methods user study with 81 participants on uncertainty in activity recall timelines (ARTs). We find that participants’ accuracy is better when temporal uncertainty is encoded using transparency instead of dashing, and that a participant’s visual encoding preference does not always align with their performance (e.g., they performed better with a less-preferred visual encoding technique). Additionally, qualitative findings show that existing biases of an individual alter their interpretation of ARTs. A copy of our study materials is available at https://osf.io/98p6m/.",Veronika Potter;Ha Le;Uzma Haque Syeda;Stephen Intille;Michelle A. Borkin,Veronika Potter;Ha Le;Uzma Haque Syeda;Stephen Intille;Michelle A. Borkin,"Khoury College of Computer Sciences, Northeastern University;Khoury College of Computer Sciences, Northeastern University;Khoury College of Computer Sciences, Northeastern University;Khoury College of Computer Sciences, Northeastern University;Khoury College of Computer Sciences, Northeastern University",,"Timelines,Uncertainty Visualization,Evaluation Study",,,29,,,,11298755,/mediastore/IEEE/content/media/11298682/11298713/11298755,4
VIS,2025,ViStruct: Simulating Expert-Like Reasoning Through Task Decomposition and Visual Attention,10.1109/VIS60296.2025.00049,http://dx.doi.org/10.1109/VIS60296.2025.00049,216,220,C,"Data visualization tasks often require multi-step reasoning, and the interpretive strategies experts use-such as decomposing complex goals into smaller subtasks and selectively attending to key chart regions-are rarely made explicit. We developed ViStruct as an automated pipeline that simulates these expert behaviours by breaking high-level visual questions into structured analytic steps and high-lighting semantically relevant chart areas. Leveraging large language and vision-language models, we evaluate the system on 45 tasks across 12 chart types and validate its outputs with trained visualization users, confirming its ability to produce interpretable and expert-aligned reasoning sequences.",Oliver Huang;Carolina Nobre,Oliver Huang;Carolina Nobre,University of Toronto;University of Toronto,,"Data Visualization,Task Decomposition,Large Language Models(LLMs),Guidance System,Computer Vision",,,34,,,,11298739,/mediastore/IEEE/content/media/11298682/11298713/11298739,3
VIS,2025,How Do Observable Users Decompose D3 Code? A Qualitative Study,10.1109/VIS60296.2025.00050,http://dx.doi.org/10.1109/VIS60296.2025.00050,221,225,C,"Many toolkit developers seek to streamline the visualization programming process through structured support such as prescribed templates and example galleries. However, few projects examine how users organize their own visualization programs and how their coding choices may deviate from the intents of toolkit developers, impacting visualization prototyping and design. Further, is it possible to infer users’ reasoning indirectly through their code, even when users copy code from other sources? We explore this question through a qualitative analysis of 715 D3 programs on Observable. We identify three levels of program organization based on how users decompose their code into smaller blocks: Program-, Chart-, and Component-Level code decomposition, with a strong preference for Component-Level reasoning. In a series of interviews, we corroborate that these levels reflect how Observable users reason about visualization programs. We compare common usermade components with those theorized in the Grammar of Graphics to assess overlap in user and toolkit developer reasoning. We find that, while the Grammar of Graphics covers basic visualizations well, it falls short in describing complex visualization types, especially those with animation, interaction, and parameterization components. Our findings highlight how user practices differ from formal grammars and reinforce ongoing efforts to rethink visualization toolkit support, including augmenting learning tools and AI assistants to better reflect real-world coding strategies.",Melissa Lin;Heer Patel;Medina Lamkin;Hannah Bako;Leilani Battle,Melissa Lin;Heer Patel;Medina Lamkin;Hannah Bako;Leilani Battle,Carnegie Mellon University;University of Washington;University of Washington;University of Maryland;University of Washington,,"Visualization toolkits,Code reuse",,,35,,,,11298795,/mediastore/IEEE/content/media/11298682/11298713/11298795,1
VIS,2025,Publish-Time Optimizations for Web-Based Visualizations,10.1109/VIS60296.2025.00051,http://dx.doi.org/10.1109/VIS60296.2025.00051,226,230,C,"Fast loading and responsive interaction lead to more effective web-based visualizations. While run-time optimizations such as caching and data tiling improve interaction latency, these approaches leave initial load performance unoptimized. In this work, we investigate publish-time optimizations that shift computational work ahead of user sessions to accelerate both loading and interaction. We organize the space of publish-time optimizations into categories of data preparation, pre-computation of data assets for optimization, and prerendering; and then reason about tradeoffs in terms of time-to-render (TTR), time-to-activation (TTA), and storage cost (SC). To assess their effectiveness, we implement publish-time optimizations for the open-source Mosaic architecture and evaluate their impact across varied visualizations and dataset sizes. On average, publish-time strategies reduced rendering latency by 83.7% and activation latency by 33.3%, demonstrating their value for improving the performance of web-based visualizations.",Ron Pechuk;Jeffrey Heer,Ron Pechuk;Jeffrey Heer,University of Washington;University of Washington,,"scalable visualization,web visualization,visualization optimization,visualization systems,user interfaces",,,31,,,,11298742,/mediastore/IEEE/content/media/11298682/11298713/11298742,4
VIS,2025,Capturing Visualization Design Rationale,10.1109/VIS60296.2025.00052,http://dx.doi.org/10.1109/VIS60296.2025.00052,231,235,C,"Prior natural language datasets for data visualization have focused on tasks such as visualization literacy assessment, insight generation, and visualization generation from natural language instructions. These studies often rely on controlled setups with purpose-built visualizations and artificially constructed questions. As a result, they tend to prioritize the interpretation of visualizations, focusing on decoding visualizations rather than understanding their encoding. In this paper, we present a new dataset and methodology for probing visualization design rationale through natural language. We leverage a unique source of real-world visualizations and natural language narratives: literate visualization notebooks created by students as part of a data visualization course. These notebooks combine visual artifacts with design exposition, in which students make explicit the rationale behind their design decisions. We also use large language models (LLMs) to generate and categorize question-answer-rationale triples from the narratives and articulations in the notebooks. We then carefully validate the triples and curate a dataset that captures and distills the visualization design choices and corresponding rationales of the students.",Maeve Hutchinson;Radu Jianu;Aidan Slingsby;Jo Wood;Pranava Madhyastha,Maeve Hutchinson;Radu Jianu;Aidan Slingsby;Jo Wood;Pranava Madhyastha,"giCentre, City St George’s, University of London;giCentre, City St George’s, University of London;giCentre, City St George’s, University of London;giCentre, City St George’s, University of London;City St George’s, University of London & The Alan Turing Institute",,"Design,Literate Visualization,Natural Language",,,21,,,,11298820,/mediastore/IEEE/content/media/11298682/11298713/11298820,3
VIS,2025,AnnoGram: An Annotative Grammar of Graphics Extension,10.1109/VIS60296.2025.00053,http://dx.doi.org/10.1109/VIS60296.2025.00053,236,240,C,"Annotations are central to effective data communication, yet most visualization tools treat them as secondary constructs—manually defined, difficult to reuse, and loosely coupled to the underlying visualization grammar. We propose a declarative extension to Wilkinson’s Grammar of Graphics that reifies annotations as first-class design elements, enabling structured specification of annotation targets, types, and positioning strategies. To demonstrate the utility of our approach, we develop a prototype extension called Vega-Lite Annotation. Through comparison with eight existing tools, we show that our approach enhances expressiveness, reduces authoring effort, and enables portable, semantically integrated annotation workflows.",Md Dilshadur Rahman;Md Rahat-Uz-Zaman;Andrew McNutt;Paul Rosen,Md Dilshadur Rahman;Md Rahat-Uz-Zaman;Andrew McNutt;Paul Rosen,;;;,,"annotation,visualization grammar",,,42,,,,11298828,/mediastore/IEEE/content/media/11298682/11298713/11298828,5
VIS,2025,AnnoLens: Exploration and Annotation through Lens-Based Guidance,10.1109/VIS60296.2025.00054,http://dx.doi.org/10.1109/VIS60296.2025.00054,241,245,C,"Annotation is often a time-consuming but fruitful activity in data analysis contexts. The manual labor required to create useful annotations is a barrier that keeps users from documenting their analysis, especially intermediate results. To address the needs of exploration and annotation alike, we propose integrating annotation with lens-based interactions, combining both with guidance. We investigate the exploration-annotation requirement space, identifying challenges and extracting five design requirements for annotation in exploration contexts. Based on this investigation, we designed ANNOLENS—a concrete instantiation of such a system that lets users explore and annotate dimensionality-reduced multivariate data. It employs a dual-lens approach for contrastive exploration, using guidance to steer users toward interesting data subsets and attributes. Annotation is directly integrated into the lenses, letting users quickly annotate hunches and discoveries. Automated merging and linking serve to simplify annotation management and reduce disruptions. In a pilot study, we conducted a preliminary evaluation of our approach, which indicated that users find it easy to annotate data and were able to incorporate their knowledge and unique perspective into the process. A free copy of this paper and all supplemental materials are available at https://osf.io/zpu6c/.",Franziska Becker;Steffen Koch;Tanja Blascheck,Franziska Becker;Steffen Koch;Tanja Blascheck,University of Stuttgart;University of Stuttgart;University of Stuttgart,,"Annotation,exploration,guidance,visual analytics",,,38,,,,11298864,/mediastore/IEEE/content/media/11298682/11298713/11298864,1
VIS,2025,Safire: Similarity Framework for Visualization Retrieval,10.1109/VIS60296.2025.00055,http://dx.doi.org/10.1109/VIS60296.2025.00055,246,250,C,"Effective visualization retrieval necessitates a clear definition of similarity. Despite the growing body of work in specialized visualization retrieval systems, a systematic approach to understanding visualization similarity remains absent. We introduce the Similarity Framework for Visualization Retrieval (Safire), a conceptual model that frames visualization similarity along two dimensions: comparison criteria and representation modalities. Comparison criteria identify the aspects that make visualizations similar, which we divide into primary facets (data, visual encoding, interaction, style, metadata) and derived properties (data-centric and human-centric measures). Safire connects what to compare with how comparisons are executed through representation modalities. We categorize existing representation approaches into four groups based on their levels of information content and visualization determinism: raster image, vector image, specification, and natural language description, together guiding what is computable and comparable. We analyze several visualization retrieval systems using Safire to demonstrate its practical value in clarifying similarity considerations. Our findings reveal how particular criteria and modalities align across different use cases. Notably, the choice of representation modality is not only an implementation detail but also an important decision that shapes retrieval capabilities and limitations. Based on our analysis, we provide recommendations and discuss broader implications for multimodal learning, AI applications, and visualization reproducibility.",Huyen N. Nguyen;Nils Gehlenborg,Huyen N. Nguyen;Nils Gehlenborg,Harvard Medical School;Harvard Medical School,,"Visualization retrieval,similarity framework,visualization similarity,representation modality,comparison",,,33,,,,11298749,/mediastore/IEEE/content/media/11298682/11298713/11298749,6
VIS,2025,Visualizing Opinion Space in Voting Advice Applications: A User Study,10.1109/VIS60296.2025.00056,http://dx.doi.org/10.1109/VIS60296.2025.00056,251,255,C,"We investigate the impact of visualization methods and interaction mechanisms in Voting Advice Applications (VAAs) by comparing two designs: the traditional design in Kieskompas1 and an alternative design composed by a visualization – metaphoric map – based on dimensionality reduction of opinion data and an interaction mechanism allowing to adjust answers on the questions. In a user study with 382 participants from the Netherlands, we assessed their effects on vote choice, political knowledge, ease of use, and interpretation of opinion space. The results show no evidence that visualization and interaction mechanisms influence vote choice. The metaphoric map led to lower perceived and factual political knowledge and was harder to interpret, likely due to its higher visualization literacy demands. Notably, participants using metaphoric map offered more objective, non-ideological interpretations of their political position, suggesting potential to foster unbiased political comprehension. Supplementary materials are available at: https://osf.io/zvhsg/?view_only=ee2d7d315c254b358b9be077214cc18e.",Damion E. Verboom;Tamara Mchedlidze;Basak Oral;Evanthia Dimara;Daniela Peres Rebelo;Naomi Kamoen;Cindy Xiong Bearfield,Damion E. Verboom;Tamara Mchedlidze;Basak Oral;Evanthia Dimara;Daniela Peres Rebelo;Naomi Kamoen;Cindy Xiong Bearfield,;;;;;;,,"VAAs,visualization,interaction,dimensionality reduction,social information,voting",,,36,,,,11298814,/mediastore/IEEE/content/media/11298682/11298713/11298814,4
VIS,2025,Data Humanism Decoded: A Characterization of its Principles to Bridge Data Visualization Researchers and Practitioners,10.1109/VIS60296.2025.00057,http://dx.doi.org/10.1109/VIS60296.2025.00057,256,260,C,"Data Humanism is a human-centered design approach that emphasizes the personal, contextual, and imperfect nature of data. Despite its growing influence among practitioners, the 13 principles outlined in Giorgia Lupi’s visual manifesto remain loosely defined in research contexts, creating a gap between design practice and systematic application. Through a mixed-methods approach, including a systematic literature review, multimedia analysis, and expert interviews, we present a characterization of Data Humanism principles for visualization researchers. Our characterization provides concrete definitions that maintain interpretive flexibility in operationalizing design choices. We validate our work through direct consultation with Lupi. Moreover, we leverage the characterization to decode a visualization work, mapping Data Humanism principles to specific visual design choices. Our work creates a common language for human-centered visualization, bridging the gap between practice and research for future applications and evaluations.",Ibrahim Al-Hazwani;Ke Er Zhang;Laura Garrison;Jürgen Bernard,Ibrahim Al-Hazwani;Ke Er Zhang;Laura Garrison;Jürgen Bernard,"Digital Society Initiative, University of Zurich;University of Bergen;University of Bergen;Digital Society Initiative, University of Zurich",,"Data Humanism,Critical Data Visualization,Human-Centered Visualization",,,47,,,,11298721,/mediastore/IEEE/content/media/11298682/11298713/11298721,0
VIS,2025,Designing Visualization Widgets for Tangible Data Exploration: A Systematic Review,10.1109/VIS60296.2025.00058,http://dx.doi.org/10.1109/VIS60296.2025.00058,261,265,C,"We present a systematic review on tasks, interactions, and visualization widgets (refer to tangible entities that are used to accomplish data exploration tasks through specific interactions) in the context of tangible data exploration. Tangible widgets have been shown to reduce cognitive load, enable more natural interactions, and support the completion of complex data exploration tasks. Yet, the field lacks a structured understanding of how task types, interaction methods, and widget designs are coordinated, limiting the ability to identify recurring design patterns and opportunities for innovation. To address this gap, we conduct a systematic review to analyze existing work and characterize the current design of data exploration tasks, interactions, and tangible visualization widgets. We next reflect based on our findings and propose a research agenda to inform the development of a future widget design toolkit for tangible data exploration. Our systematic review and supplemental materials are available at physicalviswidget.github.io and osf.io/vjw5e/.",Haonan Yao;Lingyun Yu;Lijie Yao,Haonan Yao;Lingyun Yu;Lijie Yao,"Department of Computing, School of Advanced Technology, Xi’an Jiaotong-Liverpool University;Department of Computing, School of Advanced Technology, Xi’an Jiaotong-Liverpool University;Department of Computing, School of Advanced Technology, Xi’an Jiaotong-Liverpool University",,"Visualization widget,Tangible interaction,Data exploration",,,29,,,,11298793,/mediastore/IEEE/content/media/11298682/11298713/11298793,3
VIS,2025,Towards Understanding Decision Problems As a Goal of Visualization Design,10.1109/VIS60296.2025.00059,http://dx.doi.org/10.1109/VIS60296.2025.00059,266,270,C,"Decision-making is a central yet under-defined goal in visualization research. While existing task models address decision processes, they often neglect the conditions framing a decision. To better support decision-making tasks, we propose a characterization scheme that describes decision problems through key properties of the data, users, and task context. This scheme helps visualization researchers specify decision-support claims more precisely and informs the design of appropriate visual encodings and interactions. We demonstrate the utility of our approach by applying it to characterize decision tasks targeted by existing design studies, highlighting opportunities for future research in decision-centric visualization.",Lena Cibulski;Stefan Bruckner,Lena Cibulski;Stefan Bruckner,"University of Rostock, Germany;University of Rostock, Germany",,"Decision-centric visualization,task characterization",,,55,,,,11298819,/mediastore/IEEE/content/media/11298682/11298713/11298819,0
VIS,2025,Toward a Design Space for Embedded Urban Data Visualizations,10.1109/VIS60296.2025.00060,http://dx.doi.org/10.1109/VIS60296.2025.00060,271,275,C,"We propose a design space for embedded data visualizations in urban environments, structured across multiple dimensions that articulate key contextual and representational characteristics. The design space is grounded in situated and immersive visualization theory, urban informatics, and co-creative ideation workshops. Its dimensions describe different aspects of how data visualizations relate to the physical urban environment and to the viewer. We illustrate the applicability of the design space using mappings to speculative embedded urban visualizations. This conceptual contribution is intended to support designers and researchers in structuring, analyzing, and generating embedded urban visualizations, and serves as a basis for future extensions.",Till Nagel;Christoph Huber;Mona Eder,Till Nagel;Christoph Huber;Mona Eder,"Technische Hochschule Mannheim;TH Mannheim, University of Mannheim;Technische Hochschule Mannheim",,"Situated Visualization,Urban Data,Framework",,,33,,,,11298907,/mediastore/IEEE/content/media/11298682/11298713/11298907,4
VIS,2025,FlexPhys: A Workshop Cookbook for Operationalizing Data Physicalization Research Questions,10.1109/VIS60296.2025.00061,http://dx.doi.org/10.1109/VIS60296.2025.00061,276,280,C,"We introduce FlexPhys, a cookbook that researchers can use to operationalize data physicalization research questions through workshop design. While guidelines exist for running workshops in educational contexts, designing a data physicalization workshop when the goal is to answer research questions is an ad-hoc process for which little guidance exists, but for which many choices must be made (e.g., in terms of materials, tools, and data). We draw from our experience designing data physicalization workshops and from reviewing three existing workshops, to distill the cookbook's core ingredient (context and goal) and eight additional ingredients related to making (material, tool, technique), data encoding (data type, variable, mark/unit), and interactivity (interaction, sensory modality). We then show how FlexPhys can be used to describe and compare physicalization workshops, and to generate workshops that address specific data physicalization research questions.",Bahare Bakhtiari;Aurélien Tabard;Sowmya Somanath;Charles Perin,Bahare Bakhtiari;Aurélien Tabard;Sowmya Somanath;Charles Perin,University of Victoria;Universite Claude Bernard Lyon 1;University of Victoria;University of Victoria,,"data physicalization,methods,workshops",,,25,,,,11298804,/mediastore/IEEE/content/media/11298682/11298713/11298804,1
VIS,2025,Judgment as Coordination: A Joint Systems View of Visualization Design Practice,10.1109/VIS60296.2025.00062,http://dx.doi.org/10.1109/VIS60296.2025.00062,281,285,C,"Professional visualization design has become an increasingly important area of inquiry, yet much of the field’s discourse remains anchored in researcher-centered contexts. Studies of design practice often focus on individual designers’ decisions and reflections, offering limited insight into the collaborative and systemic dimensions of professional work. In this paper, we propose a systems-level reframing of design judgment grounded in the coordination and adaptation that sustain progress amid uncertainty, constraint, and misalignment. Drawing on sustained engagement across multiple empirical studies—including ethnographic observation of design teams and qualitative studies of individual practitioners—we identify recurring episodes in which coherence was preserved not by selecting an optimal option, but by repairing alignment, adjusting plans, and reframing goals. We interpret these dynamics through the lens of Joint Cognitive Systems, which provide tools for analyzing how judgment emerges as a distributed capacity within sociotechnical activity. This perspective surfaces often-invisible work in visualization design and offers researchers a new conceptual vocabulary for studying how design activity is sustained in practice.",Paul C. Parsons;Arran Ridley,Paul C. Parsons;Arran Ridley,"Purdue University;Monash University, Indonesia",,Human-centered computing [Visualization],,,33,,,,11298770,/mediastore/IEEE/content/media/11298682/11298713/11298770,0
VIS,2025,A Typology of Data Concepts and Contexts in Clinician-Patient Communication,10.1109/VIS60296.2025.00063,http://dx.doi.org/10.1109/VIS60296.2025.00063,286,290,C,"This paper presents a typology of concepts and contexts to inform the design of medical data visualizations for clinician-patient communication. As the accessibility, ubiquity and complexity of personal medical data grows, so does the need for patients to understand and interpret it correctly. Based on interviews with 19 healthcare professionals and analysis of current patient communication materials, our typology captures i) the diverse types of medical data communicated; ii) the features clinicians need patients to recognise and understand about these data; iii) contextual information required; iv) motivation for communicating data to patients; and v) current common visualization techniques. In doing so it identifies and defines the key dimensions of data-communication scenarios relevant to data visualizers working with patient data. We apply the typology to classify real world clinical scenarios and through doing so, illustrate how the typology can inform data visualization when designing communication aids for clinicians.",Sarah Dunn;Areti Manataki;Tara Capel;Benjamin Bach,Sarah Dunn;Areti Manataki;Tara Capel;Benjamin Bach,University of Edinburgh;University of St Andrews;University of Edinburgh;University of Edinburgh,,"Data visualization,health communication,typologies",,,32,,,,11298714,/mediastore/IEEE/content/media/11298682/11298713/11298714,1
VIS,2025,Visual Integrity in the Age of AI: An Evaluation of DLSS and DLAA in Geospatial Visualization,10.1109/VIS60296.2025.00064,http://dx.doi.org/10.1109/VIS60296.2025.00064,291,295,C,"Deep Learning Super Sampling (DLSS) is a relatively new machine learning technology for accelerating 3D graphics, by rendering at lower resolutions, and inferring what the higher resolution output should look like. However, DLSS was designed for, and trained on, video games. Can this technology, intended for the entertainment market, be repurposed to accelerate high-resolution scientific and geospatial visualization? This paper evaluates the visual accuracy costs of inferring higher resolution data visualizations with DLSS upscaling. A related technology, Deep Learning Anti-aliasing (DLAA) is similarly evaluated. This evaluation focused on 3D geospatial applications, with (primarily non-photorealistic) terrain rendering and point cloud rendering, though the results are applicable to a wider range of scientific visualization data types. The results demonstrate that DLSS/DLAA can significantly impact visual accuracy, and should be avoided for visualizations requiring accurate portrayal of fine details.",Kindrat Beregovyi;Thomas Butkiewicz,Kindrat Beregovyi;Thomas Butkiewicz,"Center for Coastal and Ocean Mapping, University of New Hampshire;Center for Coastal and Ocean Mapping, University of New Hampshire",,"machine learning techniques,computer graphics techniques,guidelines,geospatial data,terrain,point clouds,deep learning super sampling,dlss,upscaling,dlaa,anti-aliasing",,,14,,,,11298785,/mediastore/IEEE/content/media/11298682/11298713/11298785,8
VIS,2025,Vector Field Synthesis with Sparse Streamlines Using Diffusion Model,10.1109/VIS60296.2025.00065,http://dx.doi.org/10.1109/VIS60296.2025.00065,296,300,C,"We present a novel diffusion-based framework for synthesizing 2D vector fields from sparse, coherent inputs (i.e., streamlines) while maintaining physical plausibility. Our method employs a conditional denoising diffusion probabilistic model with classifier-free guidance, enabling progressive reconstruction that preserves both geometric and physical constraints. Experimental results demonstrate our method’s ability to synthesize plausible vector fields that adhere to physical laws while maintaining fidelity to sparse input observations, outperforming traditional optimization-based approaches in terms of flexibility and physical consistency.",Nguyen K. Phan;Ricardo Morales;Sebastian D. Espriella;Guoning Chen,Nguyen K. Phan;Ricardo Morales;Sebastian D. Espriella;Guoning Chen,University of Houston;University of Houston;University of Houston;University of Houston,,"Vector field synthesis,diffusion models",,,30,,,,11298716,/mediastore/IEEE/content/media/11298682/11298713/11298716,4
VIS,2025,Vizualink: Evaluating Usability and Loyalty Impacts of Text-Graph Integration in Data-Driven Articles,10.1109/VIS60296.2025.00066,http://dx.doi.org/10.1109/VIS60296.2025.00066,301,305,C,"Data-driven articles have emerged as a powerful method for transforming complex datasets into accessible narratives. Existing approaches, such as interactive visualizations and scrollytelling, enhance engagement and simplify complexity by guiding users through data stories. However, these designs often prioritize narrative structure over reader-driven exploration, which may limit opportunities for autonomous interaction. To address this limitation, existing literature explored features that dynamically link textual content to corresponding elements in interactive graphs. In this study, we investigate the impact of such tools on the reading experience, specifically the hedonic and pragmatic dimensions, in addition to loyalty intentions. We implemented Vizualink, a text-graph linking feature, and examined its impact through an online study with 360 participants. Our results indicate that Vizualink enhances the reading experience, which in turn positively impacts readers’ intention to return for more content, recommend the article, and consider paying for access. A thematic analysis of participant comments highlighted enhanced interactivity and criticism regarding potential hindrances to user experience.",Abdessalam Ouaazki;Adrian Holzer,Abdessalam Ouaazki;Adrian Holzer,"University of Neuchâtel, Switzerland;University of Neuchâtel, Switzerland",,"Vizualink,Text-Graph Integration,Data-Driven Articles,Interactive Systems",,,41,,,,11298784,/mediastore/IEEE/content/media/11298682/11298713/11298784,3
VIS,2025,Drawing in the Flow: A Data-Aware Mixed-Reality Sketching Interface for Illustrative 3D Flow Visualization,10.1109/VIS60296.2025.00067,http://dx.doi.org/10.1109/VIS60296.2025.00067,306,310,C,"We present ""Drawing in the Flow"", a mixed-reality 3D user interface for authoring illustrative, multivariate 3D flow visualizations by sketching on, or better stated, in, 3D data. The approach interprets hand-drawn 3D strokes relative to an underlying data ""canvas"" and applies animated ""ink-data settling"" to ensure the strokes accurately reflect vector field data (i.e., 3D streamline paths). Color and other visual properties are interpreted relative to scalar data variables with ""lazy data binding"" to help users prioritize creative visual design tasks. Results include example 3D illustrations of multiple flow fields. The work is significant because of the ability to make authoring accurate 3D mixed reality data visualizations accessible to stakeholders without programming or scripting experience and because it demonstrates a novel approach to balancing the tradeoff between accuracy and expression in 3D data visualization.",Walter Sands;Sean J Dorr;Kiet Tran;Daniel F. Keefe,Walter Sands;Sean J Dorr;Kiet Tran;Daniel F. Keefe,"Department of Computer Science & Engineering, University of Minnesota - Twin Cities;Department of Computer Science & Engineering, University of Minnesota - Twin Cities;Department of Computer Science & Engineering, University of Minnesota - Twin Cities;Department of Computer Science & Engineering, University of Minnesota - Twin Cities",,"Mixed Reality,Sketching,Flow Visualization",,,28,,,,11298825,/mediastore/IEEE/content/media/11298682/11298713/11298825,4
VIS,2025,ChartMark: A Structured Grammar for Chart Annotation,10.1109/VIS60296.2025.00068,http://dx.doi.org/10.1109/VIS60296.2025.00068,311,315,C,"Chart annotations enhance visualization accessibility but suffer from fragmented, non-standardized representations that limit cross-platform reuse. We propose ChartMark, a structured grammar that separates annotation semantics from visualization implementations. ChartMark features a hierarchical framework mapping onto annotation dimensions (e.g., task, chart context), supporting both abstract intents and precise visual details. Our toolkit demonstrates converting ChartMark specifications into Vega-Lite visualizations, highlighting its flexibility, expressiveness, and practical applicability.",Yiyu Chen;Yifan Wu;Shuyu Shen;Yupeng Xie;Leixian Shen;Hui Xiong;Yuyu Luo,Yiyu Chen;Yifan Wu;Shuyu Shen;Yupeng Xie;Leixian Shen;Hui Xiong;Yuyu Luo,HKUST(GZ);HKUST(GZ);HKUST(GZ);HKUST(GZ);HKUST;HKUST(GZ);HKUST(GZ),,"Chart Annotation,Grammar Language-agnostic",,,42,,,,11298888,/mediastore/IEEE/content/media/11298682/11298713/11298888,5
VIS,2025,Animated Visual Encoding and Layer Blending for Identification of Educational Game Strategies,10.1109/VIS60296.2025.00069,http://dx.doi.org/10.1109/VIS60296.2025.00069,316,320,C,"Game-Based Learning has proven to be an effective method for enhancing engagement with educational material. However, gaining a deeper understanding of player strategies remains challenging. Sequential game-state and action-based tracking tools often gather extensive data that can be difficult to interpret as long-term strategy. This data presents unique problems to visualization, as it can be fairly natural, noisy data but is constrained within synthetic, controlled environments, leading to issues such as overplotting which can make interpretation complicated. We propose an animated visual encoding tool that utilizes kinetic visualization to address these issues. This tool enables researchers to construct animated data narratives through the configuration of parameter interpolation curves and blending layers. Finally, we demonstrate the usefulness of the tool while addressing specific interests as outlined by a domain expert collaborator.",Braden Roper;William Thompson;Chris Weaver,Braden Roper;William Thompson;Chris Weaver,"K20 Center, The University of Oklahoma;K20 Center, The University of Oklahoma;School of Computer Science, The University of Oklahoma",,"Kinetic visualization,kinetic queries,animated encoding,game-based learning",,,24,,,,11298798,/mediastore/IEEE/content/media/11298682/11298713/11298798,4
VIS,2025,Validation through Replication of Augmented Reality as a Visualization Technique for Scholarly Publications in Astronomy,10.1109/VIS60296.2025.00070,http://dx.doi.org/10.1109/VIS60296.2025.00070,321,325,C,"The fields of astronomy and astrophysics are evolving and incorporating technologies to effectively view and explore 3D data visualizations, including Augmented Reality (AR). An analysis of the feasibility of using AR in journal publications for 3D visualizations took place two years ago, in 2023, when Adams et al. evaluated whether the perceived workload between AR and non-AR technologies was comparable. Given that the use of AR for astronomy journal publications was, and still is, in its infancy, the original study had to utilize data intended for K-12 education that had similar interactions and data types as a proxy for real-world data that could be visualized in future astronomy publications. In this paper, we present the results of a conceptual replication study of Adams et al.’s work to validate whether their findings hold with real astronomy stimuli. We found in our replication that many of the trends in the original study hold true, but that the workload experienced by participants was significantly higher under multiple conditions when using real-world data. Additionally, we found that the tradeoff between engagement and workload was as prevalent in the replication as it was in the original study. Our results provide a new framing for researchers to understand the tradeoffs of immersive visualization technologies and the increased workload of pairing these tools with complex, scientific stimuli. All Supplemental Material in our study is available at https://osf.io/j8urq/.",Mackenzie M. Creamer;Jonathan Carifio;Alyssa A. Goodman;Michelle A. Borkin,Mackenzie M. Creamer;Jonathan Carifio;Alyssa A. Goodman;Michelle A. Borkin,"Northeastern University;Center for Astrophysics, Harvard & Smithsonian;Center for Astrophysics, Harvard & Smithsonian;Northeastern University",,"Augmented Reality,Human Subjects - Empirical Study,Astronomy Visualization,Replication Study,AR-Enhanced Publications",,,38,,,,11298910,/mediastore/IEEE/content/media/11298682/11298713/11298910,2
VIS,2025,OceanVive: An Immersive Visualization System for Communicating Complex Oceanic Phenomena,10.1109/VIS60296.2025.00071,http://dx.doi.org/10.1109/VIS60296.2025.00071,326,330,C,"Communicating the complexity of oceanic phenomena—such as hypoxia and acidification—poses a persistent challenge for marine science. Despite advances in sensing technologies and computational models, conventional formats like static visualizations and text-based reports often fall short in conveying the dynamics of ocean changes. To address this gap, we present OceanVive, an immersive and interactive visualization system that transforms complex ocean datasets into navigable spatial narratives. OceanVive incorporates an exploratory panel on a table-sized tablet for managing immersive content on a large screen and integrates adaptive visual encodings, contextual storytelling, and intuitive navigation pathways to support effective communication. We validate the system through expert interviews, demonstrating its potential to enhance science communication and promote deeper public understanding.",Yang Ouyang;Yuchen Wu;Xiyuan Wang;Laixin Xie;Weicong Cheng;Jianping Gan;Quan Li;Xiaojuan Ma,Yang Ouyang;Yuchen Wu;Xiyuan Wang;Laixin Xie;Weicong Cheng;Jianping Gan;Quan Li;Xiaojuan Ma,ShanghaiTech University & Center for Ocean Research in Hong Kong;ShanghaiTech University & Center for Ocean Research in Hong Kong;ShanghaiTech University & Center for Ocean Research in Hong Kong;ShanghaiTech University & Center for Ocean Research in Hong Kong;Center for Ocean Research in Hong Kong & Hong Kong University of Science and Technology;Center for Ocean Research in Hong Kong & Hong Kong University of Science and Technology;ShanghaiTech University;Center for Ocean Research in Hong Kong & Hong Kong University of Science and Technology,,"Immersive visualization,Communication",,,39,,,,11298844,/mediastore/IEEE/content/media/11298682/11298713/11298844,5
VIS,2025,Coordinated 2D-3D Visualization of Volumetric Medical Data in XR with Multimodal Interactions,10.1109/VIS60296.2025.00072,http://dx.doi.org/10.1109/VIS60296.2025.00072,331,335,C,"Volumetric medical imaging technologies produce detailed 3D representations of anatomical structures. However, effective medical data visualization and exploration pose significant challenges, especially for individuals with limited medical expertise. We introduce a novel XR-based system with two key innovations: (1) a coordinated visualization module integrating Multi-layered Multiplanar Reconstruction with 3D mesh models and (2) a multimodal interaction framework combining hand gestures with LLM-enabled voice commands. We conduct preliminary evaluations, including a 15-participant user study and expert interviews, to demonstrate the system’s abilities to enhance spatial understanding and reduce cognitive load. Experimental results show notable improvements in task completion times, usability metrics, and interaction effectiveness enhanced by LLM-driven voice control. While identifying areas for future refinement, our findings highlight the potential of this immersive visualization system to advance medical training and clinical practice. Our demo application and supplemental materials are available for download at: https://osf.io/bpjq5/.",Qixuan Liu;Shi Qiu;Yinqiao Wang;Xiwen Wu;Kenneth Siu Ho Chok;Chi-Wing Fu;Pheng-Ann Heng,Qixuan Liu;Shi Qiu;Yinqiao Wang;Xiwen Wu;Kenneth Siu Ho Chok;Chi-Wing Fu;Pheng-Ann Heng,"Department of Computer Science and Engineering, The Chinese University of Hong Kong & Institute of Medical Intelligence and XR, The Chinese University of Hong Kong;Department of Computer Science and Engineering, The Chinese University of Hong Kong & Institute of Medical Intelligence and XR, The Chinese University of Hong Kong;Department of Computer Science and Engineering, The Chinese University of Hong Kong & Institute of Medical Intelligence and XR, The Chinese University of Hong Kong;Department of Computer Science and Engineering, The Chinese University of Hong Kong & Institute of Medical Intelligence and XR, The Chinese University of Hong Kong & Zhujiang Hospital, Southern Medical University;Institute of Medical Intelligence and XR, The Chinese University of Hong Kong & Department of Surgery, The Chinese University of Hong Kong & Prince of Wales Hospital, Hong Kong;Department of Computer Science and Engineering, The Chinese University of Hong Kong & Institute of Medical Intelligence and XR, The Chinese University of Hong Kong;Department of Computer Science and Engineering, The Chinese University of Hong Kong & Institute of Medical Intelligence and XR, The Chinese University of Hong Kong",,,,,31,,,,11298894,/mediastore/IEEE/content/media/11298682/11298713/11298894,3
VIS,2025,Exploring AR Label Placements in Visually Cluttered Scenarios,10.1109/VIS60296.2025.00073,http://dx.doi.org/10.1109/VIS60296.2025.00073,336,340,C,"We investigate methods for placing labels in AR environments that have visually cluttered scenes. As the number of items increases in a scene within the user’ FOV, it is challenging to effectively place labels based on existing label placement guidelines. To address this issue, we implemented three label placement techniques for inview objects for AR applications. We specifically target a scenario, where various items of different types are scattered within the user’s field of view, and multiple items of the same type are situated close together. We evaluate three placement techniques for three target tasks. Our study shows that using a label to spatially group the same types of items is beneficial for identifying, comparing, and summarizing data.",Ji Hwan Park;Braden Roper;Amirhossein Arezoumand;Tien Tran,Ji Hwan Park;Braden Roper;Amirhossein Arezoumand;Tien Tran,Rochester Institute of Technology;University of Oklahoma;University of Oklahoma;University of Oklahoma,,"Label placement,view management systems,augmented reality,situated visualization",,,33,,,,11298715,/mediastore/IEEE/content/media/11298682/11298713/11298715,4
VIS,2025,Visualizing Player Movement and Game Events through Space-Time Cubes in Extended Reality,10.1109/VIS60296.2025.00074,http://dx.doi.org/10.1109/VIS60296.2025.00074,341,345,C,"To understand multiplayer gameplay behavior in a bomb-laying game, this paper explores the visual representation of player movement and events using space-time cubes. Complementing a previous two-dimensional event visualization, the approach focuses on contextualizing the player trajectories on the board with important events. Leveraging extended reality technology, the three-dimensional space-time-cube representation of a game session can be placed like columns in the virtual space. Various techniques support the interactive exploration of the spatiotemporal data. We demonstrate insights that can be found through the analysis of AI agent play behavior.",Niko S. Nannemann;Shivam Agarwal;Fabian Beck,Niko S. Nannemann;Shivam Agarwal;Fabian Beck,University of Bamberg;University of Bamberg;University of Bamberg,,"Game analytics,space-time cube,event visualization,immersive analytics,extended reality",,,20,,,,11298835,/mediastore/IEEE/content/media/11298682/11298713/11298835,6
VIS,2025,Multi-Focus Probes for Context-Preserving Network Exploration and Interaction in Immersive Analytics,10.1109/VIS60296.2025.00075,http://dx.doi.org/10.1109/VIS60296.2025.00075,346,350,C,"Immersive visualization of network data enables users to physically navigate and interact with complex structures, but managing transitions between detailed local (egocentric) views and global (exo-centric) overviews remains a major challenge. We present a multi-focus probe technique for immersive environments that allows users to instantiate multiple egocentric subgraph views while maintaining persistent links to the global network context. Each probe acts as a portable local focus, enabling fine-grained inspection and editing of distant or occluded regions. Visual and haptic guidance mechanisms ensure context preservation during multi-scale interaction. We demonstrate and discuss the usability of our technique for the editing of network data.",Eric Zimmermann;Stefan Bruckner,Eric Zimmermann;Stefan Bruckner,"University of Rostock, Germany;University of Rostock, Germany",,"Virtual Reality,Graph,Focus+Context,Interaction,Editing",,,36,,,,11298911,/mediastore/IEEE/content/media/11298682/11298713/11298911,3
VIS,2025,Walking Through Time: A Hybrid Immersive System for Spatial and Expressive Timeline Authoring,10.1109/VIS60296.2025.00076,http://dx.doi.org/10.1109/VIS60296.2025.00076,351,355,C,"This paper introduces a timeline authoring tool that integrates Augmented Reality and tablet-based spatial interaction, enabling users to create large-scale non-linear timelines by leveraging spatial cognition and embodied interaction. In this system, the AR headset provides a large, immersive space for visualizing and interacting with a room-sized 3D timeline, while the tablet allows for precise sketching, annotation, and sculpting of timeline structures such as curves and branches. We conducted a design workshop to explore the user experience with this tool, which supports the creation of diverse, expressive timelines for two datasets.",Veronica Vu;Yogesh Rai;Haeyong Chung,Veronica Vu;Yogesh Rai;Haeyong Chung,University of Alabama in Huntsville;University of Alabama in Huntsville;University of Alabama in Huntsville,,"Timeline,authoring,mobile,immersive analytics",,,34,,,,11298842,/mediastore/IEEE/content/media/11298682/11298713/11298842,4
VIS,2025,manvr3d: A Platform for Human-in-the-loop Cell Tracking in Virtual Reality,10.1109/VIS60296.2025.00077,http://dx.doi.org/10.1109/VIS60296.2025.00077,356,360,C,"We propose manvr3d, a VR platform for immersive, AI-assisted human-in-the-loop cell tracking. Life scientists reconstruct the developmental history of organisms at the cellular level by analyzing 3D time-lapse microscopy images acquired at high spatio-temporal resolution. However, reconstruction of cell trajectories and lineage trees is a highly time consuming and error prone task. Common tools are often limited to 2D image display, which greatly limits spatial understanding and navigation. Deep Learning-based algorithms accelerate this process, yet depend heavily on manually-annotated, high-quality ground truth data and curation. In this work, we bridge the gap between Deep Learning-based cell tracking software and 3D/VR visualization to create a hybrid AI-human-in-the-loop cell tracking system. We lift the incremental annotation, training and proofreading loop of the deep learning model into the third dimension and apply natural user interfaces like hand gestures and eye tracking to accelerate the cell tracking workflow for life scientists. We present here the technical architecture of our platform and first analysis of performance. Our code is released open source.",Samuel Pantze;Jean-Yves Tinevez;Matthew McGinity;Ulrik Günther,Samuel Pantze;Jean-Yves Tinevez;Matthew McGinity;Ulrik Günther,"CASUS, Görlitz, Germany & Helmholtz-Zentrum, Dresden-Rossendorf e.V., Dresden, Germany;Institut Pasteur, Université Paris Cité Image Analysis Hub (IAH), Paris, France;IXLAB, Technische Universität, Dresden, Germany;Helmholtz-Zentrum, Dresden-Rossendorf e.V., Dresden, Germany",,"Systems Biology,Virtual Reality,Microscopy,Cell Tracking,Volume Rendering,Eye Tracking",,,28,,,,11298768,/mediastore/IEEE/content/media/11298682/11298713/11298768,4
VIS,2025,Dichoptic Opacity: Managing Occlusion in Stereoscopic Displays via Dichoptic Presentation,10.1109/VIS60296.2025.00078,http://dx.doi.org/10.1109/VIS60296.2025.00078,361,365,C,"Adjusting transparency is a common method of mitigating occlusion but is often detrimental for understanding the relative depth relationships between objects as well as removes potentially important information from the occluding object. We propose using dichoptic opacity, a novel method for occlusion management that contrasts the transparency of occluders presented to each eye. This allows for better simultaneous understanding of both occluder and occluded. A user study highlights the technique’s potential, showing strong user engagement and a clear preference for dichoptic opacity over traditional presentations. While it does not determine optimal transparency values, it reveals promising trends in both percentage and range that merit further investigation.",George Bell;Alma Cantu,George Bell;Alma Cantu,Newcastle University;Newcastle University,,"IndexTerms: Occlusion,dichoptic presentation,transparency,3D surface,stereoscopy",,,10,,,,11298857,/mediastore/IEEE/content/media/11298682/11298713/11298857,3
VIS,2025,From Perception to Decision: Assessing the Role of Chart Type Affordances in High-Level Decision Tasks,10.1109/VIS60296.2025.00079,http://dx.doi.org/10.1109/VIS60296.2025.00079,366,370,C,"Visualization design influences how people perceive data patterns, yet most research focuses on low-level analytic tasks, such as finding correlations. The extent to which these perceptual affordances translate to high-level decision-making in the real world remains underexplored. Through a case study of academic mentorship selection using bar charts and pie charts, we investigated whether chart types differentially influence how students evaluate faculty research profiles. Our crowdsourced experiment revealed only minimal differences in decision outcomes between chart types, suggesting that perceptual affordances established in controlled analytical tasks may not directly translate to high-level decision scenarios. These findings emphasize the importance of evaluating visualizations within real-world contexts and highlight the need to distinguish between perceptual and decision affordances when developing visualization guidelines.",Yixuan Li;Emery D. Berger;Minsuk Kahng;Cindy Xiong Bearfield,Yixuan Li;Emery D. Berger;Minsuk Kahng;Cindy Xiong Bearfield,Georgia Tech;UMass Amherst and Amazon Web Services;Yonsei University;Georgia Tech,,"Visual Affordances,Decision-Making,Perception",,,41,,,,11298733,/mediastore/IEEE/content/media/11298682/11298713/11298733,5
VIS,2025,Comparing Pre-attentive Visual Variables in a Target Identification Task for Glanceable Visualizations,10.1109/VIS60296.2025.00080,http://dx.doi.org/10.1109/VIS60296.2025.00080,371,375,C,"In this paper, we evaluated the use of three pre-attentive visual variables, namely, area, color hue, and flicker, to highlight elements on four charts: bar chart, line chart, linear progress chart, and radial progress chart. We exposed 48 participants—using short time lapses of 250 ms—to a set of stimuli showing one of the four charts with the three visual variables. Then we examined the accuracy of their answers in identifying the highlighted target element under sedentary and walking conditions. Our results show that all three visual variables can be perceived with a medium to high accuracy rate, though performance varies depending on the mobility condition, the visual variable, and even the chart type. Among the visual variables, color and flicker yield the best target identification accuracy rates, while the area proves to be the least effective. The findings from our first investigation contribute to the design of efficient smartwatch micro visualizations that support glanceable and in-motion data reading. Supplemental material is available here.",Fairouz Grioui;Yasmin Amira Amzir;Nina Doerr;Tanja Blascheck,Fairouz Grioui;Yasmin Amira Amzir;Nina Doerr;Tanja Blascheck,University of Stuttgart;University of Stuttgart;University of Stuttgart;University of Stuttgart,,"Pre-attentive visual variables,micro visualization,mobile visualizations,smartwatch",,,20,,,,11298809,/mediastore/IEEE/content/media/11298682/11298713/11298809,2
VIS,2025,"Visualizing on the Wrist: Impact of Motion, Dial Shape and Visualization Type on Smartwatch",10.1109/VIS60296.2025.00081,http://dx.doi.org/10.1109/VIS60296.2025.00081,376,380,C,"Smartwatches increasingly serve as daily data analysis tools, yet their visualization designs face unique challenges: small screens, diverse dial shapes (round/square), and mobile usage contexts (sitting/walking). These factors may interact in unexpected ways, potentially compromising data readability during real-world use. Through a controlled experiment (N=32) comparing bar vs. radial visualizations across dial shapes and motion states, we found: (1) walking significantly reduces estimation accuracy, (2) bar charts consistently outperform radial variants by better supporting linear perception, and (3) radial bar graphs on square dials create particularly poor affordances than other combination. Our work provides the empirical evidence for how smartwatch dial factors, usage contexts and visualization design jointly impact data interpretation, offering concrete design guidelines for smartwatch visualization. Supplemental material is available at https://osf.io/k7fa3/.",Zhouxuan Xia;Fengyuan Liao;Jinyuan Du;Yu Liu,Zhouxuan Xia;Fengyuan Liao;Jinyuan Du;Yu Liu,"Xi’an Jiaotong-Liverpool University, Suzhou, China;Xi’an Jiaotong-Liverpool University, Suzhou, China;Xi’an Jiaotong-Liverpool University, Suzhou, China;Xi’an Jiaotong-Liverpool University, Suzhou, China",,"Smartwatch Visualization,Mobile Visualization,Human-Computer Interaction",,,27,,,,11298834,/mediastore/IEEE/content/media/11298682/11298713/11298834,3
VIS,2025,Evolving CAM16-UCS for Modular Accessible Perceptibility and Simultaneous Contrast Detection Tool for Geovisualization,10.1109/VIS60296.2025.00082,http://dx.doi.org/10.1109/VIS60296.2025.00082,381,385,C,"Accessibility is a foundational principle of effective visualization design, yet achieving perceptual accessibility remains a challenge for both experts and non-experts. Standards like the WCAG2 contrast ratio are intended to guide designers toward accessible color use but are increasingly misapplied as oversimplified and misunderstood shortcuts for achieving perceptual accessibility. This misuse highlights the need for more nuanced, perceptually grounded evaluation tools. In response, we present our Modular Accessible Perceptibility (MAP) contrast model and tool, which integrates advanced color appearance models to assess perceptibility and flag risks associated with simultaneous contrast. By augmenting the CAM16-UCS model with a CAM16 CCz simultaneous chromatic contrast calculation, our model can isolate and measure the predicted shift resulting from simultaneous contrast along the chroma axis. This enables a more refined evaluation of visual contrast that better reflects the complexities of human color perception. Additionally, our tool performs modularly segmented automated checks to assign MAP contrast index scores, offering a holistic assessment of a map’s visual accessibility. This paper details the development and validation of the MAP model and tool, underscoring accessibility and inclusive design as fundamental rights, and demonstrating their utility in advancing perceptual accessibility in geovisualization.",P. William Limpisathian;Susannah C. Cox,P. William Limpisathian;Susannah C. Cox,"NeuroCarto Research Group, University of Wisconsin-Madison;NeuroCarto Research Group, University of Wisconsin-Madison",,"accessibility,perception,cartography,design,WCAG,CIE,color appearance model",,,29,,,,11298896,/mediastore/IEEE/content/media/11298682/11298713/11298896,3
VIS,2025,Semantic Priming in Word Clouds,10.1109/VIS60296.2025.00083,http://dx.doi.org/10.1109/VIS60296.2025.00083,386,390,C,"While word clouds pack a lot of data into a relatively small area, it is unclear whether readers actually benefit from all of that information, or if they are only processing a few of the words shown. We sought to determine if words outside of a reader’s central vision were contributing to their interpretation by leveraging the semantic priming effect: a phenomenon in which participants will more quickly recognize a word if they have been recently ""primed"" with a word that is semantically related. We presented participants with word clouds containing related and unrelated words to see whether they might prime this lexical decision task more strongly than single words alone. We showed that the peripheral contents of a cloud do affect participant performance at this task, though more work is needed to understand the impacts of these differences in real-world settings.",Xingyi Zhang;Jake Jasmer;Ethan Masadde;Eric Alexander,Xingyi Zhang;Jake Jasmer;Ethan Masadde;Eric Alexander,Stanford University;Carleton College;Carleton College;Carleton College,,"Human-centered computing,Visualization,Empirical studies in visualization,word clouds,semantic priming,text perception",,,20,,,,11298720,/mediastore/IEEE/content/media/11298682/11298713/11298720,3
VIS,2025,Texture Semantics is Robust to Scaling,10.1109/VIS60296.2025.00084,http://dx.doi.org/10.1109/VIS60296.2025.00084,391,395,C,"Studies of visual semantics for information visualization aim to understand observers’ expectations about the meaning of visual features (e.g., color, texture) because visualizations that align with those expectations are easier to interpret. Previous work on visual semantics focused primarily on color, with the implicit assumption that color semantics is unaffected by changes in the size of the visualization (given sufficient perceptual discriminability across sizes). Changing size from small scale (e.g., small figures in a paper) to large scale (e.g., large figures in a slide presentation) is straightforward for visualizations that have solid colored regions, but can be more complicated for visualizations with heterogeneous textures because there are multiple ways to scale textures—zooming or repeating texture elements. Previous work suggested that original textures were more perceptually similar to repeat-scaled rather than zoom-scaled textures. Here, we found that texture semantics was preserved after both types of enlargement, suggesting that texture semantics is robust to scaling, at least for geometric textures in which elements are visible at all scales.",Zoe S. Howard;Karen B. Schloss,Zoe S. Howard;Karen B. Schloss,University of Wisconsin–Madison;University of Wisconsin–Madison,,"information visualization,perceptual semantics,visual reasoning,texture perception,visual communication",,,18,,,,11298867,/mediastore/IEEE/content/media/11298682/11298713/11298867,6
VIS,2025,Global Extrema Bias Perception and Recall of Average Data Values in Line Charts,10.1109/VIS60296.2025.00085,http://dx.doi.org/10.1109/VIS60296.2025.00085,396,400,C,"Experiments in visualization perception demonstrate that people can perceive positions highly accurately. However, position encodings can be susceptible to systematic biases depending on the intrinsic properties of the visualized data, such as its shape and cognitive processes of memory and perception. Using line charts as a case study, we investigate how the shape of data, such as local and global extrema, can bias the perception and recall of average data values. In two studies, participants estimated the average data values in a line chart by adjusting a slider with their mouse. We found that participants’ estimates were systematically biased toward the direction of the global extremum. When multiple salient extrema were present, estimates appeared influenced by several extrema simultaneously but ultimately leaned toward the global extremum. Notably, the strength of this bias varied depending on whether participants were perceiving or recalling the mean. This work advances our understanding of how extrema influence perception and memory, potentially exaggerating or underestimating critical trends and contributing to a skewed interpretation of data. These findings offer valuable guidance for the design of narrative visualization tools and data storytelling strategies.",Tejas Savalia;Andrew Lovett;Cristina Ceja;Rosemary Cowell;Cindy Xiong Bearfield,Tejas Savalia;Andrew Lovett;Cristina Ceja;Rosemary Cowell;Cindy Xiong Bearfield,Emory University;Naval Research Laboratory;Northwestern University;University of Colorado Boulder;Georgia Institute of Technology,,"Data visualization,Memory,Perception,Shape,Global Maxima and Minima",,,31,,,,11298846,/mediastore/IEEE/content/media/11298682/11298713/11298846,2
