Year,DOI,ArticleNumber,PaperType,ImageType,Number,ImageFileName,Page,Left,Top,Right,Bottom,PageWidth,PageHeight,Confidence,IEEECount,CaptionOrLatex,DriveFileId
2021,10.1109/TVCG.2021.3114797,9552903,J,Table,1,tvcg_2021_3114797_table_1.png,8,1172,1213,2232,1439,2352,3213,0.941,1,Table 1. Results of the system usability scale [45] with four engineers.,1VowQyd32iWJOWiuLRELGjLh77iblRY4C
2021,10.1109/TVCG.2021.3114808,9552927,J,Equations,1,tvcg_2021_3114808_eq_1.png,3,551,1792,1177,1851,2352,3213,0.919,5,,1vpUWDcLiMZDSnFgrwYQ9Fclxh76gK0BS
2021,10.1109/TVCG.2021.3114808,9552927,J,Equations,2,tvcg_2021_3114808_eq_2.png,4,1294,1403,2234,1812,2352,3213,0.712,5,,1FMwQvFqKHGZJjlIXGbHWrylOS2YYoK6C
2021,10.1109/TVCG.2021.3114808,9552927,J,Equations,3,tvcg_2021_3114808_eq_3.png,4,1200,1974,2188,2232,2352,3213,0.947,5,,135ucyHt7V1ZfVkWNiWmfL9_SgFZVOzTb
2021,10.1109/TVCG.2021.3114808,9552927,J,Equations,4,tvcg_2021_3114808_eq_4.png,5,167,207,1182,266,2352,3213,0.631,5,,1riJVCqkBan7YAKJ8Ttzo1e6sZBPins9f
2021,10.1109/TVCG.2021.3114808,9552927,J,Equations,5,tvcg_2021_3114808_eq_5.png,5,1599,1164,2270,1280,2352,3213,0.93,5,,1608lNnITSrjeZ-uuu1ls2pGyCQmh_PPo
2021,10.1109/TVCG.2021.3114808,9552927,J,Equations,6,tvcg_2021_3114808_eq_6.png,6,377,2300,1137,2369,2352,3213,0.922,5,,1xnibLAUS-1TPdGyB1Gb5L6I50NXPahhg
2021,10.1109/TVCG.2021.3114801,9555226,J,Table,1,tvcg_2021_3114801_table_1.png,3,1214,206,2272,396,2352,3213,0.964,4,,1CUU_mj5HB9fpgeiHnaFqOLDdYrS8CLOD
2021,10.1109/TVCG.2021.3114801,9555226,J,Table,2,tvcg_2021_3114801_table_2.png,4,82,207,1136,382,2352,3213,0.95,4,,1zwoYQmwx9dNqDndnvWqfunz611SeZ7Ax
2021,10.1109/TVCG.2021.3114801,9555226,J,Table,3,tvcg_2021_3114801_table_3.png,4,1179,206,2237,400,2352,3213,0.96,4,,17cyjaiFPuWm-M4MMo2EBXx0Jb2bkNqho
2021,10.1109/TVCG.2021.3114801,9555226,J,Algorithms,1,tvcg_2021_3114801_alg_1.png,6,80,168,1140,718,2352,3213,1.0,1,Algorithm 1: Cleaning obtained chains to get selected ones,1KSnODTZUSHrkihdGsal-SpY8LQYJZEex
2021,10.1109/TVCG.2021.3114801,9555226,J,Equations,1,tvcg_2021_3114801_eq_1.png,6,325,1460,1136,1576,2352,3213,0.95,1,"\begin{equation*}
matching(b i c_{A B}, b i c_{B C})=\frac{\vert b_{j} \cap b_{m}\vert}{\vert b_{j} \cup b_{m}\vert}
\tag{1}
\end{equation*}",1bh_khxmeACMchinrX6ZnfYi-j4wKhb9k
2021,10.1109/TVCG.2021.3114819,9645370,J,Equations,1,tvcg_2021_3114819_eq_1.png,2,482,2361,1139,2480,2358,3217,0.925,6,"\begin{equation*}
Q= \frac{\Delta pL(\varepsilon A)^{3}}{\eta kS^{2}}
\tag{1}
\end{equation*}",1nZVuEDb4nsGe6suVCHisnl2UQK0zsPyX
2021,10.1109/TVCG.2021.3114819,9645370,J,Equations,2,tvcg_2021_3114819_eq_2.png,2,351,2621,1140,2757,2358,3217,0.947,6,"\begin{equation*}
SSA=\frac{S}{M}=\sqrt{\frac{\varepsilon^{3} A \Delta p}{(1-\varepsilon)^{2} L k \eta Q \rho_{S}^{2}}}
\tag{2}
\end{equation*}",17WvpHfwayBS-7MAUzyg5J9DwpjGsYSjG
2021,10.1109/TVCG.2021.3114819,9645370,J,Equations,3,tvcg_2021_3114819_eq_3.png,2,349,2897,1141,3034,2358,3217,0.951,6,"\begin{equation*}
d=\frac{6}{\rho_{s}SSA}=6\sqrt{\frac{(1-\varepsilon)^{2} L k \eta Q }{\varepsilon^{3}A\Delta p}}
\tag{3}
\end{equation*}",10UZoedgSUu08OCDcEpD02Ib4PZTGOXe4
2021,10.1109/TVCG.2021.3114819,9645370,J,Equations,4,tvcg_2021_3114819_eq_4.png,4,1526,2800,2233,2909,2352,3212,0.71,6,"\begin{equation*}
u(r)=\frac{\Delta p}{4\eta L}[R^{2}-r^{2}],
\tag{4}
\end{equation*}",1LrdOSw-IiVci1WC5iChJeWBd-6nUmMAZ
2021,10.1109/TVCG.2021.3114819,9645370,J,Equations,5,tvcg_2021_3114819_eq_5.png,5,326,331,1176,447,2352,3212,0.947,6,"\begin{equation*}
Q_{p i p e}=\frac{\Delta p}{4 \eta L} \sum_{q} a(q)(R^{2}-(R-d(q))^{2}),
\tag{5}
\end{equation*}",1lfEFf16e0TaUV3ef9BI42RfG32zIJIiD
2021,10.1109/TVCG.2021.3114819,9645370,J,Equations,6,tvcg_2021_3114819_eq_6.png,5,1658,1603,2270,1715,2352,3212,0.939,6,"\begin{equation*}
C=\frac{\pi r^{4}}{8\eta L}
\tag{6}
\end{equation*}",1Esr6yvVk3Zxhl-mgk6vbaIPZ9hMUENHX
2021,10.1109/TVCG.2021.3114819,9645370,J,Table,1,tvcg_2021_3114819_table_1.png,7,190,2104,2197,2559,2352,3212,0.933,2,"Table 1: Comparison of fisher measured flow-permeable surface area and conductance vis-a-vis MSC-PNM for three different sphere packing distributions. The left table contains the experimental measurements of the material: porosity $\varepsilon$ is computed from measured density, mass, and volume of the packed sample; the surface area $S_{f}(m^{2})$ and the conductance $\eta C_{f}(m^{3})$ are calculated from the volumetric flow rate measured by the fisher apparatus, by equation 1. The middle table lists the flow-permeable surface area computed using clipped isosurface $S(m^{2})$, the conductance estimated from this surface area, $\eta C_{iso}(m^{3})$, by applying 1, and the conductance computed with our PNM, $\eta C_{pnm}(m^{3})$. The right table shows the factors between the experimentally measured and computed surface areas, $\frac{S_{f}}{S}$, the conductance derived from the surface area, $\frac{C_{f}}{C_{iso}}$, and the PNM conductance, $\frac{C_{f}}{C_{pnm}}$. The relative order between materials, ordered by conductivity from most to least, matches between the spheres and between the HE materials.",11B0wnfMOigfm8f92yPMth1nXD_3z56nu
2021,10.1109/TVCG.2021.3114819,9645370,J,Table,2,tvcg_2021_3114819_table_2.png,9,116,151,1154,539,2352,3212,0.961,2,"Table 2: For the packed spheres (top) and HE materials (bottom), we compute the average length traveled by an electron, $L_{e}$, the average shortest path between inflow and outflow $L_{sp}$, both normalized by the length of the image cube. The factor between these two $L_{corr}$ is used to correct the conductance value and recompute the scale factor between measured and computed conductance.",1545_Noz_mwWM-2NYKvsz_udO3bvyNlBH
2021,10.1109/TVCG.2021.3114828,9552200,J,Equations,1,tvcg_2021_3114828_eq_1.png,7,1255,2015,2223,2332,2352,3213,0.737,2,"\begin{align*}
&\frac{1}{k}\sum\limits_{i=1}^{k}\gamma(R_{i}, D_{i}^{\prime}) > T_{\text{group}}\quad\wedge\quad \forall i=1..k, \gamma(R_{i}, D_{i}^{\prime}) > T_{\text{stream}}\\
\wedge\quad&\frac{2}{k(k-1)}\sum\limits_{i=1}^{k-1} \sum\limits_{j=i+1}^{k}\lambda(D_{i}^{\prime}, D_{j}^{\prime}) > S_{\text{allpair}}\\
\wedge\quad&\forall i=1..k, j=1..k, i\neq j, \lambda(D_{i}^{\prime}, D_{j}^{\prime}) > S_{\text{pair}}
\end{align*}",18yoZpSkalS2Ox4YInGDGLj-75t1TfW0Z
2021,10.1109/TVCG.2021.3114828,9552200,J,Equations,2,tvcg_2021_3114828_eq_2.png,8,115,2120,1098,2244,2352,3213,0.938,2,"\begin{equation*}S(G_{a})= \frac{W}{k}\left(\sum\limits_{i=1}^{k}\gamma(R_{i},D_{i}^{a})\right)+\frac{2(1-W)}{k(k-1)}\left(\sum\limits_{i=1}^{k-1}\sum\limits_{j=i+1}^{k}\lambda(D_{i}^{a},D_{j}^{a})\right)\end{equation*}",1Y2ha4nlyl0XHm6rh5h5JoQVfMkYOzZ5b
2021,10.1109/TVCG.2021.3114782,9552592,J,Equations,1,tvcg_2021_3114782_eq_1.png,2,1560,2507,2232,2574,2352,3213,0.924,13,"\begin{equation*}
V=[D_{V},C_{V},E_{V}], \tag{1}
\end{equation*}",13Bskbx_0V6t4lIpbwMU7zMseNT7PCPTB
2021,10.1109/TVCG.2021.3114782,9552592,J,Equations,2,tvcg_2021_3114782_eq_2.png,3,513,896,1175,958,2352,3213,0.915,13,"\begin{equation*}
Loss (\mathbb{S}\rightarrow \mathbb{T};M) \tag{2}
\end{equation*}",1VNa95eF-gewjBVgX-oV0itIYxtPA7KBv
2021,10.1109/TVCG.2021.3114782,9552592,J,Equations,3,tvcg_2021_3114782_eq_3.png,3,1473,283,2270,347,2352,3213,0.919,13,"\begin{gather*}
P(U_{\mathbb{S}}.c=x)= Count_{i}(e_{i}.c=x)/n \tag{3}\\
H(E_{\mathbb{S}}.c)=- \sum\limits_{x}P(U_{\mathbb{S}}.c=x) \log_{2}P(U_{\mathbb{S}}.c=:x) \tag{4}
\end{gather*}",1QebyBSktsWC6odmssLpS9w5yiL6xOdGs
2021,10.1109/TVCG.2021.3114782,9552592,J,Equations,4,tvcg_2021_3114782_eq_4.png,3,1387,363,2270,458,2352,3213,0.918,13,"\begin{equation*}
Loss(\mathbb{S}\rightarrow \mathbb{T}; \text{Identification}) = \sum\limits_{c}\vert H(E_{\mathbb{S}}.c)-H(E_{\mathbb{T}}.c)\vert, \tag{5}
\end{equation*}",1ruR1TEancSZUp1aw8aEK_0nAarriTZhm
2021,10.1109/TVCG.2021.3114782,9552592,J,Equations,5,tvcg_2021_3114782_eq_5.png,3,1316,790,2271,883,2352,3213,0.95,13,"\begin{equation*}
Loss (\mathbb{S}\rightarrow \mathbb{T}; \text{Comparison}) = \sum\limits_{c}EMD(B_{\mathbb{S}}.c, B_{\mathbb{T}}.c^{\prime}), \tag{6}
\end{equation*}",1gP74CyuPPOZkCbVdOki2nslfw0x52nlw
2021,10.1109/TVCG.2021.3114782,9552592,J,Equations,6,tvcg_2021_3114782_eq_6.png,3,1344,1785,2271,1881,2352,3213,0.952,13,"\begin{equation*}
B_{\mathbb{S}}.c=\{d_{c}(e_{i}.c, e_{j}.c):e_{i}.c, e_{j}.c\in E_{\mathbb{S}}.c\}, \tag{7}
\end{equation*}",1C9KQKxOoXX9tjSm7Qy2GoXqxxld829qP
2021,10.1109/TVCG.2021.3114782,9552592,J,Equations,7,tvcg_2021_3114782_eq_7.png,3,1423,2234,2270,2302,2352,3213,0.923,13,"\begin{equation*}
d_{position}(e_{i}. position, e_{j}.position)=\vert e_{i}.position-e_{j}.position\vert \tag{8}
\end{equation*}",19Pi_xAxdrzrLUBvGVtbR4BVHukc5FlDw
2021,10.1109/TVCG.2021.3114782,9552592,J,Equations,8,tvcg_2021_3114782_eq_8.png,4,126,479,1137,541,2352,3213,0.934,13,"\begin{equation*}
d_{size} (e_{i}.size, e_{j}. size) =\vert e_{i}. size-e_{j}. size\vert ^{0.7} \tag{9}
\end{equation*}",1ueW9sG-YvUHTeQSi9az9VkxV8P5Cbo36
2021,10.1109/TVCG.2021.3114782,9552592,J,Equations,9,tvcg_2021_3114782_eq_9.png,4,280,697,2233,785,2352,3213,0.937,13,"\begin{gather*}
d_{color} (e_{i}.color, e_{j}. color)= \qquad\qquad\qquad\qquad\qquad\qquad\qquad\qquad\qquad\qquad\\
\sqrt{(e_{i}.L- e_{j}.L)^{2}+(e_{i}a- e_{j}.a)^{2} + (e_{i}.b- e_{j}.b)^{2}}, \tag{10}
\end{gather*}",1sMFlX7kKALwq0A32V_Sbl2phHpHFGGBY
2021,10.1109/TVCG.2021.3114782,9552592,J,Equations,10,tvcg_2021_3114782_eq_10.png,4,129,895,1041,1043,2352,3213,0.922,13,"\begin{gather*}
d_{shape} (e_{i}. shape, e_{j}. shape) =\qquad\qquad\qquad\qquad\qquad\qquad\qquad\qquad\qquad\qquad\qquad\\
P (e_{i}.shape is discriminated from e_{j}.shape)\tag{11}
\end{gather*}",1bcWVUl7K_4nmPxLkDSRYAVOqFb3o8KRi
2021,10.1109/TVCG.2021.3114782,9552592,J,Equations,11,tvcg_2021_3114782_eq_11.png,4,1247,719,2233,817,2352,3213,0.945,13,"\begin{equation*}
Loss (\mathbb{S}\rightarrow \mathbb{T}; \text{Trend}) = \sum\limits_{m}A(LOESS(m_{\mathbb{S}}),LOESS(m_{\mathbb{T}})) \tag{12}
\end{equation*}",1i6L8bf8f_IyF-k2mNFlFCswIpMpaRMBf
2021,10.1109/TVCG.2021.3114782,9552592,J,Equations,12,tvcg_2021_3114782_eq_12.png,7,184,2219,1176,2349,2352,3213,0.908,13,"\begin{equation*}
y_{i}=\begin{cases}
1, & \text{if}\ \mathbf{x}_{i}^{(1)}\ \text{more often appears higher than}\ \mathbf{x}_{i}^{(2)}\\
-1, & \text{otherwise}
\end{cases} \tag{13}
\end{equation*}",1Dlp3OyYr0QDY3UpQBSVE1xsWGnEvq844
2021,10.1109/TVCG.2021.3114782,9552592,J,Equations,13,tvcg_2021_3114782_eq_13.png,7,157,2895,1132,3026,2352,3213,0.917,13,"\begin{equation*}
f(g(\mathbf{x}^{(1)},\mathbf{x}^{(2)}))=\begin{cases}
1, & \text{if}\ \mathbf{x}^{(1)}\ \text{appears higher in the ranking}\\
-1, & \text{if}\ \mathbf{x}^{(2)}\ \text{appears higher in the ranking}
\end{cases},\tag {14}
\end{equation*}",1NTJRY45oEx9SOwjooLoUUVESAXUDiMFQ
2021,10.1109/TVCG.2021.3114782,9552592,J,Table,1,tvcg_2021_3114782_table_1.png,7,1212,367,2274,925,2352,3213,0.965,2,,1LnKRjq26l1Y1AXyecl8n9AR799flbryi
2021,10.1109/TVCG.2021.3114782,9552592,J,Table,2,tvcg_2021_3114782_table_2.png,8,78,326,1808,810,2352,3213,0.961,2,,1jr77ZZldscpoX0SYE-gHzDPDklieCGcm
2021,10.1109/TVCG.2021.3114782,9552592,J,Table,3,tvcg_2021_3114782_table_3.png,8,1836,323,2237,808,2352,3213,0.89,2,,1c3I6GNBioGyU_8UO42OP5R-bU2--vbiY
2021,10.1109/TVCG.2021.3114876,9557192,J,Table,1,tvcg_2021_3114876_table_1.png,9,118,236,2271,773,2352,3213,0.974,1,"Table 1. Comparison of Gosling.js with popular genomics visualization tools that support customization. •, ○, and – inside each cell indicates that the corresponding tool supports, partly support, or does not support the principle, respectively.",1HMiJMRXY4nrbxwBIZaT8IR2021QecImC
2021,10.1109/TVCG.2021.3114810,9555227,J,Table,1,tvcg_2021_3114810_table_1.png,5,354,1308,969,1490,2352,3213,0.961,1,"Table 1. Example of 3 transactions containing 4 symptoms: Fatigue, drowsiness, pain, and swallow.",1af1jW1FGLxXqFZSVxiw_VZl2GVsvNOk-
2021,10.1109/TVCG.2021.3114810,9555227,J,Equations,1,tvcg_2021_3114810_eq_1.png,5,584,1982,708,2034,2352,3213,0.915,7,\begin{equation*}X\rightarrow Y\end{equation*},1qnCza7-o-oakGjyi2T4kq7NF9TF9w6VJ
2021,10.1109/TVCG.2021.3114810,9555227,J,Equations,2,tvcg_2021_3114810_eq_2.png,5,441,2200,854,2262,2352,3213,0.826,7,\begin{equation*}\{\text{fatigue}\}\rightarrow\{\text{drowsiness}\}\end{equation*},1JmyZtDAUHnWiKYlM8Qd3I2wuc9uuEtec
2021,10.1109/TVCG.2021.3114810,9555227,J,Equations,3,tvcg_2021_3114810_eq_3.png,5,550,2684,745,2794,2352,3213,0.926,7,\begin{equation*}\sigma(S)=\frac{\vert S\vert}{\vert T\vert}\end{equation*},1062qKEbRgRX4gNeB-zhiwhpPqVEyt86Y
2021,10.1109/TVCG.2021.3114810,9555227,J,Equations,4,tvcg_2021_3114810_eq_4.png,5,1544,1258,1939,1370,2352,3213,0.932,7,"\begin{equation*}\lambda(X, Y)=\frac{\sigma(X\cup Y)}{\sigma(X)\times\sigma(Y)}\end{equation*}",1sZcKdkxPxaYKL50S11NoNz4h7ZF9ptcR
2021,10.1109/TVCG.2021.3114810,9555227,J,Equations,5,tvcg_2021_3114810_eq_5.png,5,1216,1444,2261,1546,2352,3213,0.926,7,"\begin{equation*}\lambda (\{\text{fatigue}\},\{\text{drowsiness}\}) = \frac{\sigma(\{\text{fatigue},\text{drowsiness}\})}
{\sigma(\{\text{fatigue}\})\times\sigma(\{\text{drowsiness}\})}\end{equation*}",1v2TLIva7Enqd4_ADk0XV74ukzn79PHGV
2021,10.1109/TVCG.2021.3114810,9555227,J,Equations,6,tvcg_2021_3114810_eq_6.png,6,472,2362,740,2468,2352,3213,0.936,7,\begin{equation*}\theta=\frac{\theta_{max}\cdot\Delta r_{t+1}}{2\cdot\Delta r_{max}}\end{equation*},1YKYlGkkctq8dWg1UBGXsmm53t_j7YuSv
2021,10.1109/TVCG.2021.3114810,9555227,J,Equations,7,tvcg_2021_3114810_eq_7.png,6,422,2589,799,2652,2352,3213,0.923,7,\begin{equation*}\Delta r_{t+1}=r(t+1)-r(t);\end{equation*},1VuHrSYCkRQS1oUq0iu2qoDCKjzHQD2XZ
2021,10.1109/TVCG.2021.3114851,9552241,J,Equations,1,tvcg_2021_3114851_eq_1.png,5,534,875,1176,997,2352,3213,0.92,5,"\begin{equation*}\mathbf{z}=\sum\limits_{k=1}^{K}a_{k}\mathbf{h}_{k},\tag{1}\end{equation*}",1JbnY3WSnjZ_roP9LscE_MJAwTdmm_MEo
2021,10.1109/TVCG.2021.3114851,9552241,J,Equations,2,tvcg_2021_3114851_eq_2.png,5,375,1043,1176,1195,2352,3213,0.953,5,\begin{equation*}a_{k}= \frac{\exp\{\mathbf{w}^{\mathsf{T}}\tanh(\mathbf{Vh}_{k}^{\mathsf{T}})\}}{\sum\nolimits_{j=1}^{K}\exp\left\{\mathbf{w}^{\mathsf{T}}\tanh\left(\mathbf{Vh}_{j}^{\mathsf{T}}\right)\right\}}\tag{2}\end{equation*},1yZyTpF5F0G-i5Tjy8D-kVz2c9HPGIGHa
2021,10.1109/TVCG.2021.3114851,9552241,J,Equations,3,tvcg_2021_3114851_eq_3.png,5,301,1363,1176,1491,2352,3213,0.954,5,"\begin{equation*}L_{\text{CE}}=- \frac{1}{N}\sum\limits_{i=1}^{N}\sum\limits_{c=0}^{1}p(Y_{i}=c)\log(q(Y_{i}=c)),\tag{3}\end{equation*}",1k2kG-O2Hf62kdSxmWsZJw3TX3GBSBEZw
2021,10.1109/TVCG.2021.3114851,9552241,J,Equations,4,tvcg_2021_3114851_eq_4.png,5,466,1669,1176,1730,2352,3213,0.907,5,"\begin{equation*}L_{Total}=L_{CE}+\lambda L_{AW},\tag{4}\end{equation*}",1l36gLFnKnMsfY_9eIxbltuhFl4xRcJpc
2021,10.1109/TVCG.2021.3114851,9552241,J,Equations,5,tvcg_2021_3114851_eq_5.png,5,465,1782,1176,1903,2352,3213,0.913,5,\begin{equation*}L_{AW}= \sum\limits_{i=2}^{K}(a_{i}-a_{i-1})^{2}\tag{5}\end{equation*},1ASHk1Vh1C_eDEvw37cU2xNfOL7_2RHgi
2021,10.1109/TVCG.2021.3114786,9557792,J,Equations,1,tvcg_2021_3114786_eq_1.png,6,1473,1115,2233,1239,2352,3213,0.935,1,\begin{equation*}\frac{1}{c}\sum\limits_{c=1}^{C}\sum\limits_{i=1}^{N}((x_{i}-y_{i})^{2}/(x_{i}+y_{i}))\tag{1}\end{equation*},1PlzrkSnS9X447KbfMGIFuJhiDbXkXbAW
2021,10.1109/TVCG.2021.3114839,9555911,J,Equations,1,tvcg_2021_3114839_eq_1.png,3,1288,3002,2271,3074,2352,3213,0.93,15,,1iqMJFzrWm0LaYw3584arRDPIg0Hm6Sve
2021,10.1109/TVCG.2021.3114839,9555911,J,Equations,2,tvcg_2021_3114839_eq_2.png,4,566,1244,1138,1356,2352,3213,0.603,15,,1pWhN0VcQ04FOF97YhxOHZ-ciUFJg8TNq
2021,10.1109/TVCG.2021.3114839,9555911,J,Equations,3,tvcg_2021_3114839_eq_3.png,4,567,1354,1137,1482,2352,3213,0.735,15,,1tCdOkH_Nm0o0zmBmE5DysUXwqfR-dR8p
2021,10.1109/TVCG.2021.3114839,9555911,J,Equations,4,tvcg_2021_3114839_eq_4.png,4,288,1866,851,1996,2352,3213,0.933,15,,1B0TDoNe2-avsgMWndUPQftB0RpBrqULs
2021,10.1109/TVCG.2021.3114839,9555911,J,Equations,5,tvcg_2021_3114839_eq_5.png,4,256,2300,1137,2410,2352,3213,0.928,15,,100Dsp50f7xxUwT0r3rRmp7W_otM_0MsJ
2021,10.1109/TVCG.2021.3114839,9555911,J,Equations,6,tvcg_2021_3114839_eq_6.png,5,201,531,1176,639,2352,3213,0.79,15,,1INY80O9He29vuMpCJvnzfr3m7TMuOkjb
2021,10.1109/TVCG.2021.3114839,9555911,J,Equations,7,tvcg_2021_3114839_eq_7.png,5,637,637,1176,716,2352,3213,0.636,15,,13tEv_CQTxBsKGyLPe_Qcr4pgcf_kY5ob
2021,10.1109/TVCG.2021.3114839,9555911,J,Equations,8,tvcg_2021_3114839_eq_8.png,5,722,743,1176,871,2352,3213,0.614,15,,1p4x0Ia4U5_2jI93fa12M3MimfXevsqeU
2021,10.1109/TVCG.2021.3114839,9555911,J,Equations,9,tvcg_2021_3114839_eq_9.png,5,360,1513,1177,1713,2352,3213,0.955,15,,1p0t2BYkfxmqxFxx4UhwfovDYE9bUTE59
2021,10.1109/TVCG.2021.3114839,9555911,J,Equations,10,tvcg_2021_3114839_eq_10.png,5,128,2963,1177,3075,2352,3213,0.94,15,,11wJf58qINNPGNu1W_YsNj1LzemucIw4H
2021,10.1109/TVCG.2021.3114839,9555911,J,Equations,11,tvcg_2021_3114839_eq_11.png,5,1226,1204,2271,1292,2352,3213,0.404,15,,1x5xPkb8tDcLrY_sPfGuuaMyG3LAeqZLH
2021,10.1109/TVCG.2021.3114839,9555911,J,Equations,12,tvcg_2021_3114839_eq_12.png,5,1667,1293,2250,1388,2352,3213,0.701,15,,1H8mmY8OR6PSl08VjAM4EuU1qbaTkarIC
2021,10.1109/TVCG.2021.3114839,9555911,J,Equations,13,tvcg_2021_3114839_eq_13.png,5,1234,1504,2248,1860,2352,3213,0.963,15,,14owu6YThg3XgNVGVkfEanfyqmyJFehwd
2021,10.1109/TVCG.2021.3114839,9555911,J,Equations,14,tvcg_2021_3114839_eq_14.png,6,340,1576,1138,1642,2352,3213,0.925,15,,1IaQQO8AaOK_UNahGQM6V1swSMAg9TSQU
2021,10.1109/TVCG.2021.3114839,9555911,J,Equations,15,tvcg_2021_3114839_eq_15.png,6,346,1778,1138,1843,2352,3213,0.922,15,,1HFoRh_RDBUbya9xcJ8jwdj15WC9gg1CD
2021,10.1109/TVCG.2021.3114839,9555911,J,Equations,16,tvcg_2021_3114839_eq_16.png,6,338,1987,1137,2054,2352,3213,0.924,15,,1zBroDoy2g2Q9zJhDZnKqhxCjuBT8L5eB
2021,10.1109/TVCG.2021.3114839,9555911,J,Equations,17,tvcg_2021_3114839_eq_17.png,6,1401,1301,1930,1442,2352,3213,0.93,15,,1JQvL0zZm8dpO5kFHRbW7Kv8OsrkWvdqt
2021,10.1109/TVCG.2021.3114839,9555911,J,Equations,18,tvcg_2021_3114839_eq_18.png,7,322,2368,887,2476,2352,3213,0.945,15,,1zdCDvVtDrwLgfk1YEZZWJ_A8zFLhws3B
2021,10.1109/TVCG.2021.3114839,9555911,J,Equations,19,tvcg_2021_3114839_eq_19.png,7,1420,1303,1973,1469,2352,3213,0.944,15,,1GE_IQ-uatcFZg3HIX6GYKdYhIzawV0z4
2021,10.1109/TVCG.2021.3114839,9555911,J,Table,1,tvcg_2021_3114839_table_1.png,9,153,288,1133,649,2352,3213,0.35,1,"Table 1. Running times (in seconds, 10 run average) of our approach for the barycenter computation, with respect to $W_{2}^{\mathscr{D}}(\varepsilon_{1}=1$, sec. 3.3, sequential) and to our new metric $W_{2}^{\mathscr{J}}$ (sequential, then with 20 cores).",1-0MGSptzHH1mm0tqaDZPGc8VcQeGtifW
2021,10.1109/TVCG.2021.3114872,9552880,J,Equations,1,tvcg_2021_3114872_eq_1.png,2,1196,1168,2207,1312,2352,3213,0.941,5,"\begin{equation*}
d_{q}(p_{1},p_{2}):= \min_{M}\left(\sum_{(a,b)\in M}\Vert a-b\Vert _{\infty}^{q}+\frac{1}{2q-1}\sum_{a\in M^{c}}\vert a_{x}-a_{y}\vert ^{q}\right)^{1/q},
\end{equation*}",1AQ0h8Pj3gwE_IQImW_94VxZeOGkOcsvK
2021,10.1109/TVCG.2021.3114872,9552880,J,Table,1,tvcg_2021_3114872_table_1.png,4,336,747,878,874,2352,3213,0.492,8,Table 1: Comparison of vectorized representations using fowlkes-mallows score. Values closer to one are better.,12wdjSYNHjOghvSx2KBnQiUwHQdlI52Jd
2021,10.1109/TVCG.2021.3114872,9552880,J,Equations,2,tvcg_2021_3114872_eq_2.png,4,1395,982,1985,1139,2352,3213,0.951,5,"\begin{equation*}
\mathrm{h}^{\prime}(v_{i})^{k}=\begin{cases}
+1 & \ \text{for} \qquad x^{k}\geq 1\\
x^{k} & \text{for} \qquad 1\geq x^{k}\geq-1\\
-1 & \text{for} \qquad x^{k}\leq-1,
\end{cases}
\end{equation*}",14oCg5XhXSFy5hUB2-Ex5QqSROb7_L1WY
2021,10.1109/TVCG.2021.3114872,9552880,J,Equations,3,tvcg_2021_3114872_eq_3.png,4,1432,2214,1973,2312,2352,3213,0.938,5,"\begin{equation*}
l_{sim}= \frac{1}{2}\Vert \mathbf{S}^{B}-\mathbf{S}^{P}\Vert ^{2}+\Vert \mathbf{B}^{\prime}-\mathbf{B}\Vert ^{2},
\end{equation*}",1_ZWurOpsHdDKidNV4vglQGYTzxMO0i7T
2021,10.1109/TVCG.2021.3114872,9552880,J,Equations,4,tvcg_2021_3114872_eq_4.png,5,422,1991,875,2225,2352,3213,0.94,5,"\begin{align*}
&\mathbf{W} \leftarrow \mathbf{W}-\tau \nabla \mathbf{w}\ (l_{sim}+l_{dia}) \\
&\phi \leftarrow \phi-\tau \nabla_{\phi}\ (l_{sim}+l_{dia}) \\
&\theta \leftarrow \theta-\tau \nabla_{\theta}\ (l_{dia}+l_{adv}) \\
&\sigma \leftarrow \sigma+\tau \nabla \sigma\ l_{adv}
\end{align*}",1UMimhOB1Clb4Y6y-IHV5U1fZLsr0NuUy
2021,10.1109/TVCG.2021.3114872,9552880,J,Table,2,tvcg_2021_3114872_table_2.png,6,83,316,2239,728,2352,3213,0.981,8,"Table 2: Running times (in seconds) for the approaches outlined in this work to compute the distance matrix of the datasets with N diagrams with average persistence points (avg pts). Wasserstein (W1), hera, 2D histograms (hw), progressive wasserstein (pw), persistence images (pi), betti curves (bc), and our approach are provided. The speedup of our approach compared to the next fastest is also provided.",1UDg-CdjqBZnAsuRrCTAcNlB9OyL_zNnj
2021,10.1109/TVCG.2021.3114872,9552880,J,Table,3,tvcg_2021_3114872_table_3.png,6,75,1038,1142,1322,2352,3213,0.953,8,"Table 3: Comparison of clustering results with different training sets using fowlkes-mallows score, the model-20 indicates we use a synthetically random persistence diagram with 20 persistence points each for training, 50 is with 50 persistence points and 100 is with 100 persistence points.",1_5Rayw7eBoIrx2rNIhGKAvJtBimqOaf8
2021,10.1109/TVCG.2021.3114872,9552880,J,Equations,5,tvcg_2021_3114872_eq_5.png,6,277,1562,944,1682,2352,3213,0.945,5,"\begin{equation*}
FMS(\mathfrak{C}_{1},\mathfrak{C}_{2})=\frac{TP}{\sqrt{(TP+FP)(TP+FN)}},
\end{equation*}",1Gqgc6-OV3DaaYgDVaDuuvUCFTRSw0eqC
2021,10.1109/TVCG.2021.3114872,9552880,J,Table,4,tvcg_2021_3114872_table_4.png,7,1308,2831,2175,3059,2352,3213,0.967,8,Table 4: Timings for comparisons using a c++ implementation that leverages hardware acceleration to compute hamming distances.,1q0nlPpUrteXt40IKOK3LELzdBqMe6Znt
2021,10.1109/TVCG.2021.3114872,9552880,J,Table,5,tvcg_2021_3114872_table_5.png,8,77,2627,1145,2985,2352,3213,0.96,8,"Table 5: Comparison of size (in mb) with persistence summaries. As vectorized summaries of persistence diagrams, here PI and BC have the same vector size (50x50).",1ivhBKAE1adnhnbwlftrYkYvv7MvsWImo
2021,10.1109/TVCG.2021.3114872,9552880,J,Table,6,tvcg_2021_3114872_table_6.png,8,1175,1429,2268,1825,2352,3213,0.96,8,"Table 6: Comparison of clustering results using the fowlkes-mallows score, as described in Section 4.2. Scores range from 0 to 1; a score of 1 indicates identical clusters. The clusterings using different persistence diagram representations (and their distances) are compared to the wasserstein-based clustering of the input persistence diagrams.",1V-11IYaf0ByJdjmLjl7xinx1WTVoAonC
2021,10.1109/TVCG.2021.3114872,9552880,J,Table,7,tvcg_2021_3114872_table_7.png,8,1172,2032,2238,2270,2352,3213,0.971,8,"Table 7: Comparison of clustering results with different number of bits, using the fowlkes-mallows score.",1o_VIGwyhjNiSkOcjXa7StrOy2EGTOG9-
2021,10.1109/TVCG.2021.3114872,9552880,J,Table,8,tvcg_2021_3114872_table_8.png,9,115,2382,1179,2507,2352,3213,0.947,8,"Table 8: Comparison of clustering results with different similarity matrix computation methods, using the fowlkes-mallows score.",1Itz1NYtoOSrK6_5hzBeNn_5hh2oSO6Wl
2021,10.1109/TVCG.2021.3114795,9552919,J,Algorithms,1,tvcg_2021_3114795_alg_1.png,4,80,168,1140,1362,2352,3213,1.0,0,,1Go8A75tITPSwb1tojkYhWHqALeuRSZhf
2021,10.1109/TVCG.2021.3114795,9552919,J,Equations,1,tvcg_2021_3114795_eq_1.png,4,1487,707,2233,841,2352,3213,0.946,4,"\begin{equation*}
I^{B}(i,\ j)=\begin{cases}
1\ & I(i,\ j)\geq\delta\\
 0\ & I(i,\ j) < \delta
\end{cases},
\tag{1}
\end{equation*}",1siI8Yup2zmJ8nvHLwNQ037OdcnRSm6EB
2021,10.1109/TVCG.2021.3114795,9552919,J,Equations,2,tvcg_2021_3114795_eq_2.png,4,1471,995,2233,1128,2352,3213,0.955,4,"\begin{equation*}
\text{ink}_{J}(I)=\frac{\Sigma_{i=1}^{m}\Sigma_{j=1}^{n}I^{B}(i,j)}{\Sigma_{i=1}^{m}\Sigma_{j=1}^{n}J^{B}(i,j)}.
\tag{2}
\end{equation*}",14bY3APMjkZlYD_2Kzg1HxAoU_qNHR3SD
2021,10.1109/TVCG.2021.3114795,9552919,J,Equations,3,tvcg_2021_3114795_eq_3.png,4,1474,1689,2233,1816,2352,3213,0.87,4,"\begin{equation*}
\text{dist}(\Gamma)=\frac{1}{\vert E\vert }\sum_{(u,v)\in E}\frac{d_{\Gamma}(u,v)}{\Vert u-v\Vert }
\tag{3}
\end{equation*}",1ZsGr4TtlB2s9F5-wllzm4-GvtAxb0eL9
2021,10.1109/TVCG.2021.3114795,9552919,J,Equations,4,tvcg_2021_3114795_eq_4.png,4,1406,2948,2233,3080,2352,3213,0.953,4,"\begin{equation*}
\text{amb}(\Gamma)=\frac{\sum_{v\in V}\sum_{e=(v,w)\in E}\vert N_{\Gamma}^{f}(v,e)\vert }{\sum_{v\in V}\sum_{e=(v,w)\in E}\vert N_{\Gamma}(v,e)\vert }.
\tag{4}
\end{equation*}",1U3CkYTSNUf8HPmBDBUPTS9l7f3H9TwYG
2021,10.1109/TVCG.2021.3114795,9552919,J,Table,1,tvcg_2021_3114795_table_1.png,7,217,653,2167,1023,2352,3213,0.961,3,"Table 1. Scores of the quality metrics for the undirected synthetic datasets and all bundling algorithms. Column distr gives mean and median. Columns ambδ are only shown for 1 < δ < 5 if there are non-zero entries. For noise, all ambδ are equal as the graph consists of independent edges.",1AEYJURVKqr9NC-uCRBzZ8CGHJD1-roX9
2021,10.1109/TVCG.2021.3114795,9552919,J,Table,2,tvcg_2021_3114795_table_2.png,9,218,243,2162,611,2352,3213,0.973,3,Table 2. Scores of the quality metrics for the undirected real-world datasets and all bundling algorithms. Column dist gives mean and median. Columns ambδ are only shown for 1 < δ < 5 if there are non-zero entries. Bold values highlight the best score in each column.,1TbNZbObdsT4GVQz3YJYbhSdMEJzJI_0L
2021,10.1109/TVCG.2021.3114795,9552919,J,Table,3,tvcg_2021_3114795_table_3.png,9,266,727,2120,985,2352,3213,0.961,3,Table 3. Scores of the quality metrics for the directed real-world datasets and the directed bundling algorithms. Column dist gives mean and median. Columns ambδ are only shown for 1 < δ < 5 if there are non-zero entries. Bold values highlight the best score in each column.,1icimiG25D9kqWdEzYhz26qwdUftrF8gX
2021,10.1109/TVCG.2021.3114857,9552902,J,Equations,1,tvcg_2021_3114857_eq_1.png,4,1458,1188,2233,1406,2352,3213,0.913,1,"\begin{align*}
&\qquad\mathbf{A}_{q,t}=\psi(h_{q}\Vert h_{t})\\
&\qquad \mathbf{p}_{q}=\text{softmax}(\mathrm{a}_{q})\\
&L(G_{Q},G_{T})=-\sum_{q\in G_{Q}}\mathrm{y}_{q}\log(\mathbf{p}_{q})
\tag{1}
\end{align*}",1xmWvOIZnNEHbYk1gS0Z1mnqXGbPxSL8b
2021,10.1109/TVCG.2021.3114857,9552902,J,Table,1,tvcg_2021_3114857_table_1.png,8,259,1105,953,1342,2352,3213,0.974,2,Table 1. Subgraph decision performance using neuromatch.,1Osicyi2vWddJJZpnZdJF2uKLGmGDJYtg
2021,10.1109/TVCG.2021.3114857,9552902,J,Table,2,tvcg_2021_3114857_table_2.png,9,168,176,2206,464,2352,3213,0.976,2,Table 2. Node alignment performance. Neuroalign achieves averaged 25% improvement on the final accuracy.,1V6lhSQRD91EMO_pOu6njPoK6VW8Xu0li
2021,10.1109/TVCG.2021.3114814,9552925,J,Equations,1,tvcg_2021_3114814_eq_1.png,3,363,1533,1177,1592,2352,3213,0.897,5,"\begin{equation*}
n=\left\{v \vert v=\left[c_{i}\left(a_{i}, t_{i}\right), c_{j}\left(a_{i}, t_{j}\right), \ldots\right]\right\}
\tag{1}
\end{equation*}",1_d18W9hLiidOa-fFthvrLLhJiFuxPrKr
2021,10.1109/TVCG.2021.3114814,9552925,J,Equations,2,tvcg_2021_3114814_eq_2.png,3,170,2725,1175,2790,2352,3213,0.906,5,"\begin{equation*}
n=\{v=[c_{i}(a_{i}, t_{i}), \ldots] \vert \text{selected}(a_{i}, t_{i})=1, \forall(a_{i}, t_{i}) \in v\}
\tag{2}
\end{equation*}",16Z8lmnb8Nw5YKfNDmO7LZNpDcAbclKXS
2021,10.1109/TVCG.2021.3114814,9552925,J,Equations,3,tvcg_2021_3114814_eq_3.png,3,395,3007,1175,3073,2352,3213,0.934,5,"\begin{equation*}
n=\{v \vert v=[(a_{i}, t_{i}),(a_{j}, t_{j}), \ldots]\}
\tag{3}
\end{equation*}",1v3Gr0tlm0nA7dHF0d8QAimkZLGA00Not
2021,10.1109/TVCG.2021.3114814,9552925,J,Equations,4,tvcg_2021_3114814_eq_4.png,3,1506,1751,2270,1812,2352,3213,0.937,5,"\begin{equation*}
\{n\vert \ \text{dist}(n,n_{0})\leq 2,\ n \in N\},
\tag{4}
\end{equation*}",1qwutNeXR5ScOZ-kRMytTVYgF0CMOkKDt
2021,10.1109/TVCG.2021.3114814,9552925,J,Equations,5,tvcg_2021_3114814_eq_5.png,3,1518,1862,2270,1925,2352,3213,0.93,5,"\begin{equation*}
\{n\vert \ \vert v\vert \leq 2,\ v\in n,\ n\in N\}.
\tag{5}
\end{equation*}",1u10kY6x0Tt10dTvFx1n8gASalzyrqbTV
2021,10.1109/TVCG.2021.3114814,9552925,J,Table,1,tvcg_2021_3114814_table_1.png,4,1170,242,2240,547,2352,3213,0.976,2,Table 1: A comparison of enumeration constraints for existing visual-ization recommendation algorithms.,1NuGc_UmCrSJQmJdgG7jmWBCiJbZpYPhO
2021,10.1109/TVCG.2021.3114814,9552925,J,Table,2,tvcg_2021_3114814_table_2.png,7,202,212,2175,544,2352,3213,0.688,2,Table 2: List of all task prompts used in the study for the movies dataset.,12yADZZk5rXxapwXO6Ycy752KVmKelmwj
2021,10.1109/TVCG.2021.3114877,9557223,J,Equations,1,tvcg_2021_3114877_eq_1.png,5,1340,1884,2270,1996,2352,3213,0.941,3,"\begin{equation*}
L_{k}=\begin{cases}
L_{h}, & c_{k}=Center\\
L_{h}+\lambda_{size}L_{size}+\lambda_{off}L_{off}, &\quad otherwise
\end{cases}
\tag{1}
\end{equation*}",1Os-53fELQLWFU7evV1T9VjYpHI7Vz7ru
2021,10.1109/TVCG.2021.3114877,9557223,J,Equations,2,tvcg_2021_3114877_eq_2.png,6,174,1208,1136,1424,2352,3213,0.96,3,"\begin{equation*}
D_{v}=\begin{cases}
\max\limits_{i=1,2}(\vert x_{B_{i}}-x_{O}\vert,\vert y_{B_{i}}-y_{O}\vert), & x_{O} \in[x_{B_{1}}, x_{B_{2}}], \\
&y_{O} \in[y_{B_{1}}, y_{B_{2}}]\\
d(B_{center}, O), &\qquad otherwise
\end{cases}
\tag{2}
\end{equation*}",1bGp0px6HBcEJP4fgKVWhwx4T8Y79YFMo
2021,10.1109/TVCG.2021.3114877,9557223,J,Equations,3,tvcg_2021_3114877_eq_3.png,6,400,1966,1137,2051,2352,3213,0.93,3,"\begin{equation*}
Dist_{l}=\underset{v}{\arg}d(v) \quad v \in l
\tag{3}
\end{equation*}",1-WIsKZ-tJqdogcXYmxfBG1OR0wxIRan4
2021,10.1109/TVCG.2021.3114877,9557223,J,Table,1,tvcg_2021_3114877_table_1.png,9,223,1124,1073,1398,2352,3213,0.979,1,Table 1. Average precision of detecting visual elements using different backbones in the circular glyph dataset.,1O55aVmgMJGQaf4vQSkHhgGyVMYRKvTTd
2021,10.1109/TVCG.2021.3114803,9552887,J,Table,1,tvcg_2021_3114803_table_1.png,9,412,153,1969,863,2352,3213,0.973,1,"Table 1. Percentages of uncertainty, deterministic, alpaca-preservation, and indeterminate strategy reported by users in high- and low-working-memory groups per visualization type.",1b7CqgIIWfH2yc_bCB8OwrdvLn5hewj4U
2021,10.1109/TVCG.2021.3114761,9552179,J,Equations,1,tvcg_2021_3114761_eq_1.png,3,358,2680,1177,2744,2352,3213,0.925,5,,1N8Jlr1G-bh5OP7u8aUpIdcCMEmRwY0SK
2021,10.1109/TVCG.2021.3114761,9552179,J,Equations,2,tvcg_2021_3114761_eq_2.png,3,1229,1819,2270,1947,2352,3213,0.927,5,,1al-863vrAWVlZ4c0kQlx7OWgydIOCzez
2021,10.1109/TVCG.2021.3114761,9552179,J,Equations,3,tvcg_2021_3114761_eq_3.png,4,407,2302,1138,2364,2352,3213,0.918,5,,1sCWELdyi6e858MyfJeDU5VOafVlpArbt
2021,10.1109/TVCG.2021.3114761,9552179,J,Equations,4,tvcg_2021_3114761_eq_4.png,4,523,2745,1137,2844,2352,3213,0.924,5,,1xJQgAI61q1AhPqoTWyZInZ7-TMtMFIfU
2021,10.1109/TVCG.2021.3114761,9552179,J,Algorithms,1,tvcg_2021_3114761_alg_1.png,4,1174,1745,2234,2289,2352,3213,1.0,1,,1Lf-dFgkSaMR8taPO0sLj4g-XHGCWJmTu
2021,10.1109/TVCG.2021.3114761,9552179,J,Equations,5,tvcg_2021_3114761_eq_5.png,5,443,774,1176,885,2352,3213,0.758,5,,1vjI2hjtJ47WYIVqdoKsN42cGLj_w6htD
2021,10.1109/TVCG.2021.3114761,9552179,J,Equations,6,tvcg_2021_3114761_eq_6.png,5,274,877,1019,996,2352,3213,0.654,5,,1IKWdAowSueYkhOwHxt8PWpbeSPqAxFmP
2021,10.1109/TVCG.2021.3114761,9552179,J,Algorithms,2,tvcg_2021_3114761_alg_2.png,5,1211,678,2271,1316,2352,3213,1.0,1,,1pnxVBtr3d86E4ot9_b3m1-2lS0N8c8Yu
2021,10.1109/TVCG.2021.3114834,9552459,J,Table,1,tvcg_2021_3114834_table_1.png,3,291,232,2099,841,2352,3213,0.979,1,Table 1: Details of different construction methods for any amount of curves and their properties.,1gV3thWgXPtPP_PwgOZaGfDt-pPkbBeHU
2021,10.1109/TVCG.2021.3114834,9552459,J,Algorithms,1,tvcg_2021_3114834_alg_1.png,4,1174,952,2234,1976,2352,3213,1.0,0,,1GuA6GfrUTYUUooslDaJHq-JIIVkbXes9
2021,10.1109/TVCG.2021.3114679,9552465,J,Equations,1,tvcg_2021_3114679_eq_1.png,4,324,2225,1137,2332,2352,3213,0.94,5,"\begin{equation*}
\text{stress}(P)=\sum_{i < j}\omega_{ij}(\delta_{ij}-\Vert p_{i}-p_{j}\Vert)^{2}
\tag{1}
\end{equation*}",1Ish01UMZgefuqXkwwNOeVl2s4lvNMPOH
2021,10.1109/TVCG.2021.3114679,9552465,J,Equations,2,tvcg_2021_3114679_eq_2.png,4,195,2733,1137,2975,2352,3213,0.947,5,"\begin{align*}
& \text{stress}(P)=\sum_{i < j}\omega_{ij}(\overline{\delta}_{ij}-\Vert p_{i}-p_{j}\Vert)^{2}\\
& \text{where}\ \overline{\delta}_{ij}=\frac{1}{N}\sum_{n=1}^{N}\delta_{ij}^{n}\ \text{and}\ \omega_{ij}=\frac{1}{\overline{\delta}_{ij}^{2}}\cdot\frac{1}{1+\text{Var}(\delta_{ij})}
\tag{2}
\end{align*}",1EkLyeZvKiz7d0JY2v4b_Z2p6ubUXGgDR
2021,10.1109/TVCG.2021.3114679,9552465,J,Equations,3,tvcg_2021_3114679_eq_3.png,4,1311,257,2234,595,2352,3213,0.966,5,"\begin{align*}
\text{stress}_{\alpha}(P^{n})=& \underbrace{(1-\alpha)\cdot\sum_{i < j}\omega_{ij}^{n}(\delta_{ij}^{n}-\Vert p_{i}^{n}-p_{j}^{n}\Vert)^{2}}_{(charactenzes\ individual\ layout\ difference)}+\\
& \underbrace{\alpha\cdot\sum_{j}\Vert p_{i}^{n}-p_{i}\Vert^{2}}_{(reference\ stability)}
\tag{3}
\end{align*}",1ta3g-BcKeQ-i3W-ws1r58wwQTgzRUQbx
2021,10.1109/TVCG.2021.3114679,9552465,J,Equations,4,tvcg_2021_3114679_eq_4.png,4,1384,2291,2233,2446,2352,3213,0.95,5,"\begin{equation*}
\mathscr{R}_{i,j}^{\prime}=\begin{cases}
1 & \text{if}\ \frac{1}{N}\sum_{k}\mathscr{R}_{i,j,k}^{\prime}\geq\ \text{Threshold}\\
0 & \text{Otherwise}
\end{cases}
\tag{4}
\end{equation*}",1XZcBmPHy3BcLxpnSYkzC3Z8ilhDajG50
2021,10.1109/TVCG.2021.3114679,9552465,J,Table,1,tvcg_2021_3114679_table_1.png,6,75,197,2235,489,2352,3213,0.972,1,Table 1. Nethops user study tasks listed by task taxonomy with default visualization parameter value and graphical elements add-ons.,17Nz5xZWopmoBDxopdcYn4GqAI6kxwPf6
2021,10.1109/TVCG.2021.3114679,9552465,J,Equations,5,tvcg_2021_3114679_eq_5.png,6,257,2624,1137,2736,2352,3213,0.947,5,"\begin{equation*}
EMD(U,T)=\frac{min_{F=(f_{ij})\in F(u,t)}Cost(F,U,T)}{N}
\tag{5}
\end{equation*}",1ksAuiCCjImxyIJXRI7S9COWjyUdmIFNE
2021,10.1109/TVCG.2021.3114692,9548797,J,Equations,1,tvcg_2021_3114692_eq_1.png,4,249,2540,1136,2690,2352,3213,0.954,1,"\begin{equation*}
\text{Geometric Mean}=\left(\prod_{i=1}^{N}(1+Returns_{i})\right)^{\frac{1}{n}}-1
\tag{1}
\end{equation*}",1FFwbBjIxDksTiZ444Mmb82LiaqDkwBHG
2021,10.1109/TVCG.2021.3114842,9552205,J,Equations,1,tvcg_2021_3114842_eq_1.png,3,220,1471,1075,1589,2352,3213,0.925,5,,1zDdw7H_F2SfGYkch3ZJTA5RIFrAH4R3O
2021,10.1109/TVCG.2021.3114842,9552205,J,Equations,2,tvcg_2021_3114842_eq_2.png,3,326,2840,967,2969,2352,3213,0.951,5,,1Ms7ycP6Xp4I_mgvO7xZzSDCB5yViJnGg
2021,10.1109/TVCG.2021.3114842,9552205,J,Equations,3,tvcg_2021_3114842_eq_3.png,6,208,2069,1137,2181,2352,3213,0.733,5,,1TGmhPiwjvkYeIgqfzlk5sZZFvK6u1x9-
2021,10.1109/TVCG.2021.3114842,9552205,J,Equations,4,tvcg_2021_3114842_eq_4.png,6,1287,2655,2232,2875,2352,3213,0.608,5,,1XbZNqrXvstEpv4iTBhatDHzivOeDshFf
2021,10.1109/TVCG.2021.3114842,9552205,J,Table,1,tvcg_2021_3114842_table_1.png,8,141,1690,1070,2131,2352,3213,0.962,1,Table 1. Frequency of strategies in the public information setting,1fI0P85GE7ZZN-uUsobbZn9AaoRZNWAW-
2021,10.1109/TVCG.2021.3114790,9552870,J,Equations,1,tvcg_2021_3114790_eq_1.png,4,1290,1348,2233,1412,2352,3213,0.933,2,"\begin{equation*}
y_{i}=\beta_{0}+\beta_{1}x_{i1}+\beta_{2}x_{i2}+\ldots+\beta_{n}x_{in}+\varepsilon_{i},(i=1, \ldots,n)
\tag{1}
\end{equation*}",11X__n8go9OQaMvjw5li2UfwL6PlMu3Gm
2021,10.1109/TVCG.2021.3114790,9552870,J,Equations,2,tvcg_2021_3114790_eq_2.png,5,118,2086,1174,2203,2352,3213,0.938,2,"\begin{equation*}
Diversity(k, t)=-\sum_{i=1}^{n} P(x_{i}, t) \log P(x_{i}, t), k \in\{career,\ sector,\ domain \}
\tag{2}
\end{equation*}",1NpKc377cvTOrc5jpzJI3I8qeDGWZmn6k
2021,10.1109/TVCG.2021.3114787,9552840,J,Table,1,tvcg_2021_3114787_table_1.png,2,79,205,1141,852,2352,3213,0.976,1,Table 1. Columns of the author-publication dataset,1xCJ-H-inY4D1WGDRL5O0DiZPwNKAcLjW
2021,10.1109/TVCG.2021.3114787,9552840,J,Equations,1,tvcg_2021_3114787_eq_1.png,4,468,2641,753,2758,2352,3213,0.932,1,"\begin{equation*}
r(i)= \frac{d(i)}{\Sigma_{j=i}^{n}d(j)},
\end{equation*}",1RlUc0QhhZq13VY-fCYlTEJ0smwpnyX5g
2021,10.1109/TVCG.2021.3114789,9555490,J,Table,1,tvcg_2021_3114789_table_1.png,3,1309,205,2177,843,2352,3213,0.979,4,Table 1. Emotional and non-emotional factors and the p-values of factors.,1q-DXK-Xgbsk0jNnHoSsPPnU7kcDbX0vD
2021,10.1109/TVCG.2021.3114789,9555490,J,Table,2,tvcg_2021_3114789_table_2.png,4,211,205,2092,651,2352,3213,0.984,4,Table 2. Categorized design tasks and corresponding goals.,16ML-_PWZKxYszOPTNQCqbNO-YJURX5QO
2021,10.1109/TVCG.2021.3114789,9555490,J,Equations,1,tvcg_2021_3114789_eq_1.png,4,1544,825,2233,935,2352,3213,0.937,6,,1wTw00DCaKQu6jfTJVOwT0zBWSI9j1O3r
2021,10.1109/TVCG.2021.3114789,9555490,J,Equations,2,tvcg_2021_3114789_eq_2.png,4,1510,1057,2233,1131,2352,3213,0.917,6,,1kEDv1KMqw72tSYf6YhLz0kTMk6qoL_CG
2021,10.1109/TVCG.2021.3114789,9555490,J,Equations,3,tvcg_2021_3114789_eq_3.png,4,1487,1170,2233,1240,2352,3213,0.917,6,,1PNjQTl8zGvyf79Nu44f0nCBkCHk1_qwk
2021,10.1109/TVCG.2021.3114789,9555490,J,Equations,4,tvcg_2021_3114789_eq_4.png,4,1505,1361,2233,1481,2352,3213,0.943,6,,18SbiOMoCRinIlShSvB8DB94WTbLjxRea
2021,10.1109/TVCG.2021.3114789,9555490,J,Equations,5,tvcg_2021_3114789_eq_5.png,4,1417,1849,2233,1984,2352,3213,0.955,6,,14NANG6-3bhpO2kpSZ8o6ddvAChCa9OA8
2021,10.1109/TVCG.2021.3114789,9555490,J,Equations,6,tvcg_2021_3114789_eq_6.png,4,1544,2144,2233,2254,2352,3213,0.929,6,,19kv_cv_5SENObDGvNH2LhJxfp1LLcXR0
2021,10.1109/TVCG.2021.3114789,9555490,J,Table,3,tvcg_2021_3114789_table_3.png,6,79,205,2289,523,2352,3213,0.963,4,Table 3. Visualization methods and corresponding tasks.,1plr6nES1w1p_MmvexwvPtzjIrRQvh5rd
2021,10.1109/TVCG.2021.3114789,9555490,J,Equations,7,tvcg_2021_3114789_eq_7.png,6,1527,1832,2233,1951,2352,3213,0.759,6,,1_GALhOIUK8xZMs6p_b0IhS9qfOFQDY1J
2021,10.1109/TVCG.2021.3114789,9555490,J,Equations,8,tvcg_2021_3114789_eq_8.png,6,1282,1996,2233,2118,2352,3213,0.932,6,,1qCsK67qXtd5wrMrE3RDDrKDhSg-muSnq
2021,10.1109/TVCG.2021.3114789,9555490,J,Table,4,tvcg_2021_3114789_table_4.png,7,1272,2805,2207,3059,2352,3213,0.978,4,Table 4. Statistical data about the results of the questionnaire.,1R-OR4XxahOgxvkVmiwIL990_dQLLkREu
2021,10.1109/TVCG.2021.3114694,9552226,J,Table,1,tvcg_2021_3114694_table_1.png,3,1210,155,2264,727,2352,3213,0.974,5,Table 1: DR techniques used in our evaluation.,1cNXwLOGPIIRLFDCBY1o4pRXEM6CnY_Gd
2021,10.1109/TVCG.2021.3114694,9552226,J,Table,2,tvcg_2021_3114694_table_2.png,3,1298,847,2175,1267,2352,3213,0.967,5,Table 2: Datasets used in our evaluation.,1YMzhZEvIpRNsM3k38zZptTaUrbnnCHWF
2021,10.1109/TVCG.2021.3114694,9552226,J,Table,3,tvcg_2021_3114694_table_3.png,4,77,152,1142,948,2352,3213,0.981,5,Table 3: The parameter settings of DR techniques in the pre-study. The formal study used the same settings except for perplexity and neighbors.,1UCpjn-lWCOo4L0i3KRLPm9UDSg8fpLId
2021,10.1109/TVCG.2021.3114694,9552226,J,Table,4,tvcg_2021_3114694_table_4.png,4,1254,153,2145,592,2352,3213,0.936,5,"Table 4: The optimal parameters, i.e., the perplexity and neighbors (see Table 3), of DR techniques on the 8 datasets. Each dataset is represented by a serial number ID from 1 to 8, which corresponds to the 8 datasets in an order of weather, dermatology, extyaleb, world12d, boston, mnist64, ecoliproteins, and olive, respectively.",1vRizI-Is59k6ic3yIBxFc4SQ5SUm2Tje
2021,10.1109/TVCG.2021.3114694,9552226,J,Table,5,tvcg_2021_3114694_table_5.png,9,171,154,1125,539,2352,3213,0.938,5,"Table 5: The homogeneity of eight datasets. E#P, E#R, and E#T represent the normalized standard deviations of precision, recall, and completion time in E# in terms of eight datasets, respectively.",1vgkofa3kJExzUFNMsl8g_UUAnOSISBQ6
2021,10.1109/TVCG.2021.3114870,9552929,J,Equations,1,tvcg_2021_3114870_eq_1.png,5,441,2252,854,2314,2352,3213,0.889,1,\begin{equation*}\varepsilon=q_{75}+1.5\cdot(q_{75}-q_{25})\end{equation*},1cgI3bz_eg054kmSaxl7fII3WgqLfhhqp
2021,10.1109/TVCG.2021.3114870,9552929,J,Table,1,tvcg_2021_3114870_table_1.png,5,1235,887,2247,1078,2352,3213,0.963,1,"Table 1: Timings on the covertype dataset: A subset of the 500k points was sampled and the three important algorithmic steps (embedding: UMAP, error computation and $\varepsilon$-estimation: Minimal spanning tree MST, rangeset computation) were timed. Timings are given in seconds.",1JSEYZt6RkSgRGQK3g-Q2a0gUfmUGiVOJ
2021,10.1109/TVCG.2021.3114833,9552206,J,Equations,1,tvcg_2021_3114833_eq_1.png,4,1214,899,2191,1023,2352,3213,0.922,3,,12X0_7A4LJxSFZUuwz1AYeGEoujYdJHnI
2021,10.1109/TVCG.2021.3114833,9552206,J,Equations,2,tvcg_2021_3114833_eq_2.png,4,1294,1075,2112,1228,2352,3213,0.933,3,,19XTtZo2cHIZPUU_oOvdrx8ASmuo57id3
2021,10.1109/TVCG.2021.3114833,9552206,J,Table,1,tvcg_2021_3114833_table_1.png,8,78,1641,1139,2059,2352,3213,0.959,1,Table 1. The result of experiment D conducted with diverse hyperparameter procedure settings (sect. 6.2). Each cell depicts the slope of regression line which represents the relation between nearest neighbor value and the score of steadiness (st) and cohesiveness (co). Every regression analysis result satisfied $p <. 001$.,11PtMuKlphSoZcnEcKJZxOa5oKeXnBkKI
2021,10.1109/TVCG.2021.3114769,9552224,J,Equations,1,tvcg_2021_3114769_eq_1.png,3,317,417,1177,528,2352,3213,0.956,13,"\begin{equation*}
L(a, b)=\int_{a}^{b} g(V(r(t))) e^{-\int_{a}^{t} \tau(V(r(u))) \mathrm{d} u} \mathrm{d} t,
\tag{1}
\end{equation*}",1KwCrSguMX0b79pTWxHKWqWLLZuwIzjwR
2021,10.1109/TVCG.2021.3114769,9552224,J,Equations,2,tvcg_2021_3114769_eq_2.png,3,491,1701,1176,1955,2352,3213,0.928,13,"\begin{align*}
& \boldsymbol{x}_{0}=\text {const} \\
& \pmb{x}_{1}=f_{1}\left(\pmb{x}_{0}, \pmb{w}_{1}\right) \\
&\pmb{x}_{2}=f_{2}\left(\pmb{x}_{1}, \pmb{w}_{2}\right)
\tag{2}\\
&\quad \cdots \\
& x_{\text{out}}=f_{k}\left(\boldsymbol{x}_{k-1}, \pmb{w}_{k}\right)
\end{align*}",1Gg44vHKjZm9lyqezrr4YSb0gZEln_apU
2021,10.1109/TVCG.2021.3114769,9552224,J,Equations,3,tvcg_2021_3114769_eq_3.png,3,159,2466,1176,2535,2352,3213,0.916,13,"\begin{equation*}
x_{3}=f_{3}\left(f_{2}\left(f_{1}\left(w_{1}\right)\right)\right) \Rightarrow x_{3}^{\prime}=f_{3}^{\prime}\left(f_{2}\left(f_{1}(x)\right)\right) f_{2}^{\prime}\left(f_{1}(x)\right) f_{1}^{\prime}(x)
\tag{3}
\end{equation*}",1WMDARhIint2ESxaDHdaifIGfpygYR64i
2021,10.1109/TVCG.2021.3114769,9552224,J,Algorithms,1,tvcg_2021_3114769_alg_1.png,3,1211,1418,2271,1963,2352,3213,1.0,0,,1DVCxCej2-B6iu1Rds5Ab-MDK2R4pjrAB
2021,10.1109/TVCG.2021.3114769,9552224,J,Equations,4,tvcg_2021_3114769_eq_4.png,3,1502,2692,2270,2812,2352,3213,0.915,13,"\begin{equation*}
\tilde{a}=\left\langle a, \frac{\mathrm{d} a}{\mathrm{~d} w}\right\rangle, \tilde{b}=\left\langle b, \frac{\mathrm{d} b}{\mathrm{~d} w}\right\rangle,
\tag{4}
\end{equation*}",107vSep-nYYmN15G34OnNr0aR5jnVBjb1
2021,10.1109/TVCG.2021.3114769,9552224,J,Equations,5,tvcg_2021_3114769_eq_5.png,3,1404,2965,2271,3080,2352,3213,0.949,13,"\begin{equation*}
\tilde{c}=\tilde{f}(\tilde{a}, \tilde{b})=\left\langle f(a, b), \frac{\partial f}{\partial a} \frac{\mathrm{d} a}{\mathrm{~d} w}+\frac{\partial f}{\partial b} \frac{\mathrm{d} b}{\mathrm{~d} w}\right\rangle.
\tag{5}
\end{equation*}",1MxO4lvkJNhsZW_Xoio18SKszjI1oJHLR
2021,10.1109/TVCG.2021.3114769,9552224,J,Equations,6,tvcg_2021_3114769_eq_6.png,4,1502,1055,2233,1168,2352,3213,0.778,13,"\begin{equation*}
\hat{\pmb{x}}_{i}=\frac{\partial x_{\text {out}}}{\partial x_{i}}, \hat{w}_{i}=\frac{\partial x_{\text {out}}}{\partial w_{i}}
\tag{6}
\end{equation*}",1svP01tJo-ngNgxp_Zop0ablF109hQlG7
2021,10.1109/TVCG.2021.3114769,9552224,J,Equations,7,tvcg_2021_3114769_eq_7.png,4,1458,1504,2233,1632,2352,3213,0.955,13,"\begin{equation*}
\hat{a}=\left(\frac{\partial f}{\partial a}\right)^{T} \hat{c}, \hat{b}=\left(\frac{\partial f}{\partial b}\right)^{T} \hat{c}.
\tag{7}
\end{equation*}",1s6idQBNxbaRHI59DwwCh2m_Ua9WEAhQh
2021,10.1109/TVCG.2021.3114769,9552224,J,Algorithms,2,tvcg_2021_3114769_alg_2.png,5,117,156,1177,860,2352,3213,1.0,0,,1U4cGuacw4_xeknh4N1xdZ6VE7lOf8wEL
2021,10.1109/TVCG.2021.3114769,9552224,J,Equations,8,tvcg_2021_3114769_eq_8.png,5,423,1639,1176,1781,2352,3213,0.95,13,"\begin{align*}
&C^{(i+1)}=C^{(i)}+\left(1-\alpha^{(i)}\right) C \\
&\alpha^{(i+1)}=\alpha^{(i)}+\left(1-\alpha^{(i)}\right) \alpha.
\tag{8}
\end{align*}",1dVZqZtIuVUU1PD64cmFneItH8seblNIF
2021,10.1109/TVCG.2021.3114769,9552224,J,Equations,9,tvcg_2021_3114769_eq_9.png,5,288,1922,1176,2122,2352,3213,0.961,13,"\begin{align*}
\hat{\alpha} &=\left(1-\alpha^{(i)}\right) \hat{\alpha}^{(i+1)}, \hat{C}=\left(C-\alpha^{(i)}\right) \hat{C}^{(i+1)} \\
\hat{\alpha}^{(i)} &=(1-\alpha) \hat{\alpha}^{(i+1)}-C \cdot \hat{C}^{(i+1)} \\
\hat{C}^{(i)} &=\hat{C}^{(i+1)}
\tag{9}
\end{align*}",1Sh6SyoXBIU5Dfo8Nzojif8IS_BVRBQCa
2021,10.1109/TVCG.2021.3114769,9552224,J,Equations,10,tvcg_2021_3114769_eq_10.png,5,426,2730,1176,2910,2352,3213,0.955,13,"\begin{align*}
&\alpha^{(i)}=\frac{\alpha-\alpha^{(i+1)}}{\alpha-1} \\
&C^{(i)}=C^{(i+1)}-\left(1-\alpha^{(i)}\right) C.
\tag{10}
\end{align*}",1ZY_VKIx36vPky7ahf7o2rH-fBfNW5n1d
2021,10.1109/TVCG.2021.3114769,9552224,J,Equations,11,tvcg_2021_3114769_eq_11.png,6,261,2363,1137,2493,2352,3213,0.953,13,"\begin{equation*}
H(\pmb{x})=\frac{1}{\log _{2} N} \sum_{i=1}^{N} p_{i} \log _{2} p_{i}, p_{i}=\frac{\pmb{x}_{i}}{\sum_{j=1}^{N} \pmb{x}_{j}}.
\tag{11}
\end{equation*}",1J8W6418kBRorpkMOeC4e7rrECJwhtKRH
2021,10.1109/TVCG.2021.3114769,9552224,J,Equations,12,tvcg_2021_3114769_eq_12.png,7,298,1533,1176,1841,2352,3213,0.749,13,"\begin{align*}
L_{\text {total}} &=L_{1}(\boldsymbol{x})+\lambda L_{\text {prior}}(T) \\
L_{1}(\boldsymbol{x}) &=\frac{1}{N W H} \sum_{i, x, y}\vert x_{i x y}-y_{i x y}\vert
\tag{12}\\
L_{\text {prior}}(T) &=\frac{1}{4(R-1)} \sum_{c=1}^{4} \sum_{r=1}^{R-1}\left(T_{c, r+1}-T_{c, r}\right)^{2}.
\end{align*}",1-GuY7lzSCD34cXga9FuZZSObC267bHY6
2021,10.1109/TVCG.2021.3114769,9552224,J,Equations,13,tvcg_2021_3114769_eq_13.png,9,138,2590,1155,2694,2352,3213,0.922,13,"\begin{equation*}
\mathscr{C}(d)=\Vert C_{T}-C(d)\Vert_{2}^{2}+\alpha \log \left(1+\vert\tau_{T}-\tau(d)\vert\right)+\beta \sum_{i \in \mathscr{N}}\left(d-d_{i}\right)^{2}
\tag{13}
\end{equation*}",1YEskOkSdlDieMk2pbTKEvmkPA2UXJNS4
2021,10.1109/TVCG.2021.3114869,9552891,J,Table,1,tvcg_2021_3114869_table_1.png,4,176,151,1028,611,2352,3213,0.972,7,"Table 1: Memory used for the mars lander data set when using the unstructured mesh implementation of rathke et al. [24], as measured by loading into an instrumented version of ospray. (Element count K/M/G use multiples of 1000, bytes use 1024).",1KJT8tq-N5tsyQIKsGoxQBeuED7JxVL6s
2021,10.1109/TVCG.2021.3114869,9552891,J,Table,2,tvcg_2021_3114869_table_2.png,4,1246,752,2146,1040,2352,3213,0.968,7,"Table 2: Impact of pre-partitioning with different number of bits per vertex index (section 4.2). Fewer bits for encoding indices requires generating more groups, which in turn triggers more vertex replication.",1O76kcQX_NCcqFn1Y6MVBxM-9XfrQvRcW
2021,10.1109/TVCG.2021.3114869,9552891,J,Table,3,tvcg_2021_3114869_table_3.png,6,93,150,2214,624,2352,3213,0.973,7,"Table 3: Input statistics, number of components generated by our builder, and final memory consumption (excluding any third-party GPU data like frame buffer, surface mesh, transfer function, space skipper data, etc) using our memory-optimized encoding.",1344rZJIymMOGYV6Z-3xsA4WaKvb__9BD
2021,10.1109/TVCG.2021.3114869,9552891,J,Table,4,tvcg_2021_3114869_table_4.png,6,1200,1935,2204,2125,2352,3213,0.956,7,"Table 4: Encoding efficiency of our data structure compared to morrical et al.'s optix user geometry and shared faces methods [17]. We split the big NASA lander data set into 64 chunks, which allows us to partially upload the data set to the RTX 8000 GPU (48 GB DDR memory). Where the more memory-efficient user geometry representation runs out of GPU memory, our data structure uses only 6.6 gb.",1KTXKDBQD0qOH5l04QtzcUgmkK4IOh_D4
2021,10.1109/TVCG.2021.3114869,9552891,J,Table,5,tvcg_2021_3114869_table_5.png,7,1266,331,2230,584,2352,3213,0.959,7,"Table 5: Comparison of our representation's memory usage to essentially the same data structure (but differently encoded) in ospray 1.8.5, and 2.0. (“—” indicates that our instrumented OSPRay did not have an importer for this data set's format).",1o8G6WEy9uM-JcCCAFPS1__CJNsMFQlig
2021,10.1109/TVCG.2021.3114869,9552891,J,Table,6,tvcg_2021_3114869_table_6.png,8,165,1040,1052,1481,2352,3213,0.959,7,Table 6: Performance and memory use for our encoding relative to the shared faces and user geom methods proposed by morrical et al. [18] as well as a reference tetrahedra marcher on the (small) jets 12K data set. Jets was chosen as it consists solely of tetrahedra (required for tet marching) and is small (highlighting compression overhead during rendering).,1JupEAduAKXXSaghMQgK3cwSwW5BUKn0A
2021,10.1109/TVCG.2021.3114869,9552891,J,Table,7,tvcg_2021_3114869_table_7.png,9,183,2012,1105,2224,2352,3213,0.955,7,"Table 7: Performance (in frames per second) running two large models in either sort-last data-parallel using a reference BVH, vs. The same using our encoding. Using our lower memory footprint we can not only render the same model at similar performance in sort-last, but could also render either stand-alone on a single GPU, or data-replicated.",1t2cMq20EMTKXZi4ihLaXpaIDBmUx2pZM
2021,10.1109/TVCG.2021.3114880,9552916,J,Equations,1,tvcg_2021_3114880_eq_1.png,3,433,2450,858,2565,2352,3213,0.946,12,"\begin{equation*}
\delta\left(\Omega_{A}, \Omega_{B}\right)=\frac{\sum_{\mathbf{x} \in \Omega_{A}} D(\mathbf{x})}{\sum_{\mathbf{x} \in \Omega_{B}} D(\mathbf{x})}.
\end{equation*}",1aU6WX4I8B3freIw5-NsP0NEY-UXqHlXl
2021,10.1109/TVCG.2021.3114880,9552916,J,Algorithms,1,tvcg_2021_3114880_alg_1.png,4,80,1318,1140,2456,2352,3213,1.0,1,Algorithm 1 Pyramid-based sampling,16eav2QHiRMY1hxJYvuzBMmTMNe2RqLnL
2021,10.1109/TVCG.2021.3114880,9552916,J,Equations,2,tvcg_2021_3114880_eq_2.png,4,417,2499,1137,2581,2352,3213,0.887,12,"\begin{equation*}
\delta_{k}=d_{k}/\mathop{\text{max}}_{j}\ d_{j}\in[0,1].
\tag{1}
\end{equation*}",1aj5zUDUgY-13etlhnnVIkcf1GFSEyFiV
2021,10.1109/TVCG.2021.3114880,9552916,J,Equations,3,tvcg_2021_3114880_eq_3.png,4,1508,2465,2233,2538,2352,3213,0.922,12,"\begin{equation*}
a_{k}= \text{ceil} (A_{j}^{i}\ast V_{k}^{i+1}/V_{j}^{i}).
\tag{2}
\end{equation*}",1umlfnVE0YiKqaJQyrbR9iqBKhteWP5u2
2021,10.1109/TVCG.2021.3114880,9552916,J,Equations,4,tvcg_2021_3114880_eq_4.png,5,178,1132,1176,1238,2352,3213,0.872,12,"\begin{equation*}
\underset{A_{l}^{i+1}}{\text{argmin}}\left[(1-\omega)\left(\alpha-\delta\left(\Omega_{l}, \Omega_{h}\right)\right)^{2}+\omega\left(\alpha-v\left(\Omega_{l}, \Omega_{h}\right)\right)^{2}\right],
\tag{3}
\end{equation*}",1BDd5upeJ7NjvIdwdueZdBdXZFCdDEJVw
2021,10.1109/TVCG.2021.3114880,9552916,J,Equations,5,tvcg_2021_3114880_eq_5.png,5,255,1388,1176,1454,2352,3213,0.913,12,"\begin{equation*}
A_{l}^{i+1}=A_{h}^{i+1} \times\left((1-\omega) \delta\left(\Omega_{l}, \Omega_{h}\right)+\omega v\left(\Omega_{l}, \Omega_{h}\right)\right),
\tag{4}
\end{equation*}",1hhraD4UAj2_lrje-M9avtIWzwj8gRF_o
2021,10.1109/TVCG.2021.3114880,9552916,J,Equations,6,tvcg_2021_3114880_eq_6.png,5,381,2137,1176,2208,2352,3213,0.931,12,"\begin{equation*}
A_{k}^{i+1}=\min \left(\text{ceil}\left(A_{i}^{i} * V_{k}^{i+1} / V_{i}^{i}\right), r\right)
\tag{5}
\end{equation*}",1Pop8YSG30N8a0fgM6AqwN6I9lFJPEes_
2021,10.1109/TVCG.2021.3114880,9552916,J,Equations,7,tvcg_2021_3114880_eq_7.png,5,1594,1503,2271,1607,2352,3213,0.932,12,"\begin{equation*}
A_{h}^{i}=D_{h}^{i} \frac{n s}{D_{h}^{i}+D_{l}^{i}}.
\tag{6}
\end{equation*}",1hbmUAJzuElZ4f_tMKuXxZI3ey_BdMOL5
2021,10.1109/TVCG.2021.3114880,9552916,J,Equations,8,tvcg_2021_3114880_eq_8.png,5,1494,1857,2270,1988,2352,3213,0.955,12,"\begin{equation*}
n h=\frac{n s}{(1-\omega) \frac{D_{i}^{i}+D_{h}^{i}}{D_{h}^{i}}+\omega \frac{V_{i}^{i}+V_{h}^{i}}{V_{h}^{i}}}.
\tag{7}
\end{equation*}",13_Ph0J5jVjPEwb5CtsPpbVz5meQ-5ZFF
2021,10.1109/TVCG.2021.3114880,9552916,J,Equations,9,tvcg_2021_3114880_eq_9.png,6,355,2089,1136,2226,2352,3213,0.961,12,"\begin{equation*}
\mu_{j}^{i-1}=\frac{1}{4} \sum_{k=1}^{4}\vert\frac{A_{4 j+k}^{i}}{A_{i}^{i-1}}-\frac{\bar{D}_{4 j+k}^{i}}{\bar{D}_{i}^{i-1}}\vert.
\tag{8}
\end{equation*}",1oY5cLLURwOFRsWH6NfQ74snwAyEVokgI
2021,10.1109/TVCG.2021.3114880,9552916,J,Equations,10,tvcg_2021_3114880_eq_10.png,6,475,2894,1137,3021,2352,3213,0.946,12,"\begin{equation*}
\mu=\vert\frac{A_{j}^{i}}{A_{k}^{i}}-\frac{\bar{D}_{j}^{i}}{\bar{D}_{k}^{i}}\vert.
\tag{9}
\end{equation*}",1hlK8eahdqG6g6jgNpCUHfVqdbuVvFWzD
2021,10.1109/TVCG.2021.3114880,9552916,J,Equations,11,tvcg_2021_3114880_eq_11.png,7,160,2479,1174,2586,2352,3213,0.948,12,"\begin{equation*}
\text{PDDr}=\frac{\sum_{i} \sum_{j< i} \chi_{i j} \sigma\left(\text{sgn}\left(D\left(\Omega_{i}\right)-D\left(\Omega_{j}\right)\right), \text{sgn}\left(A\left(\Omega_{i}\right)-A\left(\Omega_{j}\right)\right)\right)}{\sum_{i} \sum_{j< i} \chi_{i j}},
\tag{10}
\end{equation*}",1FwJpy4BdJ65VTHUSDHM_KOaAef70-8B8
2021,10.1109/TVCG.2021.3114880,9552916,J,Equations,12,tvcg_2021_3114880_eq_12.png,7,457,2835,1176,2938,2352,3213,0.941,12,"\begin{equation*}
\text{ESRr}=\frac{\sum_{i} \sigma\left(A\left(\Omega_{i}\right), 0\right)}{N},
\tag{11}
\end{equation*}",1P4yLMNBmtZ-xvZqW9-i_mnyK4mq3dd65
2021,10.1109/TVCG.2021.3114880,9552916,J,Table,1,tvcg_2021_3114880_table_1.png,8,150,1642,1073,1827,2352,3213,0.974,1,Table 1. Datasets employed in the competitive analysis.,1TZPU2AuVCoUcRpNmU6Sm8ORqUapMgOnW
2021,10.1109/TVCG.2021.3114817,9552856,J,Equations,1,tvcg_2021_3114817_eq_1.png,2,278,906,1136,1039,2352,3213,0.954,17,,1F8oAmS6Ra1DmjM0yA_-m_i7UfwhqwNAR
2021,10.1109/TVCG.2021.3114817,9552856,J,Equations,2,tvcg_2021_3114817_eq_2.png,2,471,1255,1137,1358,2352,3213,0.934,17,,1SeWCKJw22xY5s260OjmtpLbTJOWywOZk
2021,10.1109/TVCG.2021.3114817,9552856,J,Equations,3,tvcg_2021_3114817_eq_3.png,2,303,1401,1136,1530,2352,3213,0.957,17,,19TPdHnGJOiA4mW0IfGUtTWKxlTNifCdd
2021,10.1109/TVCG.2021.3114817,9552856,J,Equations,4,tvcg_2021_3114817_eq_4.png,2,458,1774,1137,1844,2352,3213,0.928,17,,17i-uJ2ux2XR3MSz9haWhMSjX2S1RRkcd
2021,10.1109/TVCG.2021.3114817,9552856,J,Equations,5,tvcg_2021_3114817_eq_5.png,2,372,2027,1136,2124,2352,3213,0.937,17,,1X_q4OlLRZ-4ouubMsYdVREQBM1geCnP2
2021,10.1109/TVCG.2021.3114817,9552856,J,Equations,6,tvcg_2021_3114817_eq_6.png,2,356,2171,1136,2301,2352,3213,0.94,17,,1XHLNtvJOIMQLVbDgGbCK6sh1tjP1mVfP
2021,10.1109/TVCG.2021.3114817,9552856,J,Equations,7,tvcg_2021_3114817_eq_7.png,2,239,2630,986,2828,2352,3213,0.749,17,,17qe8HVgQyGUk68goDSGu_n_qR-vtCMJs
2021,10.1109/TVCG.2021.3114817,9552856,J,Equations,8,tvcg_2021_3114817_eq_8.png,2,1457,2474,2233,2595,2352,3213,0.942,17,,1uyzYjQetJgGpNeSwKm6r-I75UmYO0uIz
2021,10.1109/TVCG.2021.3114817,9552856,J,Equations,9,tvcg_2021_3114817_eq_9.png,2,1460,2600,2233,2752,2352,3213,0.942,17,,1_LGKwXaLeGskHP8__9EHPk39d-0PnmG0
2021,10.1109/TVCG.2021.3114817,9552856,J,Equations,10,tvcg_2021_3114817_eq_10.png,2,1449,2964,2233,3075,2352,3213,0.943,17,,1w3DSh2FmMeJSkzVFD4dcCffGJoGK0XrV
2021,10.1109/TVCG.2021.3114817,9552856,J,Equations,11,tvcg_2021_3114817_eq_11.png,3,477,284,1177,410,2352,3213,0.933,17,,1nj5yFNTEPgo2qEylAfYbcNkmAVqgEFs1
2021,10.1109/TVCG.2021.3114817,9552856,J,Equations,12,tvcg_2021_3114817_eq_12.png,3,509,494,1176,567,2352,3213,0.936,17,,1dMAcHyOQ4CHXXGQfJfFjXQqMYcISR_5K
2021,10.1109/TVCG.2021.3114817,9552856,J,Equations,13,tvcg_2021_3114817_eq_13.png,3,288,819,1177,938,2352,3213,0.943,17,,1KgJr6IRARnvJKKYFYd4SjEiqx5TKkiKo
2021,10.1109/TVCG.2021.3114817,9552856,J,Equations,14,tvcg_2021_3114817_eq_14.png,3,280,967,1176,1082,2352,3213,0.95,17,,1XvR2kckwH7fel1ppjzcJF0mvXK1L746a
2021,10.1109/TVCG.2021.3114817,9552856,J,Equations,15,tvcg_2021_3114817_eq_15.png,4,450,321,1138,447,2352,3213,0.931,17,,1yudfvlCcOsQvmy-nuU1mBNFbfGYMFvHA
2021,10.1109/TVCG.2021.3114817,9552856,J,Equations,16,tvcg_2021_3114817_eq_16.png,4,406,2089,1137,2159,2352,3213,0.925,17,,1VU-9kSzidPnQdz4xtvnSYqkwnJeNOKWq
2021,10.1109/TVCG.2021.3114817,9552856,J,Equations,17,tvcg_2021_3114817_eq_17.png,4,406,2178,1138,2247,2352,3213,0.918,17,,1hlk1N3xhAIo63FmObISChFGpeQnzLXml
2021,10.1109/TVCG.2021.3114817,9552856,J,Equations,18,tvcg_2021_3114817_eq_18.png,4,477,2835,1137,2951,2352,3213,0.938,17,,1zYkRbVyTlsb-HsCeiEeCjIVxbzgRTQS6
2021,10.1109/TVCG.2021.3114817,9552856,J,Equations,19,tvcg_2021_3114817_eq_19.png,4,1521,2212,2233,2336,2352,3213,0.931,17,,15qiU6WofdcJpYGXHWDioiMSSG86T8QcP
2021,10.1109/TVCG.2021.3114817,9552856,J,Equations,20,tvcg_2021_3114817_eq_20.png,4,1543,2416,2233,2485,2352,3213,0.933,17,,1680p2Uwh1zyTMF7-u8ZDmadpBjavwO4g
2021,10.1109/TVCG.2021.3114817,9552856,J,Table,1,tvcg_2021_3114817_table_1.png,6,78,300,2241,647,2352,3213,0.967,3,,1og4Icebe3QuIKRzOkMVUeYMVc-dgt_gM
2021,10.1109/TVCG.2021.3114817,9552856,J,Table,2,tvcg_2021_3114817_table_2.png,6,1170,871,2230,1083,2352,3213,0.228,3,,1xBvocapn_NCsEAHHp3lCAVBv1w09EzZM
2021,10.1109/TVCG.2021.3114805,9572234,J,Table,1,tvcg_2021_3114805_table_1.png,8,80,251,1130,733,2352,3213,0.98,2,Table 1. Summary of behavioral questions.,1PdIkiKPdLB8korywKogzsrZWjs6ejAO-
2021,10.1109/TVCG.2021.3114805,9572234,J,Table,2,tvcg_2021_3114805_table_2.png,8,187,935,1033,1543,2352,3213,0.975,2,"Table 2. A selection of codes from task feedback analysis. Percentages represent participants coded at least once, by profession. The prefixes indicates relations to the three thematic groups in the main text: Strategies (s-), generated landmarks (g-), and visual landmarks (v-).",1rNWSXSB-VFQRRbxkI9bzOSGj4b6eJNop
2021,10.1109/TVCG.2021.3114811,9552876,J,Table,1,tvcg_2021_3114811_table_1.png,5,1213,1210,2234,1396,2352,3213,0.943,4,Table 1. Materials produced for our experiments. Each learning objective include one or more insights and each insight is associated with one multiple choice assessment question.,1LAKWPolerRHa4gKu0wPfbij74zI8SG_8
2021,10.1109/TVCG.2021.3114811,9552876,J,Table,2,tvcg_2021_3114811_table_2.png,6,1256,2526,2142,2710,2352,3213,0.933,4,"Table 2. Spearman correlation coefficients of preference ranks for each of the specification types: Learning objectives, insights, assessments, and no specification (baseline). All correlations are significant ($p < 0.001$). Preference ranks are positively correlated with each other.",1l4dJX7mn1NuVHDoQXV7mt4tvrf1VNS0i
2021,10.1109/TVCG.2021.3114811,9552876,J,Table,3,tvcg_2021_3114811_table_3.png,8,130,147,1093,416,2352,3213,0.962,4,Table 3. Spearman's correlation coefficients between preferences and the adjusted accuracy for each specification. Adjusted accuracy is defined as change from the no-visualization baseline to either the readability assessments or the memorability assessments. P-values are judged at the bonferroni-adjusted significance level of $\mathrm{p}=0.0125$.,1I7baHRTD27j8-kk14sfRBrLTbpP7MooS
2021,10.1109/TVCG.2021.3114811,9552876,J,Table,4,tvcg_2021_3114811_table_4.png,8,161,667,1063,1145,2352,3213,0.952,4,"Table 4. Multiple regression models predicting accuracy from baseline preference, learning objective preference, insight preference, and assessment preference. The first model is predicting change from baseline accuracy to readability accuracy; the second model is predicting change from baseline accuracy to memorability accuracy.",1j2x21HN7WUb1pl7QG3Hw3mc9fWnDtuht
2021,10.1109/TVCG.2021.3114780,9552216,J,Equations,1,tvcg_2021_3114780_eq_1.png,3,481,2734,2270,2819,2352,3213,0.92,8,"\begin{equation*}
m_{ij}:=a_{ij}-\max_{k\neq j} a_{ik}.
\tag{1}
\end{equation*}",1PJ2hc3FnVIdhwqxuDRM5lG5Gb7vxCK1m
2021,10.1109/TVCG.2021.3114780,9552216,J,Equations,2,tvcg_2021_3114780_eq_2.png,3,1413,2744,2270,2857,2352,3213,0.942,8,"\begin{equation*}
p_{j}(i):=\frac{a_{ij}}{\Sigma_{k=1}^{N}a_{kj}}\qquad \text{for}: i\in\{1,\ldots,N\}.
\tag{2}
\end{equation*}",1IwV2mzP5QKBB86I7flrpmqTO6rMhfmAF
2021,10.1109/TVCG.2021.3114780,9552216,J,Equations,3,tvcg_2021_3114780_eq_3.png,4,400,667,1137,790,2352,3213,0.947,8,"\begin{equation*}
H_{j}:=-\sum_{i=1}^{N}p_{j}(i)\log p_{j}(i).
\tag{3}
\end{equation*}",1nrYBIHAU6uF_I-CjPUHcgYL1_hyrDo0D
2021,10.1109/TVCG.2021.3114780,9552216,J,Equations,4,tvcg_2021_3114780_eq_4.png,4,325,1445,1138,1566,2352,3213,0.948,8,"\begin{equation*}
\text{TV}(j_{1},j_{2}):=\frac{1}{2}\sum_{i=1}^{N}\vert p_{j_{1}}(i)-p_{j_{2}}(i)\vert.
\tag{4}
\end{equation*}",1xGqTM9j__dTk1S2D-9-n_1Lda6HydBqv
2021,10.1109/TVCG.2021.3114780,9552216,J,Equations,5,tvcg_2021_3114780_eq_5.png,4,133,1843,1138,1965,2352,3213,0.955,8,"\begin{equation*}
\text{GTV}(j_{1},\ldots,j_{k}): =-1+\sum_{i=1}^{N}\max(p_{j_{1}}(i),p_{j_{2}}(i),\ \ldots,p_{j_{k}}(i)).
\tag{5}
\end{equation*}",1yAEOy8VpyTgf3tX3vD8SA30pvtnQrrG2
2021,10.1109/TVCG.2021.3114780,9552216,J,Equations,6,tvcg_2021_3114780_eq_6.png,4,1412,575,2233,637,2352,3213,0.797,8,"\begin{equation*}
\Delta S=\vert \text{Prob}(\Delta x > 0) -\text{Prob}(\Delta x < 0)\vert.
\tag{6}
\end{equation*}",1ctNqr5G8OpOjR5nmhkNnfZTpgVspjiH1
2021,10.1109/TVCG.2021.3114780,9552216,J,Equations,7,tvcg_2021_3114780_eq_7.png,4,1342,777,2233,942,2352,3213,0.958,8,"\begin{equation*}
\text{Prob}(\Delta x > 0)=\Phi\left(\frac{(\overline{x}_{1}+\overline{x}_{4})-(\overline{x}_{2}+\overline{x}_{3})}{\sqrt{\sigma_{1}^{2}+\sigma_{2}^{2}+\sigma_{3}^{2}+\sigma_{4}^{2}}}\right),
\tag{7}
\end{equation*}",1elnlwZjRhn7WCzmykdnhsuOwXhL828H2
2021,10.1109/TVCG.2021.3114780,9552216,J,Equations,8,tvcg_2021_3114780_eq_8.png,5,568,1004,1177,1110,2352,3213,0.932,8,"\begin{equation*}
\Delta S=\frac{n!p-1}{n!-1}.
\tag{8}
\end{equation*}",1-bbQFoAQJ0vX1sDs82a3P6Kt3evv7vAI
2021,10.1109/TVCG.2021.3114780,9552216,J,Table,1,tvcg_2021_3114780_table_1.png,6,1171,275,2235,549,2352,3213,0.966,3,Table 1: Full set of concepts in experiment 1 (first four columns of concepts were used in experiment 2).,1sKBmQQJGqXgOKQN6tZOEtCJKa4BEqMoH
2021,10.1109/TVCG.2021.3114780,9552216,J,Table,2,tvcg_2021_3114780_table_2.png,7,114,316,1149,696,2352,3213,0.967,3,Table 2: Multiple linear regression predicting capacity for semantic discriminability from distribution difference and mean specificity for all 2-concept sets and 4-concept sets.,1RkVBV8-gKZRROjOgaNLsSpX6PfDhrrG8
2021,10.1109/TVCG.2021.3114780,9552216,J,Table,3,tvcg_2021_3114780_table_3.png,8,1172,317,2119,592,2352,3213,0.974,3,"Table 3: Logistic mixed-effect model predicting accuracy from speci-ficity of the concept, semantic contrast of the concept's correct color, and association between the concept and its correct color.",18QzAgPnUwlWlLntzEy6sQGLZCTyoqypd
2021,10.1109/TVCG.2021.3114807,9555244,J,Equations,1,tvcg_2021_3114807_eq_1.png,3,1575,2461,2270,2553,2352,3213,0.915,9,,1MwQHHrQvEHTMF21z6ND2d72S6_TchqDM
2021,10.1109/TVCG.2021.3114807,9555244,J,Equations,2,tvcg_2021_3114807_eq_2.png,3,1486,3005,2271,3096,2352,3213,0.899,9,,1v-tosxR30dhPsNGuZgnl-AiJnUQWsKHj
2021,10.1109/TVCG.2021.3114807,9555244,J,Table,1,tvcg_2021_3114807_table_1.png,4,80,233,1128,434,2352,3213,0.959,1,Table 1: Summary of notation.,1X942JE9CoY5HhA3V5E2IyuDCZiK-laLv
2021,10.1109/TVCG.2021.3114807,9555244,J,Equations,3,tvcg_2021_3114807_eq_3.png,4,424,1197,1138,1313,2352,3213,0.942,9,,1XtrAO_8HAXVuheaV0Q1RrrKGNFrua3ng
2021,10.1109/TVCG.2021.3114807,9555244,J,Equations,4,tvcg_2021_3114807_eq_4.png,4,190,2252,1136,2373,2352,3213,0.952,9,,1sF6oICVSjajneh4LFjDTareT-ubKdWeP
2021,10.1109/TVCG.2021.3114807,9555244,J,Equations,5,tvcg_2021_3114807_eq_5.png,4,1403,382,2234,542,2352,3213,0.958,9,,15QkRJ9jOeYvdHDPjSn6vueQowq9YIsog
2021,10.1109/TVCG.2021.3114807,9555244,J,Equations,6,tvcg_2021_3114807_eq_6.png,4,1527,1152,2232,1271,2352,3213,0.835,9,,1OwKUA44dkme0ZwwZ0B31htjou2ptWGjY
2021,10.1109/TVCG.2021.3114807,9555244,J,Equations,7,tvcg_2021_3114807_eq_7.png,4,1379,1262,2232,1348,2352,3213,0.848,9,,1fF8EU0w5WpnA4jLHmjgDL19bcPjtSb1c
2021,10.1109/TVCG.2021.3114807,9555244,J,Equations,8,tvcg_2021_3114807_eq_8.png,4,1498,1337,2233,1438,2352,3213,0.835,9,,1Bq6VIJNynHoN61LgQ1Mv--QZMkg9i0l6
2021,10.1109/TVCG.2021.3114807,9555244,J,Equations,9,tvcg_2021_3114807_eq_9.png,4,1460,2432,2233,2524,2352,3213,0.941,9,,1twA1S_kisxp1QqnkUjJjirWBSgRB2em_
2021,10.1109/TVCG.2021.3114807,9555244,J,Equations,10,tvcg_2021_3114807_eq_10.png,5,207,334,1175,449,2352,3213,0.541,9,,15BNvEvwaYlxXHrV2pu0k3qDxlOn_4ano
2021,10.1109/TVCG.2021.3114807,9555244,J,Equations,11,tvcg_2021_3114807_eq_11.png,5,204,433,1176,514,2352,3213,0.636,9,,1qGwb7jVKRUhGYwOxm-O_i5E_NvjP_JVV
2021,10.1109/TVCG.2021.3114807,9555244,J,Equations,12,tvcg_2021_3114807_eq_12.png,6,419,423,1137,488,2352,3213,0.894,9,,1y8TmG62miEnEj8XWsyb5b9UsNP9YhiIs
2021,10.1109/TVCG.2021.3114807,9555244,J,Equations,13,tvcg_2021_3114807_eq_13.png,6,283,495,1137,614,2352,3213,0.892,9,,1uJ-a5MWrMDJMksOvKV7WTMhz-j1hEkVG
2021,10.1109/TVCG.2021.3114807,9555244,J,Equations,14,tvcg_2021_3114807_eq_14.png,6,333,601,1137,714,2352,3213,0.899,9,,1cQ90hyVoxj7aElnhtngTShu4rdxaXnBO
2021,10.1109/TVCG.2021.3114784,9552237,J,Table,1,tvcg_2021_3114784_table_1.png,5,1225,2462,2260,2747,2352,3213,0.966,2,"Table 1. Computation time for metric (M) and non-metric (NM) approaches to extract persistent homology features and calculate the dissimilarity matrix for all frames from each subject, including subsets of facial landmarks (full face, eyes+nose, mouth+nose, eyebrows+nose). The number of landmarks input to each method is similar, 83 for full face metric and 81 for non-metric. In addition, we show the average number of H0 and H1 features generated per frame.",1yr9QoiK0BC5lwlBgiExv25yViUcsf1V0
2021,10.1109/TVCG.2021.3114784,9552237,J,Table,2,tvcg_2021_3114784_table_2.png,6,140,1978,1081,3100,2352,3213,0.96,2,Table 2. Action units (AUs) and their corresponding facial muscle movements as used in our evaluation.,1iKyXeY74kXTd_XOOgzp9cvOef3f_13KM
2021,10.1109/TVCG.2021.3114794,9552921,J,Equations,1,tvcg_2021_3114794_eq_1.png,5,276,659,1176,790,2352,3213,0.946,1,"\begin{equation*}
\underset{\{Th_{sig}, Th_{dom}, Th_{confl}\}}{\arg \max } \frac{1}{\vert L\vert^{2}} \sum_{i}^{L} \sum_{j}^{L} {dist}(L_{i}, L_{j})-\bar{L}_{others}
\tag{1}
\end{equation*}",134fVJfsI9zr8V2BMFA4XPb9B76cHdvL-
2021,10.1109/TVCG.2021.3114794,9552921,J,Algorithms,1,tvcg_2021_3114794_alg_1.png,5,121,986,1177,1680,2352,3213,0.896,1,Algorithm 1 Rules for Extracting Important Relationships of Modalities,1TYRExfpQMBWLq8nAcYnmSxlXvQo9JVyZ
2021,10.1109/TVCG.2021.3114781,9552250,J,Equations,1,tvcg_2021_3114781_eq_1.png,5,334,2232,1176,2356,2352,3213,0.948,1,"\begin{equation*}
R(V)=\frac{1}{m+n}(\sum_{i=1}^{n}R_{F}(F_{i})+\sum_{j=1}^{m}R_{A}(A_{j}))
\tag{1}
\end{equation*}",1HeZfvHpxAKeMqyiUVjhOB8IxomiCBpNW
2021,10.1109/TVCG.2021.3114821,9555925,J,Table,1,tvcg_2021_3114821_table_1.png,4,75,206,2239,874,2352,3213,0.982,2,"Table 1. Mapping design levels of miningvis tool from analysis direction, data, analysis tasks, to visualization (view).",1aCa2vpgPnebw1rEla9FsC6jxH_7QUxuf
2021,10.1109/TVCG.2021.3114821,9555925,J,Table,2,tvcg_2021_3114821_table_2.png,8,73,204,2241,970,2352,3213,0.983,2,Table 2. List of tasks for participants in the first interview study and the usage patterns we have observed.,1KiOYmKzNXtkC-El8ItYBaZbnGiVWHnsa
2021,10.1109/TVCG.2021.3114800,9552886,J,Table,1,tvcg_2021_3114800_table_1.png,7,1206,443,2292,756,2352,3213,0.963,2,"Table 1. Evaluation of different clustering techniques on the 20 news-groups data set comprising 19,994 posts in 20 newsgroups. The normalized mutual information (NMI, higher is better) judges the quality of the resulting clustering according to the class labels. (skl) denotes scikit-learn-based implementations. The results show that our spherical k-means++ implementation (in bold) is not only fast but also leads to the best clustering result compared to LDA, NMF, and k-means++.",1l1QHuF1-cUtt9YZDHh2BDv1DA-xMuAuA
2021,10.1109/TVCG.2021.3114800,9552886,J,Table,2,tvcg_2021_3114800_table_2.png,8,380,326,1935,798,2352,3213,0.964,2,"Table 2. Evaluation of our sliding window-based dynamic clustering approach on the 20 newsgroups data set that was processed as a batched stream. Each batch contains about 2k documents. The resulting NMI refers to the final batch (higher is better, interquartile range in brackets). The clustering coherence score captures the average similarity of centroids between subsequent runs. Our approach (in bold) leads to better and more coherent clustering results compared to processing the bins on their own.",18JpCv2E7plxlxUgOgKwHThoW7nYKhsDV
2021,10.1109/TVCG.2021.3114868,9557226,J,Algorithms,1,tvcg_2021_3114868_alg_1.png,3,1211,168,2271,1096,2352,3213,1.0,0,,17tHVQeT5xboSw889XmAvoGVK_bQkCIPJ
2021,10.1109/TVCG.2021.3114868,9557226,J,Algorithms,2,tvcg_2021_3114868_alg_2.png,3,1211,1163,2271,2263,2352,3213,1.0,0,,1JUZecUIIxLEQF3HXl08m82996CgxbNVx
2021,10.1109/TVCG.2021.3114868,9557226,J,Equations,1,tvcg_2021_3114868_eq_1.png,4,430,2450,1137,2563,2352,3213,0.931,2,"\begin{equation*}
I_{j}=1-\frac{E_{j}}{\log_{2}(\vert A\vert +1)}
\tag{1}
\end{equation*}",1TWDnLagMlY_ia_y_z9KccDyJlmEDD3sS
2021,10.1109/TVCG.2021.3114868,9557226,J,Equations,2,tvcg_2021_3114868_eq_2.png,4,238,2685,1137,2867,2352,3213,0.961,2,"\begin{equation*}
E_{j}=\sum_{a \in A_{j} \cup\{-\}}
\begin{cases}
-P_{a} \log _{2}\left(\frac{P_{a}}{G_{j}}\right), & \text { if a = '-', } \\
-P_{a} \log _{2}\left(P_{a}\right), & \text { otherwise. }
\end{cases}
\tag{2}
\end{equation*}",10NvIQWIrFJyJzMrEOh6otWrrW1vOYoQK
2021,10.1109/TVCG.2021.3114868,9557226,J,Table,1,tvcg_2021_3114868_table_1.png,5,119,1390,2240,1949,2352,3213,0.929,1,"Table 1: Characteristics of datasets used in the case studies (in bold), and time performance for algorithms buildaggregatetree and aggregate for different subsets of the data. The time for buildaggregatetree does not include the function aggregate, which is broken down according to the align, score and simplify steps. Experiments were run on a macbook pro, 2.9 ghz quad-core intel core i7, 16GB (appendices A and b).",1wncUe8ywv_ewxdScZeO6FB06YFwbm5B1
2021,10.1109/TVCG.2021.3114867,9552869,J,Equations,1,tvcg_2021_3114867_eq_1.png,4,1501,2744,2232,2865,2352,3213,0.912,6,\begin{equation*}\overrightarrow{u}=(\sum\limits_{j=1}^{n}\overrightarrow{S}_{j}d_{j})/(\sum\limits_{j=1}^{n}d_{j})\tag{1}\end{equation*},12S9idvp3KBHBLucaZ7x9V_qsr_Nm3rGd
2021,10.1109/TVCG.2021.3114867,9552869,J,Equations,2,tvcg_2021_3114867_eq_2.png,5,429,1438,1176,1547,2352,3213,0.936,6,"\begin{equation*}\overrightarrow{u^{\prime}}= \frac{\overrightarrow{u}}{\Vert\overrightarrow{u}\Vert}\cdot\Vert \overrightarrow{u}\Vert ^{\frac{1}{s}},(s\geq 1)\tag{2}\end{equation*}",1BmOjkvDigaw2cPg8hj2rCA6yrnMnB8Fy
2021,10.1109/TVCG.2021.3114867,9552869,J,Equations,3,tvcg_2021_3114867_eq_3.png,5,401,2318,1176,2441,2352,3213,0.933,6,\begin{equation*}\overrightarrow{u^{\prime}}=(\sum\limits_{j=1}^{n}\overrightarrow{S}_{j}w_{j}d_{j})/(\sum\limits_{j=1}^{n}w_{j}d_{j})\tag{3}\end{equation*},1SlfY0Bbwe1ab-cxeUkfOtgwfxoluBIKH
2021,10.1109/TVCG.2021.3114867,9552869,J,Equations,4,tvcg_2021_3114867_eq_4.png,5,427,2714,1177,2816,2352,3213,0.947,6,\begin{equation*}\overrightarrow{u^{\prime}}-\overrightarrow{u}= \frac{w_{1}-1}{w_{1}+\alpha}(\overrightarrow{S}_{1}-\overrightarrow{u})\tag{4}\end{equation*},1WnxspS44TqG_BlmSDH58yUbDxk8j-hVa
2021,10.1109/TVCG.2021.3114867,9552869,J,Equations,5,tvcg_2021_3114867_eq_5.png,6,393,1624,1137,1700,2352,3213,0.914,6,"\begin{equation*}H(A, B)=\max\limits_{a\in A}\min\limits_{b\in B}\Vert a-b\Vert\tag{5}\end{equation*}",1ZSjBcPNhUGWRzVZ1xrH2jzCN_VaqmBvJ
2021,10.1109/TVCG.2021.3114867,9552869,J,Equations,6,tvcg_2021_3114867_eq_6.png,6,300,2101,1136,2227,2352,3213,0.917,6,"\begin{gather*}
\delta(A, B)=\max(\delta(A\rightarrow B),\delta(B\rightarrow A))\tag{6}\\
\delta(A\rightarrow B)=\max\limits_{a_{i}\in A}\min\limits_{b_{j}\in B[i-\phi, i+\phi]}\Vert a_{i}- b_{j}\Vert\tag{7}
\end{gather*}",1Mrk_GpWhQFs7Frm39pEC4JEna8Sx478a
2021,10.1109/TVCG.2021.3114823,9552208,J,Table,1,tvcg_2021_3114823_table_1.png,6,1172,2251,2239,2879,2352,3213,0.978,3,Table 1. Overview ranking the most frequently made comparisons from experiment 1 with examples.,1wOyByDG_WUSe3NDJc30izHG3MhCVSDEc
2021,10.1109/TVCG.2021.3114823,9552208,J,Table,2,tvcg_2021_3114823_table_2.png,8,106,297,2201,1378,2352,3213,0.487,3,"Table 2. Summary results from experiment 1 (crowdsourced comparisons) compared to summary results from experiment 2 (expert intuitions). Bar charts in the right-most column show expert preferences for the four arrangements: adjacent (a), overlaid (o), stacked (s), and vertical (v).",1Qt8dJw_GEgn7qAsGLWehqpnY0Ly7NpH3
2021,10.1109/TVCG.2021.3114823,9552208,J,Table,3,tvcg_2021_3114823_table_3.png,9,1211,934,2280,1283,2352,3213,0.964,3,Table 3. Recommended visual arrangements for various user goals.,16XR_Ec0x4pYALKo8HLrq3H4Vhn5QfzSW
2021,10.1109/TVCG.2021.3114783,9556578,J,Equations,1,tvcg_2021_3114783_eq_1.png,6,1418,1916,1988,2024,2352,3213,0.908,3,"\begin{align*}
&R_{t, x}=V \mu_{t, x}+(1-V) x_{default}+ Q_{t, x}\\
&R_{t, y}=V \mu_{t, y}+(1-V) y_{default}+ Q_{t, y}
\end{align*}",1nwba611dVT0VG5w0kz7T2f5jlGxW3XYg
2021,10.1109/TVCG.2021.3114783,9556578,J,Equations,2,tvcg_2021_3114783_eq_2.png,6,1361,2432,2043,2652,2352,3213,0.954,3,"\begin{equation*}
\mu_{t, x}=\frac{\sum\limits_{i=1}^{N_{stims}}w(\tau_{t, i})x_{t, i}}{\sum\limits_{i=1}^{N_{stims}}w(\tau_{t, i})},\mu_{t, y}=
\frac{\sum\limits_{i=1}^{N_{stims}}w(\tau_{t, i})y_{t, i}}{\sum\limits_{i=1}^{N_{stims}}w(\tau_{t, i})}\end{equation*}",1V2JIBz1gvtYcEMs4fidXiUaAkTUlCn82
2021,10.1109/TVCG.2021.3114783,9556578,J,Equations,3,tvcg_2021_3114783_eq_3.png,8,1580,2312,1825,2400,2352,3213,0.887,3,\begin{equation*}\hat{\sigma}=\sqrt{\frac{SS_{\text{Residual}}}{df}}\end{equation*},16E8SrVMYzrqdEyVU5Nt4ExxNN4BRLwcN
2021,10.1109/TVCG.2021.3114779,9552190,J,Table,1,tvcg_2021_3114779_table_1.png,3,123,2805,1176,2978,2352,3213,0.969,7,Table 1: Filter strength thresholds based on IN/CF difference.,1wYxWFWiNf_cyDLTEQdw3E0rYwPLxH6lu
2021,10.1109/TVCG.2021.3114779,9552190,J,Table,2,tvcg_2021_3114779_table_2.png,6,213,194,2093,922,2352,3213,0.98,7,Table 2: Filter constraints for the experimental data analysis tasks listed in table 3.,1u8l0o-SioBG8xKwnZZ0DYmD8kFs4v7rN
2021,10.1109/TVCG.2021.3114779,9552190,J,Table,3,tvcg_2021_3114779_table_3.png,6,215,1015,2089,1344,2352,3213,0.972,7,"Table 3: User study experimental data analysis tasks, using the filter constraints listed in table 2.",1r_4e0nElMa5-9v1so9zZwKS8MsdQRq2W
2021,10.1109/TVCG.2021.3114779,9552190,J,Table,4,tvcg_2021_3114779_table_4.png,7,278,195,2110,690,2352,3213,0.974,7,Table 4: Experimental questions participants responded to after each data analysis task.,1Jge1kCadshc4_jqE_L0WCUJg3spc_8Ld
2021,10.1109/TVCG.2021.3114779,9552190,J,Table,5,tvcg_2021_3114779_table_5.png,7,278,801,2111,1462,2352,3213,0.955,7,Table 5: Criteria to evaluate user experience.,1uXjpFnmW6psZNV-v0uD_lak2KrSxy_lX
2021,10.1109/TVCG.2021.3114779,9552190,J,Table,6,tvcg_2021_3114779_table_6.png,7,218,2301,1081,2497,2352,3213,0.971,7,"Table 6: Results from the 2 (treatment group: C vs. CF) × 2 (strength: Weak, strong) repeated measures ANOVA evaluating user confidence.",1SZB15sfTgnzhMRj5kDCyfRO9zycYVzkL
2021,10.1109/TVCG.2021.3114779,9552190,J,Table,7,tvcg_2021_3114779_table_7.png,7,1371,2782,2115,2978,2352,3213,0.971,7,Table 7: Results from the 2 (treatment group: C vs. CF) × 8 (task) repeated measures ANOVA evaluating user confidence for each task.,1gze35W99lpzeOcAkE_u59WyZ16S5OS_H
2021,10.1109/TVCG.2021.3114853,9555830,J,Equations,1,tvcg_2021_3114853_eq_1.png,3,440,1005,1177,1067,2352,3213,0.924,4,"\begin{equation*}G(i, a):IMG\times ACT\rightarrow \mathbb{R}\tag{1}\end{equation*}",1qht3Cszkf5aug26aJce-VFf_WIPRv5ou
2021,10.1109/TVCG.2021.3114853,9555830,J,Equations,2,tvcg_2021_3114853_eq_2.png,3,206,1289,2270,1353,2352,3213,0.851,4,"\begin{equation*}ACT=\{go\ straight, slow\ or\ stop, left\ turn, right\ turn\}.\tag{2}\end{equation*}",1KS-asNGL2Go1bbcBqKkYoxvLGTR1k2pG
2021,10.1109/TVCG.2021.3114853,9555830,J,Equations,3,tvcg_2021_3114853_eq_3.png,3,1610,743,2270,846,2352,3213,0.94,4,"\begin{equation*}accuracy = \frac{N_{c}}{N},\tag{3}\end{equation*}",1JTUa-HyjnintogBsMnViwog7dsUcPssI
2021,10.1109/TVCG.2021.3114853,9555830,J,Equations,4,tvcg_2021_3114853_eq_4.png,3,1492,1271,2270,1345,2352,3213,0.931,4,"\begin{equation*}perplexity =e^{-\frac{1}{n}\sum\nolimits_{k=1}^{n}\log G(i_{k},a_{k}).}\tag{4}\end{equation*}",1HBrTN3RAcGmur_pQ52nYFHPmhmlrtgkP
2021,10.1109/TVCG.2021.3114853,9555830,J,Table,1,tvcg_2021_3114853_table_1.png,4,1183,249,2227,999,2352,3213,0.761,1,Table 1. Querying by spatial and ADM performance conditions.,1Cjd-y9q82_H1iKJYX7kKFe-QchkdZI3C
2021,10.1109/TVCG.2021.3114855,9552909,J,Algorithms,1,tvcg_2021_3114855_alg_1.png,5,1211,212,2271,1659,2352,3213,1.0,0,,18q4cYdzx12kvxK4AjlTbQX30KX2xWCg3
2021,10.1109/TVCG.2021.3114855,9552909,J,Table,1,tvcg_2021_3114855_table_1.png,7,1210,1802,2289,2338,2352,3213,0.57,2,"Table 1. Performance improvement with adversarial data augmentation on the lost and found dataset, measured by mIoU, IoU, and iIoU (5 trials, larger is better).",1UWKlzUKHlWsuSZ9eeuuVT0j2-l7gm7d6
2021,10.1109/TVCG.2021.3114855,9552909,J,Table,2,tvcg_2021_3114855_table_2.png,9,112,214,2282,698,2352,3213,0.96,2,"Table 2. Performance improvement with data augmentation on the cityscapes dataset, measured by mIoU, IoU, and iIoU (5 trials, larger is better).",1-ACX443uoK9wTZYKLJHddrme8iG7HPc5
2021,10.1109/TVCG.2021.3114875,9557222,J,Equations,1,tvcg_2021_3114875_eq_1.png,4,1327,256,2004,526,2352,3213,0.949,3,,1PZAHTCLdDveSBMHRtBEMXuCIdL8TV1eZ
2021,10.1109/TVCG.2021.3114875,9557222,J,Equations,2,tvcg_2021_3114875_eq_2.png,4,1433,822,2233,947,2352,3213,0.937,3,,1SXH8t_Rsj2T664ItxHTBWj8AYSPJqwhs
2021,10.1109/TVCG.2021.3114875,9557222,J,Equations,3,tvcg_2021_3114875_eq_3.png,4,1407,946,2233,1072,2352,3213,0.957,3,,19-bMDbr4CmrnDjJH_v5-C1zXNRvF7sV4
2021,10.1109/TVCG.2021.3114875,9557222,J,Equations,4,tvcg_2021_3114875_eq_4.png,4,1491,1405,1916,1526,2352,3213,0.947,3,,1EoEhxQOAYKo6H02wCj-nlJLqpqdFgDf2
2021,10.1109/TVCG.2021.3114762,9552191,J,Equations,1,tvcg_2021_3114762_eq_1.png,4,221,1875,1158,1994,2352,3213,0.946,3,"\begin{equation*}
\rho_{\mathrm{i}}= \sum_{x_{j}\in S}\psi(dist(x_{i},x_{j})-dist_{c}), \psi(x)=
\begin{cases}
\ 1,\ (x\leq 0)\\
\ 0,\ (x > 0)
\end{cases}
\tag{1}
\end{equation*}",1PEbPdzgEh96Np7bunCd3rGc6xb6T0zKh
2021,10.1109/TVCG.2021.3114762,9552191,J,Equations,2,tvcg_2021_3114762_eq_2.png,4,449,2207,1158,2292,2352,3213,0.93,3,"\begin{equation*}
\delta_{\mathrm{i}}=\min _{\mathrm{j}: \rho_{\mathrm{j}}>\rho_{\mathrm{i}}}(dist(x_{i}, x_{j}))
\tag{2}
\end{equation*}",1k1R6IFSjW5igiLvQn-AYlkKTnWnXzVeG
2021,10.1109/TVCG.2021.3114762,9552191,J,Equations,3,tvcg_2021_3114762_eq_3.png,5,1494,274,2271,398,2352,3213,0.936,3,"\begin{equation*}
\min_{A,x_{i}}\sum_{i=1}^{N}\Vert y_{i}-Ax_{i}\Vert_{2}^{2}+\lambda\sum_{i=1}^{N}\Vert x_{i}\Vert_{1}
\tag{3}
\end{equation*}",1dR0F1Bz9GC0kfpr6QLbTbZCP1r-0WK40
2021,10.1109/TVCG.2021.3114762,9552191,J,Algorithms,1,tvcg_2021_3114762_alg_1.png,6,1191,831,2272,1593,2352,3213,1.0,0,,1E-J9NZ5yO65Ae2r01kHDmLnoy2D-NKkg
2021,10.1109/TVCG.2021.3114762,9552191,J,Table,1,tvcg_2021_3114762_table_1.png,9,1356,320,2109,429,2352,3213,0.973,1,Table 1. Average similarity comparisons of the different density estimation approaches.,1UvdugO4hI8T4vL6vBJujoyi3gi6iTTyq
2021,10.1109/TVCG.2021.3114829,9552177,J,Table,1,tvcg_2021_3114829_table_1.png,4,74,289,1162,814,2352,3213,0.977,1,Table 1. Demographics and O&M experience of the 10 participants. Abbreviations: M—male; F—female; NB—non-binary.,1ErHZbRLQysE_ZJ05_6eix6lb5dB6Tssf
2021,10.1109/TVCG.2021.3114846,9552938,J,Table,1,tvcg_2021_3114846_table_1.png,3,123,195,1169,1156,2352,3213,0.973,2,Table 1. Brief summary of each guideline source.,1Xto5V70MYLou36TfTldu4n3mm4K8zo1n
2021,10.1109/TVCG.2021.3114846,9552938,J,Table,2,tvcg_2021_3114846_table_2.png,4,86,191,2230,973,2352,3213,0.979,2,"Table 2. Demographics of participants. Pid=Participant ID. G=Gender (M=Male, F=Female). Edu=Education (H.S.=High School, B.S.=Bachelors of Science, B.A.=Bachelors of Arts, M.A.=Masters of Arts, M.S.=Masters of Science, J.D.=Doctor of Jurisprudence, A.A.=Associates).",1Amd_dTlVv25U37ke508mDdCHm0MmEhRQ
2021,10.1109/TVCG.2021.3114845,9552430,J,Equations,1,tvcg_2021_3114845_eq_1.png,2,183,1905,1035,2109,2352,3213,0.898,2,,1Qmp11R4HQlSsH2S3cdGGzs23FqCsmpnJ
2021,10.1109/TVCG.2021.3114845,9552430,J,Equations,2,tvcg_2021_3114845_eq_2.png,2,182,2377,1137,2437,2352,3213,0.834,2,,1-tWNyd_42LYuqcTp2_ICb-HF4itn9gAj
2021,10.1109/TVCG.2021.3114845,9552430,J,Equations,3,tvcg_2021_3114845_eq_3.png,2,180,2432,1136,2493,2352,3213,0.812,2,,1lduznNeSbLLFEhnCNdCnJJUSrceydNR9
2021,10.1109/TVCG.2021.3114864,9552849,J,Table,1,tvcg_2021_3114864_table_1.png,2,77,207,2065,882,2352,3213,0.983,4,Table 1. List of challenges that could negatively impact the usability of an ML model.,1oFPP5CSbtwW1FHrqWUwrlJ3wDCmYR8pC
2021,10.1109/TVCG.2021.3114864,9552849,J,Table,2,tvcg_2021_3114864_table_2.png,3,114,278,2275,1143,2352,3213,0.983,4,"Table 2. Domain context factors that may influence the usability of an ML model. The context factors relevant to child welfare screening are in bold. By technical expertise, we refer to the ML or data science expertise of the end-user. This is not meant to be a complete list — there are many other factors that could also be relevant",19fZYArsZnbnoEsn5CiGQGzkYXZSc2hrv
2021,10.1109/TVCG.2021.3114864,9552849,J,Table,3,tvcg_2021_3114864_table_3.png,6,75,297,2174,1080,2352,3213,0.985,4,"Table 3. The proposed SIBYL interfaces (left column), the challenges they were theorized to address (middle column, using the codes from Table 1), and the reasons we expected these interfaces to address the given challenges (right column). Tr: lack of trust in the model. Dis: difficulty reconciling disagreements. Ct: confusing prediction target. Eth: ethical concerns",1FngmwxpKCurzRcOzTJFOl1ILLuH1SLgP
2021,10.1109/TVCG.2021.3114864,9552849,J,Table,4,tvcg_2021_3114864_table_4.png,9,112,316,2215,1539,2352,3213,0.899,4,"Table 4. Summary of answers to the question “what made you trust the model more/less”. The top section lists reasons for having “a great deal”, “a lot” or “a moderate amount” of trust in the model. The bottom section lists reasons for having “a little” or “not at all” trust in the model. The first column lists the general themes we found in the answers. The second column lists the number of answers that fell within each theme. The final column lists selected answers for each theme",1ZPsEC2sh8BX0O9Way3ewa_DjQlT4YuHF
2022,10.1109/TVCG.2022.3209420,9908526,J,Equations,1,tvcg_2022_3209420_eq_1.png,2,1318,2096,2232,2178,2352,3213,0.941,8,,11BvRtI9wZ8_41rBcm_wJRulBHGyBPCG9
2022,10.1109/TVCG.2022.3209420,9908526,J,Equations,2,tvcg_2022_3209420_eq_2.png,3,168,1920,1176,2028,2352,3213,0.947,8,,1SXO5HHq72P5aphgmK5V3vhjLi9G8vGro
2022,10.1109/TVCG.2022.3209420,9908526,J,Equations,3,tvcg_2022_3209420_eq_3.png,3,133,2815,1160,2994,2352,3213,0.883,8,,1fwo-qxDJfmT55RZWp0FDyC5hqj-EobmW
2022,10.1109/TVCG.2022.3209420,9908526,J,Equations,4,tvcg_2022_3209420_eq_4.png,4,102,418,1059,722,2352,3213,0.904,8,,1hSEyBzCIPxU5akRa6Yn-KJXJb42tNXe7
2022,10.1109/TVCG.2022.3209420,9908526,J,Equations,5,tvcg_2022_3209420_eq_5.png,4,243,1844,1137,1953,2352,3213,0.929,8,,19C5cNS3b8f3T7YfLYssgXud_Zktu9pmC
2022,10.1109/TVCG.2022.3209420,9908526,J,Equations,6,tvcg_2022_3209420_eq_6.png,4,112,2055,1137,2949,2352,3213,0.891,8,,1WNOx2Au1ypqxOd0yvceojOsMwJlwH72x
2022,10.1109/TVCG.2022.3209420,9908526,J,Equations,7,tvcg_2022_3209420_eq_7.png,4,1218,1073,2234,1365,2352,3213,0.771,8,,166WODGJSZ8Wk0Wf2vWdRGvt83nwmlcYC
2022,10.1109/TVCG.2022.3209420,9908526,J,Equations,8,tvcg_2022_3209420_eq_8.png,5,413,1107,1176,1218,2352,3213,0.941,8,,1mfcvt2bTgUyLVAptzu1VCVPQ6s2fb3Kt
2022,10.1109/TVCG.2022.3209420,9908526,J,Equations,9,tvcg_2022_3209420_eq_9.png,6,372,1596,1137,1711,2352,3213,0.938,8,,1PYKyhsjcJ9p7Cw0Lo2O58e1uYu7iRiCY
2022,10.1109/TVCG.2022.3209466,9904017,J,Equations,1,tvcg_2022_3209466_eq_1.png,5,214,2350,1116,2469,2352,3213,0.953,4,,1tpLKFCS-bt0uWgx4T5-fh-YETZRdYUuY
2022,10.1109/TVCG.2022.3209466,9904017,J,Table,1,tvcg_2022_3209466_table_1.png,8,147,235,2273,554,2352,3213,0.973,2,"Table 1: Performance improvement with visual concept programming on the PASCOL VOC 2012 dataset, measured by IoU (larger is better).",1xY5ZWOHCt4EQd23YgLD7HeJYHi4BVxBU
2022,10.1109/TVCG.2022.3209466,9904017,J,Table,2,tvcg_2022_3209466_table_2.png,8,140,827,1232,1034,2352,3213,0.954,2,"Table 2: Number of concepts, labeling functions, and coverage for bus, cow, plant, and all classes. The ratio between the number of labeling functions and the segments it can label is used to measure the relative effort of creating the labeling functions.",1GP09zeAkF0GrGssFyQdzwjfDddLS-ZNR
2022,10.1109/TVCG.2022.3209445,9909985,J,Table,1,tvcg_2022_3209445_table_1.png,4,1214,1466,2243,1783,2352,3213,0.959,2,"Table 1. The forcefulness scale has five levels and depends on two factors: the degree to which the context is displaced, and the visibility of the recommended content.",16Y7o3VKvvTQKrwt025w8CMPLS-BfPgco
2022,10.1109/TVCG.2022.3209445,9909985,J,Table,2,tvcg_2022_3209445_table_2.png,5,125,153,2203,469,2352,3213,0.972,2,"Table 2. Examples of different levels of content recommendation forcefulness for a user interacting with the scatterplot in HVAP (see figure 2). The level of forcefulness depends on both (a) what information is visible to users, and (b) the location of the recommendation.",1elFJPJ0Pwh4uZ7_tg4whz_XPKhL2_cuk
2022,10.1109/TVCG.2022.3209470,9904459,J,Table,1,tvcg_2022_3209470_table_1.png,6,1171,2818,2237,3054,2352,3213,0.965,2,"Table 1. Statistical analysis of the dataset on five metrics, including the total lines of wrangling code (#instances), the average lines of wrangling code in scripts (avg #inst), the number of distinct data transformation types (#trans), the number of distinct functions (#func), and the average number of implementations for each data transformation (avg #imps).",1p2wtKovTOhNur5ADf2QnduzB-Ai_58Il
2022,10.1109/TVCG.2022.3209470,9904459,J,Table,2,tvcg_2022_3209470_table_2.png,7,1218,252,2267,590,2352,3213,0.97,2,"Table 2. The training time, top-1, and top-3 performances of COMANTICS and its CNN-based component in different experiment settings.",1mcl-yua8T17XSvb3aMgiDd0Jn9oJFu9b
2022,10.1109/TVCG.2022.3209354,9903293,J,Equations,1,tvcg_2022_3209354_eq_1.png,3,1384,2331,2241,2520,2352,3213,0.946,7,,1tvSoWs_rTibabz5VPH4DM6g2Jy0_x8VD
2022,10.1109/TVCG.2022.3209354,9903293,J,Equations,2,tvcg_2022_3209354_eq_2.png,3,1323,2532,2241,2725,2352,3213,0.942,7,,1nj7h2MvqGOSkwf3fxp6L8wSDjkJ_VMAY
2022,10.1109/TVCG.2022.3209354,9903293,J,Equations,3,tvcg_2022_3209354_eq_3.png,4,208,1944,1059,2366,2352,3213,0.786,7,,1ef1Vz9bgRNzfD2A_mYojOaHwv6vqvx5c
2022,10.1109/TVCG.2022.3209354,9903293,J,Equations,4,tvcg_2022_3209354_eq_4.png,4,260,3008,1168,3068,2352,3213,0.899,7,,15F20aaXd-ecIhd5wYV1QJYMFFgfynsDb
2022,10.1109/TVCG.2022.3209354,9903293,J,Equations,5,tvcg_2022_3209354_eq_5.png,4,1330,1676,2263,1739,2352,3213,0.518,7,,1FNBW6mFhbJbNPC9i5SiyV0MQ5k_4B28R
2022,10.1109/TVCG.2022.3209354,9903293,J,Equations,6,tvcg_2022_3209354_eq_6.png,4,1425,1996,2263,2126,2352,3213,0.948,7,,1TIEBeCu8OU4pp-Ht81N_op1oUbuaG8KU
2022,10.1109/TVCG.2022.3209354,9903293,J,Equations,7,tvcg_2022_3209354_eq_7.png,4,1435,2414,2263,2545,2352,3213,0.949,7,,1CD1DtgZtitLtKYiAh-Qw28qxIGAjBf6K
2022,10.1109/TVCG.2022.3209354,9903293,J,Equations,8,tvcg_2022_3209354_eq_8.png,6,487,2727,1168,2791,2352,3213,0.908,7,,1qnZOk66Czn-HBQs7wvmFXFf-SBkyr-vm
2022,10.1109/TVCG.2022.3209454,9904493,J,Algorithms,1,tvcg_2022_3209454_alg_1.png,4,80,1591,1140,2130,2352,3213,1.0,0,,183ay7hi-x6qEgOa4eLZR7aiMqUBaIMWz
2022,10.1109/TVCG.2022.3209454,9904493,J,Algorithms,2,tvcg_2022_3209454_alg_2.png,4,1174,199,2234,788,2352,3213,1.0,0,,19jVVj-Jjtpb1RdIpKDR0LOpJJzP1ZilL
2022,10.1109/TVCG.2022.3209437,9904965,J,Algorithms,1,tvcg_2022_3209437_alg_1.png,3,117,168,1177,1211,2352,3213,1.0,0,,16Lu17p7hNUKivo1Y_gv1OhnPRln4RLgR
2022,10.1109/TVCG.2022.3209437,9904965,J,Equations,1,tvcg_2022_3209437_eq_1.png,3,274,2401,1177,2618,2352,3213,0.948,22,,1--D2aGmoof-ZB_J-fZoF-j6scZ7CMoIh
2022,10.1109/TVCG.2022.3209437,9904965,J,Equations,2,tvcg_2022_3209437_eq_2.png,3,1219,1324,2276,1556,2352,3213,0.946,22,,18Kk9B2Gq8XrKHFpWW0hLMPpJpQWHeCkf
2022,10.1109/TVCG.2022.3209437,9904965,J,Equations,3,tvcg_2022_3209437_eq_3.png,3,1613,2447,2270,2510,2352,3213,0.92,22,,11Ow6knOaNQOSU-8YGnlME60vFJy_uEFr
2022,10.1109/TVCG.2022.3209437,9904965,J,Equations,4,tvcg_2022_3209437_eq_4.png,3,1592,2655,2271,2717,2352,3213,0.929,22,,1OpGeTKS-E1UtgG5xvQuBQBn8XIZW9emE
2022,10.1109/TVCG.2022.3209437,9904965,J,Equations,5,tvcg_2022_3209437_eq_5.png,3,1346,3002,2271,3066,2352,3213,0.929,22,,15GWK3YPX9lLRVIb8YTZlm0qF5mO6RoNL
2022,10.1109/TVCG.2022.3209437,9904965,J,Equations,6,tvcg_2022_3209437_eq_6.png,4,469,1656,1136,1781,2352,3213,0.94,22,,1lQ3EJFC0eO3uvisxHRoNdI6unKeirOZF
2022,10.1109/TVCG.2022.3209437,9904965,J,Equations,7,tvcg_2022_3209437_eq_7.png,4,1412,2470,2233,2691,2352,3213,0.957,22,,1hLZfS-nAzRDVm8jqcgvX1qd5qAzIwvj0
2022,10.1109/TVCG.2022.3209437,9904965,J,Equations,8,tvcg_2022_3209437_eq_8.png,4,1612,2856,2233,2918,2352,3213,0.917,22,,1GM8XJZuu4iE22PIRKpLGrn0zjkz7OZ8d
2022,10.1109/TVCG.2022.3209437,9904965,J,Equations,9,tvcg_2022_3209437_eq_9.png,4,1538,3001,2233,3071,2352,3213,0.928,22,,1ezcdNe0sltC5BA-DudiiHVVqi1rvTH3l
2022,10.1109/TVCG.2022.3209437,9904965,J,Equations,10,tvcg_2022_3209437_eq_10.png,5,296,1636,1175,1705,2352,3213,0.918,22,,1QVNT5xJw_6BTf0NHmznDuqK6AneTU5ZJ
2022,10.1109/TVCG.2022.3209437,9904965,J,Equations,11,tvcg_2022_3209437_eq_11.png,5,578,2035,1177,2094,2352,3213,0.909,22,,1HzRnO3NmgvMBohfJo5IZflO3Kbu9zMT9
2022,10.1109/TVCG.2022.3209437,9904965,J,Equations,12,tvcg_2022_3209437_eq_12.png,5,143,2178,1176,2416,2352,3213,0.955,22,,1yTrGoJi3uotLLwdkdutuRa409CofJSpc
2022,10.1109/TVCG.2022.3209437,9904965,J,Equations,13,tvcg_2022_3209437_eq_13.png,5,155,2542,1177,2793,2352,3213,0.962,22,,1w0nZQYe-ZT3HrZMlBibdSX4yFfDuxKVk
2022,10.1109/TVCG.2022.3209437,9904965,J,Equations,14,tvcg_2022_3209437_eq_14.png,5,375,2992,1176,3076,2352,3213,0.922,22,,1elzDmZu5ohYQfVtd9pK-wSiHCEZcSHSy
2022,10.1109/TVCG.2022.3209437,9904965,J,Equations,15,tvcg_2022_3209437_eq_15.png,5,1410,1509,2270,1607,2352,3213,0.69,22,,1qBgqSw4EcOrPNDdN5mxwuC0dWNoEVAVl
2022,10.1109/TVCG.2022.3209437,9904965,J,Equations,16,tvcg_2022_3209437_eq_16.png,5,1440,2095,2270,2179,2352,3213,0.914,22,,1gQ57PyesV0gMa1NpCznVqppDYPi9pSXD
2022,10.1109/TVCG.2022.3209437,9904965,J,Equations,17,tvcg_2022_3209437_eq_17.png,5,1365,2294,2270,2390,2352,3213,0.949,22,,11HcC12gELd-knDS3qu9cqTBWzjJWr2Dy
2022,10.1109/TVCG.2022.3209437,9904965,J,Equations,18,tvcg_2022_3209437_eq_18.png,5,1575,2916,2271,2984,2352,3213,0.921,22,,1AeE4Vd4NUWJCoQQg4tTAstXNJRPlz3tn
2022,10.1109/TVCG.2022.3209437,9904965,J,Equations,19,tvcg_2022_3209437_eq_19.png,6,157,1359,1062,1645,2352,3213,0.696,22,,1fSM7eWUr934MSui-hYejmAEJiq_U_IWT
2022,10.1109/TVCG.2022.3209437,9904965,J,Equations,20,tvcg_2022_3209437_eq_20.png,6,211,1952,1137,2053,2352,3213,0.947,22,,1XylDLCXN3KTqzpFdEC9Cp2yoEGb9Ndrn
2022,10.1109/TVCG.2022.3209437,9904965,J,Equations,21,tvcg_2022_3209437_eq_21.png,6,267,2463,1136,2535,2352,3213,0.919,22,,1b8lOeyIj5KApXm-IWMvJFzwcPgrO1qhp
2022,10.1109/TVCG.2022.3209437,9904965,J,Equations,22,tvcg_2022_3209437_eq_22.png,6,1244,2736,2232,2800,2352,3213,0.876,22,,1YYV1fVDpjICzOi86y6wD0KhLFlfG1A99
2022,10.1109/TVCG.2022.3209437,9904965,J,Equations,23,tvcg_2022_3209437_eq_23.png,6,1244,2846,2232,2908,2352,3213,0.618,22,,1ZzyzEwbvLgtgY3iyg_iBunR5HIPpCHQc
2022,10.1109/TVCG.2022.3209450,9904436,J,Equations,1,tvcg_2022_3209450_eq_1.png,3,1238,2688,2270,2817,2352,3213,0.943,6,"\begin{equation*}CD(i, j)= \frac{1}{m-1}\sum\limits_{t=1}^{m-1}\frac{\vert(\mathbf{W}_{i, t+1}-\mathbf{W}_{i, t})+(\mathbf{W}_{j, t+1}-\mathbf{W}_{j, t})\vert}{\max(\mathbf{W}_{i, t},\mathbf{W}_{i, t+1})+\max(\mathbf{W}_{j, t},\mathbf{W}_{j, t+1})}\tag{1}\end{equation*}",1gGH4KXQiiFz8FN6dZvywp62HRTOh4viz
2022,10.1109/TVCG.2022.3209450,9904436,J,Equations,2,tvcg_2022_3209450_eq_2.png,4,343,1027,1136,1154,2352,3213,0.946,6,"\begin{equation*}SD(i, j)=\frac{1}{m}\sum\limits_{t=1}^{m}\frac{\vert \mathbf{W}_{i, t}-\mathbf{W}_{j, t}\vert}{\max(\mathbf{W}_{i, t},\mathbf{W}_{j, t})}\tag{2}\end{equation*}",1qb_7mxKOQB7pbGCtohuHhSFbGlwk53An
2022,10.1109/TVCG.2022.3209450,9904436,J,Equations,3,tvcg_2022_3209450_eq_3.png,4,306,1452,1138,1519,2352,3213,0.936,6,"\begin{equation*}C(i, j)=\omega\ CD(i, j)+(1-\omega)SD(i, j)\tag{3}\end{equation*}",1ssJzvkNv79Ox9zH6gxBulhGPfs9MlKgW
2022,10.1109/TVCG.2022.3209450,9904436,J,Algorithms,1,tvcg_2022_3209450_alg_1.png,4,1174,949,2234,1862,2352,3213,1.0,1,Algorithm 1 Algorithm for Hierarchical Paring,1Pm4JdgdpSbURbPM0BdTbimZwhTE6PRTV
2022,10.1109/TVCG.2022.3209450,9904436,J,Equations,4,tvcg_2022_3209450_eq_4.png,5,1235,1519,2270,1651,2352,3213,0.949,6,"\begin{equation*}CT(R_{i},R_{i}^{\prime})= \frac{\Vert p_{i}-p_{i}^{\prime}\Vert_{1}+\Vert q_{i}-q_{i}^{\prime}\Vert_{1}+\Vert r_{i}-r_{i}^{\prime}\Vert_{1}+\Vert s_{i}-s_{i}^{\prime}\Vert_{1}}{4\sqrt{w(R)^{2}+h(R)^{2}}}\tag{4}\end{equation*}",1DWjjJmfhAl-bLUE5AhJtluHsT7OmyvFM
2022,10.1109/TVCG.2022.3209450,9904436,J,Equations,5,tvcg_2022_3209450_eq_5.png,6,138,232,1137,356,2352,3213,0.93,6,"\begin{equation*}NLD(R_{i})=\frac{1}{\sqrt{w(R)^{2}+h(R)^{2}}}\cdot\frac{1}{m}\cdot\sum\limits_{j=1}^{m}\Vert CoG(R_{i})-C_{i, j}\Vert_{2}\tag{5}\end{equation*}",1fHoPuRcYfpDFYMTvh_jrDS7FCEuTKwlS
2022,10.1109/TVCG.2022.3209450,9904436,J,Equations,6,tvcg_2022_3209450_eq_6.png,6,381,985,1136,1101,2352,3213,0.933,6,"\begin{equation*}AR(R_{i})= \frac{min(w(R_{i}), h(R_{i}))}{max(w(R_{i}), h(R_{i}))}\tag{6}\end{equation*}",1ShsygvOeM8agQZpEU8RXatBuGoSXwkZy
2022,10.1109/TVCG.2022.3209450,9904436,J,Table,1,tvcg_2022_3209450_table_1.png,9,118,244,1176,861,2352,3213,0.956,1,Table 1. Average running time of different methods for computing the layouts for various datasets.,1El_Vw6Upnb6y6mVJAvl-bw77tjYvM_HD
2022,10.1109/TVCG.2022.3209477,9903295,J,Table,1,tvcg_2022_3209477_table_1.png,3,1212,287,2262,695,2352,3213,0.923,2,Table 1. Comparison of network visualization systems according to: (1) grouping; (2) sampling; (3) animation; (4) timeline; (5) overview; (6) local view; (7) visual scalability; (8) multiple views.,1zesBJBu9ECcB_pNojU4PfNKKVQ5LDHEI
2022,10.1109/TVCG.2022.3209477,9903295,J,Table,2,tvcg_2022_3209477_table_2.png,4,1300,729,2091,1010,2352,3213,0.961,2,Table 2. Visual components of LargeNetVis and the four tasks.,1qQgprM77HnGPHFw9HDsiVmoKbJipC8J0
2022,10.1109/TVCG.2022.3209469,9904890,J,Equations,1,tvcg_2022_3209469_eq_1.png,6,1510,1286,1958,1402,2352,3213,0.931,4,"\begin{equation*}\text{Sim}\_\text{CD}=\sum\nolimits_{i=1}^{m}\left\vert\frac{D_{i}}{T}-\frac{V_{i}}{L}\right\vert,\end{equation*}",1XX2RCF7UD-Ln9s-tTzW8wOPAcuv2ywR8
2022,10.1109/TVCG.2022.3209469,9904890,J,Equations,2,tvcg_2022_3209469_eq_2.png,6,1399,2347,2069,2483,2352,3213,0.945,4,"\begin{equation*}\text{Dif}\_\text{DR}=\left\vert actual\_DR-\frac{1}{n}\sum\limits_{i=1}^{n}visual\_DR_{i}\right\vert,\end{equation*}",1H_WmBL2uGhwkXcBoKk5pU8A0R2qd_lkD
2022,10.1109/TVCG.2022.3209469,9904890,J,Equations,3,tvcg_2022_3209469_eq_3.png,7,385,232,850,369,2352,3213,0.95,4,"\begin{equation*}\text{CV}\_\text{TS}=\frac{\sqrt{\frac{1}{n}\sum\nolimits_{i=1}^{n}(t_{i}-\bar{t})^{2}}}{\bar{t}},\end{equation*}",130iKXWvEmR35RU2rM4RlaEC577LJ5Rpr
2022,10.1109/TVCG.2022.3209469,9904890,J,Equations,4,tvcg_2022_3209469_eq_4.png,7,205,618,1031,745,2352,3213,0.942,4,"\begin{align*}\min\limits_{x}F(x)=w_{1}\cdot\text{Sim}\_\text{CD}+w_{2}\cdot\text{Dif}\_\text{DR}+w_{3}\cdot \text{CV}\_\text{TS},&\\
w_{1},w_{2},w_{3}\in(0,1]\ \text{and}\ \sum\nolimits_{i=1}^{3}w_{i}=1,\quad\ \ &\end{align*}",15kc7tEcQNa159GQTtPheXUtEm0EUElsP
2022,10.1109/TVCG.2022.3209469,9904890,J,Table,1,tvcg_2022_3209469_table_1.png,8,105,195,2264,847,2352,3213,0.982,1,Table 1. Results of the algorithm experiment. Bold indicates the best indicator value among the algorithms under the same data conditions.,1xiCo1lJc97NJQeYaEXOb-gt7sNEQRgIQ
2022,10.1109/TVCG.2022.3209481,9904484,J,Equations,1,tvcg_2022_3209481_eq_1.png,3,1230,1945,2241,2050,2352,3213,0.946,8,"\begin{equation*}Loss(P, P_{gt})=-\sum\limits_{h, w}v(P(h, w,:))\sum\limits_{q}P(h, w, q)\log P_{gt}(h, w, q),\tag{1}
\end{equation*}",11IgFxtaaDsWQ7f2VWK8mNyGZyhZJKOsV
2022,10.1109/TVCG.2022.3209481,9904484,J,Equations,2,tvcg_2022_3209481_eq_2.png,4,502,1894,1168,2025,2352,3213,0.854,8,"\begin{equation*}
\bar{p}_{j}^{h, w}=\sum\limits_{i=1}^{Q}\omega_{ij}p_{i},\tag{2}
\end{equation*}",1PwzNPPGp3cTdKXB59wf8ksOWZsbcpKiE
2022,10.1109/TVCG.2022.3209481,9904484,J,Equations,3,tvcg_2022_3209481_eq_3.png,4,494,2367,1167,2491,2352,3213,0.933,8,"\begin{equation*}
\omega_{ij}=\frac{e^{-z_{ij}}}{\sum\nolimits_{j=1}^{N}e^{-z_{ij}}}.\tag{3}
\end{equation*}",1t4sSGUCVRkie5Cq2GHfF3SHWUUQYwx9e
2022,10.1109/TVCG.2022.3209481,9904484,J,Equations,4,tvcg_2022_3209481_eq_4.png,4,462,2663,1168,2777,2352,3213,0.798,8,"\begin{equation*}
\bar{p}_{j}=\sum\limits_{(h, w)\in F}\bar{p}_{j}^{h, w}/\vert F\vert,\tag{4}
\end{equation*}",16ub6Di_ojefBRe1JmS0qSH-nejwPn0DE
2022,10.1109/TVCG.2022.3209481,9904484,J,Equations,5,tvcg_2022_3209481_eq_5.png,5,414,2521,1146,2645,2352,3213,0.938,8,"\begin{equation*}
TV(\hat{p},r)=\frac{1}{2}\sum\limits_{i=1}^{N}\vert\hat{p}_{i}-r_{i}\vert.\tag{5}
\end{equation*}",1BDFQWVHluq2f00Sql8KVHEJcEEzKR4cS
2022,10.1109/TVCG.2022.3209481,9904484,J,Equations,6,tvcg_2022_3209481_eq_6.png,5,1316,232,2242,579,2352,3213,0.957,8,"\begin{align*}
\min\limits_{f_{ij}}\sum\nolimits_{i=1}^{N}\sum\nolimits_{j=1}^{N}f_{ij}d_{ij},&\\
\text{s.t}.\qquad\qquad\qquad\quad f_{ij}\ &\geq 0,\qquad i, j\in\{1,2,\ldots, N\}\\
\sum\nolimits_{j=1}^{N}f_{ij}\ &\leq\ \hat{p}_{i},\qquad i\in\{1,2,\ldots, N\}\tag{6}\\
\sum\nolimits_{i=1}^{N} f_{ij}\ &\leq\ r_{j},\qquad j\in\{1,2,\ldots, N\}\\
\sum\nolimits_{i=1}^{N}\sum\nolimits_{j=1}^{N}f_{ij}\ &=\ 1,
\end{align*}",1VO8R2OyUMh2NL7mrRmw_Lz6gNbq76P_1
2022,10.1109/TVCG.2022.3209481,9904484,J,Equations,7,tvcg_2022_3209481_eq_7.png,5,1498,955,2241,1079,2352,3213,0.939,8,"\begin{equation*}
EMD(\hat{p},r)=\sum\limits_{i=1}^{N}\sum\limits_{j=1}^{N}f_{ij}^{\ast}d_{ij}.\tag{7}
\end{equation*}",1WkY4spl1jk1RwvItVg_1Z3jmxY2ZtCgq
2022,10.1109/TVCG.2022.3209481,9904484,J,Equations,8,tvcg_2022_3209481_eq_8.png,5,1409,1503,2241,1636,2352,3213,0.956,8,"\begin{equation*}
ED(\hat{p},r)=\left\vert\sum\limits_{i=1}^{N}\hat{p}_{i}\log\hat{p}_{i}-\sum\limits_{i=1}^{N}r_{i}\log r_{i}\right\vert.\tag{8}
\end{equation*}",1a1BJ2CzsBucNl-PxbrPX2NPRnEe5RWYc
2022,10.1109/TVCG.2022.3209481,9904484,J,Table,1,tvcg_2022_3209481_table_1.png,6,109,367,2264,672,2352,3213,0.957,4,"Table 1: Comparison to the state-of-the-art supervised method [24] on all the datasets with the four different evaluation metrics introduced in sect. 4.3. Our self-supervised method provides overall better results according to the EMD and ED metrics, but worse results according to the correlation (corr) metric. The results according to the total variation (TV) are comparable. For each metric, ↑: the higher, the better; ↓: the lower, the better.",1FVkmLXq_ZTpe2C2W13gChrK26QxpmQo0
2022,10.1109/TVCG.2022.3209481,9904484,J,Table,2,tvcg_2022_3209481_table_2.png,6,241,2188,1039,2339,2352,3213,0.959,4,Table 2: Consistency between each metric and the user choices collected in the user study.,1u8cUKLm_yYiocwHxE6OT9MnOdg_1ZT3l
2022,10.1109/TVCG.2022.3209481,9904484,J,Table,3,tvcg_2022_3209481_table_3.png,7,95,321,2248,2259,2352,3213,0.943,4,"Table 3: Comparison to the state-of-the-art supervised method [24] on each concept in our dataset with the four different evaluation metrics as well as the user study result. For each concept, the results of the supervised method [24] are the top row and our results are the bottom row. For each metric, ↑: the higher, the better; ↓: the lower, the better.",12DEWWI3P1MgYnixQOhU08tLZY34DyHNM
2022,10.1109/TVCG.2022.3209481,9904484,J,Table,4,tvcg_2022_3209481_table_4.png,8,106,284,2258,775,2352,3213,0.944,4,"Table 4: Ablation studies to justify the key components of our method. Details of the different settings can be found in sect. 4.5. For each metric, ↑: the higher, the better; ↓: the lower, the better.",1WehqQN1OSDqQRTiI548FQHXUNidAE8Z2
2022,10.1109/TVCG.2022.3209442,9903547,J,Table,1,tvcg_2022_3209442_table_1.png,6,108,230,1166,709,2352,3213,0.975,1,Table 1: Summary of participants' backgrounds in the exploratory study.,1bnXxq9dKJZA39ntL6e5u6QGzS7kksUu_
2022,10.1109/TVCG.2022.3209347,9912364,J,Equations,1,tvcg_2022_3209347_eq_1.png,5,454,1287,1177,1353,2352,3213,0.921,1,"\begin{equation*}d_{R}(j, k)=r_{j}(k)\times r_{k}(j),\tag{1}\end{equation*}",1E-lNiCSvxn0FvLA2Zk7epZthhjLCOmnM
2022,10.1109/TVCG.2022.3209447,9906974,J,Equations,1,tvcg_2022_3209447_eq_1.png,4,1362,1168,2233,1287,2352,3213,0.955,6,,1QC94A1A01tZ6NnvC_zRindCGW2lgAlk5
2022,10.1109/TVCG.2022.3209447,9906974,J,Equations,2,tvcg_2022_3209447_eq_2.png,4,1578,2633,2233,2717,2352,3213,0.929,6,,1acZUHw9cxTY4E5_0ZRYoJkAxBk5bRIPo
2022,10.1109/TVCG.2022.3209447,9906974,J,Equations,3,tvcg_2022_3209447_eq_3.png,4,1561,2866,2233,2999,2352,3213,0.944,6,,1NNlZo7hWjyXvInvMosprgMzcSt5ywyxW
2022,10.1109/TVCG.2022.3209447,9906974,J,Equations,4,tvcg_2022_3209447_eq_4.png,5,468,2839,1176,2955,2352,3213,0.942,6,,1ZC_GkaAtz15ynKP4iU_lMDtkyFRtMMVc
2022,10.1109/TVCG.2022.3209447,9906974,J,Equations,5,tvcg_2022_3209447_eq_5.png,5,1264,2050,2270,2168,2352,3213,0.943,6,,1S3_7yRt26XwqmNaFLfpbEKbbzmkAp9IQ
2022,10.1109/TVCG.2022.3209482,9909991,J,Table,1,tvcg_2022_3209482_table_1.png,2,1247,1890,2153,2298,2352,3213,0.966,1,"Table 1. Taxonomy of existing papers related to multiclass contour drawing. We classified them based on three categories: line number, filling, and mix method.",17xIpwnfgkZ2ibq4RqHDYGH3YjGPv5jJ7
2022,10.1109/TVCG.2022.3209390,9903341,J,Equations,1,tvcg_2022_3209390_eq_1.png,7,116,864,1098,1037,2352,3213,0.68,0,,1wufu8mgqh8ltBawOADFLraVJieNvSRvN
2022,10.1109/TVCG.2022.3209390,9903341,J,Table,1,tvcg_2022_3209390_table_1.png,8,228,291,993,595,2352,3213,0.976,5,,1jNrptIhyoGuB_83Sd0-ycGMVLSKXsXYq
2022,10.1109/TVCG.2022.3209390,9903341,J,Table,2,tvcg_2022_3209390_table_2.png,8,246,666,975,1007,2352,3213,0.949,5,,19EmYY5lt8kStLfmN62ZieS-JiL5Ugr5N
2022,10.1109/TVCG.2022.3209390,9903341,J,Table,3,tvcg_2022_3209390_table_3.png,8,193,1082,1026,1224,2352,3213,0.202,5,,1qtHlE6MZnAMS_us5Bw3E2sTNmt7oAovd
2022,10.1109/TVCG.2022.3209455,9904430,J,Equations,1,tvcg_2022_3209455_eq_1.png,3,457,1561,1146,1626,2352,3213,0.919,3,"\begin{equation*}\vert \Psi\rangle=\alpha\vert 0\rangle+\beta\vert 1\rangle,\tag{1}\end{equation*}",1uzcEGMYkI59JIQWAM1qOzm2csYZu62sU
2022,10.1109/TVCG.2022.3209455,9904430,J,Equations,2,tvcg_2022_3209455_eq_2.png,5,411,2958,1147,3078,2352,3213,0.905,3,"\begin{equation*}\hat{f}_{h}(x)=\frac{1}{nh}\sum\limits_{i=1}^{n}K(\frac{x-x_{i}}{h}),\tag{2}\end{equation*}",1LkZxtXHZ5mzfSAlg-E7RD3_4r_ytPJ2D
2022,10.1109/TVCG.2022.3209455,9904430,J,Equations,3,tvcg_2022_3209455_eq_3.png,6,468,1459,1168,1590,2352,3213,0.928,3,"\begin{equation*}S=(\frac{\sum\nolimits_{i=1}^{N}C_{i}\cdot E_{i}}{\sum\nolimits_{i=1}^{N}C_{i}})^{-1},\tag{3}\end{equation*}",1q8g-SKf_J3bYcHCTSC86qEaj3zNE3Ppo
2022,10.1109/TVCG.2022.3209455,9904430,J,Table,1,tvcg_2022_3209455_table_1.png,8,140,152,1145,885,2352,3213,0.967,2,"Table 1: All tasks are grouped by the analysis workflow, i.e., quantum computer selection and compiled circuit selection.",1WSh33ZqSsNiBfQLQVc7-hqYLFmfcmwHc
2022,10.1109/TVCG.2022.3209455,9904430,J,Table,2,tvcg_2022_3209455_table_2.png,8,1221,151,2246,1009,2352,3213,0.973,2,"Table 2: The questionnaire consists of four parts: The effectiveness for quantum noise awareness (Q1-3), the visual design (Q4-6), the user interactions (Q7-8) and the usability (Q9-12).",1L6-PypfDNVMNbopglnFSwgFjgDXyM4Hn
2022,10.1109/TVCG.2022.3209484,9903601,J,Equations,1,tvcg_2022_3209484_eq_1.png,3,470,1275,1176,1404,2352,3213,0.947,2,\begin{equation*}y=\sum\limits_{i}^{parents(y)}\beta_{i}x_{i}+\varepsilon\tag{1}\end{equation*},1y8WsswKLpVv_5d3ViajCtVV14SnYWFdA
2022,10.1109/TVCG.2022.3209484,9903601,J,Algorithms,1,tvcg_2022_3209484_alg_1.png,3,1211,1051,2271,2761,2352,3213,1.0,0,,14sqXCBMr0Y0dEc-WgZqW_epbVRr0xLRF
2022,10.1109/TVCG.2022.3209484,9903601,J,Algorithms,2,tvcg_2022_3209484_alg_2.png,4,109,156,1169,1116,2352,3213,1.0,0,,1_JbFa-BXj4TV0hxn0k5_JsDawWOdPv3r
2022,10.1109/TVCG.2022.3209484,9903601,J,Equations,2,tvcg_2022_3209484_eq_2.png,4,254,2250,1168,2383,2352,3213,0.954,2,\begin{equation*}y=\sum\limits_{i}^{parents(y)}\alpha_{i}\beta_{i}x_{i}+\varepsilon+\sum\limits_{i}^{parents(y)}(1-\alpha_{i})\beta_{i}r_{i}\tag{2}\end{equation*},1pjHoE9ac_6uyDdHOcznM0B7PVJMuwjFQ
2022,10.1109/TVCG.2022.3209484,9903601,J,Table,1,tvcg_2022_3209484_table_1.png,8,104,206,2322,748,2352,3213,0.98,1,Table 1. Evaluation metrics to compare the debiased dataset generated using our tool against the baseline debiasing approach for different datasets.,1heiWJWl28_xAjO6il0xlJ7A9aq72evMr
2022,10.1109/TVCG.2022.3209476,9903515,J,Table,1,tvcg_2022_3209476_table_1.png,3,114,2321,1184,3053,2352,3213,0.977,2,,1c6o6_Q9Z43bsvUlDT9dXypR8z3Ia-mn_
2022,10.1109/TVCG.2022.3209476,9903515,J,Equations,1,tvcg_2022_3209476_eq_1.png,3,1509,2741,2270,2806,2352,3213,0.915,11,"\begin{equation*}f_{r}(x_{i})=\Pr(y_{i}=1\ \vert\ x_{i},\mathcal{I}).\tag{1}\end{equation*}",1Bn5LLZRYoo-wbmsXGS_akeSO3L_CCycj
2022,10.1109/TVCG.2022.3209476,9903515,J,Equations,2,tvcg_2022_3209476_eq_2.png,4,239,413,1136,476,2352,3213,0.888,11,\begin{equation*}\Pr(y_{i}=1\ \vert\ x_{i})\propto\Pr(x_{i}\ \vert\ y_{i}=1)\Pr(y_{i}=1).\tag{2}\end{equation*},1plH2EIMNz5m4VRyRDH4tKzUsNhRMYu6K
2022,10.1109/TVCG.2022.3209476,9903515,J,Equations,3,tvcg_2022_3209476_eq_3.png,4,256,598,1137,854,2352,3213,0.968,11,"\begin{align*}&\Pr(y_{i}=1\ \vert\ x_{i, 1},x_{i, 2},\ldots, x_{i, d})\\
\propto\,&\Pr(x_{i, 1},x_{i, 2},\ldots, x_{i, d}\ \vert\ y_{i}=1)\Pr(y_{i}=1)\tag{3}\\
=\,&\Pr(y_{i}=1)\prod\limits_{j=1}^{d}\Pr(x_{i, j}\ \vert\ y_{i}=1),\end{align*}",19TbCyk5I0W0Mkj4drB_g6ndAz4ZpMU6y
2022,10.1109/TVCG.2022.3209476,9903515,J,Equations,4,tvcg_2022_3209476_eq_4.png,4,266,997,1136,1134,2352,3213,0.958,11,"\begin{equation*}f_{r}(x_{i})=\Pr(y_{i}=1)\prod\limits_{j=1}^{d}\Pr(x_{i, j}\ \vert\ y_{i}=1).\tag{4}\end{equation*}",1E2W-Sgdjq5Geuw8Q4wOAn5W701bIrouU
2022,10.1109/TVCG.2022.3209476,9903515,J,Equations,5,tvcg_2022_3209476_eq_5.png,4,413,2235,1137,2310,2352,3213,0.928,11,\begin{equation*}I_{\alpha}(t)=I_{\alpha}(0)\times e^{-\frac{t}{P_{\alpha}}}.\tag{5}\end{equation*},1GKLjWTsSqo2pl25i0qJ0nkJ0Yae3Z2uG
2022,10.1109/TVCG.2022.3209476,9903515,J,Equations,6,tvcg_2022_3209476_eq_6.png,4,354,2444,1137,2566,2352,3213,0.94,11,"\begin{equation*}I^{c}(\tau)=\sum\limits_{(x_{i, t},\alpha)\in\mathcal{I}_{\tau, c}}I_{\alpha}(\tau-t),\tag{6}\end{equation*}",18e_9qC6C1SxLLuNPxaNmDtbpmVJXAS3t
2022,10.1109/TVCG.2022.3209476,9903515,J,Equations,7,tvcg_2022_3209476_eq_7.png,4,416,2869,1137,2988,2352,3213,0.834,11,"\begin{equation*}f_{r}(x_{i})=\prod\limits_{c\in C(x_{i})}I^{c}(\tau),\tag{7}\end{equation*}",13-oESkaQPvJBhzJJ51CYLZaYM9AGXchg
2022,10.1109/TVCG.2022.3209476,9903515,J,Equations,8,tvcg_2022_3209476_eq_8.png,4,1354,1596,2233,1739,2352,3213,0.958,11,"\begin{equation*}f_{r}(x_{i})=\Pr(x_{i}\ \vert\ \mathcal{I})=\sum\limits_{j=0}^{2^{d}}\Pr(x_{i}\ \vert\ \mathcal{I},\mathcal{M}_{j}).\tag{8}\end{equation*}",1vIUtwSuJlVpM56k_Vj23t1J_RwEe-reC
2022,10.1109/TVCG.2022.3209476,9903515,J,Equations,9,tvcg_2022_3209476_eq_9.png,4,1447,1877,2233,2000,2352,3213,0.94,11,"\begin{equation*}f_{b}(a_{i})=\sum\limits_{\mathcal{M}_{j}\in\mathrm{M}_{a_{i}}}\Pr(\mathcal{M}_{j}\vert\mathcal{I}),\tag{9}\end{equation*}",1k8ssT1QSv3M2Zd0ceq1Ixtzu43hptXgb
2022,10.1109/TVCG.2022.3209476,9903515,J,Equations,10,tvcg_2022_3209476_eq_10.png,4,1509,2696,2233,2759,2352,3213,0.911,11,\begin{equation*}f_{b}(a_{i})=1-p-\text{value}_{a_{i}}.\tag{10}\end{equation*},1avcAhCuO_qxI7-d_GkWg47IADFXMucjU
2022,10.1109/TVCG.2022.3209476,9903515,J,Equations,11,tvcg_2022_3209476_eq_11.png,5,249,1579,1176,1737,2352,3213,0.949,11,"\begin{equation*}f_{b}(a_{i})=H(\mathcal{D}_{a_{i}},\mathcal{I}_{a_{i}})=\sqrt{\frac{1}{2}\sum\limits_{j=1}^{m}(\sqrt{p_{j}}+\sqrt{q_{j}})^{2}},\tag{11}\end{equation*}",10vPzMiB9nCc9nKbsTI7VGhSDC6se-S9h
2022,10.1109/TVCG.2022.3209374,9903677,J,Equations,1,tvcg_2022_3209374_eq_1.png,3,120,321,1147,443,2352,3213,0.948,11,"\begin{equation*}
\mathscr{N}(\mathbf{x};\mu,\Sigma)=\frac{1}{\sqrt{(2\pi)^{k}\det(\Sigma)}}\exp\left(-\frac{1}{2}(\mathbf{x}-\mu)^{T}\Sigma^{-1}(\mathbf{x}-\mu)\right),\tag{1}
\end{equation*}",1hnEgMj7-YfGTfPAhgz76FtqUobySo2A5
2022,10.1109/TVCG.2022.3209374,9903677,J,Equations,2,tvcg_2022_3209374_eq_2.png,3,339,666,1147,793,2352,3213,0.946,11,"\begin{equation*}
\mathscr{G}(\mathbf{x};\phi_{i},\mu_{i},\Sigma_{i})=\sum\limits_{i=1}^{N}\phi_{i}\mathscr{N}_{i}(\mathbf{x};\mu_{i},\Sigma_{i}).\tag{2}
\end{equation*}",1rt1S_hEyVNT5128gsaPwg-DUhXci9MFF
2022,10.1109/TVCG.2022.3209374,9903677,J,Equations,3,tvcg_2022_3209374_eq_3.png,3,491,1325,1146,1388,2352,3213,0.921,11,"\begin{equation*}
\mathbf{B}=(\mathbf{b}_{1}\,\mathbf{b}_{2}\,\mathbf{b}_{3})\tag{3}
\end{equation*}",1_qZSw-Ppbp_08NtdjyXZQTouw0lp4hvM
2022,10.1109/TVCG.2022.3209374,9903677,J,Equations,4,tvcg_2022_3209374_eq_4.png,3,99,1637,1135,1762,2352,3213,0.94,11,"\begin{equation*}
\mathscr{N}(\mathbf{Bp};\mu,\Sigma)=\frac{1}{\sqrt{(2\pi)^{k}\det(\Sigma)}}\exp\left(-\frac{1}{2}(\mathbf{Bp}-\mu)^{T}\Sigma^{-1}(\mathbf{Bp}-\mu)\right).\tag{4}
\end{equation*}",1jEh0raR65DaCmr3sKDZxSTjym5Hl1UIE
2022,10.1109/TVCG.2022.3209374,9903677,J,Equations,5,tvcg_2022_3209374_eq_5.png,4,1287,1126,2186,1342,2352,3213,0.956,11,"\begin{align*}
\frac{\partial}{\partial\tau}\mathscr{N}_{i}&=-(\mathbf{r}^{T}\mathbf{B}^{T}\Sigma_{i}^{-1}\mathbf{Bp}+\tau_{i}\mathbf{r}^{T}\mathbf{B}^{T}\Sigma_{i}^{-1}\mathbf{Br}-\mathbf{r}^{T}\mathbf{B}^{T}\Sigma_{i}^{-1}\mu_{i})\phi_{i}\mathscr{N}_{i}\\
\Rightarrow \tau_{i}&=\frac{-\mathbf{r}^{T}\mathbf{B}^{T}\Sigma_{i}^{-1}\mathbf{Bp}+\mathbf{r}^{T}\mathbf{B}^{T}\Sigma_{i}^{-1}\mu_{i}}{\mathbf{r}^{T}\mathbf{B}^{T}\Sigma_{i}^{-1}\mathbf{Br}}=\frac{\mathbf{r}^{T}\mathbf{B}^{T}\Sigma_{i}^{-1}(\mu_{i}-\mathbf{Bp})}{\mathbf{r}^{T}\mathbf{B}^{T}\Sigma_{i}^{-1}\mathbf{Br}}\tag{5}
\end{align*}",1aaXL5VzgZDprRPvMfi2oljVvixch5jek
2022,10.1109/TVCG.2022.3209374,9903677,J,Equations,6,tvcg_2022_3209374_eq_6.png,4,1413,2325,2263,2391,2352,3213,0.923,11,"\begin{equation*}
(\mathbf{B}(\mathbf{p}+\tau\mathbf{r})-\mu)^{T}\Sigma^{-1}(\mathbf{B}(\mathbf{p}+\tau\mathbf{r})-\mu)=R \tag{6}
\end{equation*}",16W-WbEzOwjKD0XXBG5Nfelau-WuUVMOo
2022,10.1109/TVCG.2022.3209374,9903677,J,Equations,7,tvcg_2022_3209374_eq_7.png,4,1347,2558,2121,2686,2352,3213,0.95,11,"\begin{align*}
a&=\mathbf{r}^{T}\mathbf{B}^{T}\Sigma^{-1}\mathbf{Br},\ \ b=2(\mathbf{p}^{T}\mathbf{B}^{T}\Sigma^{-1}\mathbf{Br}-\mu^{T}\Sigma^{-1}\mathbf{Br}),\\
c&=R-\mathbf{p}^{T}\mathbf{B}^{T}\Sigma^{-1}\mathbf{Bp}-\mu^{T}\Sigma^{-1}\mu+2\mu^{T}\Sigma^{-1}\mathbf{Bp}
\end{align*}",1KjIWHGoYoW2aRsFI2QazlKA5jJRUhzS4
2022,10.1109/TVCG.2022.3209374,9903677,J,Equations,8,tvcg_2022_3209374_eq_8.png,5,117,1302,1079,1543,2352,3213,0.956,11,"\begin{align*}
&\int\nolimits_{-\infty}^{\infty}\phi\mathscr{N}(\mathbf{B}(\mathbf{p}+\tau\mathbf{r}))\mathrm{d}\tau=\int\nolimits_{-\infty}^{\infty}C\cdot\exp(-\frac{1}{2}(\tau^{2}a+\tau b))\mathrm{d}\tau\\
&=\left.C\sqrt{\frac{\pi}{2a}}\exp\left(\frac{b^{2}}{8a}\right)\text{erf}\left(\frac{2a\tau+b}{\sqrt{8a}}\right)\right\vert_{-\infty}^{\infty}=2C\sqrt{\frac{\pi}{2a}}\exp\left(\frac{b^{2}}{8a}\right)\tag{7}
\end{align*}",1hlFHTGQDVftKEv_2mNNRIYq9HjOWB4-p
2022,10.1109/TVCG.2022.3209374,9903677,J,Equations,9,tvcg_2022_3209374_eq_9.png,6,206,1815,1168,1888,2352,3213,0.925,11,"\begin{equation*}
\mathbf{c}_{ij}(t)=(1-t)^{3}\mathbf{p}_{0}+3(1-t)^{2}t\mathbf{p}_{1}+3(1-t)t^{2}\mathbf{p}_{2}+t^{3}\mathbf{p}_{3}, \tag{8}
\end{equation*}",1Ih9UMvPrbBDEffY4GtcwC1aGojAB8WAo
2022,10.1109/TVCG.2022.3209374,9903677,J,Equations,10,tvcg_2022_3209374_eq_10.png,6,231,1992,1044,2144,2352,3213,0.684,11,"\begin{align*}
\mathbf{p}_{0}&=\mu_{i},\qquad\qquad\qquad\qquad\mathbf{p}_{3}=\mu_{j}, \tag{9}\\
\mathbf{p}_{1}&=\mathbf{p}_{0}+c\phi_{i}\sqrt{\lambda_{1}^{i}}\mathbf{e}_{1}^{i},\qquad\ \mathbf{p}_{2}=\mathbf{p}_{3}-c\phi_{j}\sqrt{\lambda_{1}^{j}}\mathbf{e}_{1}^{j},\tag{10}
\end{align*}",17lm7Of1uUJFNPk9R-s4O5TnwedQGh32_
2022,10.1109/TVCG.2022.3209374,9903677,J,Equations,11,tvcg_2022_3209374_eq_11.png,6,1242,1713,2221,1859,2352,3213,0.941,11,"\begin{equation*}
\begin{pmatrix}\mathbf{B}^{T}\Sigma_{i}^{-1}\mathbf{B} &\mathbf{0}\\
\mathbf{0}^{T} &\frac{1}{\sqrt{(2\pi)^{k}\det(\Sigma_{i})}}
\end{pmatrix}_{4\times 4},\quad
\begin{pmatrix}2\mathbf{B}^{T}\Sigma_{i}^{-1}(\mathbf{c}-\mu_{i})\\
(\mathbf{c}-\mu_{i})^{T}\Sigma_{i}^{-1}(\mathbf{c}-\mu_{i})
\end{pmatrix}_{4\times 1}
\end{equation*}",1badBrGYF3QYJPjbL9nbRGm2gkUWxzL7s
2022,10.1109/TVCG.2022.3209374,9903677,J,Table,1,tvcg_2022_3209374_table_1.png,8,196,284,1085,672,2352,3213,0.958,1,"Table 1. Minimal, average, and maximal computation time in seconds during camera navigation visiting each of $k+1$ Gaussians in dimension $k$, number of points, for a screen resolution of $2048\times 2048$ pixels.",1sBhEbK96CiFCI1B-rgoiynrDUDqDCP3h
2022,10.1109/TVCG.2022.3209473,9904439,J,Equations,1,tvcg_2022_3209473_eq_1.png,3,1420,1653,2242,1717,2352,3213,0.935,5,"\begin{equation*}
R_{s}=\{v\in C\,\vert\, s=min_{u\in S_{C}}gd(\mathbf{x}_{v},\mathbf{x}_{u})\}\tag{1}
\end{equation*}",1sAKHXhc6flOXX0tMWk5oCxy4gSCvnVHq
2022,10.1109/TVCG.2022.3209473,9904439,J,Equations,2,tvcg_2022_3209473_eq_2.png,3,1201,2852,2241,2964,2352,3213,0.911,5,"\begin{equation*}
\mathbf{x}_{c}^{\prime}=\frac{1}{m(R_{s})}\sum\limits_{v\in R_{s}}m_{v}\mathbf{x}_{\boldsymbol{\phi}(v)}\ \text{s.t}.\ \boldsymbol{\phi}(v)=v\ \pmb{if}\ los(v, s)\ \pmb{else}\ \boldsymbol{\phi}(src(v))\tag{2}
\end{equation*}",1-kwhTumiSEEyT244XEZpcNh-uesLLilJ
2022,10.1109/TVCG.2022.3209473,9904439,J,Algorithms,1,tvcg_2022_3209473_alg_1.png,4,109,1238,1169,1624,2352,3213,1.0,1,Algorithm 1: Level Set Restricted CVT,1APTpQBc96POWvf0Wpr6adI-ezHRiRsYO
2022,10.1109/TVCG.2022.3209473,9904439,J,Equations,3,tvcg_2022_3209473_eq_3.png,4,392,2616,1167,2722,2352,3213,0.944,5,"\begin{equation*}
n_{c}=max(\lceil\frac{\alpha}{m(C,\gamma)}\sum\limits_{v\in C}m_{v}^{\gamma}\rceil, 1).\tag{3}
\end{equation*}",1VtjdtmcacOZpMY_-8RPvoZkpH12HVRdn
2022,10.1109/TVCG.2022.3209473,9904439,J,Equations,4,tvcg_2022_3209473_eq_4.png,4,1472,1494,2263,1606,2352,3213,0.941,5,"\begin{equation*}
ur(b_{i})=1.0-n_{b_{i}}+\lfloor n_{c}\frac{m(b_{i},\gamma)}{m(C,\gamma)}\rfloor\tag{4}
\end{equation*}",1-AWNWpLNlnFF0NkWczsJEnwbpYYR42Eh
2022,10.1109/TVCG.2022.3209473,9904439,J,Equations,5,tvcg_2022_3209473_eq_5.png,6,1329,2121,2262,2238,2352,3213,0.958,5,"\begin{equation*}
d(s_{i},s_{j})=\left(\frac{\Vert\mathbf{x}(s_{i})-\mathbf{x}(s_{j})\Vert_{2}}{gd(s_{i},s_{j})}\right)\ \pmb{if}\ P_{i, j}\ \text{exists}\ \pmb{else}\ c \tag{5}
\end{equation*}",1VCujwUYSj3jrX-zum1q2qlAciiyCH7w8
2022,10.1109/TVCG.2022.3209473,9904439,J,Table,1,tvcg_2022_3209473_table_1.png,7,1296,2594,2123,2758,2352,3213,0.946,1,Table 1. Parallel performance results for ammonia data of size $3456\times 1280\times 2560$. The computation was performed till mean $d_{s}$ reached 0.25 voxel lengths.,18rZx7HkFJDxRw8xJ9Z5szlnVE14Xrhoo
2022,10.1109/TVCG.2022.3209348,9904433,J,Equations,1,tvcg_2022_3209348_eq_1.png,5,494,1553,741,1678,2352,3213,0.94,2,,1HBBMd0CBSKecsoPuWn_836q01VVwemnv
2022,10.1109/TVCG.2022.3209348,9904433,J,Equations,2,tvcg_2022_3209348_eq_2.png,5,467,1778,767,1883,2352,3213,0.94,2,,1lngL10jyYSn2WKIYDZhJ7h5RPUOgBdet
2022,10.1109/TVCG.2022.3209348,9904433,J,Equations,3,tvcg_2022_3209348_eq_3.png,6,1217,394,1944,576,2352,3213,0.453,2,,1cRKl2uEJh2JYBg1dH_xX_N0Nz2rT6Lvi
2022,10.1109/TVCG.2022.3209377,9913065,J,Table,1,tvcg_2022_3209377_table_1.png,9,159,2276,1130,2555,2352,3213,0.962,1,Table 1. Summary of the effect of demographic and topic factors. Darker hue represents more statistically significant differences.,1Bo4szmqz_r7jrB-pz0UHt29-WQKJp4Ws
2022,10.1109/TVCG.2022.3209459,9925049,J,Equations,1,tvcg_2022_3209459_eq_1.png,3,135,2623,1175,2681,2352,3213,0.415,2,,1itrNhbCmG8udg7EomMOXm9Sa-SXl4D0y
2022,10.1109/TVCG.2022.3209459,9925049,J,Table,1,tvcg_2022_3209459_table_1.png,3,1221,153,2263,902,2352,3213,0.981,1,Table 1: Comparison with existing representative methods based on the four criteria mentioned in section 3.1. ⍻ means “close to be perfect” or “is very helpful” but cannot strictly meet the criterion.,1NBiVcXHE3EbPuEHqET85WH0yrigXwDCG
2022,10.1109/TVCG.2022.3209459,9925049,J,Equations,2,tvcg_2022_3209459_eq_2.png,3,1315,1346,2273,1407,2352,3213,0.9,2,,1WMRJzlF0CEIoUJ7zDruzuYyAWctYASvf
2022,10.1109/TVCG.2022.3209459,9925049,J,Algorithms,1,tvcg_2022_3209459_alg_1.png,5,1211,1025,2271,2327,2352,3213,1.0,0,,1Cv4yx5y9S3WF_7-dJ4hyn4aZPapulKN6
2022,10.1109/TVCG.2022.3209459,9925049,J,Algorithms,2,tvcg_2022_3209459_alg_2.png,6,80,168,1140,1178,2352,3213,1.0,0,,1MzEFEeF_5vOVsSy7obzWksPBpMaZFdIl
2022,10.1109/TVCG.2022.3209459,9925049,J,Equations,3,tvcg_2022_3209459_eq_3.png,6,1408,1151,2235,1379,2352,3213,0.625,2,,1KQRkbafYDFK7-m9Zeh3pYk3Pby2FLm57
2022,10.1109/TVCG.2022.3209459,9925049,J,Equations,4,tvcg_2022_3209459_eq_4.png,6,1406,1386,2236,1612,2352,3213,0.57,2,,1vmbIKTnZYug2i3f2Skz9t_aA22IBjpKx
2022,10.1109/TVCG.2022.3209491,9904456,J,Table,1,tvcg_2022_3209491_table_1.png,8,1204,260,2265,1070,2352,3213,0.978,1,Table 1: Motivation scores and significant differences between spatial visualization level and domain. Details in SM.,1ZjkNlGe7lnSmhmgfLarcRuV3-RfXTJHQ
2022,10.1109/TVCG.2022.3209419,9904483,J,Equations,1,tvcg_2022_3209419_eq_1.png,2,1327,2201,2127,2500,2352,3213,0.804,16,,1wySsCWyRZbglfOxNXafxmIAW7sf7lshL
2022,10.1109/TVCG.2022.3209419,9904483,J,Equations,2,tvcg_2022_3209419_eq_2.png,2,1472,2950,2263,3078,2352,3213,0.842,16,,1v6V4GW5aCKnSHjGcrskmfR77Fg8QMWXj
2022,10.1109/TVCG.2022.3209419,9904483,J,Equations,3,tvcg_2022_3209419_eq_3.png,3,318,759,1146,882,2352,3213,0.929,16,,1s72gYSoGcoE3Z3xBrClZ-aOcImSmE5lI
2022,10.1109/TVCG.2022.3209419,9904483,J,Equations,4,tvcg_2022_3209419_eq_4.png,4,500,2230,1168,2294,2352,3213,0.936,16,,1y8RaNUvDRoj_MMtC2TWqyJQPG3fwyDtB
2022,10.1109/TVCG.2022.3209419,9904483,J,Equations,5,tvcg_2022_3209419_eq_5.png,4,1630,1218,2262,1275,2352,3213,0.924,16,,107sr_lvroKdgoeuvhuiWpuiJflgMEW98
2022,10.1109/TVCG.2022.3209419,9904483,J,Equations,6,tvcg_2022_3209419_eq_6.png,4,1612,1275,2262,1336,2352,3213,0.905,16,,1Vuq4AbCD_IS84GO1V0PxDQpUmtoUZ55K
2022,10.1109/TVCG.2022.3209419,9904483,J,Equations,7,tvcg_2022_3209419_eq_7.png,4,1482,1530,2262,1597,2352,3213,0.926,16,,1R5NveeB9hsF-gYRjQ0YEG6iZzIiwm_mY
2022,10.1109/TVCG.2022.3209419,9904483,J,Equations,8,tvcg_2022_3209419_eq_8.png,5,493,267,1147,329,2352,3213,0.922,16,,1gQKBkaZqWJz3vtBZ6V96-aUDrZ8ur5iY
2022,10.1109/TVCG.2022.3209419,9904483,J,Equations,9,tvcg_2022_3209419_eq_9.png,5,497,802,1146,867,2352,3213,0.921,16,,1HTU94J-Thez5WBI6mSz1xE9ZUTWrB2dV
2022,10.1109/TVCG.2022.3209419,9904483,J,Equations,10,tvcg_2022_3209419_eq_10.png,5,478,1754,1146,1817,2352,3213,0.938,16,,1tuj08BOu-10zjp5_K3U5q3edfod4_aVV
2022,10.1109/TVCG.2022.3209419,9904483,J,Equations,11,tvcg_2022_3209419_eq_11.png,5,397,2133,1145,2256,2352,3213,0.949,16,,1QuibepbCmconrs6N9Kjk1SmXcbmm0nyX
2022,10.1109/TVCG.2022.3209419,9904483,J,Equations,12,tvcg_2022_3209419_eq_12.png,5,417,2600,1146,2667,2352,3213,0.918,16,,1qZnB6IzgI7JL1bNS-jbaebwx43urhx1_
2022,10.1109/TVCG.2022.3209419,9904483,J,Table,1,tvcg_2022_3209419_table_1.png,6,410,236,1962,426,2352,3213,0.976,3,"Table 1. Dataset name, variable name, data resolution, training epochs and time, training data size (number of blocks), encoding and decoding time on each volume (seconds). Encoding and decoding time do not induce the time used for writing/reading bitstreams files into/from disk.",1dKERpZvPj3b6f6Wwr2gGf48JauujZK-s
2022,10.1109/TVCG.2022.3209419,9904483,J,Equations,13,tvcg_2022_3209419_eq_13.png,6,438,2079,1168,2187,2352,3213,0.947,16,,18ic5cR0nnFk76BDS9WqfocKiOCU3FXyi
2022,10.1109/TVCG.2022.3209419,9904483,J,Equations,14,tvcg_2022_3209419_eq_14.png,6,355,2476,1167,2605,2352,3213,0.953,16,,1AzQF5d5WVSDmn3elBK0mlXQN4iu-jJUq
2022,10.1109/TVCG.2022.3209419,9904483,J,Equations,15,tvcg_2022_3209419_eq_15.png,6,1455,451,2263,561,2352,3213,0.609,16,,1dZn7T5FURP_N45OaKPpXXnHJquHMwfyD
2022,10.1109/TVCG.2022.3209419,9904483,J,Equations,16,tvcg_2022_3209419_eq_16.png,6,1486,1477,2263,1548,2352,3213,0.924,16,,15E-2edmbTSq3DHKJ8GrTYYkIRJDHHYaf
2022,10.1109/TVCG.2022.3209419,9904483,J,Table,2,tvcg_2022_3209419_table_2.png,7,119,239,1103,773,2352,3213,0.946,3,Table 2. Reconstruction PSNR and latent size ratio (LSR) for IDLat with different importance maps and for the baseline model.,1cQXR_HP-BCn48PDIkQADGClD6pGu7m05
2022,10.1109/TVCG.2022.3209419,9904483,J,Equations,17,tvcg_2022_3209419_eq_17.png,7,274,765,1146,898,2352,3213,0.881,16,,1KBOEC7lheXfWrwZJLuzsR72LLTO1paDk
2022,10.1109/TVCG.2022.3209419,9904483,J,Equations,18,tvcg_2022_3209419_eq_18.png,7,375,1865,1146,1997,2352,3213,0.95,16,,1XSeX1EKOKQcXGrIxsK0jVmpBQAKK2HEl
2022,10.1109/TVCG.2022.3209419,9904483,J,Table,3,tvcg_2022_3209419_table_3.png,9,114,2957,1134,3099,2352,3213,0.953,3,"Table 3. Selected isovalues, time (seconds) for all isosurface representation generation and for computing the isosurface similarity map using Bruckner and Möller's [8] and importance-driven latent representations.",1RGLWR3UN4f-3zOleqtIHY1sHUSOoOEfb
2022,10.1109/TVCG.2022.3209468,9906971,J,Equations,1,tvcg_2022_3209468_eq_1.png,4,378,897,1137,963,2352,3213,0.935,9,"\begin{equation*}
P=\{(s_{i},a_{i},p_{i}, r_{i})\vert i\in[1, T]\}, \tag{1}
\end{equation*}",1K_5Tmgsq9TdojiOR-aOqQEYnWemXObDB
2022,10.1109/TVCG.2022.3209468,9906971,J,Equations,2,tvcg_2022_3209468_eq_2.png,4,324,1876,1138,1945,2352,3213,0.935,9,"\begin{equation*}
\mathcal{S}=\{\{chart_{j}\vert j\in[0,n]\}\vert n\in[0,N]\}, \tag{2}
\end{equation*}",1CCgSPYLrOUFG9tM47D85RrDCQ4hE77Kr
2022,10.1109/TVCG.2022.3209468,9906971,J,Equations,3,tvcg_2022_3209468_eq_3.png,4,311,2237,1136,2296,2352,3213,0.866,9,"\begin{equation*}
\mathcal{A}= \{change, add, remove, terminate\} \tag{3}
\end{equation*}",15YpEqZl8BL29U_64ZSLRvM3y5q7L7vZN
2022,10.1109/TVCG.2022.3209468,9906971,J,Equations,4,tvcg_2022_3209468_eq_4.png,4,501,3008,1137,3070,2352,3213,0.922,9,"\begin{equation*}
r_{i}=f(s_{i},a_{i}),
\tag{4}
\end{equation*}",1_FG1BccNaEBxz8buyUmMPrxdgK0JgKRk
2022,10.1109/TVCG.2022.3209468,9906971,J,Equations,5,tvcg_2022_3209468_eq_5.png,4,1447,1212,2233,1316,2352,3213,0.941,9,"\begin{equation*}
dr(s_{i},a_{i})=1-exp(- \frac{\alpha\cdot c_{used}}{c_{total}}). \tag{5}
\end{equation*}",1Hgc7Xz7uPnc62GXTB7NWAvhI2NtI3IAo
2022,10.1109/TVCG.2022.3209468,9906971,J,Equations,6,tvcg_2022_3209468_eq_6.png,4,1274,1808,2233,1942,2352,3213,0.952,9,"\begin{equation*}
pr(s_{i},a_{i})=\begin{cases}
\sin\frac{\pi}{2}\cdot\frac{n}{n_{best}}, & n\in[0,n_{best}]\\
\sin\frac{\pi}{2}\cdot(1+\frac{n-n_{best}}{n_{max}-n_{best}}), & n\in(n_{best},n_{max}].
\end{cases} \tag{6}
\end{equation*}",1CZjV1vwSbH8Wv87FX-URCUH8XdaQxcYU
2022,10.1109/TVCG.2022.3209468,9906971,J,Table,1,tvcg_2022_3209468_table_1.png,5,113,207,1181,711,2352,3213,0.98,1,Table 1. Definitions of the insights.,1GVgoVudi-1liHkCnmOZ4_mZQyASHcQ0k
2022,10.1109/TVCG.2022.3209468,9906971,J,Equations,7,tvcg_2022_3209468_eq_7.png,5,236,1115,1176,1194,2352,3213,0.95,9,"\begin{equation*}
cr_{i}=w_{1}\cdot\sum\nolimits_{c}^{\{col, vis\}} dr_{i}^{c}+w_{2}\cdot pr_{i}+w_{3}\cdot \sum\nolimits_{c}^{\{insights\}} ir_{i}^{c}, \tag{7}
\end{equation*}",1jNpjY8EWFYnrVS_9Jw8ka1kXez0ABC1c
2022,10.1109/TVCG.2022.3209468,9906971,J,Equations,8,tvcg_2022_3209468_eq_8.png,5,469,1404,1176,1468,2352,3213,0.92,9,"\begin{equation*}
f(s_{i},a_{i})=cr_{i}-cr_{i-1}, \tag{8}
\end{equation*}",1FDaBmbsxe-XgOIC_cB3RhKjP5lPouX9k
2022,10.1109/TVCG.2022.3209468,9906971,J,Equations,9,tvcg_2022_3209468_eq_9.png,5,282,2335,1176,2402,2352,3213,0.873,9,"\begin{equation*}
L(s_{i},p_{i})=(R-v(s_{i}))^{2}-\log(p_{i})A(s_{i})-H(p_{i}), \tag{9}
\end{equation*}",1ZGKTES1p1Xu4_mltQ5ihszNvY69ViqA9
2022,10.1109/TVCG.2022.3209382,9903342,J,Equations,1,tvcg_2022_3209382_eq_1.png,3,1554,2348,2270,2412,2352,3213,0.917,7,"\begin{equation*}\ell_{r}(x, h)=\Delta(x, f(h;\theta_{r}))\tag{1}\end{equation*}",1KNZ3N2JEJIVb9lSe05wMng9sF-3MYb7_
2022,10.1109/TVCG.2022.3209382,9903342,J,Equations,2,tvcg_2022_3209382_eq_2.png,3,1557,2780,2270,2846,2352,3213,0.932,7,"\begin{equation*}\ell_{c}(y, h)=\Delta(y, g(h;\theta_{c}))\tag{2}\end{equation*}",1QoiBlWByF5NPIqi4ERaD94IVaslYQUBa
2022,10.1109/TVCG.2022.3209382,9903342,J,Equations,3,tvcg_2022_3209382_eq_3.png,3,1580,3007,2270,3069,2352,3213,0.927,7,\begin{equation*}\ell=\alpha\ell_{c}+(1-\alpha)\ell_{r}\tag{3}\end{equation*},1L_QJvJkYLzwxRzPgj1K4kSvAU5RKhPJd
2022,10.1109/TVCG.2022.3209382,9903342,J,Equations,4,tvcg_2022_3209382_eq_4.png,4,1583,997,2233,1073,2352,3213,0.929,7,\begin{equation*}\ell_{r}=\left\Vert d_{i}^{\prime}-d_{i}\right\Vert\tag{4}\end{equation*},1E714jEbo5j_n8V0XcC952qfLzI510Ehr
2022,10.1109/TVCG.2022.3209382,9903342,J,Equations,5,tvcg_2022_3209382_eq_5.png,4,1453,1498,2233,1570,2352,3213,0.937,7,"\begin{equation*}y_{i}^{\prime}=argmax_{y\in Y}E_{p\in \mathscr{T}(y)}S(p, h_{i})\tag{5}\end{equation*}",1GSm-6Wvr2OWmMIhTRH5eCOFJKj2j9QFG
2022,10.1109/TVCG.2022.3209382,9903342,J,Equations,6,tvcg_2022_3209382_eq_6.png,4,1386,1831,2233,1903,2352,3213,0.922,7,"\begin{equation*}\ell_{c}=E_{p\in \mathscr{T}(y_{i}^{\prime})}S(p, h_{i})-E_{p\in \mathscr{T}(y_{i})}S(p, h_{i})\tag{6}\end{equation*}",1QrRNF8SK_EIayENA433ixnArSHQ2nYYD
2022,10.1109/TVCG.2022.3209382,9903342,J,Equations,7,tvcg_2022_3209382_eq_7.png,4,1493,2168,2233,2266,2352,3213,0.93,7,\begin{equation*}h_{i} \leftarrow h_{i}-\eta\frac{1}{k}\sum\nolimits_{i=1}^{k}\partial\ell/\partial h_{i}\tag{7}\end{equation*},1ADucIPWkwUZwslT4QoMTFedPe154Wga7
2022,10.1109/TVCG.2022.3209382,9903342,J,Table,1,tvcg_2022_3209382_table_1.png,9,1220,207,2267,494,2352,3213,0.97,2,Table 1. Comparison of our network and SAE in clustering accuracy.,1Omo4zJ04z66EFPYIBXQdL-H3VJsd4HMl
2022,10.1109/TVCG.2022.3209382,9903342,J,Table,2,tvcg_2022_3209382_table_2.png,9,1220,586,2265,876,2352,3213,0.961,2,Table 2. Comparison of our network and SAE in training time.,1ZN9dTpFFMTqwu257OWxC_W7WQnOR4-XE
2022,10.1109/TVCG.2022.3209423,9904480,J,Equations,1,tvcg_2022_3209423_eq_1.png,3,1498,621,2241,687,2352,3213,0.924,9,\begin{equation*}p_{ij}=(p_{j\vert i}+p_{i\vert j})-p_{j\vert i}p_{i\vert j}\tag{1}\end{equation*},18hceWTZCPNMtRrInjb77HzHbDXS58Lv6
2022,10.1109/TVCG.2022.3209423,9904480,J,Equations,2,tvcg_2022_3209423_eq_2.png,3,1461,755,2241,873,2352,3213,0.949,9,"\begin{equation*}p_{j\vert i}=\exp\left(-\frac{dist(x_{i},x_{j})-\rho_{i}}{\sigma_{i}}\right)\tag{2}\end{equation*}",1UQI-BsFat2IQmbJF0rGUrBdg3YHWCbPX
2022,10.1109/TVCG.2022.3209423,9904480,J,Equations,3,tvcg_2022_3209423_eq_3.png,3,1401,1866,2241,1997,2352,3213,0.945,9,\begin{equation*}L_{NT}(z_{i})=- \log\frac{\exp(q_{ij}/\tau)}{\sum\nolimits_{k=1}^{2B}1\!\mathrm{l}_{[k\neq i]}\exp(q_{ik}/\tau)}\tag{3}\end{equation*},15cIMNlwzGfpGqod8ZKeQF88nVgKWRlYO
2022,10.1109/TVCG.2022.3209423,9904480,J,Equations,4,tvcg_2022_3209423_eq_4.png,3,1268,2248,2241,2384,2352,3213,0.941,9,"\begin{equation*}S(z_{i},z_{j})=\begin{cases}
1 &\text{if}\ \Vert z_{i}-z_{j}\Vert_{2}\leq\xi\\
\exp(-(\Vert z_{i}-z_{j}\Vert_{2}-\xi)) &\text{otherwise}\end{cases}\tag{4}
\end{equation*}",1PHrfAwFuW45x--DANCSExi5d9FpFnXXT
2022,10.1109/TVCG.2022.3209423,9904480,J,Equations,5,tvcg_2022_3209423_eq_5.png,3,1514,2599,2241,2717,2352,3213,0.94,9,\begin{equation*}q_{ij}= \frac{1}{1+a(\Vert z_{i}-z_{j}\Vert_{2}^{2})^{b}}\tag{5}\end{equation*},16IVadXmw8O14rzINqvMy24E-2FERtBhb
2022,10.1109/TVCG.2022.3209423,9904480,J,Equations,6,tvcg_2022_3209423_eq_6.png,4,344,969,1169,1096,2352,3213,0.952,9,\begin{equation*}\frac{\partial L_{NT}(z_{i})}{\partial q_{ij}}=\frac{1}{\tau}\frac{exp(q_{ij}/\tau)}{\sum\nolimits_{k=1}^{2B}1\!\mathrm{l}_{[k\neq i]}\exp(q_{ik}/\tau)}\tag{6}\end{equation*},1jqkTyZJbHIEoQNrroZQAyt5tesyIDJx8
2022,10.1109/TVCG.2022.3209423,9904480,J,Equations,7,tvcg_2022_3209423_eq_7.png,4,1410,273,2263,394,2352,3213,0.945,9,\begin{equation*}sn(q_{ij})=\frac{2}{\sigma}\Theta\left(\frac{q_{ij}-\mu}{\sigma}\right)\Phi\left(\eta\frac{q_{ij}-\mu}{\sigma}\right)\tag{7}\end{equation*},1myMyUZgx2b27nh0bJPanFgJUl8_EgeXN
2022,10.1109/TVCG.2022.3209423,9904480,J,Equations,8,tvcg_2022_3209423_eq_8.png,4,1245,711,2263,842,2352,3213,0.943,9,\begin{equation*}\frac{\partial\bar{L}(z_{i})}{\partial q_{ij}}:=\frac{1}{\tau}\frac{exp(q_{ij}/\tau)}{\sum\nolimits_{k=1}^{2B}1\!\mathrm{l}_{[k\neq i}\exp(q_{ik}/\tau)}+\alpha_{i}\cdot\frac{sn(q_{ij})}{\sum\nolimits_{k=1}^{2B}1\!\mathrm{l}_{[k\neq i]}sn(q_{ik})}\tag{8}\end{equation*},1TWKuGa6SSSjBrBy-ofXfzxu10mfGNb3v
2022,10.1109/TVCG.2022.3209423,9904480,J,Equations,9,tvcg_2022_3209423_eq_9.png,4,1337,927,2263,1063,2352,3213,0.954,9,\begin{equation*}\alpha_{i}=5\cdot\frac{exp(q_{ij}^{max}/\tau)}{\sum\nolimits_{k=1}^{2B}1\!\mathrm{l}_{[k\neq i]}\exp(q_{ik}/\tau)}\cdot\frac{\sum\nolimits_{k=1}^{2B}1\!\mathrm{l}_{[k\neq i]}sn(q_{ik})}{sn(q_{ij}^{max})}\tag{9}\end{equation*},1kUFYRtZ-eW72oV2Kw4goz0QugO5JvODO
2022,10.1109/TVCG.2022.3209423,9904480,J,Table,1,tvcg_2022_3209423_table_1.png,6,131,347,2173,671,2352,3213,0.749,7,Table 1. Comparisons of trustworthiness,1vEu3VqUf-V25xh6YFbyx9SR9xPXgovwc
2022,10.1109/TVCG.2022.3209423,9904480,J,Table,2,tvcg_2022_3209423_table_2.png,6,131,708,2173,1185,2352,3213,0.749,7,Table 2. Comparisons of continuity,1JU0hArvIQAdE313oY84VLnw5QpZn6wgK
2022,10.1109/TVCG.2022.3209423,9904480,J,Table,3,tvcg_2022_3209423_table_3.png,6,131,1222,2173,1699,2352,3213,0.749,7,Table 3. Comparisons of KNN-CA,1f3YQm-bBsCSXHge-T-vO_hKg311aDuin
2022,10.1109/TVCG.2022.3209423,9904480,J,Table,4,tvcg_2022_3209423_table_4.png,6,131,1736,2173,2214,2352,3213,0.749,7,Table 4. Comparisons of neighbor hit,13UUfdnLZIEven1jGk7WCV6GTMnSsqq89
2022,10.1109/TVCG.2022.3209423,9904480,J,Table,5,tvcg_2022_3209423_table_5.png,6,131,2251,2173,2728,2352,3213,0.749,7,Table 5. Comparisons of DSC,1HipQxFawrtE-1AmfR0M4E8ThVizY47Z5
2022,10.1109/TVCG.2022.3209423,9904480,J,Table,6,tvcg_2022_3209423_table_6.png,6,131,2765,2173,3213,2352,3213,0.749,7,Table 6. Comparisons of SC,1HPHjxi9VdS1r12NSZAzkefN51-wa3eeS
2022,10.1109/TVCG.2022.3209423,9904480,J,Table,7,tvcg_2022_3209423_table_7.png,7,142,190,2250,677,2352,3213,0.983,7,Table 7. Comparisons of running time(s),1Q3KmvTM843CWCbgB6dIqfdlv6ANl5rKl
2022,10.1109/TVCG.2022.3209449,9904619,J,Equations,1,tvcg_2022_3209449_eq_1.png,3,155,1281,1138,1400,2352,3213,0.935,2,"\begin{align*}
\text{combination}=&(\alpha_{1} \ast AM_{1})+\ldots+(\alpha_{i} \ast AM_{i})+\ldots+(\alpha_{m} \ast AM_{m})\\
&+(\beta_{1} \ast IM_{1})+\ldots+(\beta_{j} \ast IM_{j})+\ldots+(\beta_{u} \ast IM_{u}),
\end{align*}",1e55T7PApqhwYJiuYcdAqGXJR4wYN-Eo0
2022,10.1109/TVCG.2022.3209449,9904619,J,Table,1,tvcg_2022_3209449_table_1.png,5,152,309,2228,1030,2352,3213,0.427,2,"Table 1: List of the datasets used in our experiment. For each dataset, we provide the name, description, the proportion of difficulty ratings given by users (easy - green, medium - amber, hard - red), the percentage of disagreement in user rankings for projections in that dataset (% DA), and the median response time in minutes (median RT).",1rQLamyUd98-p41wrYHO2O8NO48oY8qVY
2022,10.1109/TVCG.2022.3209449,9904619,J,Table,2,tvcg_2022_3209449_table_2.png,6,1288,397,2126,1322,2352,3213,0.968,2,"Table 2: List of measures used in our analysis. If the metric is said to be applied on LD, then it only measures the quality of (or check patterns in) the visualization. These measures capture how interpretable the visualization is. If the metric is applied on HD to LD, it measures the accuracy of the DRT.",1gIYQoXQV3kNXU2K5P5Duh26uxu0Ufcmc
2022,10.1109/TVCG.2022.3209449,9904619,J,Equations,2,tvcg_2022_3209449_eq_2.png,7,1248,1101,2234,1208,2352,3213,0.919,2,"\begin{equation*}P(v_{i} > v_{j})=\frac{e^{w_{0}+w_{1}\ast m_{1,i}+\ldots+w_{23}\ast m_{23,i}}}{e^{w_{0}+w_{1}\ast m_{1,i}+\ldots+w_{23}\ast m_{23,i}}+e^{w_{0}+w_{1}\ast m_{1,j}+\ldots+w_{23}\ast m_{23,j}}},\end{equation*}",1yOn13zOeD2HyNEdYHZsaAi3FBNKfKBp5
2022,10.1109/TVCG.2022.3209478,9909998,J,Equations,1,tvcg_2022_3209478_eq_1.png,2,1546,733,2233,797,2352,3213,0.922,1,\begin{equation*}L_{v}=20\cdot\log_{10}({}^{v}\!/\!_{v_{0}})\tag{1}\end{equation*},1ukkrexsAa2vLq4X4RaZvUOshApRqcYLA
2022,10.1109/TVCG.2022.3209478,9909998,J,Table,1,tvcg_2022_3209478_table_1.png,4,114,233,2189,1018,2352,3213,0.984,1,Table 1: Overview of the results of our task and requirements analysis,1WFNc85eWFaPwgAiK10SjvHaE9yuD3Ddp
2022,10.1109/TVCG.2022.3209356,9904427,J,Equations,1,tvcg_2022_3209356_eq_1.png,3,1560,1454,2241,1566,2352,3213,0.937,5,,130bCtHruWR_jm1SqbJauPo6ZAQWSNhKY
2022,10.1109/TVCG.2022.3209356,9904427,J,Equations,2,tvcg_2022_3209356_eq_2.png,3,1560,1582,2241,1690,2352,3213,0.932,5,,14HIegkkmp6HND1xKrQpVoe8DT6iMI-Ff
2022,10.1109/TVCG.2022.3209356,9904427,J,Equations,3,tvcg_2022_3209356_eq_3.png,4,498,2479,1196,2607,2352,3213,0.578,5,,1kEUsoVsi3HTYJPYj6HGKPhtxgBlWm5ss
2022,10.1109/TVCG.2022.3209356,9904427,J,Equations,4,tvcg_2022_3209356_eq_4.png,4,1620,2102,2292,2220,2352,3213,0.928,5,,1smq9toxsWU9KHmfgwNBXIoj-nOG4ozmt
2022,10.1109/TVCG.2022.3209356,9904427,J,Equations,5,tvcg_2022_3209356_eq_5.png,4,1530,2420,2292,2540,2352,3213,0.93,5,,1nZKHHYveq4Z4GK1iwmJJibXCgh0OJihF
2022,10.1109/TVCG.2022.3209356,9904427,J,Equations,6,tvcg_2022_3209356_eq_6.png,4,1570,2747,2292,2883,2352,3213,0.952,5,,1NMkZ1qA5FDgdELmY2o7T7sP3Ade5nyWK
2022,10.1109/TVCG.2022.3209413,9904429,J,Equations,1,tvcg_2022_3209413_eq_1.png,4,1604,1646,2262,1774,2352,3213,0.938,2,"\begin{equation*}\hat{s}=\frac{\sum\nolimits_{i=0}^{3}\hat{s}_{i}\cdot q_{i}}{\sum\nolimits_{i=0}^{3}q_{i}},\tag{1}\end{equation*}",1d6bzyAOcVa0TErrx23f9Rx8WdCFY3Paf
2022,10.1109/TVCG.2022.3209413,9904429,J,Equations,2,tvcg_2022_3209413_eq_2.png,4,1483,1932,1986,2044,2352,3213,0.934,2,"\begin{equation*}q_{i}=\frac{1}{min(d(v, v_{i}), d(v, sym(v_{i}))},\end{equation*}",1zQUgO_-tQLe1OjBuXRZ9GovXtaMFYBhp
2022,10.1109/TVCG.2022.3209413,9904429,J,Table,1,tvcg_2022_3209413_table_1.png,6,260,282,2107,658,2352,3213,0.856,7,,1ww9jqYa7KMGe0vTwTgqZSGDMzsLIpaZ0
2022,10.1109/TVCG.2022.3209413,9904429,J,Table,2,tvcg_2022_3209413_table_2.png,6,425,790,845,973,2352,3213,0.93,7,,1LH83I0yh5vAy2EfNuWQmV23DOcH_rvnW
2022,10.1109/TVCG.2022.3209413,9904429,J,Table,3,tvcg_2022_3209413_table_3.png,6,221,2837,1057,3060,2352,3213,0.966,7,,13AM983OBkPw34y0iXteOcGMxnQ4dHi7x
2022,10.1109/TVCG.2022.3209413,9904429,J,Table,4,tvcg_2022_3209413_table_4.png,6,1262,787,2198,934,2352,3213,0.959,7,,1eXlmITffDPVGZy41eBJMEFWYLVruyNxB
2022,10.1109/TVCG.2022.3209413,9904429,J,Table,5,tvcg_2022_3209413_table_5.png,6,1260,1088,2197,1232,2352,3213,0.96,7,,1UBKvhLqZjg0Q1j9QfjRKmxvXgcj57yKF
2022,10.1109/TVCG.2022.3209413,9904429,J,Table,6,tvcg_2022_3209413_table_6.png,7,1277,1784,2142,2163,2352,3213,0.959,7,,1zUjx1-KWmhGFA5Hp6rjp_FWYKaQTdR4k
2022,10.1109/TVCG.2022.3209465,9906903,J,Equations,1,tvcg_2022_3209465_eq_1.png,5,1569,2510,2270,2575,2352,3213,0.913,5,\begin{equation*}\text{residual}_{i}=y_{i}^{val}-\hat{y}_{i}^{val}\tag{1}\end{equation*},1J1pnIeGnrwKOYw2_uGy3mvj1YUpEjJoN
2022,10.1109/TVCG.2022.3209465,9906903,J,Equations,2,tvcg_2022_3209465_eq_2.png,6,387,1181,834,1320,2352,3213,0.926,5,"\begin{gather*}pred\_residual_{j}=h(x_{j}^{val})\\
\tilde{y}_{j}^{val}=pred\_residual_{j}+\hat{y}_{j}^{val}\end{gather*}",1KktljqybTeo_89AaAVH_K1GhjYf_DWBu
2022,10.1109/TVCG.2022.3209465,9906903,J,Equations,3,tvcg_2022_3209465_eq_3.png,6,1548,844,1857,952,2352,3213,0.937,5,\begin{equation*}w_{S^{train}}=\frac{N^{train}}{M\times n^{train}}\end{equation*},1Q3mmu934MzDk6NWzxmU57bC-GNc08s3t
2022,10.1109/TVCG.2022.3209465,9906903,J,Equations,4,tvcg_2022_3209465_eq_4.png,6,1362,1122,2233,1191,2352,3213,0.937,5,"\begin{equation*}\mathbb{E}_(x^{train},y^{train},S^{train})\sim P[w_{S^{train}}l(\theta;(x^{train},y^{train}))]\tag{2}\end{equation*}",1vWrD2pVHvib_OPqkd6RdlLTnxmaAuTq7
2022,10.1109/TVCG.2022.3209465,9906903,J,Equations,5,tvcg_2022_3209465_eq_5.png,6,1383,1453,2232,1532,2352,3213,0.935,5,"\begin{equation*}\max\limits_{S^{train}}\mathbb{E}_{(x^{train},y^{train})\sim P_{S^{train}}}[l(\theta;(x^{train},y^{train}))]\tag{3}\end{equation*}",19nLAWx8GoBV4skcwfutr_-4LKnHGB0YR
2022,10.1109/TVCG.2022.3209465,9906903,J,Table,1,tvcg_2022_3209465_table_1.png,6,1173,2243,2260,2496,2352,3213,0.977,3,Table 1. Use case summary,1CMzB17SUPvF9qqOxEDMfq3yQpaPeEQvt
2022,10.1109/TVCG.2022.3209465,9906903,J,Table,2,tvcg_2022_3209465_table_2.png,7,167,186,1125,441,2352,3213,0.978,3,Table 2. Accuracy of image classification models (val / test),1PU4MO5_8hbBdIyDwVxIKJ4p2xCZ8WOoC
2022,10.1109/TVCG.2022.3209465,9906903,J,Table,3,tvcg_2022_3209465_table_3.png,7,1209,2301,2275,2702,2352,3213,0.977,3,Table 3. Accuracy of object height classification models (val / test),1t9ItdEP0pOrUQzGNva_A3kP-HEKIOyQF
2022,10.1109/TVCG.2022.3209489,9904444,J,Equations,1,tvcg_2022_3209489_eq_1.png,3,292,2413,1176,2478,2352,3213,0.9,7,\begin{equation*}\mathbb{P}(Y= \arg\max(\hat{\mathbf{p}}(X))\ \vert\ \max(\hat{\mathbf{p}}(X))=\alpha)=\alpha\tag{1}\end{equation*},1H-BY5vYJThcV2jqDtad5sQ-UevAUQD-5
2022,10.1109/TVCG.2022.3209489,9904444,J,Equations,2,tvcg_2022_3209489_eq_2.png,3,455,2689,1176,2754,2352,3213,0.925,7,\begin{equation*}\mathbb{P}(Y=i\ \vert\ \hat{p}_{i}(\mathbf{x})=s)=s\tag{2}\end{equation*},1I1glC5u135qEZ5KsMouMQ8Y066EeAIQ1
2022,10.1109/TVCG.2022.3209489,9904444,J,Equations,3,tvcg_2022_3209489_eq_3.png,3,339,3006,1176,3071,2352,3213,0.919,7,"\begin{equation*}\mathbb{P}(Y=i\vert\hat{\mathbf{p}}(\mathbf{x})=\mathbf{q})=q_{i}\ \text{for}\ i\in 1,\ldots, K\tag{3}\end{equation*}",1ZiU3L4f8OqtdHoVCiX0Q2qvQjJxYZQVJ
2022,10.1109/TVCG.2022.3209489,9904444,J,Equations,4,tvcg_2022_3209489_eq_4.png,3,1492,807,2270,929,2352,3213,0.946,7,\begin{equation*}\text{acc}(B_{w})= \frac{1}{\vert B_{w}\vert}\sum\limits_{j\in B_{w}}1\!\mathrm{l}(\hat{y}_{j}=y_{j})\tag{4}\end{equation*},1Vm-pmGmoncCMAv9leQYOuDZDlS0boGDW
2022,10.1109/TVCG.2022.3209489,9904444,J,Equations,5,tvcg_2022_3209489_eq_5.png,3,1517,1108,2270,1229,2352,3213,0.924,7,\begin{equation*}\text{conf}(B_{w})=\frac{1}{\left\vert B_{w}\right\vert}\sum\limits_{j\in B_{w}}\hat{p}_{i}(\mathbf{x}_{j})\tag{5}\end{equation*},1CLwYdBeqPJVm1wvqC23e_UfSqlAZ3FUz
2022,10.1109/TVCG.2022.3209489,9904444,J,Equations,6,tvcg_2022_3209489_eq_6.png,3,1503,2002,2271,2267,2352,3213,0.956,7,"\begin{align*}
&\phi_{BS}=\frac{1}{N}\sum\limits_{i=1}^{N}\sum\limits_{j=1}^{K}(\hat{y}_{ij}- y_{ij})^{2}\\
&\phi_{LL}=-\frac{1}{N}\sum\limits_{i=1}^{N}\sum\limits_{j=1}^{K}y_{ij}\cdot\log(\hat{y}_{ij})\tag{6}
\end{align*}",1jjBznI1GebSAyBVXtMHAjL72rXjLC7HG
2022,10.1109/TVCG.2022.3209489,9904444,J,Equations,7,tvcg_2022_3209489_eq_7.png,3,1426,2867,2271,3078,2352,3213,0.948,7,"\begin{align*}
ECE&=\sum\limits_{w=1}^{W}\frac{\vert B_{w}\vert}{N}\vert\text{acc}(B_{w})-\text{conf}(B_{w})\vert\\
MCE&=\max\limits_{w\in\{1,\ldots, W\}}\vert\text{acc}(B_{w})-\text{conf}(B_{w})\vert\tag{7}
\end{align*}",1r_yqXUetI5xROkGudBu3xL0MbZ3lGM6P
2022,10.1109/TVCG.2022.3209379,9905423,J,Equations,1,tvcg_2022_3209379_eq_1.png,4,1240,1412,2263,1539,2352,3213,0.94,1,"\begin{align*}
T_{\text{delighted}}&=\{v_{d, 1}, v_{d, 2},\ldots, v_{d, n}\}\quad T_{\text{angry}}=\{v_{a, 1}, v_{a, 2},\ldots, v_{a, n}\}\\
T_{\text{sad}}&=\{v_{s, 1}, v_{s, 2},\ldots, v_{s, n}\}\quad T_{\text{calm}}=\{v_{c, 1}, v_{c, 2},\ldots, v_{c, n}\}\tag{1}
\end{align*}",1PXi8GWKbE20XMX1JYVGg3X4HxOad6ZHu
2022,10.1109/TVCG.2022.3209485,9904435,J,Equations,1,tvcg_2022_3209485_eq_1.png,3,1642,705,2270,804,2352,3213,0.929,12,,1FfeITlgto27tFoBCUl9RMgP49DS3MPwC
2022,10.1109/TVCG.2022.3209485,9904435,J,Equations,2,tvcg_2022_3209485_eq_2.png,4,1530,3003,2233,3072,2352,3213,0.89,12,,1UvE5g1DYH7aTULoPSHGZhDAnavW-5yDY
2022,10.1109/TVCG.2022.3209485,9904435,J,Equations,3,tvcg_2022_3209485_eq_3.png,5,444,2892,1176,2959,2352,3213,0.932,12,,1kAGeQFAym634v-Wz37igiFlXTJ_0kEw3
2022,10.1109/TVCG.2022.3209485,9904435,J,Equations,4,tvcg_2022_3209485_eq_4.png,5,1326,1025,2270,1097,2352,3213,0.949,12,,10RTQQVdIDY6NeSBGqLoMEcP_oLA85Dbb
2022,10.1109/TVCG.2022.3209485,9904435,J,Equations,5,tvcg_2022_3209485_eq_5.png,5,1498,1482,2271,1591,2352,3213,0.94,12,,1mN4hKacqJuAHQllmXbZXxzh41jRaVc1Q
2022,10.1109/TVCG.2022.3209485,9904435,J,Equations,6,tvcg_2022_3209485_eq_6.png,5,1580,1711,2270,1815,2352,3213,0.943,12,,1VjikGub_Fnegq13IiKE7wf6xy1jLbHM8
2022,10.1109/TVCG.2022.3209485,9904435,J,Equations,7,tvcg_2022_3209485_eq_7.png,5,1577,1834,2270,1939,2352,3213,0.942,12,,1KXAzC5mZ5m2b3JJAIUc7wtivdzD2asVG
2022,10.1109/TVCG.2022.3209485,9904435,J,Equations,8,tvcg_2022_3209485_eq_8.png,5,1235,2049,2270,2166,2352,3213,0.775,12,,1H79DNE8Kg5EEkREqfYGb4hIc8I8CL0_A
2022,10.1109/TVCG.2022.3209485,9904435,J,Equations,9,tvcg_2022_3209485_eq_9.png,5,1365,2184,2270,2296,2352,3213,0.86,12,,1Oh7BfCiA70zP7WQorMR9iyguhus_D7ON
2022,10.1109/TVCG.2022.3209485,9904435,J,Equations,10,tvcg_2022_3209485_eq_10.png,6,335,1253,1136,1325,2352,3213,0.922,12,,1S0Jhvj4cgzOEPCH4NL3iZWHsEEyXuoJY
2022,10.1109/TVCG.2022.3209485,9904435,J,Equations,11,tvcg_2022_3209485_eq_11.png,6,122,1461,1136,1570,2352,3213,0.953,12,,10J3ewnCx_TjkV2a476rnIVjSmKTASyF4
2022,10.1109/TVCG.2022.3209485,9904435,J,Equations,12,tvcg_2022_3209485_eq_12.png,6,390,1830,1137,1944,2352,3213,0.933,12,,1v6cuYLxM9KZU3SAJS4nyEuRpA_un5gOW
2022,10.1109/TVCG.2022.3209485,9904435,J,Equations,13,tvcg_2022_3209485_eq_13.png,6,368,2715,1137,2824,2352,3213,0.936,12,,14StWGyQYidyW4r-Tm_x-9MAeCk4m3Voj
2022,10.1109/TVCG.2022.3209485,9904435,J,Equations,14,tvcg_2022_3209485_eq_14.png,6,1499,2270,2232,2331,2352,3213,0.923,12,,1ehLfEHFmIdRLCime0wAkln7LD1s5U1C0
2022,10.1109/TVCG.2022.3209371,9904492,J,Equations,1,tvcg_2022_3209371_eq_1.png,3,367,1091,1176,1198,2352,3213,0.923,15,,1GUM0Sfh94WnaBGqQDfwNAnii1GaETUxI
2022,10.1109/TVCG.2022.3209371,9904492,J,Equations,2,tvcg_2022_3209371_eq_2.png,3,366,1194,1175,1265,2352,3213,0.911,15,,1U3Eh17FiOgtwGJE8VMsUKQfASOxsQvlJ
2022,10.1109/TVCG.2022.3209371,9904492,J,Equations,3,tvcg_2022_3209371_eq_3.png,3,366,1262,1177,1373,2352,3213,0.921,15,,1J_a9Nz9kpX0o4X2XPkkAmWorVIJOEEL6
2022,10.1109/TVCG.2022.3209371,9904492,J,Equations,4,tvcg_2022_3209371_eq_4.png,3,414,1494,878,1613,2352,3213,0.93,15,,1Mnu2_UmMKP89d-TuZuIks-v6LlVXkWct
2022,10.1109/TVCG.2022.3209371,9904492,J,Equations,5,tvcg_2022_3209371_eq_5.png,3,395,2036,1177,2175,2352,3213,0.956,15,,1fYkJlnJzdzGF_SgrnQoo6LMFPAjjwubs
2022,10.1109/TVCG.2022.3209371,9904492,J,Equations,6,tvcg_2022_3209371_eq_6.png,3,323,2348,971,2483,2352,3213,0.953,15,,1KRij-r8oMBRyndWXDwqtrQJ92XKawI33
2022,10.1109/TVCG.2022.3209371,9904492,J,Equations,7,tvcg_2022_3209371_eq_7.png,3,247,2617,1176,2742,2352,3213,0.953,15,,1NzKIYpMEVyXjdJ9xL9qJH6lfCGwlSpEA
2022,10.1109/TVCG.2022.3209371,9904492,J,Table,1,tvcg_2022_3209371_table_1.png,3,1215,444,2277,1188,2352,3213,0.978,1,"Table 1. Quotient based force functions and their corresponding parameters of different layout methods: $\omega$ is the weight, $\alpha$ and $\beta$ are the exponents of the graph-theoretical distance and the Euclidean distance between two nodes, respectively, and $\Omega$ is the force range. $P$ is a set of pivot nodes [27], $k_{fa}$ is defined as $-(deg(i)+1)(deg(j)+1)$ [22] with the node degree $deg(i). V^{2}$ refers to all node pairs, $e$ to node pairs connected by an edge, $s$ to a k-ring neighborhood graph.",1o0lslJ4zp-S2AgqGXV6H5A_MsPg1V5wg
2022,10.1109/TVCG.2022.3209371,9904492,J,Equations,8,tvcg_2022_3209371_eq_8.png,3,1245,1501,2236,1769,2352,3213,0.957,15,,1tq5VqF0d2vDo4x4KNsaepwS1INrTgNdV
2022,10.1109/TVCG.2022.3209371,9904492,J,Equations,9,tvcg_2022_3209371_eq_9.png,3,1217,1897,2263,2033,2352,3213,0.949,15,,1sS0Zin7B4SovIBA5F3YlkaQK9vekgFTL
2022,10.1109/TVCG.2022.3209371,9904492,J,Equations,10,tvcg_2022_3209371_eq_10.png,3,1244,2121,2238,2256,2352,3213,0.953,15,,1-Zl64wZFUGSlfoy2yQda7CWaDemRNZGJ
2022,10.1109/TVCG.2022.3209371,9904492,J,Equations,11,tvcg_2022_3209371_eq_11.png,3,1363,2432,2270,2553,2352,3213,0.931,15,,1eF69MKnpF8-VBIusoDJBasgnR7YVfWMV
2022,10.1109/TVCG.2022.3209371,9904492,J,Equations,12,tvcg_2022_3209371_eq_12.png,3,1344,2554,2271,2679,2352,3213,0.944,15,,1Dg7AzAZHAXMN75xEHPtpTgzTKTjcLfhY
2022,10.1109/TVCG.2022.3209371,9904492,J,Equations,13,tvcg_2022_3209371_eq_13.png,3,1457,2772,2271,2899,2352,3213,0.951,15,,1BpkikwGOQ_RJiIVui-4ckVgR0TJftYD_
2022,10.1109/TVCG.2022.3209371,9904492,J,Equations,14,tvcg_2022_3209371_eq_14.png,4,211,1549,1137,1688,2352,3213,0.956,15,,151KO-p9r44Is4LJ3WyVG8zV6zeZNPF99
2022,10.1109/TVCG.2022.3209371,9904492,J,Equations,15,tvcg_2022_3209371_eq_15.png,5,330,664,1176,797,2352,3213,0.947,15,,1wIMqwMofvlxWQTwUeRie4hwvUAK5G3Zl
2022,10.1109/TVCG.2022.3209371,9904492,J,Equations,16,tvcg_2022_3209371_eq_16.png,5,1278,750,2271,1017,2352,3213,0.962,15,,1m5TBVrHvvVff4_MhH13QiOb19mn4frQR
2022,10.1109/TVCG.2022.3209371,9904492,J,Equations,17,tvcg_2022_3209371_eq_17.png,5,1509,1150,2270,1283,2352,3213,0.943,15,,1s4ayX3HPvNGY0Xl1gSYQhn8kkA0eTrZU
2022,10.1109/TVCG.2022.3209371,9904492,J,Equations,18,tvcg_2022_3209371_eq_18.png,5,1498,1286,2270,1346,2352,3213,0.921,15,,1ycGI-4oJ7NMlCtPwF96wbHzUncQnk0qU
2022,10.1109/TVCG.2022.3209371,9904492,J,Algorithms,1,tvcg_2022_3209371_alg_1.png,5,1211,1660,2271,2241,2352,3213,1.0,0,,1puanFU9srG88hqHvg_OY7giGMahNGRXq
2022,10.1109/TVCG.2022.3209371,9904492,J,Equations,19,tvcg_2022_3209371_eq_19.png,6,1571,2953,2233,3060,2352,3213,0.939,15,,14hk7fxh3VVEeUpueSWo5QlYSEZCdqSOz
2022,10.1109/TVCG.2022.3209427,9908291,J,Table,1,tvcg_2022_3209427_table_1.png,6,113,231,2267,671,2352,3213,0.971,2,Table 1: Summary of tasks and presented stimuli.,1_imCeadBt1qDTOFN4u3h1Vnevc7yk574
2022,10.1109/TVCG.2022.3209427,9908291,J,Table,2,tvcg_2022_3209427_table_2.png,7,1183,349,2239,1083,2352,3213,0.977,2,"Table 2: Results of the overall statistical evaluation for the kruskal-wallis and pairwise wilcoxon tests. P-values for multiple comparisons were bonferroni corrected. We also report the confidence intervals of the mean difference [21], [22].",1RO1MByhQlXpq-EhMtKG5En2xZO5_-Skx
2022,10.1109/TVCG.2022.3209497,9911988,J,Table,1,tvcg_2022_3209497_table_1.png,8,202,367,1119,601,2352,3213,0.975,1,"Table 1: Precision, recall, and F1-score of the entity recognition.",1SYoBGfNRe5iJH2UsHcdGPKK0rPEOJJJg
2022,10.1109/TVCG.2022.3209452,9906966,J,Equations,1,tvcg_2022_3209452_eq_1.png,5,301,1547,1177,1651,2352,3213,0.952,2,"\begin{equation*}
L(S, T)=\vert T\vert+\alpha\sum\limits_{t_{i}\in T}freq(t_{i})+\beta\sum_{s_{i}\in S}sv(s_{i}),\tag{1}
\end{equation*}",1ohBjYxgzcmJIcwFNijdNwDkwsNCa1grk
2022,10.1109/TVCG.2022.3209452,9906966,J,Equations,2,tvcg_2022_3209452_eq_2.png,5,1246,1295,2271,1500,2352,3213,0.957,2,"\begin{align*}
&L^{\ast}(S, T)=L(S, T)+\alpha\sum\limits_{t_{i}\in T}freq(t_{i})\times idx\_con(t_{i})\tag{2}\\
&+\alpha\sum\limits_{t_{i}\in T}freq(t_{i})\times len\_con(t_{i}))+\beta\sum\limits_{s_{i}\in S}\sum\limits_{v_{i}}sv(v_{i},s_{i})\times imp(v_{i}),
\end{align*}",1tareIC1nCNCHp4HjGuJXHTd-s4tV_hw4
2022,10.1109/TVCG.2022.3209452,9906966,J,Algorithms,1,tvcg_2022_3209452_alg_1.png,6,80,2437,1140,3044,2352,3213,1.0,1,Algorithm 1: Fine-tuning Optimizer,18-oI9c-DCtmFxaNp7AYE8xGy8y3ZwQOL
2022,10.1109/TVCG.2022.3209452,9906966,J,Table,1,tvcg_2022_3209452_table_1.png,7,1243,407,2241,806,2352,3213,0.956,1,"Table 1. The results of the quantitative experiments. We generated 6 synthetic datasets ($D_{1}$ to $D_{6}$), varying in the number of sequences ($S$), the length of each sequence ($\vert s_{i}\vert$), the number of features in one hit ($k$), the number of tactics ($\vert T\vert$), and the number of options for each hit feature ($\vert V\vert$). For each dataset, we present the average runtime of the initial mining ($t_{i}$) and applying global ($avg.t_{g}$) and local constraints ($avg.t_{l}$).",1lYx_sgqXljLpWrycQi6ilcFZw1jbF_W0
2022,10.1109/TVCG.2022.3209352,9906970,J,Table,1,tvcg_2022_3209352_table_1.png,5,86,628,1118,779,2352,3213,0.967,4,Table 1. The performance of the stroke detection model.,1-kuzV4gzJM7P-ePK0jbyaLo7TIhz4C_Y
2022,10.1109/TVCG.2022.3209352,9906970,J,Table,2,tvcg_2022_3209352_table_2.png,5,87,912,1145,1208,2352,3213,0.976,4,Table 2. The accuracy of different models in attribute recognition.,1uE1ZdVLfe0v0tGABiHGVwUKt484XCCg2
2022,10.1109/TVCG.2022.3209352,9906970,J,Equations,1,tvcg_2022_3209352_eq_1.png,5,327,3001,1148,3071,2352,3213,0.929,9,,1Yc5mgMsD5q45sG7NsH9Ny4UMBH8LANU7
2022,10.1109/TVCG.2022.3209352,9906970,J,Equations,2,tvcg_2022_3209352_eq_2.png,5,1548,1606,2241,1671,2352,3213,0.923,9,,1yGHV5mSj4mSg4zJB9ITR5e5QMcFzvCGD
2022,10.1109/TVCG.2022.3209352,9906970,J,Equations,3,tvcg_2022_3209352_eq_3.png,5,1544,2740,2240,2805,2352,3213,0.924,9,,1-gqkPJ1GIoHh0187lNahy823VPv_iWLX
2022,10.1109/TVCG.2022.3209352,9906970,J,Equations,4,tvcg_2022_3209352_eq_4.png,5,1224,3011,1481,3066,2352,3213,0.667,9,,1ObXWvERnstZK6zkb-p-u_4aiRFWHIOR9
2022,10.1109/TVCG.2022.3209352,9906970,J,Table,3,tvcg_2022_3209352_table_3.png,6,107,787,1180,1084,2352,3213,0.977,4,Table 3. The statistics of speed and spin of different techniques.,1TLe9EtqD50_3t9_gpP9GBEtp_4Apqrql
2022,10.1109/TVCG.2022.3209352,9906970,J,Table,4,tvcg_2022_3209352_table_4.png,6,106,1210,1178,1507,2352,3213,0.98,4,Table 4. The estimation error of speed and spin.,1h5PxcUOLsWCTkK_p-BEpvlU280k5YPFW
2022,10.1109/TVCG.2022.3209352,9906970,J,Equations,5,tvcg_2022_3209352_eq_5.png,6,438,2016,1167,2082,2352,3213,0.93,9,,1D_jBo1oD76bBE61BNGpTF1v_yP1dcIGa
2022,10.1109/TVCG.2022.3209352,9906970,J,Equations,6,tvcg_2022_3209352_eq_6.png,6,520,2877,1168,2944,2352,3213,0.922,9,,1sxEQc5e2FSHOjLmSg2beDgHhc2AgtF0x
2022,10.1109/TVCG.2022.3209352,9906970,J,Equations,7,tvcg_2022_3209352_eq_7.png,6,1521,543,2263,659,2352,3213,0.941,9,,1TSCwguacuTnjYEJmckwtZ945RnvKfB4Q
2022,10.1109/TVCG.2022.3209352,9906970,J,Equations,8,tvcg_2022_3209352_eq_8.png,8,368,1681,1167,1808,2352,3213,0.951,9,,1EjqQg25TXWTt7CjtzJjNMSg7Rsei9e6u
2022,10.1109/TVCG.2022.3209352,9906970,J,Equations,9,tvcg_2022_3209352_eq_9.png,8,365,1966,1167,2073,2352,3213,0.953,9,,1AG628XFB5y5WvZW_bNPl7XHjkaAFcCQQ
2022,10.1109/TVCG.2022.3209352,9906970,J,Equations,10,tvcg_2022_3209352_eq_10.png,8,478,2205,1166,2330,2352,3213,0.943,9,,1Nj-tLh9uH528d7kP_BBIFzGUFVrCQfq5
2022,10.1109/TVCG.2022.3209353,9903338,J,Table,1,tvcg_2022_3209353_table_1.png,5,1179,213,2246,765,2352,3213,0.978,1,Table 1: The required data for the game simulator.,15c48r05jLFJaLSk8R_WhbyCPqAnWJJgm
2022,10.1109/TVCG.2022.3209428,9903555,J,Equations,1,tvcg_2022_3209428_eq_1.png,3,265,1443,1030,1559,2352,3213,0.83,4,"\begin{align*}
f_{i}&=\{type, subspace, breakdown, measure, focus\}\\
&=\{t_{i}, s_{i}, b_{i}, m_{i}, x_{i}\}
\end{align*}",1fgvdmrwV2Oa2asaNdD7miyqsPucpF01L
2022,10.1109/TVCG.2022.3209428,9903555,J,Table,1,tvcg_2022_3209428_table_1.png,4,76,245,2177,819,2352,3213,0.941,1,"Table 1. Definitions of the 7 constrained actions under different conditions, where NUM indicates the number of values or fields in the attribute. $f_{s},f_{t}$ represent the selected pair of keyframes. The action can be performed only when the condition is satisfied.",1CLv7sBjArCDQMnSUnPuk5YmPyH3_rNGP
2022,10.1109/TVCG.2022.3209428,9903555,J,Equations,2,tvcg_2022_3209428_eq_2.png,4,1375,1917,2233,2031,2352,3213,0.95,4,"\begin{equation*}L=\sum\limits_{(v_{i-1},v_{i},v_{i+1})\in D_{s}}d(v_{i},m_{i})^{2}+\alpha\cdot d(v_{i},v_{j})^{2}\tag{1}\end{equation*}",1B6lcAvJANlwd41NVvqzjt0C82I22yuKv
2022,10.1109/TVCG.2022.3209428,9903555,J,Equations,3,tvcg_2022_3209428_eq_3.png,5,455,996,1176,1099,2352,3213,0.939,4,\begin{equation*}v_{k}=v_{s}+\frac{k}{N+1}\cdot(v_{t}-v_{s})\tag{2}\end{equation*},1RuULy8IPVVce4xyu_nBBVU27QzXMHyDL
2022,10.1109/TVCG.2022.3209428,9903555,J,Equations,4,tvcg_2022_3209428_eq_4.png,5,229,2818,1177,2946,2352,3213,0.947,4,\begin{equation*}reward(f_{i})=-\frac{1}{i}\sum\limits_{j=1}^{i}\left\vert v_{j}-(v_{j-1}^{\ast}+\frac{v_{t}-v_{s}}{\vert v_{t}-v_{s}\vert}\cdot\left\vert v_{j}-v_{j-1}^{\ast}\right\vert)\right\vert\tag{3}\end{equation*},1H_1oACIaI7_ZRhN9KkZP_k4YoHxgY9bY
2022,10.1109/TVCG.2022.3209428,9903555,J,Algorithms,1,tvcg_2022_3209428_alg_1.png,5,1211,168,2271,1515,2352,3213,1.0,0,,1sxc1aYQuFeGkhc4ou902WoSG7qBxnFbn
2022,10.1109/TVCG.2022.3209360,9906559,J,Table,1,tvcg_2022_3209360_table_1.png,4,113,210,2297,700,2352,3213,0.97,2,Table 1. Classifications and statistics of contribution types found in 30 surveyed papers in IEEE VIS 2021.,1liVr2ipoOCHQ93OUSwQAeRDn8oBkE6yR
2022,10.1109/TVCG.2022.3209360,9906559,J,Table,2,tvcg_2022_3209360_table_2.png,7,89,247,2214,775,2352,3213,0.981,2,Table 2. Evaluation strategies and collected data in 30 surveyed paper in IEEE VIS 2021. Numbers in brackets indicate the counts and numbers in braces denote the mean and standard deviation of the number of participants. References are example instead of full instances.,1WdfZDo-0GhfYap2gvwuYPM40e1F3rmVs
2022,10.1109/TVCG.2022.3209493,9904866,J,Table,1,tvcg_2022_3209493_table_1.png,3,1218,210,2263,1734,2352,3213,0.963,1,Table 1. Sample characteristics of interview participants.,1fauFyx67WY6FwqTD3mMM9wUp12WRXOut
2022,10.1109/TVCG.2022.3209380,9903279,J,Table,1,tvcg_2022_3209380_table_1.png,3,132,548,1179,849,2352,3213,0.837,2,Table 1: Our survey with power systems professionals identified several items as salient challenges for visualizing power grid data. We note the number of users who referenced each challenge in parentheses. Items addressed by our current tool are noted with an asterisk.,1osrHky0-DvDBFYEn9lGOIWy8KF_Jp4Xf
2022,10.1109/TVCG.2022.3209380,9903279,J,Table,2,tvcg_2022_3209380_table_2.png,8,76,2289,1141,2511,2352,3213,0.966,2,"Table 2: Demographics for participants of pair analytic sessions. All experts surveyed worked in either systems protection and control or contingency analysis for electrical utilities, as either current*/former power system engineers.",1qe8YIDCTqGY-ObnoM3TLzlr-SdxMarms
2022,10.1109/TVCG.2022.3209462,9903281,J,Equations,1,tvcg_2022_3209462_eq_1.png,4,1555,857,2233,919,2352,3213,0.93,2,"\begin{equation*}
H= (\mathbf{TA} \odot \mathbf{SA}) X, \tag{1}
\end{equation*}",1Ox-JBuZrv7lImw5PdiAuP9yl0LVrgoS-
2022,10.1109/TVCG.2022.3209462,9903281,J,Equations,2,tvcg_2022_3209462_eq_2.png,5,130,367,1170,431,2352,3213,0.529,2,"\begin{equation*}
GrangerCausality=\mathbb{P}[Y(t+1)\in A\vert \mathscr{I}(t)]\neq \mathbb{P}[Y(t+1)\in\vert \mathscr{I}_{-X}(t)]
\end{equation*}",1sx09inrd-AxCxPRnURiI7LemnInMXTHf
2022,10.1109/TVCG.2022.3209462,9903281,J,Table,1,tvcg_2022_3209462_table_1.png,8,1216,945,2186,1171,2352,3213,0.965,1,Table 1. Improved accuracy using the findings from our visual analytics approach. 10% of roads with the highest error are used.,1ilG3JQq0JFhT5rAOBhsXgLU3eIa2zMb3
2022,10.1109/TVCG.2022.3209393,9915529,J,Table,1,tvcg_2022_3209393_table_1.png,4,110,2243,1185,2948,2352,3213,0.58,1,"Table 1: A generic example guidance strategy template form. Depending on the envisioned guidance, more concrete fields should be added.",19f2B_Br8T4KGSA_qAMGbhLfB4waU4tNt
2022,10.1109/TVCG.2022.3209479,9908590,J,Equations,1,tvcg_2022_3209479_eq_1.png,3,538,715,750,779,2352,3213,0.914,4,\begin{equation*}\tilde{\mathbf{y}}\sim p(\mathbf{y}\ \vert\ \mathbf{x}).\end{equation*},1CbyMm77-xdBL05uwH9q-MXmpN1i4fVNQ
2022,10.1109/TVCG.2022.3209479,9908590,J,Equations,2,tvcg_2022_3209479_eq_2.png,3,489,893,801,964,2352,3213,0.926,4,"\begin{equation*}f(\mathbf{y}^{1},\mathbf{x}) < f(\mathbf{y}^{2},\mathbf{x}).\end{equation*}",1qonwcmHRRB-KyMDA23zZ4KTnGE6kGptL
2022,10.1109/TVCG.2022.3209479,9908590,J,Equations,3,tvcg_2022_3209479_eq_3.png,3,491,1034,802,1100,2352,3213,0.886,4,\begin{equation*}\text{topk}_{\mathbf{y}^{\prime}}p(\mathbf{y}=\mathbf{y}^{\prime}\ \vert\ \mathbf{x}).\end{equation*},1e8uL9IsIFb-gnHWDMapC_HEhc0MIxRAu
2022,10.1109/TVCG.2022.3209479,9908590,J,Equations,4,tvcg_2022_3209479_eq_4.png,7,510,2553,786,2680,2352,3213,0.94,4,"\begin{equation*}(\sum\limits_{i=0}^{i < l_{a}}\log(p_{a}^{i}))/l_{a},\end{equation*}",10CZet5edzU8IIIq6Teo4y0oZdGY1_5Nh
2022,10.1109/TVCG.2022.3209387,9903344,J,Algorithms,1,tvcg_2022_3209387_alg_1.png,3,1211,168,2271,1573,2352,3213,1.0,0,,1EkpU0oV-_w-nvxYu2O4AzEGRBkmGCp_P
2022,10.1109/TVCG.2022.3209387,9903344,J,Equations,1,tvcg_2022_3209387_eq_1.png,5,508,1478,1179,1545,2352,3213,0.935,4,"\begin{equation*}p(S, T)=\vert S\cap T\vert\tag{1}\end{equation*}",1Zf95hpPA0f7jxPioGDi8glkBcgLKZNfN
2022,10.1109/TVCG.2022.3209387,9903344,J,Equations,2,tvcg_2022_3209387_eq_2.png,5,360,1798,1178,1901,2352,3213,0.941,4,"\begin{equation*}d(S, T)=\left(p^{nD}(S, T)-p^{1D}(S, T)\right)^{2}\tag{2}\end{equation*}",1vcjfYhvDyeb-Qs92ofl9c51RSmw2fnkB
2022,10.1109/TVCG.2022.3209387,9903344,J,Equations,3,tvcg_2022_3209387_eq_3.png,5,387,2071,1178,2203,2352,3213,0.95,4,"\begin{equation*}E=\sum\limits_{t=t_{0}}^{t_{n-2}}\sum\limits_{S_{j}\in M_{t}}\sum\limits_{T_{k}\in M_{t+1}}d(S_{j},T_{k}).\tag{3}\end{equation*}",1m_pZDL-iGojMj3ZBCbKA2DMffoOAxUel
2022,10.1109/TVCG.2022.3209387,9903344,J,Equations,4,tvcg_2022_3209387_eq_4.png,5,1440,986,2037,1233,2352,3213,0.945,4,"\begin{align*}
\min\limits_{x_{max}}&=\min(x_{max}(S_{j}), x_{max}(T_{k}))\\
\max\limits_{x_{min}}&=\max(x_{min}(S_{j}), x_{min}(T_{k}))\\
p^{1D}(S_{j},T_{k})&=\max(0,\min\limits_{x_{max}}-\max\limits_{x_{min}}+1)\tag{4}
\end{align*}",1MntyTrZUBZuco_GB6JvsfKKfqJu5u75K
2022,10.1109/TVCG.2022.3209367,9904569,J,Table,1,tvcg_2022_3209367_table_1.png,4,167,316,2152,1395,2352,3213,0.966,1,"Table 1: List of all expressions used in the studies and their translations. The supplemental materials include this table augmented with results from the experiments, including mean assigned values and bootstrapped 95% cis for the expression-to-vis experiment, and the ratio of usage of the expressions for each icon-array for the vis-to-expression experiment.",15bwcZ1eaS896CxDF6huXmdgYcMevG2OL
2022,10.1109/TVCG.2022.3209453,9910021,J,Table,1,tvcg_2022_3209453_table_1.png,8,1176,1651,2235,1921,2352,3213,0.96,1,"Table 1. The task performance. # first shows the numbers of queries to finish the tasks for the first time, # total shows the total numbers of queries performed, # accepted shows the numbers of accepted queries, # QF shows the numbers of query formula used.",15rs87pFaARSeH6rTv1BQ2IlQTuP_SjdA
2022,10.1109/TVCG.2022.3209357,9912366,J,Table,1,tvcg_2022_3209357_table_1.png,5,104,191,1122,783,2352,3213,0.953,1,Table 1. Example utterances (left) and corresponding editing actions (right). One utterance may correspond to multiple editing actions.,1gitB1FKMBz3MMjAWiV0DpMR9QCtpGHvn
2022,10.1109/TVCG.2022.3209444,9904479,J,Table,1,tvcg_2022_3209444_table_1.png,3,98,155,1140,912,2352,3213,0.889,1,,1FKj93ZzTjWIAxiQIVDmj3Dy_C3pJVFP3
2022,10.1109/TVCG.2022.3209444,9904479,J,Table,2,tvcg_2022_3209444_table_2.png,7,95,669,1148,784,2352,3213,0.853,1,,1JZkY2FGzt3TyzIxswbrz1oAjivE45OdS
2022,10.1109/TVCG.2022.3209435,9916585,J,Table,1,tvcg_2022_3209435_table_1.png,3,1188,202,2231,2499,2352,3213,0.962,1,Table 1. User-centric XAI considerations in the visualization design.,1iKjrWN3HKkElZ9JwZKTPZc27tFgSsdcj
2022,10.1109/TVCG.2022.3209474,9904453,J,Table,1,tvcg_2022_3209474_table_1.png,3,1178,375,2245,735,2352,3213,0.964,2,Table 1. Classification of 3D urban visualization systems. The rows group systems according to Kim et al.'s taxonomy for 3D spatiotemporal scientific visualizations [44]. The first two columns group according to andrienko et al.'s topology for 2D spatiotemporal information visualizations [5]. The third column refers to 3D urban vis systems that do not include 2D visualizations.,1mN8TQO_GBQgkfnCweMwPbEAKzeP5h6F0
2022,10.1109/TVCG.2022.3209474,9904453,J,Table,2,tvcg_2022_3209474_table_2.png,6,111,2773,1176,3016,2352,3213,0.964,2,Table 2. Description of task conditions (rows). Each task condition represents the difference in time and error between the two groups: lower and higher complexity (columns).,1R0oHWiMeTRC_ZXUSFKiVDemhk3Nchtpb
2022,10.1109/TVCG.2022.3209400,9905624,J,Table,1,tvcg_2022_3209400_table_1.png,4,1193,161,2218,1001,2352,3213,0.696,2,Table 1. Glyph and continuous mapping types implemented for this paper and their recommended usage. Each glyph also supports color mapping in addition to its explicitly mentioned visual attributes.,11WXn60LUjq2g9Fs3JYOWqhBGRPK37lIk
2022,10.1109/TVCG.2022.3209400,9905624,J,Table,2,tvcg_2022_3209400_table_2.png,4,1174,1152,2237,1408,2352,3213,0.938,2,Table 2. Configurable options per layer. We made two exceptions: neither line plots nor the star glyph can use a color scale.,1KcOwb-S5W7229rLkIwDXiZn1AXzKe6AT
2022,10.1109/TVCG.2022.3209400,9905624,J,Equations,1,tvcg_2022_3209400_eq_1.png,5,1417,1817,2270,1885,2352,3213,0.922,8,,1ogEPLolYBEOWG0A8HgBaNWngoE-nD8xA
2022,10.1109/TVCG.2022.3209400,9905624,J,Equations,2,tvcg_2022_3209400_eq_2.png,5,1532,2106,2270,2179,2352,3213,0.933,8,,1ygjf3YNVb7c9ifCHbPUkGbURLREIYLJv
2022,10.1109/TVCG.2022.3209400,9905624,J,Equations,3,tvcg_2022_3209400_eq_3.png,6,466,1798,1137,1862,2352,3213,0.925,8,,1G84eCMDGwTXfqjc0YPwA51aWN6M5BmcL
2022,10.1109/TVCG.2022.3209400,9905624,J,Equations,4,tvcg_2022_3209400_eq_4.png,6,498,1935,1136,1999,2352,3213,0.927,8,,1VeHmGk20VqvGlYF4eNyZ0aA4eTaorGoX
2022,10.1109/TVCG.2022.3209400,9905624,J,Equations,5,tvcg_2022_3209400_eq_5.png,6,109,2634,1136,2709,2352,3213,0.942,8,,1IN-wMs-hVim-aEOySreGTO4Ck7s0AhDo
2022,10.1109/TVCG.2022.3209400,9905624,J,Equations,6,tvcg_2022_3209400_eq_6.png,6,265,2861,1136,2938,2352,3213,0.922,8,,1rHDFS4fStKm_wyOwJCata9dP5_ouVYVH
2022,10.1109/TVCG.2022.3209400,9905624,J,Equations,7,tvcg_2022_3209400_eq_7.png,6,277,2937,1136,3005,2352,3213,0.836,8,,1u3GnbpeS0jH6T6GlHfE-b_oApA5635DC
2022,10.1109/TVCG.2022.3209400,9905624,J,Equations,8,tvcg_2022_3209400_eq_8.png,6,264,3004,1136,3072,2352,3213,0.895,8,,1sgUB-I4saAzfs5n20XlGILD22z5APlWP
2022,10.1109/TVCG.2022.3209400,9905624,J,Equations,9,tvcg_2022_3209400_eq_9.png,6,1479,770,2233,844,2352,3213,0.932,8,,1qkSvkqK-_EDYGE-gWZ5wY4tZ6AwsCJZZ
2022,10.1109/TVCG.2022.3209400,9905624,J,Equations,10,tvcg_2022_3209400_eq_10.png,7,239,2726,1175,2863,2352,3213,0.934,8,,1KPX8V0FMX4lsr58_My9b2ATActyR6Ifb
2023,10.1109/TVCG.2023.3326573,10292793,J,Algorithms,1,tvcg_2023_3326573_alg_1.png,4,80,156,1140,1250,2352,3213,1.0,1,,13LEXGjBdbl8bY7ujGylrdtULgNc7R--Z
2023,10.1109/TVCG.2023.3326573,10292793,J,Algorithms,2,tvcg_2023_3326573_alg_2.png,4,1174,156,2234,1251,2352,3213,1.0,1,,1cDJo6S-kBzGt2gB05naytNNIm66MbKXU
2023,10.1109/TVCG.2023.3326573,10292793,J,Table,1,tvcg_2023_3326573_table_1.png,7,116,310,2276,870,2352,3213,0.97,4,"Table 1: Compression rates and CPU compression times of different data sets and brick sizes, without and with using rans-entropy coding. The third column shows the figures for our default: using rans with two global frequency tables, one for $L_{N}..L_{1}$ and one for $L_{0}$. Timings are measured excluding data set input/output operations. For larger brick sizes we use 8 instead of 16 threads (marked by ()+ after the timing value).",1mQJR-d4nGIiKfOziRzLp4JEfLCk-qULr
2023,10.1109/TVCG.2023.3326573,10292793,J,Table,2,tvcg_2023_3326573_table_2.png,8,86,483,2225,834,2352,3213,0.942,4,"Table 2: Compression rates of different techniques: hdf5 uses gzip on bricks of 1283 voxels, for png we sliced the volume and used zlib with the highest compression level. For compresso we used the default parameters with a window size of (8,8,1). For neuroglancer we set the block size to (8,8,8). Our technique (with $b=64$) is benchmarked without and with rANS using two frequency tables to assess the overhead of entropy coding. Timings are reported for single-threaded execution; the timings for our method running with 16 threads are shown in parentheses. Note that the full CORTEX data set did not fit into memory and the available implementations of compresso and neuroglancer did not handle out-of-core compression. To this end, we chose a representative 10243 subvolume of CORTEX which matches the overall average number of labels per voxel and whose hdf5-compression ratio is the same as for the entire CORTEX data.",1gA4Ss5HDDzL-IM8LLNWu2DgEKl0hl1Eb
2023,10.1109/TVCG.2023.3326573,10292793,J,Table,3,tvcg_2023_3326573_table_3.png,9,1262,436,2226,695,2352,3213,0.969,4,"Table 3: Average, minimum, and maximum total rendering times per frame in milliseconds (ms) for a fly-around at $1920\times 1080$ resolution, and GPU-decompression performance in GB/s for our data sets. The render times include one shadow ray per pixel. First column: rendering with csvs completely stored in GPU-memory; second column: CSV split such that $L_{0}$ is stored in CPU-memory.",1ZO0n7QBuXyZfucRZ0xpDBzG7oOd9Zkun
2023,10.1109/TVCG.2023.3326573,10292793,J,Table,4,tvcg_2023_3326573_table_4.png,9,1215,906,2298,1125,2352,3213,0.965,4,Table 4: Average and maximum frame times in milliseconds with varying brick sizes $b$ for a fly through over CELLS and fiber. CORTEX cannot be rendered with $b < 64$ on our GPU with 8 GB memory.,1oGbTrocgc7p2SmkhCJhm0F6tRkM7Q8QI
2023,10.1109/TVCG.2023.3327356,10309864,J,Equations,1,tvcg_2023_3327356_eq_1.png,3,322,733,1072,943,2352,3213,0.935,2,"\begin{align*}
N_{\text{DEM}_{i}}\sim & \text{Binomial} (q_{i}, N_{i})\\
\text{logit} (q_{i})\sim & \theta_{\text{state}_{i}}, \text{day}_{i}\\
& + \upsilon_{\text{pollster}_{i}}+ \upsilon_{\text{method}_{i}}+ \upsilon_{\text{population}_{i}}\\
& + \zeta_{\text{state}_{i}}+ \xi_{\text{poll}_{i}}
\end{align*}",1ato76Ny3uDILJI0Mxax2pjIF9lpSpEVl
2023,10.1109/TVCG.2023.3327356,10309864,J,Equations,2,tvcg_2023_3327356_eq_2.png,3,427,1329,866,1392,2352,3213,0.934,2,"\begin{equation*}
\theta._{, \text{day}_{i}}=\theta._{, \text{day}_{i}-1} +\epsilon._{, \text{day}_{i}}
\end{equation*}",1bQyzD0ZeZSOa1TaacYeZRtSC_wGhFe3f
2023,10.1109/TVCG.2023.3326519,10296524,J,Equations,1,tvcg_2023_3326519_eq_1.png,2,391,1966,1140,2032,2352,3213,0.917,31,,1ym0Hyj9K8YzFDBFjvdbd9lYmMg7FRuOm
2023,10.1109/TVCG.2023.3326519,10296524,J,Equations,2,tvcg_2023_3326519_eq_2.png,2,479,2337,1140,2401,2352,3213,0.907,31,,1zwgn9BcYBuj01bgep_sJBN0ICmml5kg5
2023,10.1109/TVCG.2023.3326519,10296524,J,Equations,3,tvcg_2023_3326519_eq_3.png,2,1521,266,2236,329,2352,3213,0.915,31,,11e3ht2TSCLxKpHnVGx96iVM2lHksi_C5
2023,10.1109/TVCG.2023.3326519,10296524,J,Equations,4,tvcg_2023_3326519_eq_4.png,2,1442,645,2236,708,2352,3213,0.93,31,,1B6pzQulMOC3RR4s3bapjZ4C3v594p3D0
2023,10.1109/TVCG.2023.3326519,10296524,J,Equations,5,tvcg_2023_3326519_eq_5.png,2,1425,1604,2235,1666,2352,3213,0.93,31,,1DVIYYBr8vuJ8-XWYUf8rDA5Q36QetNwP
2023,10.1109/TVCG.2023.3326519,10296524,J,Equations,6,tvcg_2023_3326519_eq_6.png,2,1512,2109,2235,2178,2352,3213,0.925,31,,1Thh41V5gMhN8nvJvcFRS1QbeEKbJBvti
2023,10.1109/TVCG.2023.3326519,10296524,J,Equations,7,tvcg_2023_3326519_eq_7.png,3,424,1924,1178,1987,2352,3213,0.914,31,,1ZxFvWcKgPp9BHv9-wz0ae2Z9c8cpgt68
2023,10.1109/TVCG.2023.3326519,10296524,J,Equations,8,tvcg_2023_3326519_eq_8.png,3,462,1984,1177,2080,2352,3213,0.867,31,,1eeSxH4p7ScoAb7AJDvbhUwkoqzN2dBrO
2023,10.1109/TVCG.2023.3326519,10296524,J,Equations,9,tvcg_2023_3326519_eq_9.png,3,446,2082,1178,2151,2352,3213,0.912,31,,1uBBiBkZ0qN6mPCppupyDRdWI8vr12_YW
2023,10.1109/TVCG.2023.3326519,10296524,J,Equations,10,tvcg_2023_3326519_eq_10.png,3,338,2504,1178,2567,2352,3213,0.925,31,,1piY2w6g9TwftdYcm0cw4NVzvt_yBi35T
2023,10.1109/TVCG.2023.3326519,10296524,J,Equations,11,tvcg_2023_3326519_eq_11.png,3,329,2566,2273,2698,2352,3213,0.94,31,,1J3I2sxH_-N54BXVQ9QldT4yV9qeHqWlV
2023,10.1109/TVCG.2023.3326519,10296524,J,Equations,12,tvcg_2023_3326519_eq_12.png,3,1470,1555,2273,1622,2352,3213,0.939,31,,14FXjWhzN3Vz1H-x8qojvWR9dWjeYi7b7
2023,10.1109/TVCG.2023.3326519,10296524,J,Equations,13,tvcg_2023_3326519_eq_13.png,3,1281,1887,2274,1953,2352,3213,0.933,31,,1oajcYMf2eqx_Hfzg4OMYpzkdhGdCGQnJ
2023,10.1109/TVCG.2023.3326519,10296524,J,Equations,14,tvcg_2023_3326519_eq_14.png,3,1476,2177,2274,2244,2352,3213,0.937,31,,19V5daw2MavU54UPvm4r-7fBSBzw2iNOF
2023,10.1109/TVCG.2023.3326519,10296524,J,Equations,15,tvcg_2023_3326519_eq_15.png,3,1436,2305,2273,2429,2352,3213,0.954,31,,1G9w2LVAlf_3Lp3egCDLjtmPVyeW1RMBC
2023,10.1109/TVCG.2023.3326519,10296524,J,Equations,16,tvcg_2023_3326519_eq_16.png,3,1284,2569,2273,2637,2352,3213,0.929,31,,12Ds6eGjrJFRSc-MsmmkM7WpUIcRl-aRA
2023,10.1109/TVCG.2023.3326519,10296524,J,Equations,17,tvcg_2023_3326519_eq_17.png,4,249,2268,1140,2338,2352,3213,0.913,31,,1xLhAOX_fGqUAodT-w6PlYa4_rcnXStlp
2023,10.1109/TVCG.2023.3326519,10296524,J,Equations,18,tvcg_2023_3326519_eq_18.png,4,430,2506,1140,2575,2352,3213,0.938,31,,1Dt7x5TY-5wBvcS-3BKJh2N-4RZ9XoY7R
2023,10.1109/TVCG.2023.3326519,10296524,J,Equations,19,tvcg_2023_3326519_eq_19.png,4,429,2791,1140,2853,2352,3213,0.918,31,,1SaXqOxsRcjOPM0OH3vkatUKlmJ2Vl5Qb
2023,10.1109/TVCG.2023.3326519,10296524,J,Equations,20,tvcg_2023_3326519_eq_20.png,4,397,3004,1139,3072,2352,3213,0.926,31,,1_da7Z5k7466-TasOlDNgxdZmSQ_HWV5k
2023,10.1109/TVCG.2023.3326519,10296524,J,Equations,21,tvcg_2023_3326519_eq_21.png,4,1555,285,2235,354,2352,3213,0.924,31,,1COmf_ktntgtGJjPeWdCFy0OuuJ3HYT9V
2023,10.1109/TVCG.2023.3326519,10296524,J,Equations,22,tvcg_2023_3326519_eq_22.png,4,1458,527,2235,597,2352,3213,0.918,31,,1unl_z3ZqAmEdZvxgI6jQ2TSpMJ9rjtrM
2023,10.1109/TVCG.2023.3326519,10296524,J,Equations,23,tvcg_2023_3326519_eq_23.png,4,1424,1781,2235,1847,2352,3213,0.915,31,,1n2HhEiJxkHB38xIOfbFNc11OtPSOGXyq
2023,10.1109/TVCG.2023.3326519,10296524,J,Equations,24,tvcg_2023_3326519_eq_24.png,7,1392,1200,2275,1335,2352,3213,0.95,31,,14oT1rz21ewS8RePeC2qym8nsCFNS66Sh
2023,10.1109/TVCG.2023.3326519,10296524,J,Equations,25,tvcg_2023_3326519_eq_25.png,7,1472,1870,2274,2007,2352,3213,0.948,31,,1uj24e_T1ti76TpAvr_uh3GPadCTs81CT
2023,10.1109/TVCG.2023.3326519,10296524,J,Equations,26,tvcg_2023_3326519_eq_26.png,7,1336,2371,2274,2507,2352,3213,0.943,31,,1TWzCWMwIzDYBJLC1_cGhL_5qAfUAOVko
2023,10.1109/TVCG.2023.3326519,10296524,J,Equations,27,tvcg_2023_3326519_eq_27.png,7,1476,2923,2274,3058,2352,3213,0.944,31,,1xU5gloZsncaMRzriOzYBTSe7nUOH9Nj1
2023,10.1109/TVCG.2023.3326519,10296524,J,Equations,28,tvcg_2023_3326519_eq_28.png,8,330,1180,1142,1316,2352,3213,0.947,31,,1Uok-FjdwmGOpG2UwAG5T7Gjpw37L9WwN
2023,10.1109/TVCG.2023.3326519,10296524,J,Equations,29,tvcg_2023_3326519_eq_29.png,8,418,1571,1141,1733,2352,3213,0.954,31,,1ZG1hzhYS2qs3uJh9stGWOw1MQZ0HhQJE
2023,10.1109/TVCG.2023.3326519,10296524,J,Equations,30,tvcg_2023_3326519_eq_30.png,8,214,2860,1141,2992,2352,3213,0.947,31,,1VXBc7XeCn2PSzB7TSviZU4sGUgRr33GV
2023,10.1109/TVCG.2023.3326519,10296524,J,Equations,31,tvcg_2023_3326519_eq_31.png,8,1239,1663,2236,1799,2352,3213,0.942,31,,16mfGLAGYZHYLzC3a_tW3PmTocTj203X5
2023,10.1109/TVCG.2023.3326519,10296524,J,Equations,32,tvcg_2023_3326519_eq_32.png,8,1489,2703,2236,2866,2352,3213,0.946,31,,1sx_-jiFL3rj8-X_vBiDQ64b--EcQf2Tr
2023,10.1109/TVCG.2023.3326519,10296524,J,Equations,33,tvcg_2023_3326519_eq_33.png,8,1242,2922,2235,3060,2352,3213,0.914,31,,14lPXywmA-BChMlpTLfQfseGtFj_xLuYo
2023,10.1109/TVCG.2023.3326519,10296524,J,Equations,34,tvcg_2023_3326519_eq_34.png,9,391,2205,1178,2312,2352,3213,0.948,31,,1Do0VulerfgOcY1xlfq-_gUncQ8UxDspN
2023,10.1109/TVCG.2023.3326519,10296524,J,Equations,35,tvcg_2023_3326519_eq_35.png,9,487,2393,1178,2455,2352,3213,0.925,31,,1oPCapF6GesM964Rhw0e04jQjPa0jM-4X
2023,10.1109/TVCG.2023.3326572,10308619,J,Table,1,tvcg_2023_3326572_table_1.png,6,77,156,2234,703,2352,3213,0.94,1,Table 1: Description of the partial metrics used as an exploratory model to evaluate user study results.,1qw0_eUmcWbxZiHOZE7KFjSwDy2odjQXj
2023,10.1109/TVCG.2023.3326572,10308619,J,Equations,1,tvcg_2023_3326572_eq_1.png,8,1203,1577,2200,1701,2352,3213,0.936,3,\begin{equation*}economyIndex(S)=\sum\limits_{a=1}^{attacks}\frac{bestShot_{a}\cdot(1-delay/cvgThreshold)}{selectedCoveringImages_{a}}\tag{1}\end{equation*},1Wuyv3UGI4dvWlAw_1qZ0Lsw-XX7uiSyV
2023,10.1109/TVCG.2023.3326572,10308619,J,Equations,2,tvcg_2023_3326572_eq_2.png,8,1219,2168,2235,2295,2352,3213,0.952,3,"\begin{equation*}timeCvgIndex(S)=\sum\limits_{i=1}^{selected}saw_{cvgThreshold}(time_{i}-time_{i-1}),\tag{2}\end{equation*}",1SCdsJp_79DbiwQIWQzm5PTikSveodeoG
2023,10.1109/TVCG.2023.3326572,10308619,J,Equations,3,tvcg_2023_3326572_eq_3.png,8,1263,2591,2235,2703,2352,3213,0.952,3,"\begin{equation*}qualityIndex(S)= \frac{timeCvgIndex(S)\cdot economyIndex(S)}{attacks\cdot projectTimespan},\tag{3}\end{equation*}",19rAjafFyxmADsm0NMalRFf3DygzJya9z
2023,10.1109/TVCG.2023.3326588,10297566,J,Equations,1,tvcg_2023_3326588_eq_1.png,5,228,575,1176,637,2352,3213,0.925,2,,10bhMQsQkiOGFBUB4tsmn1fCvgrNmWST0
2023,10.1109/TVCG.2023.3326578,10290935,J,Table,1,tvcg_2023_3326578_table_1.png,3,126,152,2258,1003,2352,3213,0.912,2,"Table 1: Terminology with the definitions contextualized for data storytelling. These terms and their mappings were derived from a breadth of visual and written literature [26]–[28], [67], corroborated with the narrative and data storytelling literature [40], [44], [47], [50], [58], [61].",1S-5G49C6ZAsVq4hy4T76fo--4r1boFbD
2023,10.1109/TVCG.2023.3326578,10290935,J,Table,2,tvcg_2023_3326578_table_2.png,9,1208,153,2275,965,2352,3213,0.973,2,"Table 2: Character-specific storytelling terminology. These terms and their mappings were derived from a breadth of visual and written story-telling literature [14], [26]–[28], [67].",1XdSR_g0ym4h7yIGL7wMDXGku7LDG4Pgf
2023,10.1109/TVCG.2023.3327197,10308700,J,Equations,1,tvcg_2023_3327197_eq_1.png,4,256,2288,1139,2345,2352,3213,0.848,5,,1z_yjXo3XjgZiWHMOfEtJLWgh8hLKQurO
2023,10.1109/TVCG.2023.3327197,10308700,J,Equations,2,tvcg_2023_3327197_eq_2.png,4,310,2528,1140,2584,2352,3213,0.893,5,,1BVUaN1Eq8u0LQCkbb1et4SdyT3g964IJ
2023,10.1109/TVCG.2023.3327197,10308700,J,Equations,3,tvcg_2023_3327197_eq_3.png,4,408,2640,1139,2698,2352,3213,0.907,5,,1nKh2nwzAOGLOvfCndQatqgX4T2PUCuhJ
2023,10.1109/TVCG.2023.3327197,10308700,J,Equations,4,tvcg_2023_3327197_eq_4.png,4,350,2813,1139,2873,2352,3213,0.931,5,,1Vv8CF2n-weOsGN9sgvZn6Kprh8JDKmUJ
2023,10.1109/TVCG.2023.3327197,10308700,J,Equations,5,tvcg_2023_3327197_eq_5.png,4,1458,381,2235,435,2352,3213,0.909,5,,1rt1diCeB9dMbpi_X77fAwv40IpFbCXqa
2023,10.1109/TVCG.2023.3327197,10308700,J,Equations,6,tvcg_2023_3327197_eq_6.png,4,1448,457,2235,514,2352,3213,0.925,5,,1ZdUi24ZBDSyqaAn1t0Nf6qhE6ue33tiU
2023,10.1109/TVCG.2023.3327197,10308700,J,Equations,7,tvcg_2023_3327197_eq_7.png,4,1509,522,2235,579,2352,3213,0.895,5,,1AyyEcfqKqmRDg8UIOelJTxr_i8S0NbrZ
2023,10.1109/TVCG.2023.3327197,10308700,J,Equations,8,tvcg_2023_3327197_eq_8.png,4,1472,876,2235,930,2352,3213,0.894,5,,1Cnd7-d9B9lCUwcAnaLGXRtCIYEETpLRz
2023,10.1109/TVCG.2023.3327197,10308700,J,Equations,9,tvcg_2023_3327197_eq_9.png,4,1270,952,2235,1008,2352,3213,0.898,5,,1G0SVaGiwBH1WCXyBsY5GsgGpxEui2LFI
2023,10.1109/TVCG.2023.3327150,10308624,J,Table,1,tvcg_2023_3327150_table_1.png,6,1173,318,2238,569,2352,3213,0.974,2,Table 1: List of context template patterns near the mention of time $T$ that we use to determine whether $T$ is a start point or an end point of a time range.,1AAg0k3tBw1lbleAfCzaL5gI9Wc5URGLK
2023,10.1109/TVCG.2023.3327150,10308624,J,Table,2,tvcg_2023_3327150_table_2.png,6,1181,779,2232,1146,2352,3213,0.974,2,Table 2: The word list EmphasisChecker uses to identify data descriptions in caption text.,1uqXtCfa2AMfwndhhLboRWgS5ZeeUoEEt
2023,10.1109/TVCG.2023.3326515,10292610,J,Equations,1,tvcg_2023_3326515_eq_1.png,3,1450,2257,2274,2381,2352,3213,0.955,12,"\begin{equation*}L_{NT}(z_{i})=-\log\frac{\exp(q_{ij}/\tau)}{\sum\nolimits_{k\in I_{NEG}}\exp(q_{ik}/\tau)},\tag{1}\end{equation*}",1ZX5vhCq1_y0Bi4amQEy7F1tTQpwmgrFi
2023,10.1109/TVCG.2023.3326515,10292610,J,Equations,2,tvcg_2023_3326515_eq_2.png,4,95,1333,1141,1461,2352,3213,0.937,12,\begin{equation*}L_{learn}(z_{i})=-\log\frac{\exp(q_{ij}/\tau)}{\sum\nolimits_{k\in I_{NEG}}\exp(q_{ik}/\tau)}-\log\frac{\exp(q_{ij}/\tau)}{\sum\nolimits_{k\in I_{REP}}\exp(q_{ik}/\tau)}.\tag{2}\end{equation*},1XoD004FDesTU97CD7fqhMhyI7Jwjg4bC
2023,10.1109/TVCG.2023.3326515,10292610,J,Equations,3,tvcg_2023_3326515_eq_3.png,4,278,1765,1141,1896,2352,3213,0.935,12,"\begin{equation*}L_{preserve}=\frac{1}{c}\sum\limits_{i=1}^{c}\sum\limits_{j, k\in I_{REP(i)},j\neq k}\Vert q_{jk}^{\prime}-q_{jk}\Vert_{2}^{2},\tag{3}\end{equation*}",1DABKE8qXTbTzxAcJY18Tge7sVf4Z-qZP
2023,10.1109/TVCG.2023.3326515,10292610,J,Equations,4,tvcg_2023_3326515_eq_4.png,4,318,2137,1141,2203,2352,3213,0.931,12,"\begin{equation*}L_{quality}(z_{i})=L_{learn}(z_{i})+\lambda_{p}L_{preserve},\tag{4}\end{equation*}",1Vp_SM7sDn1Zqg8960_92_Z3iJqN58sUI
2023,10.1109/TVCG.2023.3326515,10292610,J,Equations,5,tvcg_2023_3326515_eq_5.png,4,189,2935,1141,3077,2352,3213,0.947,12,"\begin{equation*}
L_{pos}=\frac{1}{c}\sum\limits_{i=1}^{c}\sum\limits_{j\in I_{REP(i)},k\notin I_{REP(i)}}\frac{[\cos(z_{j},z_{k})-\cos(z_{j}^{\prime},z_{k}^{\prime})]^{2}}{\vert I_{REP(i)}\Vert I_{REP(i)}^{c}\vert},\tag{5}
\end{equation*}",1tdV02a6lc_w1InYIYsk66M6Z0UcwZzW0
2023,10.1109/TVCG.2023.3326515,10292610,J,Equations,6,tvcg_2023_3326515_eq_6.png,4,1410,1442,2236,1580,2352,3213,0.956,12,"\begin{equation*}
L_{distance}=-\frac{1}{c}\sum\limits_{i=1}^{c}\sum\limits_{j\in I_{REP(i)}}\frac{r_{i}(\kappa_{j\cdot},\kappa_{j\cdot}^{\prime})}{\vert I_{REP(i)}\vert}, \tag{6}
\end{equation*}",1i5hFI-yZE0qYVtlPcSgfsEZJhKQasU3a
2023,10.1109/TVCG.2023.3326515,10292610,J,Equations,7,tvcg_2023_3326515_eq_7.png,4,1286,1861,2236,1999,2352,3213,0.951,12,"\begin{equation*}L_{shape}=\frac{1}{c}\sum\limits_{i=1}^{c}\sum\limits_{j, k\in I_{REP(i)},j\neq k}\frac{[\cos(z_{j},z_{k})-\cos(z_{j}^{\prime},z_{k}^{\prime})]^{2}}{\vert I_{REP(i)}\vert^{2}}.\tag{7}\end{equation*}",1dL8fQB_kB4YcSkg5wmWbtSosF-c7Sc2H
2023,10.1109/TVCG.2023.3326515,10292610,J,Equations,8,tvcg_2023_3326515_eq_8.png,4,1294,2133,2235,2272,2352,3213,0.954,12,"\begin{equation*}L_{size}=\frac{1}{c}\sum\limits_{i=1}^{c}\sum\limits_{j, k\in I_{REP(i)},j\neq k}\frac{[\text{dist}(z_{j},z_{k})-\text{dist}(z_{j}^{\prime},z_{k}^{\prime})]^{2}}{\vert I_{REP(i)}\vert^{2}},\tag{8}\end{equation*}",1ofB9_megkFNeSxX7pa7M6-_4AGHZH3U6
2023,10.1109/TVCG.2023.3326515,10292610,J,Equations,9,tvcg_2023_3326515_eq_9.png,4,1345,2440,2235,2504,2352,3213,0.89,12,\begin{equation*}L_{stability}(z_{i})=L_{pos}+L_{distance}+L_{shape}+L_{size}.\tag{9}\end{equation*},15K4_taCM6glipTyWCOSwcqKET97UnXIF
2023,10.1109/TVCG.2023.3326515,10292610,J,Equations,10,tvcg_2023_3326515_eq_10.png,5,258,1446,1178,1514,2352,3213,0.62,12,"\begin{equation*}L_{INC}(z_{i})=\lambda_{q}L_{quality}(z_{i})+(1-\lambda_{q})w_{i}L_{stability}(z_{i}),\tag{10}\end{equation*}",1vAgLuW0pk7iH9wOzClIJs3a_ugjrIAAg
2023,10.1109/TVCG.2023.3326515,10292610,J,Equations,11,tvcg_2023_3326515_eq_11.png,5,1341,2177,2274,2317,2352,3213,0.945,12,"\begin{equation*}\frac{\partial L_{NT}(z_{i})}{\partial z_{i}}=\frac{1}{\tau}\left(\sum\limits_{k\in I_{NEG}}U_{ik}\frac{\partial q_{ik}}{\partial\bar{z_{i}}}-\frac{\partial q_{ij}}{\partial z_{i}}\sum\limits_{k\in I_{NEG}}U_{ik}\right),\tag{11}\end{equation*}",1Tt3YKflW91NSEUCaHNirZa5K9I6HuyjB
2023,10.1109/TVCG.2023.3326515,10292610,J,Equations,12,tvcg_2023_3326515_eq_12.png,5,1546,2672,2273,2802,2352,3213,0.947,12,"\begin{equation*}\Phi_{i}=k\frac{\text{dist}(x_{i},x_{i}^{k})}{\sum\nolimits_{j=1}^{k}\text{dist}(x_{j},x_{j}^{k})}.\tag{12}\end{equation*}",1zY6Q-38C3O5IDfNcLQcpGgywuHVBBwYn
2023,10.1109/TVCG.2023.3326515,10292610,J,Table,1,tvcg_2023_3326515_table_1.png,6,1176,235,2235,699,2352,3213,0.973,10,Table 1: Comparisons of throughput (data points per second) and time delay (second),1wrHz5Usq_G5PWMzCNa1Hzml68VRaROIA
2023,10.1109/TVCG.2023.3326515,10292610,J,Table,2,tvcg_2023_3326515_table_2.png,6,1186,821,2240,1085,2352,3213,0.975,10,Table 2: Comparisons of throughput (data points per second) and time delay (second) on three data change patterns,1kG5MZT1F2zsf9hywFpgXmWOHxMuAYL19
2023,10.1109/TVCG.2023.3326515,10292610,J,Table,3,tvcg_2023_3326515_table_3.png,7,129,777,1180,1848,2352,3213,0.965,10,"Table 3: Comparisons of trustworthiness, continuity, neighbor hit, kNN-CA and shepard goodness.",1_gO3aPdCJ1Z66IrzN_Xz2tUu-QeCavza
2023,10.1109/TVCG.2023.3326515,10292610,J,Table,4,tvcg_2023_3326515_table_4.png,7,1224,776,2276,1352,2352,3213,0.964,10,"Table 4: Comparisons of trustworthiness, continuity, neighbor hit, kNN-CA and shepard goodness on three data change patterns.",1LWM1WQPgDxGTFA5SaHYtINkaOgKqOTVb
2023,10.1109/TVCG.2023.3326515,10292610,J,Table,5,tvcg_2023_3326515_table_5.png,8,1191,196,2241,501,2352,3213,0.977,10,Table 5: Comparisons of embedding change.,1HXlTzvqADkgrk6JrNH23CtoK4NkmnOpY
2023,10.1109/TVCG.2023.3326515,10292610,J,Table,6,tvcg_2023_3326515_table_6.png,8,1188,620,2239,814,2352,3213,0.964,10,Table 6: Comparisons of embedding change on three data change patterns.,1moXNqYTZSfnLpkJe1dz4UuXzUJkPF_8L
2023,10.1109/TVCG.2023.3326515,10292610,J,Table,7,tvcg_2023_3326515_table_7.png,8,1183,892,2233,1119,2352,3213,0.939,10,Table 7: Performance comparisons of serial and parallel frameworks.,1EQAG6OzJeoCLqSlj9gYTFYy0lYp2_Wwl
2023,10.1109/TVCG.2023.3326515,10292610,J,Table,8,tvcg_2023_3326515_table_8.png,8,1185,1198,2238,1457,2352,3213,0.932,10,Table 8: Tradeoff between quality and stability constraints.,17enluWjTb-Ea4TbCBLzEGBq5uv3au9uR
2023,10.1109/TVCG.2023.3326515,10292610,J,Table,9,tvcg_2023_3326515_table_9.png,9,128,784,1180,1326,2352,3213,0.945,10,Table 9: Quantitative comparisons of quality constraint components.,1N3C4jSqK9gMz_VhiWHMqoMByL6F_eeKd
2023,10.1109/TVCG.2023.3326515,10292610,J,Table,10,tvcg_2023_3326515_table_10.png,9,129,1404,1180,1656,2352,3213,0.855,10,Table 10: Quantitative comparisons of stability constraint components.,1J-7ZzJts9X_pVk17902UgxuNuTBA4nBX
2023,10.1109/TVCG.2023.3326582,10290921,J,Table,1,tvcg_2023_3326582_table_1.png,2,125,199,2191,642,2352,3213,0.974,1,Table 1: Comparison with other visual analysis tools that are most similar to manivault.,1t3dsyoIUFKvyRIzjxtaum_u8ThFi9EBi
2023,10.1109/TVCG.2023.3326521,10290952,J,Table,1,tvcg_2023_3326521_table_1.png,2,1172,2069,2236,2785,2352,3213,0.768,8,Table 1: Interview study summary. Summary of participants and their demographics in our interview study.,1OutIqUvMxoI99v0XWjE2mrxKISyuLkJQ
2023,10.1109/TVCG.2023.3326521,10290952,J,Table,2,tvcg_2023_3326521_table_2.png,3,123,708,1174,1198,2352,3213,0.903,8,"Table 2: Participant overview. Demographics, experience, and training for the 18 participants in our interview study.",1xyJLaYeK2jIL-CahDaE6NUN3Dx305lQg
2023,10.1109/TVCG.2023.3326521,10290952,J,Table,3,tvcg_2023_3326521_table_3.png,4,78,151,1140,883,2352,3213,0.958,8,Table 3: Coding scheme. Overview of the coding scheme developed for the interview transcripts.,1NS14MpXYy_T3Hv_Quy6CgAJ6YXdxTH0b
2023,10.1109/TVCG.2023.3326521,10290952,J,Table,4,tvcg_2023_3326521_table_4.png,5,114,153,1180,363,2352,3213,0.95,8,Table 4: Strawman coding scheme. Overview of the coding scheme developed for the strawman graphics.,1NyCxZMHyTyGplt-BxMJ7bsFhtRDrCfO8
2023,10.1109/TVCG.2023.3326521,10290952,J,Table,5,tvcg_2023_3326521_table_5.png,5,1207,856,2275,1486,2352,3213,0.977,8,Table 5: Coding overview. Summary of codes in interview transcripts.,1tsSIzijiqjp4frr2BkL5abRtDHvKDQWR
2023,10.1109/TVCG.2023.3326521,10290952,J,Table,6,tvcg_2023_3326521_table_6.png,6,182,156,1037,766,2352,3213,0.932,8,Table 6: Broad themes. Participant coding for the six broad themes.,1wu-eXVYYLNNKUkNGAoYna2bse7SsiRju
2023,10.1109/TVCG.2023.3326521,10290952,J,Table,7,tvcg_2023_3326521_table_7.png,6,1173,1493,2234,1673,2352,3213,0.653,8,Table 7: Analytic tasks. Participant coding for the tasks perspective.,1TLhrELSMfO3YfuJKNFZ7AqGkBTbgoTDu
2023,10.1109/TVCG.2023.3326521,10290952,J,Table,8,tvcg_2023_3326521_table_8.png,7,173,193,1116,805,2352,3213,0.877,8,Table 8: Chart usage. Incidences of chart usage per participant.,1ZE0MDVXD64WgASjbTlVw7K15lp5TnU5i
2023,10.1109/TVCG.2023.3327178,10297579,J,Equations,1,tvcg_2023_3327178_eq_1.png,4,1415,517,2235,591,2352,3213,0.939,8,,1x0GVahb1nnoxEtiv-zRSFL5p60LGJyR7
2023,10.1109/TVCG.2023.3327178,10297579,J,Equations,2,tvcg_2023_3327178_eq_2.png,4,1504,1013,2235,1106,2352,3213,0.945,8,,1gtZbAfrxDoHQe9iswGrdxYZdnsphwllv
2023,10.1109/TVCG.2023.3327178,10297579,J,Equations,3,tvcg_2023_3327178_eq_3.png,4,1491,1541,2235,1641,2352,3213,0.94,8,,1xaAuLgUTfF96CcUyXCtGTH9hTluTid73
2023,10.1109/TVCG.2023.3327178,10297579,J,Equations,4,tvcg_2023_3327178_eq_4.png,4,1569,1794,1837,1855,2352,3213,0.901,8,,1ZCM2FYq62trJv_vRwEjoNdTZqYxaoq2d
2023,10.1109/TVCG.2023.3327178,10297579,J,Equations,5,tvcg_2023_3327178_eq_5.png,4,1260,2933,2235,3083,2352,3213,0.939,8,,1B2rjySElD_BXw3FsJ9wSofeqgdxr_KSO
2023,10.1109/TVCG.2023.3327178,10297579,J,Equations,6,tvcg_2023_3327178_eq_6.png,5,165,1201,1177,1273,2352,3213,0.718,8,,1BI4L35jy3LWVLbNOk8mDrNpJLIiWuxEQ
2023,10.1109/TVCG.2023.3327178,10297579,J,Equations,7,tvcg_2023_3327178_eq_7.png,5,255,1270,1177,1355,2352,3213,0.878,8,,1hrVzRvpjzHdOZ1mZ4SG9jTfhZG865DCk
2023,10.1109/TVCG.2023.3327178,10297579,J,Equations,8,tvcg_2023_3327178_eq_8.png,5,278,2326,1014,2428,2352,3213,0.948,8,,1g8s9YI1RGZR7-dgpiROFoBRIu7wHrEds
2023,10.1109/TVCG.2023.3327178,10297579,J,Equations,9,tvcg_2023_3327178_eq_9.png,5,381,2506,1179,2619,2352,3213,0.871,8,,1R12RlkSjy1YhKoHW8duQvHJ6jn_oRran
2023,10.1109/TVCG.2023.3327178,10297579,J,Algorithms,1,tvcg_2023_3327178_alg_1.png,5,1211,2693,2271,3044,2352,3213,1.0,0,,1PxcmIGxXLj4GSfPVm14r4xGo1r2ij0IM
2023,10.1109/TVCG.2023.3327178,10297579,J,Algorithms,2,tvcg_2023_3327178_alg_2.png,6,80,168,1140,1400,2352,3213,1.0,0,,1L8k22ZZGD6-V6J4D0ynyefftGDdD6MRm
2023,10.1109/TVCG.2023.3327168,10296017,J,Equations,1,tvcg_2023_3327168_eq_1.png,5,492,1166,1179,1230,2352,3213,0.918,7,"\begin{equation*}\text{tfidf}_{\mathrm{i},\mathrm{x}}=\text{tf}_{\mathrm{i},\mathrm{x}}\times \text{idf}_{\mathrm{i}}\tag{1}\end{equation*}",1OTQG7oPuzPYShzFESi6q3mPyoOtRmw8D
2023,10.1109/TVCG.2023.3327168,10296017,J,Equations,2,tvcg_2023_3327168_eq_2.png,5,530,1404,1179,1510,2352,3213,0.947,7,"\begin{equation*}\text{tf}_{\mathrm{i},\mathrm{x}}=\frac{n_{i, x}}{\sum\nolimits_{k}n_{k, x}}\tag{2}\end{equation*}",1CejvMeM9umlQr9FPhhiv7_8pbCQAMcSK
2023,10.1109/TVCG.2023.3327168,10296017,J,Equations,3,tvcg_2023_3327168_eq_3.png,5,526,1649,1178,1758,2352,3213,0.942,7,"\begin{equation*}n_{i, x}=\sum\limits_{d_{j}\in c_{x}}n_{i, j}\tag{3}\end{equation*}",1VvUBbzj8XFxHge8JPWe85AdOmMQQFyBV
2023,10.1109/TVCG.2023.3327168,10296017,J,Equations,4,tvcg_2023_3327168_eq_4.png,5,467,1942,1179,2062,2352,3213,0.943,7,\begin{equation*}\text{idf}_{\mathrm{i}}=\lg\frac{\vert D\vert}{\vert \{j:t_{i}\in d_{j}\}\vert}\tag{4}\end{equation*},1Dw3LfIRzG09N5wbskzfS-j0oEe8-lYIO
2023,10.1109/TVCG.2023.3327168,10296017,J,Equations,5,tvcg_2023_3327168_eq_5.png,5,1561,1030,2273,1124,2352,3213,0.547,7,"\begin{equation*}cb_{t_{i}}=\underset{c_{x}\in c_{t_{i}}}{\arg\max}(\text{tfidf}_{\mathrm{i},\mathrm{x}})\tag{5}\end{equation*}",1_HQHjK4jTwNI9vxSj5kseAMb--fzAA3S
2023,10.1109/TVCG.2023.3327168,10296017,J,Equations,6,tvcg_2023_3327168_eq_6.png,6,472,2422,1140,2538,2352,3213,0.941,7,"\begin{equation*}p_{t_{i}}= \frac{\sum n_{i, j}\times p_{j}}{\sum n_{i, j}}\tag{6}\end{equation*}",1OylKWexL4tt9njUMT-LLVUyV8pOYiu58
2023,10.1109/TVCG.2023.3327168,10296017,J,Equations,7,tvcg_2023_3327168_eq_7.png,6,1597,1098,2235,1203,2352,3213,0.941,7,\begin{equation*}\bar{s}=\frac{e^{s_{1}}}{e^{s_{1}}+e^{s_{2}}}\tag{7}\end{equation*},1QJQ3J7QxAW5BfuVkD6T3kpuiTvzfpOen
2023,10.1109/TVCG.2023.3326589,10292536,J,Equations,1,tvcg_2023_3326589_eq_1.png,3,1458,1939,2273,1996,2352,3213,0.907,6,,1HKhatcDJb0zaLQTY86AD9qxj3ZtQavG2
2023,10.1109/TVCG.2023.3326589,10292536,J,Equations,2,tvcg_2023_3326589_eq_2.png,3,1419,2838,2273,2948,2352,3213,0.771,6,,196uBc7QULJr5TUw22yEivIW1Mn3hnvJ7
2023,10.1109/TVCG.2023.3326589,10292536,J,Equations,3,tvcg_2023_3326589_eq_3.png,4,1410,1935,2235,1992,2352,3213,0.888,6,,1yngOApLY8KJtdES8EVaRxGtNe3pvQnx3
2023,10.1109/TVCG.2023.3326589,10292536,J,Equations,4,tvcg_2023_3326589_eq_4.png,4,1312,2133,2235,2264,2352,3213,0.925,6,,1fnFvm98MnebchzxF-tX-CY4SyNmu9tPl
2023,10.1109/TVCG.2023.3326589,10292536,J,Equations,5,tvcg_2023_3326589_eq_5.png,4,1171,2397,2254,2527,2352,3213,0.714,6,,1CWcSPYNcTylMaKP49StJodoTpH7Tnrl0
2023,10.1109/TVCG.2023.3326589,10292536,J,Table,1,tvcg_2023_3326589_table_1.png,7,334,293,2048,1027,2352,3213,0.98,1,"Table 1: The six most reported strategies for each experiment and the proportion of participants who correctly guessed the purpose of the study. The last column shows the inter-rater reliability score (IRR), which indicates the level of agreement between raters. IRR scores over. 61 indicate substantial agreement between raters [20].",1Y552D83j8zu0vVZb8HBuwTZsqemUUfh1
2023,10.1109/TVCG.2023.3327369,10304299,J,Table,1,tvcg_2023_3327369_table_1.png,3,1209,269,2273,1146,2352,3213,0.976,1,"Table 1: The sources for our analysis, the number of extracted images from each source, and the number of coded images.",1jcjfqe_fDl1hQC2nyzmebsn7r07qxSbD
2023,10.1109/TVCG.2023.3326579,10308716,J,Table,1,tvcg_2023_3326579_table_1.png,5,1238,1760,2245,1971,2352,3213,0.949,5,,1deXebrFYyB4-t9StBlMOve00zr6F35ka
2023,10.1109/TVCG.2023.3326579,10308716,J,Table,2,tvcg_2023_3326579_table_2.png,6,85,1349,1135,1811,2352,3213,0.967,5,,12wv46gcPLA28D0wRyjGTErMZNldS1Sxz
2023,10.1109/TVCG.2023.3326579,10308716,J,Table,3,tvcg_2023_3326579_table_3.png,6,1181,140,2230,517,2352,3213,0.968,5,,1UUv9lPEKFIC9WoyZpKRxaZcgXRDTr6xN
2023,10.1109/TVCG.2023.3326579,10308716,J,Table,4,tvcg_2023_3326579_table_4.png,7,119,1619,1177,2010,2352,3213,0.728,5,,1-CnMspfncTkAWUpPGsjIKarVUHj3IczX
2023,10.1109/TVCG.2023.3326579,10308716,J,Table,5,tvcg_2023_3326579_table_5.png,7,120,2038,1178,2387,2352,3213,0.537,5,,138Nf-VAkkYu0C7ixvZCtUX2ftLjCh7ZX
2023,10.1109/TVCG.2023.3326579,10308716,J,Table,6,tvcg_2023_3326579_table_6.png,8,77,130,1139,793,2352,3213,0.959,5,,11nmbzU9MruH4jP4nG1jnPYAyZEsLG5Qe
2023,10.1109/TVCG.2023.3327158,10297573,J,Table,1,tvcg_2023_3327158_table_1.png,4,1179,154,2233,1728,2352,3213,0.941,3,"Table 1: Through an iterative process, we distilled 39 heuristics for analytical conversation organized into the five conversation states: initiation grounding, turn-taking, repair & refinement, and close.a more detailed version of this table with the labeled categories and assigned Gricean Maxims is provided in supplementary material.",1jamOESNv0Ru3gKL8XGQn6Pw60wf0S1NY
2023,10.1109/TVCG.2023.3327158,10297573,J,Table,2,tvcg_2023_3327158_table_2.png,7,1416,796,2068,1064,2352,3213,0.968,3,"Table 2: Part A heatmap showing the frequency of dashboards applying or violating the heuristics, grouped by conversational state. Frequencies are averaged across participants and normalized by the number of heuristics per conversational state on a 0 to 100 scale.",1DEDZ546HuYNgNW3xb9KIqsSLk5WTOKHF
2023,10.1109/TVCG.2023.3327158,10297573,J,Table,3,tvcg_2023_3327158_table_3.png,8,1173,1626,2261,1862,2352,3213,0.646,3,"Table 3: Part B heatmaps showing the frequency of applying or violating the conversational heuristics, grouped by conversational state. Frequencies are averaged across participants and normalized by the number of heuristics per state on a 0 to 100 scale.",1Z__M-PsR9Q7IG1CPUeQAsQs1JGbKyG1A
2023,10.1109/TVCG.2023.3327172,10299539,J,Table,1,tvcg_2023_3327172_table_1.png,3,161,165,2222,1469,2352,3213,0.984,2,"Table 1: Target x types + inputs taxonomy. We categorize user interactions by interaction target, interaction type, and input mechanism for mouse and meta-key inputs. Bold text indicates ambiguous inputs relative to user intent.",1iolQ8BCq9WjgTAivcW3PtVyar330xc4Y
2023,10.1109/TVCG.2023.3327172,10299539,J,Equations,1,tvcg_2023_3327172_eq_1.png,6,334,1669,886,1735,2352,3213,0.924,6,"\begin{equation*}a_{i}\in A, b_{j}\in B:D_{1}[a_{i}]\subseteq D_{2}[b_{j}]\end{equation*}",17vZ3fgcbYCEIn8LjTExvbiCGr7iRZnhW
2023,10.1109/TVCG.2023.3327172,10299539,J,Equations,2,tvcg_2023_3327172_eq_2.png,6,353,1911,947,2031,2352,3213,0.933,6,"\begin{align*}
&\vert A\vert < \vert B\vert\\
\forall a_{i}\in A,\, &\exists b_{j}\in B:D_{1}[a_{i}]= D_{2}[b_{j}]
\end{align*}",1wwwC6hgcy4bPf0s64ElnL0Uq_W7kOGwO
2023,10.1109/TVCG.2023.3327172,10299539,J,Equations,3,tvcg_2023_3327172_eq_3.png,6,353,2124,948,2246,2352,3213,0.939,6,"\begin{align*}
&\vert A\vert < \vert B\vert\\
\forall a_{i}\in A,\, &\exists b_{j}\in B:D_{1}[a_{i}]= D_{2}[b_{j}]
\end{align*}",1SxTUaqe37ru8JTI29PmCs1mYZ6TtuOWO
2023,10.1109/TVCG.2023.3327172,10299539,J,Equations,4,tvcg_2023_3327172_eq_4.png,6,353,2380,949,2502,2352,3213,0.949,6,"\begin{align*}
&\vert A\vert < \vert B\vert\\
\forall a_{i}\in A,\, &\exists b_{j}\in B:D_{1}[a_{i}]= D_{2}[b_{j}]
\end{align*}",11WjapFYOZo0j4ergcoymZAMo__g3tVFa
2023,10.1109/TVCG.2023.3327172,10299539,J,Equations,5,tvcg_2023_3327172_eq_5.png,6,356,2635,949,2702,2352,3213,0.929,6,"\begin{equation*}\exists a_{i}\in A, \exists b_{j}\in B:D_{1}[a_{i}]=D_{2}[b_{j}]\end{equation*}",1dyPIO74FITEafHXoeE8IgmH6Y_fOMGmM
2023,10.1109/TVCG.2023.3327172,10299539,J,Equations,6,tvcg_2023_3327172_eq_6.png,6,364,2878,894,2943,2352,3213,0.714,6,"\begin{equation*}D^{\prime}=[s_{1}(d_{1}), s_{2}(d_{2}),\ldots, s_{r}(d_{r})]\end{equation*}",1WYJWL1AK55tGUOtDRVLKXMp2r2_JS-Q7
2023,10.1109/TVCG.2023.3327172,10299539,J,Table,2,tvcg_2023_3327172_table_2.png,11,250,2066,1036,2922,2352,3213,0.972,2,"Table 2: Study results for 22 sequential visualization tasks, with average and standard deviation completion times in minutes.",1fwZ-ee-k1KFp7RdcQKPoNypS2mjHh0py
2023,10.1109/TVCG.2023.3327172,10299539,J,Algorithms,1,tvcg_2023_3327172_alg_1.png,11,1257,284,2192,2787,2352,3213,1.0,0,,1vZBsTRZif4RIS0NBg6g_SYiO9sJCjbto
2023,10.1109/TVCG.2023.3327195,10297592,J,Equations,1,tvcg_2023_3327195_eq_1.png,2,1265,1705,1624,1869,2352,3213,0.842,2,,1_fLzNqAz3krkq2LTPFwjZ4qnZIj3ZtrN
2023,10.1109/TVCG.2023.3327195,10297592,J,Equations,2,tvcg_2023_3327195_eq_2.png,3,157,2352,506,2467,2352,3213,0.403,2,,1dXjiiZH4kHc0ft7ymX_DtvEY_B7Q0npI
2023,10.1109/TVCG.2023.3327195,10297592,J,Equations,3,tvcg_2023_3327195_eq_3.png,3,1250,184,1713,643,2352,3213,0.705,2,,1fF_Ejl7QwmKSEcTXe_KVxvESqi4V8wVn
2023,10.1109/TVCG.2023.3327195,10297592,J,Equations,4,tvcg_2023_3327195_eq_4.png,3,1269,1058,1694,1230,2352,3213,0.578,2,,1e_vKAhP0t3D8yLGkWa2G8MXk4MCCXD3f
2023,10.1109/TVCG.2023.3327195,10297592,J,Equations,5,tvcg_2023_3327195_eq_5.png,3,1246,1824,1720,2108,2352,3213,0.577,2,,1LwobTbsU9bzDQjrH13nJ9bWe1FRWhYgc
2023,10.1109/TVCG.2023.3327195,10297592,J,Equations,6,tvcg_2023_3327195_eq_6.png,4,303,857,918,1093,2352,3213,0.881,2,,1ybvVefWzRypDIqeo9mGO3WAVRvnpt-d-
2023,10.1109/TVCG.2023.3327195,10297592,J,Equations,7,tvcg_2023_3327195_eq_7.png,4,154,1452,544,1566,2352,3213,0.774,2,,1G0pCgHzUSfiDoZHyRGJmubbfifITCNsc
2023,10.1109/TVCG.2023.3327195,10297592,J,Equations,8,tvcg_2023_3327195_eq_8.png,4,338,2033,881,2094,2352,3213,0.711,2,,1OiJyP5sXfFi-x0pjOuxweuZ6CWOdGbHJ
2023,10.1109/TVCG.2023.3327195,10297592,J,Equations,9,tvcg_2023_3327195_eq_9.png,4,78,2393,646,2682,2352,3213,0.661,2,,1EJ9HtSmBzzaYRefmZSiNov4Oq0BI8DTK
2023,10.1109/TVCG.2023.3327195,10297592,J,Equations,10,tvcg_2023_3327195_eq_10.png,4,1353,765,2059,889,2352,3213,0.848,2,,1g2Vv9Tk_RPkv4J-0_muqwKisEQ3PYe3T
2023,10.1109/TVCG.2023.3327195,10297592,J,Equations,11,tvcg_2023_3327195_eq_11.png,4,1211,1227,1677,1508,2352,3213,0.854,2,,1P0JiKBBwrciVzyRSPBCBEb9ab-AOtXjG
2023,10.1109/TVCG.2023.3327195,10297592,J,Equations,12,tvcg_2023_3327195_eq_12.png,5,1236,476,2238,711,2352,3213,0.572,2,,10AT7TZw1Jzpz1heMbw8xj7ANsiW1vpaS
2023,10.1109/TVCG.2023.3327195,10297592,J,Equations,13,tvcg_2023_3327195_eq_13.png,5,1259,779,2277,943,2352,3213,0.55,2,,1HjQERvsEVigLVZ58_ImoGmv29C1GobYq
2023,10.1109/TVCG.2023.3327195,10297592,J,Equations,14,tvcg_2023_3327195_eq_14.png,5,1253,1338,1713,1454,2352,3213,0.689,2,,13NxjdMqOBXEghL3aqvfMXIZjhmSAAbCD
2023,10.1109/TVCG.2023.3327195,10297592,J,Equations,15,tvcg_2023_3327195_eq_15.png,5,1210,1864,2212,2152,2352,3213,0.466,2,,1H5DF9Hn6lMwEGf3Nx1fYobOTCRjP8yjT
2023,10.1109/TVCG.2023.3327195,10297592,J,Equations,16,tvcg_2023_3327195_eq_16.png,5,1273,2485,1689,2763,2352,3213,0.823,2,,1cWvGDwCA7R7rAX7fgeoddqbj-Vd-fbiL
2023,10.1109/TVCG.2023.3327195,10297592,J,Equations,17,tvcg_2023_3327195_eq_17.png,6,85,419,1077,707,2352,3213,0.693,2,,1ukgdP7oO72gUzy9Mg3q1kVFGlnAo1PDE
2023,10.1109/TVCG.2023.3327195,10297592,J,Equations,18,tvcg_2023_3327195_eq_18.png,6,157,878,1061,966,2352,3213,0.517,2,,144N2hEYeZRryCFAB8M9aZS8imDV1ccHh
2023,10.1109/TVCG.2023.3327195,10297592,J,Equations,19,tvcg_2023_3327195_eq_19.png,6,195,1768,507,1884,2352,3213,0.844,2,,1iZsVLCG88eFjzRYB3VQqOFRRLF0-6sIE
2023,10.1109/TVCG.2023.3327195,10297592,J,Equations,20,tvcg_2023_3327195_eq_20.png,6,1275,1634,1608,1856,2352,3213,0.891,2,,1gypGPlrvzub7i2DqOMmRBpXpKFAzYZWM
2023,10.1109/TVCG.2023.3327195,10297592,J,Equations,21,tvcg_2023_3327195_eq_21.png,7,411,657,861,771,2352,3213,0.938,2,,1Gad13NCeTD7Ibzurcw1e25r9LKQhHi4U
2023,10.1109/TVCG.2023.3327195,10297592,J,Equations,22,tvcg_2023_3327195_eq_22.png,7,168,856,1123,911,2352,3213,0.878,2,,1xPRoT5OwjOzx6lnloNwRRstBwlD7B_P5
2023,10.1109/TVCG.2023.3327195,10297592,J,Equations,23,tvcg_2023_3327195_eq_23.png,9,405,1509,886,1588,2352,3213,0.902,2,,1UnRIYIaOpjOSDHZh8hCsdrHJzR-W0I1w
2023,10.1109/TVCG.2023.3327354,10297572,J,Table,1,tvcg_2023_3327354_table_1.png,2,1175,258,2235,852,2352,3213,0.976,3,"Table 1: Types and percentages of charts composed of lines, circles, pies, arcs, rectangles, and other marks in the Beagle dataset [2].",1H_kBq0ZvMcqlP9BYYfP2ekhXrsUJhHUm
2023,10.1109/TVCG.2023.3327354,10297572,J,Table,2,tvcg_2023_3327354_table_2.png,7,115,2377,1180,2799,2352,3213,0.971,3,Table 2: Each visual channel is considered to be encoding data if the corresponding condition is met.,1CZWSaPLNRXRXSHOi3t-2k5TguTj3EWM_
2023,10.1109/TVCG.2023.3327354,10297572,J,Table,3,tvcg_2023_3327354_table_3.png,9,114,829,1181,1169,2352,3213,0.972,3,"Table 3: The number of participants completing each task successfully, and the average completion time with standard deviation.",1wmA9fXVI2W1Z-9PutFQ9nPnQGjIzmzWl
2023,10.1109/TVCG.2023.3327368,10296039,J,Table,1,tvcg_2023_3327368_table_1.png,3,128,145,1165,943,2352,3213,0.943,1,Table 1: Overview of coded categories within each design dimension.,1TpIbv_tl7H-sGRff0LSm89hod145vyla
2023,10.1109/TVCG.2023.3326944,10294205,J,Equations,1,tvcg_2023_3326944_eq_1.png,5,1433,1679,2051,1799,2352,3213,0.954,4,"\begin{equation*}score(C_{m})=\sum\limits_{i=1}^{n}\frac{< C_{i}-C, P_{i}-P >}{\Vert C_{i}-C\Vert\cdot\Vert P_{i}-P\Vert}\cdot r_{i},
\end{equation*}",10QPFTbg9Wj_XORZEY-Cq9lrNDwLwT8Hr
2023,10.1109/TVCG.2023.3326944,10294205,J,Equations,2,tvcg_2023_3326944_eq_2.png,5,1591,2422,1890,2541,2352,3213,0.929,4,\begin{equation*}G(C)=\frac{\sum\nolimits_{i=1}^{n}r_{i}C_{i}}{\sum\nolimits_{i=1}^{n}r_{i}}.\end{equation*},1i18WobP7HZ52uVzCJ_S4Ja3piy_HUl0g
2023,10.1109/TVCG.2023.3326944,10294205,J,Equations,3,tvcg_2023_3326944_eq_3.png,6,386,2138,826,2245,2352,3213,0.945,4,"\begin{equation*}t_{i}=\begin{cases}
l_{i}+1, &\vert l_{i}\vert < \infty\\
h_{i}-1, &\vert h_{i}\vert < \infty
\end{cases}.\end{equation*}",12c_-eAjlBOE0RhTo8VBRbd4bXWKnDPvo
2023,10.1109/TVCG.2023.3326944,10294205,J,Equations,4,tvcg_2023_3326944_eq_4.png,6,362,2409,886,2500,2352,3213,0.844,4,"\begin{equation*}t_{k}=l_{k-m}+\frac{m}{m+n}(h_{k+n}-l_{k-m}),\end{equation*}",1n1jLzKwwGPNn3lpad2YBkJJIjqqxQJ-u
2023,10.1109/TVCG.2023.3326908,10295430,J,Table,1,tvcg_2023_3326908_table_1.png,4,143,2421,1076,2647,2352,3213,0.968,4,"Table 1: The label distribution and model performance for the three binary classification tasks: text — vis — map, vis +map, and vis. “positive” and “negative” refers to the number of data points labeled positive and negative in David Rumsey Map Collection. “accuracy” and “F1” refers to the accuracy and f1 score of the models trained with 80% of the labeled dataset and validated on the remaining 20%.",1ejf8B93lYf1EJW8JU_JQHGE6hLQbXmT2
2023,10.1109/TVCG.2023.3326908,10295430,J,Table,2,tvcg_2023_3326908_table_2.png,4,1178,2700,2234,3012,2352,3213,0.968,4,"Table 2: The number of identified visualization images and quality assurance time costs for the four disjoint data subsets derived in the filtering steps. The union of the subsets forms the set of 337,767 unlabeled images in internet archive, gallica, library of congress, and british library collection items. “vis%” refers to the percentage of visualizations images among all the images in the data subset. “time” refers to the quality assurance time costs measured in minutes. “speed” refers to the number of images quality-assured per second.",1RmZbYq610HidK9-cYAB2DA1ZSA2mDa90
2023,10.1109/TVCG.2023.3326908,10295430,J,Table,3,tvcg_2023_3326908_table_3.png,5,387,273,2002,747,2352,3213,0.978,4,Table 3: The performance of multi-label classification models with different hyper-parameter setups. “LR” refers to the learning rate. “Loss” refers to the binary cross entropy loss. We highlight the best performance under each measure in bold.,1nCvCf1CLb8claA4EUC7laCyB0hNvqBXx
2023,10.1109/TVCG.2023.3326908,10295430,J,Table,4,tvcg_2023_3326908_table_4.png,6,90,922,1138,1341,2352,3213,0.965,4,"Table 4: We obtain 19,571 visualizations from seven data sources with 13,511 published before 1950. “#Images” refers to the number of images we obtain from the data sources. “#Vis” refers to the number of visualizations we identify after labeling and filtering in sec. 3.2. “Before 1950” refers to the number of visualizations published before 1950.",1lDkmoh4zAVwHGPHJpRsjAn7iMAyrikbx
2023,10.1109/TVCG.2023.3326925,10295417,J,Table,1,tvcg_2023_3326925_table_1.png,3,1212,793,2281,1074,2352,3213,0.977,2,Table 1: Distribution of different fact types,1e2fqmIDHMmGjVYdwDY34tKbSQ15Ib6h7
2023,10.1109/TVCG.2023.3326925,10295417,J,Equations,1,tvcg_2023_3326925_eq_1.png,3,1475,1202,2273,1266,2352,3213,0.93,17,,1pyVDoprQQ_FUQJ63ZYWC3irGwqC_DWH2
2023,10.1109/TVCG.2023.3326925,10295417,J,Table,2,tvcg_2023_3326925_table_2.png,4,98,192,2211,1246,2352,3213,0.984,2,Table 2: Fact overview.,1gT7W5w_vjSE28fZLRlhyWSX1UGWLKBOS
2023,10.1109/TVCG.2023.3326925,10295417,J,Equations,2,tvcg_2023_3326925_eq_2.png,4,383,1540,1139,1647,2352,3213,0.943,17,,1lnOicJGT_Kdw-Li5Un7Z3QWwYuVy-ne3
2023,10.1109/TVCG.2023.3326925,10295417,J,Equations,3,tvcg_2023_3326925_eq_3.png,4,267,1981,1140,2040,2352,3213,0.901,17,,1F4Crp3ssUDBNOK-OcAWBX33sqj_4eL3U
2023,10.1109/TVCG.2023.3326925,10295417,J,Equations,4,tvcg_2023_3326925_eq_4.png,5,506,949,1178,1012,2352,3213,0.927,17,,1EGnBDMOpdVwi2ImazEyHg1uy0yYYELg1
2023,10.1109/TVCG.2023.3326925,10295417,J,Equations,5,tvcg_2023_3326925_eq_5.png,5,1553,2939,2272,3003,2352,3213,0.922,17,,15KCupjIPDSLaBlLmqavYqw-uq0_8vGvC
2023,10.1109/TVCG.2023.3326925,10295417,J,Equations,6,tvcg_2023_3326925_eq_6.png,6,107,1117,1140,1227,2352,3213,0.944,17,,127j89VBJgUQhTs5Z8wjAvEIrWIdaQxoZ
2023,10.1109/TVCG.2023.3326925,10295417,J,Equations,7,tvcg_2023_3326925_eq_7.png,6,344,1769,1140,1885,2352,3213,0.942,17,,1Jou3RbtS6EItMZrjLlhDVBybHaTlxFy6
2023,10.1109/TVCG.2023.3326925,10295417,J,Equations,8,tvcg_2023_3326925_eq_8.png,6,379,1982,1140,2048,2352,3213,0.919,17,,10nIS5pyIV2srOiVm9mOm_xmQEHT-pvX2
2023,10.1109/TVCG.2023.3326925,10295417,J,Equations,9,tvcg_2023_3326925_eq_9.png,6,1259,2606,2235,2852,2352,3213,0.962,17,,1q5TiMdH9G472x39Z5lhNOITQwr0zt7UQ
2023,10.1109/TVCG.2023.3326925,10295417,J,Equations,10,tvcg_2023_3326925_eq_10.png,7,530,1282,1178,1402,2352,3213,0.946,17,,1FugC5DEhfQKK6yEdWvfSSBZxGecJFRKO
2023,10.1109/TVCG.2023.3326925,10295417,J,Equations,11,tvcg_2023_3326925_eq_11.png,7,338,1916,1178,2035,2352,3213,0.943,17,,19FN2hIjeXG2gqyRkutByawm9c3b-qgeO
2023,10.1109/TVCG.2023.3326925,10295417,J,Equations,12,tvcg_2023_3326925_eq_12.png,7,453,2113,1177,2234,2352,3213,0.939,17,,1BHr5mZzKsK7Ah7kBWellJuCKos9WhuyF
2023,10.1109/TVCG.2023.3326925,10295417,J,Equations,13,tvcg_2023_3326925_eq_13.png,7,491,2600,1178,2714,2352,3213,0.941,17,,1l-XjlRJOzIifDv7kIqoPvw0NRYyrzNGV
2023,10.1109/TVCG.2023.3326925,10295417,J,Equations,14,tvcg_2023_3326925_eq_14.png,7,158,2768,1178,2880,2352,3213,0.92,17,,1-vJuFfS-9iuQBm7vcVuArSeLgWVpRJjT
2023,10.1109/TVCG.2023.3326925,10295417,J,Equations,15,tvcg_2023_3326925_eq_15.png,7,1559,938,2273,1046,2352,3213,0.922,17,,1edDfAZ1q_qZcMQneKFAZI3zW9ZzjsjZD
2023,10.1109/TVCG.2023.3326925,10295417,J,Equations,16,tvcg_2023_3326925_eq_16.png,7,1559,1174,2274,1282,2352,3213,0.92,17,,1toxStBT4QnJU-VIZO7nw2qBNydEWzbtC
2023,10.1109/TVCG.2023.3326904,10360419,J,Table,1,tvcg_2023_3326904_table_1.png,3,215,155,2216,892,2352,3213,0.978,2,"Table 1: Participant demographics for our interview study, described in Section 3. From left to right: The participant's ID; job title; the organization they work in (FFRDC stands for federally funded research and development center); their primary persona(s) as KG users (further explained in section 4.1); years of experience with KGs; overall familiarity working with kgs, creating or maintaining KGs, exploring or analyzing KGs, querying KGs, and visualizing KGs. Familiarity was self-reported on a Likert scale from (1) not at all familiar to (5) extremely familiar.",1SOPhLnhwAM5GxLSQ4kZdq8ioWobOZYnc
2023,10.1109/TVCG.2023.3326904,10360419,J,Table,2,tvcg_2023_3326904_table_2.png,4,1245,154,2183,1006,2352,3213,0.978,2,"Table 2: A select set of our participants' KG use cases. KGs are used for data cataloging, pathway discovery, as well as training, understanding, and improving AI/ML models. More details in section 4.2.",1_YAxE8ENzVfsXL0AUYbwOMeZRbzwqL4J
2023,10.1109/TVCG.2023.3326599,10290912,J,Equations,1,tvcg_2023_3326599_eq_1.png,3,163,3006,1129,3070,2352,3213,0.904,6,"\begin{equation*}
H_{A}=\langle A,\{e\cap A\vert e\in E, e\cap A\neq\varnothing\}\rangle\quad\text{and}\quad H_{J}=\langle V_{J}\subseteq V, J\rangle.
\end{equation*}",1AY9JhFlBaSbUSaAcwT0TM2nPJGdrfWxp
2023,10.1109/TVCG.2023.3326599,10290912,J,Equations,2,tvcg_2023_3326599_eq_2.png,4,413,2751,800,2875,2352,3213,0.931,6,\begin{equation*}C_{B}(v)=\sum\limits_{s\neq v\neq t\in V}\frac{\sigma_{st}(v)}{\sigma_{st}}.\end{equation*},1B4tb2KAdVv7ZBEqOC6UYnywCscsOO-kv
2023,10.1109/TVCG.2023.3326599,10290912,J,Equations,3,tvcg_2023_3326599_eq_3.png,4,1326,1615,2087,1726,2352,3213,0.946,6,"\begin{equation*}\text{Adj}(v)=\sum\limits_{u\in V,\mu\neq v}a_{uv}^{t},\quad\
\text{Adj}(e)=\sum\limits_{f\in E, f\neq e}a_{ef}^{t},
\end{equation*}",1oXy4L1G8euCXMgeLAtdBocR5Qx4wabc0
2023,10.1109/TVCG.2023.3326599,10290912,J,Equations,4,tvcg_2023_3326599_eq_4.png,5,1244,2878,2235,3013,2352,3213,0.94,6,"\begin{equation*}
\mathrm{P}(O)=\alpha\left(\frac{\hat{d}_{O}-d_{min}}{d_{max}-d_{min}}\right)+\beta\left(\frac{\bar{a}_{O}-a_{min}}{a_{max}-a_{min}}\right)+\gamma\left(\frac{b_{max}-\bar{b}_{O}}{b_{max}-b_{min}}\right).\tag{1}
\end{equation*}",1w7y_zMU_Iij5E7_l_bBn7p2NrlXVVFcr
2023,10.1109/TVCG.2023.3326599,10290912,J,Equations,5,tvcg_2023_3326599_eq_5.png,6,218,1426,1140,1544,2352,3213,0.948,6,"\begin{equation*}
\hat{d}_{O}=\max\left\{\max\limits_{v\in V(H_{O})}\{deg(v)\},\max\limits_{e\in E(H_{O})}\{card (e)\}\right\}. \tag{2}
\end{equation*}",1X7O_L-jmx1ZvhztAK6dWkGprsUYn_6uX
2023,10.1109/TVCG.2023.3326599,10290912,J,Equations,6,tvcg_2023_3326599_eq_6.png,7,219,615,1178,729,2352,3213,0.951,6,"\begin{equation*}
d_{0}(\vert\Gamma_{1}\vert,\vert \Gamma_{2}\vert)=\frac{1}{2}\left(\max\limits_{u, v\in\Gamma_{1}}d(u, v)+\max\limits_{u, v\in\Gamma_{2}}d(u, v)\right)+d_{b}. \tag{3}
\end{equation*}",17Uita_ILMWBWbOgSQr3G-R6Ik_FPVKLF
2023,10.1109/TVCG.2023.3326599,10290912,J,Table,1,tvcg_2023_3326599_table_1.png,9,115,388,2259,1038,2352,3213,0.982,1,"Table 1: Comparison of polygon layout optimization methods on paper-author datasets. Each dataset is collected from the DBLP database [36] and consists of a maximal connected subset of publications in the specified year range from the given IEEE journals: transactions on robotics (TOR), transactions on pattern analysis and machine intelligence (TPAMI), transactions on visualization and computer graphics (TVCG), transactions on human-machine systems (THMS), transactions on learning technology (TLT), transactions on education (TOE), transactions on haptics (TOH), transactions on cybernetics (TOC). The first six datasets are the same as those used in [41]. Note that our method leads to much improvement in terms of fewer avoidable overlaps than the method of Qu et al. [41].",1RCl1L032tkb1NsDLp2Gev4MWyVZyeAqj
2023,10.1109/TVCG.2023.3327376,10302175,J,Equations,1,tvcg_2023_3327376_eq_1.png,3,448,2475,1179,2597,2352,3213,0.879,2,"\begin{align*}
&P(Y \cup X) > \min\nolimits_{support}\\
&P(Y\ \vert\ X) > \min\nolimits_{confidence}\tag{1}
\end{align*}",1WubHPAa9llkmi3Rw3IXxoRdMXZYU4Tk-
2023,10.1109/TVCG.2023.3327376,10302175,J,Algorithms,1,tvcg_2023_3327376_alg_1.png,4,80,168,1140,1107,2352,3213,1.0,0,,1pD74epcT86_SDd88rLY3cxZ0TR8iHnol
2023,10.1109/TVCG.2023.3327376,10302175,J,Equations,2,tvcg_2023_3327376_eq_2.png,5,338,2617,1178,2679,2352,3213,0.928,2,\begin{equation*}\text{Uncertainty}(e)=\text{BIC}(G)-\text{BIC}(G_{-e}).\tag{2}\end{equation*},11f66MheNHaXfJvN3Kyt6hjOqOAIoyYBS
2023,10.1109/TVCG.2023.3327376,10302175,J,Table,1,tvcg_2023_3327376_table_1.png,7,122,2573,1173,3057,2352,3213,0.54,2,Table 1: Questions used in sec. 6.1.1,1QuKJAJBoRU5HG19RqtT2Luy_Q32TRkaj
2023,10.1109/TVCG.2023.3327376,10302175,J,Table,2,tvcg_2023_3327376_table_2.png,7,1218,2624,2264,3056,2352,3213,0.954,2,Table 2: Questions used in the sec. 6.1.2,11wOhwWq5qfnNcG5tr-eh7IOePj9hesLN
2023,10.1109/TVCG.2023.3327378,10310184,J,Table,1,tvcg_2023_3327378_table_1.png,4,84,164,1130,1436,2352,3213,0.965,1,"Table 1: Overview of our 19 challenges grouped into seven themes, all discussed in section 4.",1SatzodXxkHrG0J5_UJO0UaReKeKWqOOe
2023,10.1109/TVCG.2023.3326575,10308640,J,Table,1,tvcg_2023_3326575_table_1.png,3,146,442,1148,1142,2352,3213,0.97,1,"Table 1: The types of data, transformations, and responses supported by existing approaches. For data, “T” and “NT” denote tensor and non-tensor data, respectively. For transformations, “F”, “A”, and “O” denote filtering, aggregation, and other transformations, respectively. For responses, “C”, “P”, “H”, and “A” denote content modification, parameter modification, highlighting, and animation, respectively.",1kl1VyDVMmDSIilpuKWF-QSLqZ7MOXuMC
2023,10.1109/TVCG.2023.3326584,10313127,J,Table,1,tvcg_2023_3326584_table_1.png,9,119,1000,1181,1249,2352,3213,0.92,1,"Table 1: Several simulations that were tested on MolSieve are presented here. This table displays the total time it took to generate each simulation in ParSplice, the length of time the simulation represents in nanoseconds, the number of discrete timesteps in the simulation, the number of unique states, the time it takes to load the simulation when cached, and how long it takes to load each simulation.",1ZVphtoh1Hwr-WC0HF_7XXpMd99axSoBf
2023,10.1109/TVCG.2023.3327388,10298029,J,Equations,1,tvcg_2023_3327388_eq_1.png,6,303,1895,1139,1960,2352,3213,0.924,3,"\begin{equation*}P=\{p\in V\vert\exists a, b\in S:p\in \text{path}(a, b)\} \tag{1}\end{equation*}",1Scj1iEy_5asyae-bYpwsEqE_ee_Oew3F
2023,10.1109/TVCG.2023.3327388,10298029,J,Equations,2,tvcg_2023_3327388_eq_2.png,6,450,2205,1140,2289,2352,3213,0.926,3,"\begin{equation*}
d(v)=\min\limits_{p\in P}(g(v, p)) \tag{2}
\end{equation*}",1P3druPhKPW9zQwG5IjMTnDZHtI8kSW7D
2023,10.1109/TVCG.2023.3327388,10298029,J,Equations,3,tvcg_2023_3327388_eq_3.png,7,501,2604,1178,2667,2352,3213,0.912,3,\begin{equation*}d(v)=\min(D(v)) \tag{3}\end{equation*},10TJ4OCoBvN_ZDO6IUNCBqClvlcubNf95
2023,10.1109/TVCG.2023.3326522,10292693,J,Table,1,tvcg_2023_3326522_table_1.png,2,1174,254,2244,700,2352,3213,0.763,4,,143cOXqwHkeiVFRCxKlo9iLTMTVEcDgNu
2023,10.1109/TVCG.2023.3326522,10292693,J,Table,2,tvcg_2023_3326522_table_2.png,2,1197,2816,2210,3052,2352,3213,0.977,4,,1AvwoMgDX7huJskNKJOpShubBRp8DxYfD
2023,10.1109/TVCG.2023.3326522,10292693,J,Table,3,tvcg_2023_3326522_table_3.png,3,197,1767,1095,2137,2352,3213,0.972,4,,1XaZJjQXUkkYIoftNlcaQursGJ7l-rXye
2023,10.1109/TVCG.2023.3327149,10297597,J,Equations,1,tvcg_2023_3327149_eq_1.png,4,287,2624,1141,2689,2352,3213,0.909,9,"\begin{equation*}\mathrm{S}(p)=\{i\ \vert\ L_{i}\in L\wedge \text{distance}(L_{i},p) < T\}.\tag{1}\end{equation*}",16TNM_otBKFlZBKEfyiGvvtqsPY3aB0Zj
2023,10.1109/TVCG.2023.3327149,10297597,J,Equations,2,tvcg_2023_3327149_eq_2.png,4,1472,2086,2235,2198,2352,3213,0.945,9,"\begin{equation*}\text{overlap}(A, B)= \frac{\vert A\cap B\vert}{\min(\vert A\vert,\vert B\vert)}\tag{2}\end{equation*}",1QYxTsZksifp9JGj8lt15LtSaRJben7dS
2023,10.1109/TVCG.2023.3327149,10297597,J,Equations,3,tvcg_2023_3327149_eq_3.png,5,243,553,1178,688,2352,3213,0.95,9,"\begin{equation*}\mathrm{V}(p)=(v_{0}^{p},v_{1}^{p},\ldots, v_{n}^{p}),\quad v_{i}^{p}=\begin{cases}
1, &i\in \mathrm{S}(p)\\
0, &\text{otherwise}.\end{cases}\tag{3}\end{equation*}",1Xn6BdiszLpzHelj-bZg8cHb_EznuUC3X
2023,10.1109/TVCG.2023.3327149,10297597,J,Equations,4,tvcg_2023_3327149_eq_4.png,5,473,839,1178,960,2352,3213,0.822,9,\begin{equation*}\mathrm{M}(C)=\frac{1}{\vert C\vert}\sum\limits_{p\in C}\mathrm{V}(p)\tag{4}\end{equation*},1RBqMtFET3V2PJIauiVQ7rdiMa11Cqztr
2023,10.1109/TVCG.2023.3327149,10297597,J,Equations,5,tvcg_2023_3327149_eq_5.png,5,411,1203,1178,1316,2352,3213,0.938,9,"\begin{equation*}\mathrm{D}(p, C)=\sum\limits_{i\in \mathrm{S}(p)}(1-\mathrm{M}(C)_{i})^{2}\tag{5}\end{equation*}",1FeMcfe6etyyGMqJTi5inHDNZXxnnbnJw
2023,10.1109/TVCG.2023.3327149,10297597,J,Equations,6,tvcg_2023_3327149_eq_6.png,5,416,2801,1178,2956,2352,3213,0.951,9,"\begin{equation*}
S=\sqrt{\frac{\sum\nolimits_{i < j}(\delta(x_{i, j})-d_{i, j})^{2}}{\sum\nolimits_{i < j}d_{i, j}^{2}}}\tag{6}
\end{equation*}",1_P0XDOZq3v1xQD0rKKNXgg2QnX5E-3Gu
2023,10.1109/TVCG.2023.3327149,10297597,J,Equations,7,tvcg_2023_3327149_eq_7.png,5,1438,323,2275,457,2352,3213,0.952,9,"\begin{equation*}d_{ij}=\begin{cases}
\left\vert\theta_{i}-\theta_{j}\right\vert, &\left\vert\theta_{i}-\theta_{j}\right\vert\leq \pi\\
2\pi-\left\vert \theta_{i}-\theta_{j}\right\vert, &\left\vert\theta_{i}-\theta_{j}\right\vert > \pi\end{cases}\tag{7}
\end{equation*}",1aO6d97FKD3AMSvpxGtW4caEQdXful8ir
2023,10.1109/TVCG.2023.3327149,10297597,J,Equations,8,tvcg_2023_3327149_eq_8.png,5,1491,1448,2273,1522,2352,3213,0.934,9,\begin{equation*}C_{k}^{i}=\{p_{j}\vert p_{j}\in C_{i}\wedge i\in \mathrm{S}(p_{j})\}\tag{8}\end{equation*},1XK8pL4fFhUSKvbW9McQEsvrBd9CQieAR
2023,10.1109/TVCG.2023.3327149,10297597,J,Equations,9,tvcg_2023_3327149_eq_9.png,5,1601,1668,2273,1783,2352,3213,0.948,9,\begin{equation*}W_{k}^{i}= \sum\limits_{p_{j}\in c_{k}^{i}}D(p_{j})\tag{9}\end{equation*},1tcEu5BOeMB7-mAMiX11cahmV1MuF6Xm1
2023,10.1109/TVCG.2023.3327077,10295565,J,Equations,1,tvcg_2023_3327077_eq_1.png,4,1289,1542,2220,1642,2352,3213,0.941,1,"\begin{equation*}
\underset{\mathcal{X}_{t+1},\ldots,\mathcal{X}_{t+K}}{\arg\max} p(\mathcal{X}_{t+1}, \ldots,\mathcal{X}_{t+K}\vert \hat{\mathcal{X}}_{t-T+1},\hat{\mathcal{X}}_{t-T+2},\ldots,\hat{\mathcal{X}}_{t}),\tag{1}
\end{equation*}",1zspBfjSCjCM8er7-ZwGaYp8T9LaReh5D
2023,10.1109/TVCG.2023.3327077,10295565,J,Table,1,tvcg_2023_3327077_table_1.png,5,121,751,1181,1027,2352,3213,0.973,2,"Table 1: Comparative evaluation of different ConvLSTM networks. “($3\times 3$)” denotes the size of the input-to-state kernel, while “[$3\times 3$, 256]” designates a ConvLSTM layer wherein the state-to-state kernel size is $3\times 3$, and the number of hidden states is 256.",12n34zxjASc5M6ZtFcpH1HEgtJt918Wx5
2023,10.1109/TVCG.2023.3327077,10295565,J,Table,2,tvcg_2023_3327077_table_2.png,5,304,1621,979,1849,2352,3213,0.976,2,Table 2: Comparison of different models in the fire prediction task.,1cnAPPtq04dhmARWnlNVjdEbfd-twMJ82
2023,10.1109/TVCG.2023.3326940,10294204,J,Equations,1,tvcg_2023_3326940_eq_1.png,5,1454,1693,2273,1825,2352,3213,0.954,1,"\begin{equation*}
cost_{s}= \sum\limits_{k=1}^{K}\frac{1}{P}\cdot(\sum\limits_{p=1}^{P}w_{p}\cdot dist(v_{f},v_{p})) \tag{1}
\end{equation*}",1nLlEAzDYBokltD6ptrB4PvvnplmzisnQ
2023,10.1109/TVCG.2023.3326940,10294204,J,Table,1,tvcg_2023_3326940_table_1.png,8,1281,153,2128,301,2352,3213,0.964,1,Table 1: Total slope length by difficulty.,11ddvfgCEZ4oTC5NvxZx6Z0Y0lQxitlXh
2023,10.1109/TVCG.2023.3326524,10296094,J,Table,1,tvcg_2023_3326524_table_1.png,3,1216,1036,2271,1577,2352,3213,0.977,2,Table 1: The event attributes,17_DtgUvznR6AwPqslICTfjIii6mayMkE
2023,10.1109/TVCG.2023.3326524,10296094,J,Equations,1,tvcg_2023_3326524_eq_1.png,4,412,1087,1141,1151,2352,3213,0.914,3,,1xWNAZKtu3TAu0uYe84hCV9Alv-pKYVFY
2023,10.1109/TVCG.2023.3326524,10296094,J,Equations,2,tvcg_2023_3326524_eq_2.png,4,1472,1840,2235,1906,2352,3213,0.928,3,,1EB1Ij-KiJNjNhBcJ73CXkJv4tYN--MEh
2023,10.1109/TVCG.2023.3326524,10296094,J,Equations,3,tvcg_2023_3326524_eq_3.png,4,1190,1917,2235,1981,2352,3213,0.809,3,,1tG4YNkQAcpx_X7yIm1Ub3nuAuQ7c0k7b
2023,10.1109/TVCG.2023.3326524,10296094,J,Equations,4,tvcg_2023_3326524_eq_4.png,4,1575,2296,2235,2358,2352,3213,0.91,3,,1My1v4synOhQoTQWIDeAAIogsv20ujm2Y
2023,10.1109/TVCG.2023.3326524,10296094,J,Equations,5,tvcg_2023_3326524_eq_5.png,4,1415,2372,2234,2436,2352,3213,0.923,3,,1vOeNhq0GuFy05fme6dzX3xb2Ivo7hZTv
2023,10.1109/TVCG.2023.3326524,10296094,J,Table,2,tvcg_2023_3326524_table_2.png,5,119,469,1159,724,2352,3213,0.976,2,Table 2: The model evaluation results,1ehB3b3Fm6xFshYuBOFlIuCF2A6l-ScWK
2023,10.1109/TVCG.2023.3327353,10297598,J,Table,1,tvcg_2023_3327353_table_1.png,7,114,2213,1201,2559,2352,3213,0.965,2,"Table 1: Supporting key features (G1, G2, G3 and G4) of tutorial tools performances of tutorial tools on key features. Blogs are primarily feature blogs by Jay Alammar [2], [3]. The representative work of the video is transformer neural networks [9]. The work of code interpretation is the annotated transformer [33]. Other vis system mainly includes Attviz [62], attention flows [11], and Dodrio [51].",1O8sZ4L90NWvc0ut5c1BTocWsbn0ZuWuv
2023,10.1109/TVCG.2023.3327353,10297598,J,Table,2,tvcg_2023_3327353_table_2.png,7,1212,442,2305,864,2352,3213,0.976,2,"Table 2: Objective questions. The first column of the table is the difficulty levels, which are classified as easy, medium and hard. The second column is the targets of questions corresponding to our design goals. The third column is a brief description of the questions. FFN refers to feed-forward network, add & LN refers to residual connection and layer normalization, and PE refers to position encoding.",1DLnQkrzdvoxUyafjAkikbql9adq1yzdq
2023,10.1109/TVCG.2023.3326569,10290971,J,Table,1,tvcg_2023_3326569_table_1.png,2,110,251,1097,793,2352,3213,0.977,7,Table 1: Examples of text visualizations that rely on a two-dimensional layout derived from a TM and a DR.,157xjVZQ-0CaIUDLmFV4xRCRF0AeLqOM2
2023,10.1109/TVCG.2023.3326569,10290971,J,Table,2,tvcg_2023_3326569_table_2.png,3,114,371,1189,674,2352,3213,0.966,7,"Table 2: Characteristics for the five datasets in our benchmark containing the number of documents $m$, the median size of the documents $N$, the size of the vocabulary $n$ and the number of categories $k$. The size represents the size of the raw dataset given by $m\cdot n\cdot 8$ byte. This measurement neglects program overhead and memory required by the DR and TM.",1PvB7BrkNZ88u-YHv7po9V0D1WwbTPpsL
2023,10.1109/TVCG.2023.3326569,10290971,J,Equations,1,tvcg_2023_3326569_eq_1.png,4,192,574,1140,726,2352,3213,0.946,4,"\begin{equation*}\text{tf-idf}(w, d)=\frac{n(w, d)}{\sum\limits_{d^{\prime}\in C}n(w, d^{\prime})}\cdot\log\left(\frac{\vert C\vert}{\vert \{d^{\prime}\in C\vert w\in d^{\prime}\}\vert}\right),\tag{1}\end{equation*}",1yG5AwgmEcwlIMAnDQXvbZE0s4ZjLYrRO
2023,10.1109/TVCG.2023.3326569,10290971,J,Equations,2,tvcg_2023_3326569_eq_2.png,4,1592,1944,2235,2074,2352,3213,0.925,4,"\begin{equation*}\bar{d}=\sum\limits_{j=1}^{K}\theta_{j}\bar{\phi}_{j},\tag{2}\end{equation*}",1diJbM35iHXNcRb19NK6_XW9HYGEl_eqx
2023,10.1109/TVCG.2023.3326569,10290971,J,Table,3,tvcg_2023_3326569_table_3.png,5,118,251,1166,702,2352,3213,0.973,7,Table 3: Range for the hyperparameters considered in our experiments. Each configuration for one DR is combined with a dataset and TM.,1gCMZ7GDhzQk5JrDfSdG6OA2O59vykaID
2023,10.1109/TVCG.2023.3326569,10290971,J,Equations,3,tvcg_2023_3326569_eq_3.png,6,237,991,1141,1130,2352,3213,0.95,4,"\begin{equation*}\alpha=\frac{1}{2}\alpha_{NH}+\frac{1}{2}\left(\frac{\alpha_{T}+\alpha_{C}+0.5\cdot(\alpha_{SDC}+1)}{3}\right),\tag{3}\end{equation*}",1O650O_Wr5zM7jTFD1EYhtKfSZG0yNHSa
2023,10.1109/TVCG.2023.3326569,10290971,J,Equations,4,tvcg_2023_3326569_eq_4.png,6,175,1453,1140,1591,2352,3213,0.951,4,\begin{equation*}\beta=\frac{1}{3}(1-\beta_{DB})+\frac{1}{3}\beta_{CH}+\frac{1}{3}\left(\frac{0.5\cdot(\beta_{SC}+1)+\beta_{DC}}{2}\right).\tag{4}\end{equation*},1tHkR6GbxKNsNmcJkOt-sDT3rIFMYeKNq
2023,10.1109/TVCG.2023.3326569,10290971,J,Table,4,tvcg_2023_3326569_table_4.png,6,1173,291,2227,693,2352,3213,0.975,7,"Table 4: Results of the binary test for the null hypothesis “the tf-idf weighting scheme does not improve the results according $\alpha$, or $\beta$ respectively.” as the p-values (total) are 0.00, we reject the zero hypotheses.",1jb_XJKdt6jI3TKKTF-AnMUUE8wlcot8u
2023,10.1109/TVCG.2023.3326569,10290971,J,Table,5,tvcg_2023_3326569_table_5.png,6,1172,864,2223,1266,2352,3213,0.969,7,"Table 5: Results of the binary test for the null hypothesis “equation (2) does not improve the results according $\alpha$, or $\beta$ respectively.” as the p-values (total) are 0.00, we reject the zero hypotheses.",1lVilngrRI5XPzoU1apvVfyx_hUUA5eUs
2023,10.1109/TVCG.2023.3326569,10290971,J,Table,6,tvcg_2023_3326569_table_6.png,7,113,250,1184,649,2352,3213,0.978,7,Table 6: Layout algorithms resulting in the best result with respect to the accuracy metric $\alpha$ for each dataset.,16G-IA9iL2RzX-_hizX01VRS-0vgTPBQP
2023,10.1109/TVCG.2023.3326569,10290971,J,Table,7,tvcg_2023_3326569_table_7.png,7,116,782,1184,1098,2352,3213,0.977,7,Table 7: Layout algorithms resulting in the best result with respect to the perception metric $\beta$ for each dataset.,1H-npVNomXfmAE8Fy074jkTrg21TXo0Lr
2023,10.1109/TVCG.2023.3326571,10291029,J,Table,1,tvcg_2023_3326571_table_1.png,5,1218,156,2269,1359,2352,3213,0.973,1,Table 1. Analytic action code definitions and procedures based on observed behaviours and interactions in either toolset.,1Xm4u8n_E6vgXyTn5ME8bB8BAgweKkA3U
2023,10.1109/TVCG.2023.3327155,10299537,J,Table,1,tvcg_2023_3327155_table_1.png,3,1217,235,2286,883,2352,3213,0.981,1,Table 1: Classification of six explanation methods identified from online explanation examples.,1IaTxji9W8VQn20HcbXyM_OJWQ7T70Nrh
2023,10.1109/TVCG.2023.3327107,10297590,J,Equations,1,tvcg_2023_3327107_eq_1.png,3,416,871,1179,933,2352,3213,0.922,8,"\begin{equation*}F_{\Phi}(x, y, z,\theta,\psi)=(R, G, B,\sigma)\tag{1}\end{equation*}",1HcJiQzb03yWpY2Xt2AsH9kkW42ooarU-
2023,10.1109/TVCG.2023.3327107,10297590,J,Equations,2,tvcg_2023_3327107_eq_2.png,3,1567,677,2273,739,2352,3213,0.917,8,"\begin{equation*}L_{\phi}(x, g,\vec{\omega})\approx L(x,\vec{\omega})\tag{2}\end{equation*}",10sD-3VvzIuyfW7yUqqP2gJbimB8Ert-7
2023,10.1109/TVCG.2023.3327107,10297590,J,Equations,3,tvcg_2023_3327107_eq_3.png,3,1509,1166,2274,1233,2352,3213,0.918,8,"\begin{equation*}L(x,\vec{\omega})=L_{d}(x,\vec{\omega})+L_{i}(x,\vec{\omega})\tag{3}\end{equation*}",1xDNug6GO4XUwog-Js_VdQvJPHAxrCGmq
2023,10.1109/TVCG.2023.3327107,10297590,J,Equations,4,tvcg_2023_3327107_eq_4.png,3,1330,1420,2274,1527,2352,3213,0.955,8,"\begin{equation*}L_{\phi}(x, g,\vec{\omega})\approx L_{i}(x,\vec{\omega})=\int\nolimits_{\Omega_{4\pi}}p_{g}(x,\vec{\omega},\vec{\omega}_{i})L(x,\vec{\omega}_{i})d\omega_{i}\tag{4}\end{equation*}",1Hi9xKIYiKZ49nIluAZsRoDWYNy82p1fP
2023,10.1109/TVCG.2023.3327107,10297590,J,Algorithms,1,tvcg_2023_3327107_alg_1.png,4,1174,156,2234,1363,2352,3213,1.0,1,,1nRb3mOF7gWeyTueiuXlEOvUAwsuobAdu
2023,10.1109/TVCG.2023.3327107,10297590,J,Equations,5,tvcg_2023_3327107_eq_5.png,4,1444,1654,2235,1781,2352,3213,0.95,8,"\begin{equation*}L_{i}(x, \vec{\omega})\approx\sum\limits_{n=1}^{K}p_{g}(x,\vec{\omega},\vec{\omega}_{n})\frac{\Phi_{n}}{\frac{4}{3}\pi r^{3}}\tag{5}\end{equation*}",1Foj39wqzA6gkG4NeAOiPxItNvN3PyKLm
2023,10.1109/TVCG.2023.3327107,10297590,J,Equations,6,tvcg_2023_3327107_eq_6.png,4,1283,2892,2236,3076,2352,3213,0.934,8,"\begin{equation*}L_{i}^{\prime}(x,\vec{\omega})=\begin{cases}
-\frac{log_{10}(L_{i}(x,\vec{\omega}))}{\psi} &\text{if}\ 10^{\psi} > L_{i}(x,\vec{\omega}) > \frac{1}{10^{\psi}}\\
-1 &\text{if}\ L_{i}(x,\vec{\omega})\geq 10^{\psi}\\
1 &\text{otherwise}\end{cases}\tag{6}
\end{equation*}",1KAn9nrpcfDc3nQ2KvhITyFMTuhtpijUl
2023,10.1109/TVCG.2023.3327107,10297590,J,Equations,7,tvcg_2023_3327107_eq_7.png,5,462,533,1178,603,2352,3213,0.918,8,"\begin{equation*}L_{i}(x,\vec{\omega})=10^{-L_{i}^{\prime}(x,\vec{\omega})\cdot\psi}\tag{7}\end{equation*}",1sqWLWY8M6HB-FwS4Cn_Edw6WUsS63IWj
2023,10.1109/TVCG.2023.3327107,10297590,J,Algorithms,2,tvcg_2023_3327107_alg_2.png,5,1211,1825,2271,2358,2352,3213,1.0,1,,1gQHjT6V7_o1JvLeieZZ2DMufKPz0ph0O
2023,10.1109/TVCG.2023.3327107,10297590,J,Equations,8,tvcg_2023_3327107_eq_8.png,6,350,2696,1140,2824,2352,3213,0.95,8,\begin{equation*}L=\frac{1}{SPP}\sum\limits_{k=1}^{SPP}w_{d}L_{d_{k}}+w_{i}\sigma_{s_{k}}L_{i_{k}}^{pred}\tag{8}\end{equation*},151Gmrm4ina521AG7CSbuEbXXmxJ_NDvG
2023,10.1109/TVCG.2023.3327107,10297590,J,Table,1,tvcg_2023_3327107_table_1.png,7,112,2082,1181,2358,2352,3213,0.975,2,Table 1: Example of a four-step staggered KNN schedule. Values shown here were used to conduct the training in figure 7.,1ja3fZ1lPgza3h0Au7ilKKmYunTSSzK3I
2023,10.1109/TVCG.2023.3327107,10297590,J,Table,2,tvcg_2023_3327107_table_2.png,9,115,270,2276,780,2352,3213,0.967,2,"Table 2: Render timings averaged over a screen-filling, 2000-frame fly-through sequence. We compare our photon field renderer against a conventional path tracer. Values for $L$ include additional time for ray generation and other smaller processes.",1zlXHQZM9NNMuI5D1masA_e2kM842tlrf
2023,10.1109/TVCG.2023.3326941,10298040,J,Table,1,tvcg_2023_3326941_table_1.png,3,1266,224,2214,756,2352,3213,0.961,7,Table 1: Texture properties with examples.,1E9GcNnsrtiwZRwnlZN6MT_mjsWJH6OHm
2023,10.1109/TVCG.2023.3326941,10298040,J,Table,2,tvcg_2023_3326941_table_2.png,6,1174,251,2236,715,2352,3213,0.894,7,"Table 2: BeauVis score with distribution, # ranked first (total: 53), and vibratory score for geom. Bars BG1–4 (left-right; larger in ??).",1w-kOb6SyESphOdUGwDx65joKkULDBx6O
2023,10.1109/TVCG.2023.3326941,10298040,J,Table,3,tvcg_2023_3326941_table_3.png,6,1173,836,2237,1305,2352,3213,0.859,7,"Table 3: BeauVis score with distribution, # ranked first (total: 53), and vibratory score for iconic bars BI1–4 (left-right; larger in ??).",1IjLrwK541iM2SkPoxI5d1WhsCLTI8TFi
2023,10.1109/TVCG.2023.3326941,10298040,J,Table,4,tvcg_2023_3326941_table_4.png,6,1174,1414,2236,1928,2352,3213,0.76,7,"Table 4: BeauVis score with distribution, # ranked first (total: 44), and vibratory score for geometric pies PG1–4 (left-right; larger in ??).",1O0YizCkNHw4VyPCyDH6OFIYh29oPCbil
2023,10.1109/TVCG.2023.3326941,10298040,J,Table,5,tvcg_2023_3326941_table_5.png,7,115,250,1177,760,2352,3213,0.376,7,"Table 5: BeauVis score with distribution, # ranked first (total: 44), and vibratory score for iconic pies PI1–4 (left-right; larger in ??).",1sk8hVYEHjvH3KLYEu1am4kznTP7a_JUR
2023,10.1109/TVCG.2023.3326941,10298040,J,Table,6,tvcg_2023_3326941_table_6.png,7,116,879,1178,1388,2352,3213,0.799,7,"Table 6: BeauVis score with distribution, # ranked first (total: 53), and vibratory score for geometric maps MG1–4 (left-right; larger in ??).",1Pg3wdSYlXyxh4YZup1oJwzBAX49-eht4
2023,10.1109/TVCG.2023.3326941,10298040,J,Table,7,tvcg_2023_3326941_table_7.png,7,115,1507,1178,2399,2352,3213,0.638,7,"Table 7: BeauVis score with distribution, # ranked first (total: 53), and vibratory score for iconic maps MI1–4 (left-right; larger in ??).",1SzeBIOtq6ihlH7VHUob7yz0wrIwuFzb5
2023,10.1109/TVCG.2023.3326919,10294209,J,Table,1,tvcg_2023_3326919_table_1.png,3,217,154,2169,1120,2352,3213,0.968,3,"Table 1: List of visualization sources, their topics, and the respective number of visualizations from the full corpus (500) / subset (100).",1HS5VNoMGEaALyRU4kA6eCV11zCzmEmwQ
2023,10.1109/TVCG.2023.3326919,10294209,J,Table,2,tvcg_2023_3326919_table_2.png,4,81,152,2241,976,2352,3213,0.956,3,"Table 2: Summary of classified chart elements, properties, attributes.",1g7oucoUsMZ9HNuntsS-dVXJQuo0huIOl
2023,10.1109/TVCG.2023.3326919,10294209,J,Table,3,tvcg_2023_3326919_table_3.png,5,1367,1164,2123,1671,2352,3213,0.92,3,Table 3: Descriptive elements to parse in free recall verbiage.,1XPY6Rpez-zHdqdhLm2UVVmPbqV-Oy6ze
2023,10.1109/TVCG.2023.3326523,10292709,J,Table,1,tvcg_2023_3326523_table_1.png,4,86,233,1127,379,2352,3213,0.952,5,Table 1: Total usage of the line attributes during the drawing study.,136nACK_H7Tl2wkUmXFM63yeyjBd384kU
2023,10.1109/TVCG.2023.3326523,10292709,J,Table,2,tvcg_2023_3326523_table_2.png,4,196,494,1014,997,2352,3213,0.863,5,Table 2: Types of dashing used in the drawing study.,1e90uKDt62ixr5jwqJueyMib7kUsFB8bO
2023,10.1109/TVCG.2023.3326523,10292709,J,Table,3,tvcg_2023_3326523_table_3.png,5,1254,231,2220,1978,2352,3213,0.972,5,Table 3: Standard and test levels of the JND study.,1HcnSTMdDFY-axOgGgmBK5yjzYnemoiRT
2023,10.1109/TVCG.2023.3326523,10292709,J,Table,4,tvcg_2023_3326523_table_4.png,8,251,232,2051,579,2352,3213,0.955,5,Table 4: Perceptually distinct line attribute levels as derived from the results of the JND study.,1o2ZBwuLbkFF3m8AsER2fROgYfLSNTE8r
2023,10.1109/TVCG.2023.3326523,10292709,J,Table,5,tvcg_2023_3326523_table_5.png,8,212,2752,1009,3058,2352,3213,0.967,5,Table 5: Spearman's rank correlation coefficient for the level evaluations with 95% confidence intervals of the mean computed with the bootstrap percentile method.,1pmloaEel93H_k6oIRz6sc_YN9d00UUsc
2023,10.1109/TVCG.2023.3326574,10292705,J,Table,1,tvcg_2023_3326574_table_1.png,6,1334,274,2067,508,2352,3213,0.975,2,Table 1: The variables for the best fit sigmoid function with the corresponding rmse.,196np_C20hKO6nyf0YsiFgqSc5UJR1wEl
2023,10.1109/TVCG.2023.3326574,10292705,J,Table,2,tvcg_2023_3326574_table_2.png,6,1228,662,2171,897,2352,3213,0.969,2,Table 2: Five perceptually uniform density levels generated with our reparameterization.,1AsJYu7E93xCp1Ig5l9Q5JnN1NJeKdrnw
2023,10.1109/TVCG.2023.3326574,10292705,J,Equations,1,tvcg_2023_3326574_eq_1.png,6,1478,1766,1932,1881,2352,3213,0.945,2,"\begin{equation*}f(x)= \frac{1}{1+\left(\frac{1}{a}-1\right)\left(\frac{1}{x}-1\right)^{b}},\end{equation*}",1Bb1C5URaa4MUbnSYPnchV_j4JHowL110
2023,10.1109/TVCG.2023.3326574,10292705,J,Equations,2,tvcg_2023_3326574_eq_2.png,6,1513,2213,1894,2354,2352,3213,0.951,2,\begin{equation*}f^{-1}(x)= \frac{1}{1+\sqrt[b]{\frac{a(x-1)}{x(a-1)}}}\end{equation*},1FoL6ZtZJ1jTaa0dBSJNSoomuD4LvCYQJ
2023,10.1109/TVCG.2023.3326526,10290925,J,Equations,1,tvcg_2023_3326526_eq_1.png,2,1251,1918,2156,1983,2352,3213,0.937,1,"\begin{equation*}
\langle s, m\rangle\in\mathcal{G} \Longleftrightarrow \exists u\in \mathcal{N}(s,\mathcal{K}): f(u) > f(s)\wedge d(u)=m.
\end{equation*}",1HoT5oP3oAcyC2ZkPtTbAyXqRV82FBkLn
2023,10.1109/TVCG.2023.3326526,10290925,J,Algorithms,1,tvcg_2023_3326526_alg_1.png,4,81,1869,1141,2380,2352,3213,1.0,0,,1R2bzpNfZbWKAJtDI2zGzUbnR5vthAZbW
2023,10.1109/TVCG.2023.3326526,10290925,J,Algorithms,2,tvcg_2023_3326526_alg_2.png,4,1175,1438,2235,2422,2352,3213,1.0,0,,1icQD7p7A4NDg6zUIRbfk4sRTZDfsgsmH
2023,10.1109/TVCG.2023.3326526,10290925,J,Algorithms,3,tvcg_2023_3326526_alg_3.png,5,118,154,1178,1064,2352,3213,1.0,0,,1JlobMi_0yRJ-hcwxjW6qhfu7TBFiV84s
2023,10.1109/TVCG.2023.3326526,10290925,J,Algorithms,4,tvcg_2023_3326526_alg_4.png,5,1213,154,2273,851,2352,3213,1.0,0,,1xkWUjEKR6GS5Rnzm1kV4c0sdprpDOBTv
2023,10.1109/TVCG.2023.3326526,10290925,J,Algorithms,5,tvcg_2023_3326526_alg_5.png,6,1175,187,2235,3059,2352,3213,1.0,0,,1qR6L5I7dDPNY7DtUUprVUQ85B3fxcuSa
2023,10.1109/TVCG.2023.3326526,10290925,J,Algorithms,6,tvcg_2023_3326526_alg_6.png,7,118,154,1178,1039,2352,3213,1.0,0,,1Ae6G7SyQp-xAYC0iYbVzcUce6tgi0CyU
2023,10.1109/TVCG.2023.3326526,10290925,J,Table,1,tvcg_2023_3326526_table_1.png,9,351,434,2024,1519,2352,3213,0.981,2,"Table 1: Timing results of our experiments first grouped by dataset, and then by algorithm. The third column reports the total runtime speedup (SU) of ExTreeM over the current algorithm for 56 threads. The remaining columns show, per thread count, the total runtime of the two merge tree computations and augmentations in seconds. Datasets were downloaded from the OSV data [22] repository, and the last two datasets correspond to generated perlin noise. For each dataset we provide the original size, as well as the relative size of the extremum graph (percentages). The results show that PPP is always faster than FTM-tree (at scale), and that ExTreeM is always faster than ppp. In the best case, ExTreeM is up to an order of magnitude faster than PPP (blue). Even for the Perlin noise dataset, which corresponds to the class of worst-case inputs, ExTreeM still outperforms PPP, but not by much (red). For some datasets the FTM-tree computations ran out of memory and are therefore missing from the table.",1NQBTzDCsSttLg5hbO7OvyWKXUnCZBlsJ
2023,10.1109/TVCG.2023.3326526,10290925,J,Table,2,tvcg_2023_3326526_table_2.png,9,133,2325,1169,2558,2352,3213,1.0,2,"Table 2: Detailed timing comparison between ExTreeM and PPP based on their subroutines for the jet in crossflow dataset [18] (top group), and the Richtmyer-Meshkov instability dataset [10] (bottom group). Subroutines of both algorithms do not match perfectly, but rough comparisons are possible. In the path compression subroutine both algorithms derive the ascending and descending manifold (for ExTreeM this requires executing 2×alg. 2). Then, in the extremum graph step, ExTreeM derives the extremum graph (2×alg. 3+2×alg. 4), and PPP derives a similar (yet much larger) data structure called the topology graph [5]. Then, ExTreeM performs the actual merge tree computations (2×alg. 5), and PPP performs its main procedure. In the final step ExTreeM derives both merge tree augmentations (2×alg. 6), while PPP computes the contour tree, the hyperstructure, and the contour tree augmentation. The table shows that even if we exclude the augmentation step, ExTreeM still exhibits strong speedups over ppp; in particular for the merge tree computation (blue). However, the merge tree computation also exhibits the worst scaling behavior of all subroutines (red).",1F0RjG3a0lhdeBWMIF26vUUqys-yScD6g
2023,10.1109/TVCG.2023.3327203,10308617,J,Algorithms,1,tvcg_2023_3327203_alg_1.png,4,93,168,1074,509,2352,3213,1.0,0,,1u8rZ9__BtIBuJ9Fvo2PTtzWaf60ZKhuu
2023,10.1109/TVCG.2023.3327203,10308617,J,Table,1,tvcg_2023_3327203_table_1.png,6,162,144,1060,467,2352,3213,0.921,1,Table 1: Results of the ICE-T evaluation with visualization experts. Responses were on a 7-point likert scale. A total mean greater than five (small bar) is considered a success.,1x01fmTBooofy9pSdeg0J2AhSeLQ0BKcu
2023,10.1109/TVCG.2023.3326597,10290968,J,Equations,1,tvcg_2023_3326597_eq_1.png,3,1406,1692,2297,1810,2352,3213,0.946,12,"\begin{equation*}\Vert I_{c}-I_{e}\Vert+\lambda_{1}\sum\limits_{k=1}^{K}\left\Vert I_{d}^{k}-I_{d}^{\prime k}\right\Vert+\lambda_{2}\left\Vert I_{qr}-I_{qr}^{\prime}\right\Vert,\tag{1}\end{equation*}",1Jj-7UaMW8a5L8bwTOzLeKxhHESxtGc0E
2023,10.1109/TVCG.2023.3326597,10290968,J,Table,1,tvcg_2023_3326597_table_1.png,4,125,2204,1087,2456,2352,3213,0.974,6,Table 1: Properties of QR code version 40,1ATb46YrrIkQP3m4k1LIQBtoLDE9ar0I-
2023,10.1109/TVCG.2023.3326597,10290968,J,Equations,2,tvcg_2023_3326597_eq_2.png,5,454,485,1159,583,2352,3213,0.944,12,"\begin{equation*}\hat{P}=\{\frac{p_{i}-m_{i}}{M_{i}-m_{i}}\}_{i=1}^{N},\tag{2}\end{equation*}",1LnnpabNLklWQ5FFeCNFnzVcqAMUHfrhK
2023,10.1109/TVCG.2023.3326597,10290968,J,Equations,3,tvcg_2023_3326597_eq_3.png,5,285,2335,1158,2439,2352,3213,0.945,12,"\begin{equation*}p_{i}= \frac{K-i+1}{K+1}p_{a}+\frac{i}{K+1}p_{b},\ i=1,2\ldots K,\tag{3}\end{equation*}",1gI60t3AZWk7n_OoaWy37B245ArKDnkZS
2023,10.1109/TVCG.2023.3326597,10290968,J,Algorithms,1,tvcg_2023_3326597_alg_1.png,5,1192,816,2295,2019,2352,3213,1.0,1,Algorithm 1 DTOI Algorithm for Discrete Data,16Xy9pJL1yPOZUqzLdB2FO5JWdms88vtS
2023,10.1109/TVCG.2023.3326597,10290968,J,Equations,4,tvcg_2023_3326597_eq_4.png,6,1430,1297,2297,1371,2352,3213,0.928,12,"\begin{equation*}(x_{carrier}^{i},x_{secret}^{i})=iConv(a_{carrier}^{i},a_{secret}^{i}),\tag{4}\end{equation*}",1SZZOyysnN-e94RSmLwhPqBC0XYuQJzN8
2023,10.1109/TVCG.2023.3326597,10290968,J,Equations,5,tvcg_2023_3326597_eq_5.png,6,1371,1490,2297,1630,2352,3213,0.941,12,"\begin{align*}
&a_{carrier}^{i+1}= x_{carrier}^{i}+\phi(x_{secret}^{i}),\\
&a_{secret}^{i+1}= x_{secret}^{i}\odot exp(\rho(a_{carrier}^{i+1}))+\eta(a_{carrier}^{i+1}),\tag{5}
\end{align*}",1g2QsDTnXKPqVBVQqJT86MMVWNHQoioXI
2023,10.1109/TVCG.2023.3326597,10290968,J,Equations,6,tvcg_2023_3326597_eq_6.png,6,1412,1911,2297,1986,2352,3213,0.937,12,"\begin{equation*}(a_{carrier}^{i},a_{secret}^{i})=iConv^{-1}(x_{carrier}^{i},x_{secret}^{i}),\tag{6}\end{equation*}",1Ajh1G2hyhKg-SWMUn8Z0tyFbVyFgPA1e
2023,10.1109/TVCG.2023.3326597,10290968,J,Equations,7,tvcg_2023_3326597_eq_7.png,6,1347,2036,2297,2177,2352,3213,0.94,12,"\begin{align*}
&x_{secret}^{i}=(a_{secret}^{i+1}-\eta(a_{carrier}^{i+1}))\odot exp(-\rho(a_{carrier}^{i+1})),\\
&x_{carrier}^{i}=a_{carrier}^{i+1}-\phi(x_{secret}^{i}),\tag{7}
\end{align*}",18SbHx6QBYCCGEqnxJYZpxJM4sqktu2IN
2023,10.1109/TVCG.2023.3326597,10290968,J,Equations,8,tvcg_2023_3326597_eq_8.png,6,1554,2996,2297,3061,2352,3213,0.92,12,"\begin{equation*}\mathscr{L}_{enc}=\mathscr{L}_{mse}+\alpha \mathscr{L}_{freq},\tag{8}\end{equation*}",1Mz0y5y8l6MQ579qtfAoXUz7O_efP6MsQ
2023,10.1109/TVCG.2023.3326597,10290968,J,Equations,9,tvcg_2023_3326597_eq_9.png,7,319,910,1158,978,2352,3213,0.93,12,"\begin{equation*}\mathscr{L}_{freq}=\mathscr{L}_{mse}(W(I_{carrier})_{l},W(I_{enc})_{l}).\tag{9}\end{equation*}",19OJ0sP7u5NqDsnuxtRX7GwisB3g3NfM8
2023,10.1109/TVCG.2023.3326597,10290968,J,Equations,10,tvcg_2023_3326597_eq_10.png,7,201,1152,1159,1279,2352,3213,0.95,12,"\begin{equation*}\mathscr{L}_{res}=\sum\limits_{i=1}^{N}(\mathscr{L}_{L1}(I_{secret}^{\prime i},I_{secret}^{i})+\mathscr{L}_{mse}(I_{secret}^{\prime i},I_{secret}^{i})),\tag{10}\end{equation*}",11fQrPxIwUDxNw37XPFXVuuys3ejbmGS1
2023,10.1109/TVCG.2023.3326597,10290968,J,Equations,11,tvcg_2023_3326597_eq_11.png,7,218,1470,1159,1535,2352,3213,0.923,12,"\begin{equation*}\mathscr{L}_{total}=\mathscr{L}_{enc}+\beta\mathscr{L}_{res}=\mathscr{L}_{mse}+\alpha \mathscr{L}_{freq}+\beta\mathscr{L}_{res},\tag{11}\end{equation*}",1PVFUIbOwgBj0nHINtJinZBvQic9TWJyq
2023,10.1109/TVCG.2023.3326597,10290968,J,Table,2,tvcg_2023_3326597_table_2.png,8,1226,2774,2254,2983,2352,3213,0.971,6,Table 2: Ablation experiment results of different metrics,1c7YZgPM0FhB4ArUZI73ckz9uoRfRALvH
2023,10.1109/TVCG.2023.3326597,10290968,J,Table,3,tvcg_2023_3326597_table_3.png,9,111,1375,1098,1627,2352,3213,0.976,6,Table 3: Steganography quality under different values of $K$,1O029i64oRKDfonHvLSqzPTJH3z_U3rvb
2023,10.1109/TVCG.2023.3326597,10290968,J,Table,4,tvcg_2023_3326597_table_4.png,9,89,2168,1126,2376,2352,3213,0.88,6,Table 4: Comparision of our model with other methods,1_D5n8xpEXrCwR6H3jqC_PEvVMMYi-xvc
2023,10.1109/TVCG.2023.3326597,10290968,J,Equations,12,tvcg_2023_3326597_eq_12.png,9,429,2827,1159,2924,2352,3213,0.884,12,"\begin{equation*}BPP(I)= \frac{L}{C\times H\times W},\tag{12}\end{equation*}",15qBhXqV6o5A_2Jp4af3HnVEBzAA_J-m6
2023,10.1109/TVCG.2023.3326597,10290968,J,Table,5,tvcg_2023_3326597_table_5.png,9,1209,1080,2278,1289,2352,3213,0.974,6,Table 5: Steganography capacity compared with VisCode,1642Y4oNC_JHhiyRYWoc5nfxCl5G4V5yV
2023,10.1109/TVCG.2023.3326597,10290968,J,Table,6,tvcg_2023_3326597_table_6.png,9,1276,1579,2201,1786,2352,3213,0.978,6,Table 6: Steganography quality under different BPP levels,1GgJ5IsaHhdNR1LsE6JSdrj1xI89nalsy
2023,10.1109/TVCG.2023.3327389,10297593,J,Equations,1,tvcg_2023_3327389_eq_1.png,4,1379,1234,2235,1358,2352,3213,0.95,3,"\begin{equation*}ACF(X^{s},m)= \frac{\sum\nolimits_{t=1}^{n}(X_{t}^{s}-\bar{X^{s}})(X_{t-m}^{s}-\bar{X^{s}})}{\sum\nolimits_{t=1}^{n}(X_{t}^{s}-\bar{X^{s}})^{2}},\tag{1}\end{equation*}",1Ie3-78cKBECrnWbz6BclWo1BvO0QKbWb
2023,10.1109/TVCG.2023.3327389,10297593,J,Equations,2,tvcg_2023_3327389_eq_2.png,4,1360,2853,2235,2918,2352,3213,0.918,3,"\begin{equation*}y_{i}=y_{base}+f(X_{i},1)+f(X_{i},2)+\cdots+f(X_{i},k),\tag{2}\end{equation*}",1cXvj9tGShDtzgAiUuc0Zpsm_ARrNUiR8
2023,10.1109/TVCG.2023.3327389,10297593,J,Equations,3,tvcg_2023_3327389_eq_3.png,5,198,320,1178,444,2352,3213,0.949,3,"\begin{equation*}CORR. = \frac{n\times\sum XY-\sum X\times\sum Y}{\sqrt{(n\times\sum X^{2}-(\sum X)^{2})\times(n\times\sum Y^{2}-(\sum Y)^{2}))}},\tag{3}\end{equation*}",1tx934YGUQQQS1803zqKA7gEiNqlxxZ9x
2023,10.1109/TVCG.2023.3326943,10294211,J,Table,1,tvcg_2023_3326943_table_1.png,7,116,352,1191,727,2352,3213,0.577,1,"Table 1: The model performance results (auc) and inference time (in seconds) under different settings: (a) Using only context features, (b) Using only motion features, (c) Using both context and motion features, and (d) Using both context and motion features without gates.",1J273i5xKaFc3m_VoUbb3U6C6phO4xoSc
2023,10.1109/TVCG.2023.3326936,10294207,J,Table,1,tvcg_2023_3326936_table_1.png,4,85,231,2230,1228,2352,3213,0.98,1,"Table 1: Procedure when analyzing diabetes data, summarized from expert interviews and complementing domain literature.",1G1tj7oT9kBwCeTgoWzjzcwWDZOVBBBVk
2023,10.1109/TVCG.2023.3326939,10330756,J,Equations,1,tvcg_2023_3326939_eq_1.png,3,1460,1749,2273,1811,2352,3213,0.898,4,"\begin{equation*}R1: \{taste, nausea\}\rightarrow\{dryMouth\}\tag{1}\end{equation*}",18hMra0ceav4KBEDpofvcwOEmU_8oY-5i
2023,10.1109/TVCG.2023.3326939,10330756,J,Equations,2,tvcg_2023_3326939_eq_2.png,3,1426,2310,2273,2397,2352,3213,0.93,4,"\begin{equation*}sup(R1)=\frac{\vert \{(taste, nausea)\cup(dryMouth)\}\vert}{\vert S\vert}\tag{2}\end{equation*}",1Y5HEOVpTzktkzbCmbi6lJLQ_Sio8YB69
2023,10.1109/TVCG.2023.3326939,10330756,J,Equations,3,tvcg_2023_3326939_eq_3.png,3,1481,2614,2273,2707,2352,3213,0.942,4,"\begin{equation*}conf(R1)= \frac{sup(R1)}{sup(\{taste, nausea\})}\tag{3}\end{equation*}",1wqMuO9HBojV_ZrUMdmDty_LNxjQenbA7
2023,10.1109/TVCG.2023.3326939,10330756,J,Equations,4,tvcg_2023_3326939_eq_4.png,3,1373,2871,2273,2962,2352,3213,0.925,4,"\begin{equation*}lift(R1)= \frac{sup(R1)}{sup(\{taste, nausea\})\times sup(\{dryMouth\})}\tag{4}\end{equation*}",16XF6WQ5i9cPSgP8u57e09DQMCfWKxJvw
2023,10.1109/TVCG.2023.3326905,10309869,J,Equations,1,tvcg_2023_3326905_eq_1.png,5,1470,871,2012,969,2352,3213,0.953,5,"\begin{equation*}l(\text{minR}_{x})=\frac{2}{1+e^{-k\cdot\min\mathrm{R}_{x}}}-1,\end{equation*}",1s-9jfEqBnRZHgVp4wIvXFBQPbzAYJZC_
2023,10.1109/TVCG.2023.3326905,10309869,J,Equations,2,tvcg_2023_3326905_eq_2.png,5,1490,1171,2273,1296,2352,3213,0.951,5,"\begin{equation*}b(\gamma):=\frac{\sum\nolimits_{x\in\gamma}l(\min \mathrm{R}_{x})}{\vert \gamma\vert}\cdot\frac{t_{\gamma}}{T},\tag{1}\end{equation*}",1Mz3EXrojimfL7g_l6cJUAaAMNkNuPYZK
2023,10.1109/TVCG.2023.3326905,10309869,J,Equations,3,tvcg_2023_3326905_eq_3.png,5,1579,1762,2274,1845,2352,3213,0.935,5,"\begin{equation*}
w(\gamma):=\max\limits_{x\in\gamma}\omega(x), \tag{2}
\end{equation*}",1ttEutMSIEO2q9xvRKV_5J3qWMhCEyzjo
2023,10.1109/TVCG.2023.3326905,10309869,J,Equations,4,tvcg_2023_3326905_eq_4.png,5,1418,2147,2273,2272,2352,3213,0.957,5,"\begin{equation*}s(\gamma):=1-\frac{\sum\nolimits_{x\in\gamma}\Vert J(x)-U(J(x))\Vert}{\vert \gamma\vert},\tag{3}\end{equation*}",1kC93WWvkLr74-1ERVIoOB2joVYqWdfka
2023,10.1109/TVCG.2023.3326905,10309869,J,Equations,5,tvcg_2023_3326905_eq_5.png,6,1351,1659,2058,1787,2352,3213,0.949,5,"\begin{equation*}r_{xy}=\frac{\sum\nolimits_{i=1}^{n}(x_{i}-\bar{x})(y_{i}-\bar{y})}{\sqrt{\sum\nolimits_{i=1}^{n}(x_{i}-\bar{x})^{2}}\sqrt{\sum\nolimits_{i=1}^{n}(y_{i}-\bar{y})^{2}}},\end{equation*}",1nQPMVoOQOi8saA_yWohDLpz7BQ1ghuic
2023,10.1109/TVCG.2023.3326905,10309869,J,Table,1,tvcg_2023_3326905_table_1.png,8,94,1021,1127,1288,2352,3213,0.975,2,Table 1: Annually averaged metrics for tcs detected by tempestextremes and TROPHY relative to the reference (IBTrACS).,1tIeU3RvKZ_ECMKZ5-uEr5poLBMMB7BQa
2023,10.1109/TVCG.2023.3326905,10309869,J,Table,2,tvcg_2023_3326905_table_2.png,8,1171,1020,2259,1286,2352,3213,0.976,2,Table 2: Spatial correlation for TCs detected by TempestExtremes and TROPHY with the reference (IBTrACS).,1EvNAaQj5bMZ22RJSwTOZi0QZ7BfqsGYc
2023,10.1109/TVCG.2023.3327403,10309981,J,Equations,1,tvcg_2023_3327403_eq_1.png,2,1489,1794,1915,1928,2352,3213,0.948,13,,1yx5hwjKqft_GOGzEmpO8xItIUc6qlLqm
2023,10.1109/TVCG.2023.3327403,10309981,J,Equations,2,tvcg_2023_3327403_eq_2.png,3,1524,855,1959,979,2352,3213,0.942,13,,1q65KAW17GWBzEBJw2voSnVuMglIYSsNM
2023,10.1109/TVCG.2023.3327403,10309981,J,Equations,3,tvcg_2023_3327403_eq_3.png,3,1482,1734,1996,1872,2352,3213,0.948,13,,1xgiu9JvaseFU8fFK-tyN1CtI7hp8PWgL
2023,10.1109/TVCG.2023.3327403,10309981,J,Equations,4,tvcg_2023_3327403_eq_4.png,4,412,574,810,636,2352,3213,0.917,13,,1hjyZV5N4RxyGhOPB7RnmByF4V7w4EPaz
2023,10.1109/TVCG.2023.3327403,10309981,J,Equations,5,tvcg_2023_3327403_eq_5.png,4,486,1089,731,1204,2352,3213,0.934,13,,1UaQ6OrMgfpNW-_c57fLV9KHUtSh6fl0e
2023,10.1109/TVCG.2023.3327403,10309981,J,Equations,6,tvcg_2023_3327403_eq_6.png,4,382,2601,834,2739,2352,3213,0.952,13,,1mlhNoIk50Y674_HRpxvTQB8TcAP7cQbb
2023,10.1109/TVCG.2023.3327403,10309981,J,Equations,7,tvcg_2023_3327403_eq_7.png,4,1541,662,1867,754,2352,3213,0.913,13,,14nKOJCr6hw9sxTTNZIHgyD8j6XBjKQah
2023,10.1109/TVCG.2023.3327403,10309981,J,Equations,8,tvcg_2023_3327403_eq_8.png,4,1519,2864,1889,2955,2352,3213,0.888,13,,1UR9iQp7j187twqy4H9hunfGkgD8ij9vs
2023,10.1109/TVCG.2023.3327403,10309981,J,Equations,9,tvcg_2023_3327403_eq_9.png,5,328,855,963,924,2352,3213,0.922,13,,1PKJmid8o1c2POCKrTOdsUn9Hj-c_QTt6
2023,10.1109/TVCG.2023.3327403,10309981,J,Equations,10,tvcg_2023_3327403_eq_10.png,5,466,1053,828,1174,2352,3213,0.772,13,,1Rs8jUj6030SLL8y6tAafhCA0cnCGp7Yg
2023,10.1109/TVCG.2023.3327403,10309981,J,Equations,11,tvcg_2023_3327403_eq_11.png,5,244,1559,1052,1689,2352,3213,0.94,13,,1APVrRCCrEfFb7lDQCQBFPIblqHhpK1Vm
2023,10.1109/TVCG.2023.3327403,10309981,J,Equations,12,tvcg_2023_3327403_eq_12.png,5,120,2406,1173,2469,2352,3213,0.635,13,,1OGkdWsuRr2Epvt3TjpgcCN4KNngPKuF0
2023,10.1109/TVCG.2023.3327403,10309981,J,Equations,13,tvcg_2023_3327403_eq_13.png,5,200,2482,1095,2546,2352,3213,0.852,13,,1-rnQFmIyaEvAm6-axmrA866owWt3kasq
2023,10.1109/TVCG.2023.3327403,10309981,J,Equations,14,tvcg_2023_3327403_eq_14.png,5,1355,1310,2121,1498,2352,3213,0.938,13,,1zzo7AFRVNnRhzWEEJscDKGR4vvj5pSnA
2023,10.1109/TVCG.2023.3327182,10302662,J,Table,1,tvcg_2023_3327182_table_1.png,5,1217,458,2264,863,2352,3213,0.853,1,"Table 1: Overview of the experimental datasets, including the number of vertices $\vert V\vert$, edges $\vert E\vert$, triangles $\vert F\vert$, and tetrahedra $\vert T\vert$. The type field indicates whether the dataset was originally a volume image (Regular) or points are irregularly distributed within the domain (Irregular).",15m4JNpww94SKq9lnKlK7zFV27z9LUFJT
2023,10.1109/TVCG.2023.3327396,10305427,J,Table,1,tvcg_2023_3327396_table_1.png,4,78,223,1151,497,2352,3213,0.974,2,Table 1: Description of streamed data from HoloLens 2 visual sensors.,1Z54OYuZlsJbMlK0nEfX9QNhlsjqOYhBV
2023,10.1109/TVCG.2023.3327396,10305427,J,Table,2,tvcg_2023_3327396_table_2.png,8,1175,263,2228,447,2352,3213,0.97,2,Table 2: Accuracy of the old and new version of the reasoning module for recognizing the steps of the recipe.,1TeyOQqUs6AfK14rQRwFR6tcr6ku_ZnSb
2023,10.1109/TVCG.2023.3327398,10297565,J,Table,1,tvcg_2023_3327398_table_1.png,7,131,153,2257,745,2352,3213,0.981,1,"Table 1: Twelve possible configurations of the three situatedness dimensions (view placement, spatial coordinate frame, view coordinate frame). For each configuration, a possible visualization is given with corresponding pattern(s) and a non-exhaustive set of example references.",1APw7JYShT16cepc0JfdWDXs2UtUs1Ojm
2023,10.1109/TVCG.2023.3327361,10296000,J,Table,1,tvcg_2023_3327361_table_1.png,6,86,270,2228,854,2352,3213,0.981,1,"Table 1: Summary of all 14 design space dimensions. The dimensions are splitted into the three categories of column 1. Their name appears column 2, followed by a synthetized descriptions of each column 3 and the different values they can take column 4.",1GEkS70kGQrz2wTpVeU7qluGHwph_FWRl
2023,10.1109/TVCG.2023.3326568,10290983,J,Equations,1,tvcg_2023_3326568_eq_1.png,3,555,2465,1177,2530,2352,3213,0.921,5,,1SmljVQitcHC9TBOLUh9j2S1WJytwI9ec
2023,10.1109/TVCG.2023.3326568,10290983,J,Equations,2,tvcg_2023_3326568_eq_2.png,3,315,2870,1176,2951,2352,3213,0.925,5,,12OBchYTrbM5inqkDnBMEVHFepnAJ7Bwl
2023,10.1109/TVCG.2023.3326568,10290983,J,Equations,3,tvcg_2023_3326568_eq_3.png,4,145,2472,1075,2706,2352,3213,0.943,5,,1DaZpCTBCU1WP-PLB0uZuzgnEe8a9Bza6
2023,10.1109/TVCG.2023.3326568,10290983,J,Equations,4,tvcg_2023_3326568_eq_4.png,5,227,1103,1055,1450,2352,3213,0.827,5,,143GEzpsFL4gpkf8XZggF3LmCMBAv_7w3
2023,10.1109/TVCG.2023.3326568,10290983,J,Table,1,tvcg_2023_3326568_table_1.png,5,1209,1085,2273,1260,2352,3213,0.97,3,Table 1: Statistics of scenes in the two datasets.,1Wp4PepAwo1rD_a6pb65cye_uVil4y1B3
2023,10.1109/TVCG.2023.3326568,10290983,J,Equations,5,tvcg_2023_3326568_eq_5.png,6,319,198,1138,335,2352,3213,0.896,5,,1w8fcQ4oYSITDNGv-gMXJzVOAMn3VTwJl
2023,10.1109/TVCG.2023.3326568,10290983,J,Equations,6,tvcg_2023_3326568_eq_6.png,6,307,339,1138,476,2352,3213,0.922,5,,1PWn3GwyBpSETnLnvsodYUkw-o2td5cuP
2023,10.1109/TVCG.2023.3326568,10290983,J,Table,2,tvcg_2023_3326568_table_2.png,7,162,244,1125,532,2352,3213,0.971,3,"Table 2: Performance of three methods in reducing occlusion, line intersections, and extra movement distance of the labels.",1CbQtGcQpJpB1bVwbex0Yv2mqyD7DuWA-
2023,10.1109/TVCG.2023.3326568,10290983,J,Table,3,tvcg_2023_3326568_table_3.png,8,82,2821,1129,3084,2352,3213,0.972,3,Table 3: Accuracy per method per task on the two datasets.,14wHL9ZLjNSI9yo-cJMZjx7nL059RqwRJ
2023,10.1109/TVCG.2023.3327371,10296529,J,Equations,1,tvcg_2023_3327371_eq_1.png,4,1349,995,2235,1121,2352,3213,0.952,3,\begin{equation*}L=\frac{1}{b}\sum\limits_{i=0}^{b-1}(-\log D(I_{pred}^{i})+\lambda_{1}\Vert I_{pred}^{i}-I_{GT}^{i}\Vert_{1})\tag{1}\end{equation*},1vmZRUJR6GhWLIhGwDfGMGrVDGewR7sE7
2023,10.1109/TVCG.2023.3327371,10296529,J,Equations,2,tvcg_2023_3327371_eq_2.png,4,1344,1436,2235,1561,2352,3213,0.948,3,\begin{equation*}L_{D}=- \frac{1}{b}\sum\limits_{i=0}^{b-1}(\log D(I_{GT}^{i})+\log(1-D(I_{pred}^{i})))\tag{2}\end{equation*},1mKlGC37Lh9iVR3nn5cH8NA8HtnBDjjtn
2023,10.1109/TVCG.2023.3327371,10296529,J,Equations,3,tvcg_2023_3327371_eq_3.png,6,1525,1705,2235,1770,2352,3213,0.916,3,\begin{equation*}T_{new}=T_{raw}+\lambda_{2}\ast T_{dir}\tag{3}\end{equation*},14POUelXGj1frY1zHovGcxMcFJ8md2zZB
2023,10.1109/TVCG.2023.3327193,10299573,J,Algorithms,1,tvcg_2023_3327193_alg_1.png,6,1174,168,2234,1945,2352,3213,1.0,0,,1OTMaDU6Hy2zqi3V2bdGZsCG_HW-ZNqTU
2023,10.1109/TVCG.2023.3327193,10299573,J,Table,1,tvcg_2023_3327193_table_1.png,8,78,291,2238,1560,2352,3213,0.978,1,"Table 1: Performance evaluation of our method for several data sets. We list the general information about the data set and the results of our benchmarks. Note that the data size is the size of the uncompressed volume, not the OME-zarr data set we converted them to. We compare our method against a multi-resolution multi-channel page table (MRMCPT) only, and an octree-based approach. Bold font is best.",1vg5lSuwZ7PESThfl3dyiv73WpO2k6any
2024,10.1109/TVCG.2024.3456306,10684132,J,Equations,1,tvcg_2024_3456306_eq_1.png,2,461,2292,753,2451,2352,3213,0.947,3,"\begin{equation*}
P=\begin{bmatrix}
0 & 1 & 0 \\ 0 & \frac{2}{3} & \frac{1}{3} \\ \frac{1}{2} & \frac{1}{2} & 0\end{bmatrix}\end{equation*}",17uFLBbkbWsP-wZWkjCTpB_lcqUCnrq8j
2024,10.1109/TVCG.2024.3456306,10684132,J,Equations,2,tvcg_2024_3456306_eq_2.png,2,528,2730,693,2788,2352,3213,0.877,3,"\begin{equation*}\pi\cdot \mathbf{P}=\pi,\end{equation*}",1h-K68dgShDCo7TAXuVur66gnTihn72o5
2024,10.1109/TVCG.2024.3456306,10684132,J,Equations,3,tvcg_2024_3456306_eq_3.png,6,465,1880,751,1946,2352,3213,0.917,3,"\begin{equation*}\vert F_{x}\vert= k_{x} \cdot\langle E, \hat{F}_{x}\rangle. \end{equation*}",1FeCARpKjFqSjVo8JB0n8-EagOzfT1Fuw
2024,10.1109/TVCG.2024.3456329,10689477,J,Table,1,tvcg_2024_3456329_table_1.png,8,1209,2498,2201,2871,2352,3213,0.955,2,,1niZJ9JpzzLBIkfAFpIWcydWc3558bV3O
2024,10.1109/TVCG.2024.3456384,10670135,J,Equations,1,tvcg_2024_3456384_eq_1.png,2,182,377,1152,538,2352,3213,0.95,60,,12IizkMfecxu4lXH_3tJKBpTx1pSy1qmH
2024,10.1109/TVCG.2024.3456384,10670135,J,Equations,2,tvcg_2024_3456384_eq_2.png,2,97,624,1137,783,2352,3213,0.957,60,,10c49z8PkG4d9n0xsoO5j_2CjczK6lR61
2024,10.1109/TVCG.2024.3456384,10670135,J,Equations,3,tvcg_2024_3456384_eq_3.png,2,344,924,1150,1000,2352,3213,0.541,60,,1oJM6UFRqbIu55bEgkBP0rO9zWpjGhTgI
2024,10.1109/TVCG.2024.3456384,10670135,J,Equations,4,tvcg_2024_3456384_eq_4.png,2,102,1169,1150,1329,2352,3213,0.947,60,,1GGNksHt3uA5694PpYbdKTw36jSxLOMWo
2024,10.1109/TVCG.2024.3456384,10670135,J,Equations,5,tvcg_2024_3456384_eq_5.png,2,406,1417,1149,1532,2352,3213,0.941,60,,1qkrY_QIAV6UUgBDE465rWBELE44ayXSM
2024,10.1109/TVCG.2024.3456384,10670135,J,Equations,6,tvcg_2024_3456384_eq_6.png,2,446,1623,1149,1686,2352,3213,0.918,60,,1RSmoMlGs56PipIrrvOQtCKxLqsvDbIln
2024,10.1109/TVCG.2024.3456384,10670135,J,Equations,7,tvcg_2024_3456384_eq_7.png,2,1571,2028,2245,2093,2352,3213,0.932,60,,1oyVbwo6H3eeeLSn762cBJ3HcuVvrdO65
2024,10.1109/TVCG.2024.3456384,10670135,J,Equations,8,tvcg_2024_3456384_eq_8.png,2,1377,2228,2244,2293,2352,3213,0.921,60,,11p6Fc9j4aDi5XVxYST4u4lQXjxhqSnLO
2024,10.1109/TVCG.2024.3456384,10670135,J,Equations,9,tvcg_2024_3456384_eq_9.png,2,1574,2384,2244,2450,2352,3213,0.917,60,,1ue1e3c-a11lz83C66lEkb4NyyrH-f5Vi
2024,10.1109/TVCG.2024.3456384,10670135,J,Equations,10,tvcg_2024_3456384_eq_10.png,2,1452,2837,2245,2902,2352,3213,0.929,60,,1bqgmmEt38iJgmCLXAJZ2RRwI7glQB6Fh
2024,10.1109/TVCG.2024.3456384,10670135,J,Equations,11,tvcg_2024_3456384_eq_11.png,2,1433,2993,2245,3059,2352,3213,0.93,60,,1a4OAdiO5GMGHj58JxoHga52_PtJjadRR
2024,10.1109/TVCG.2024.3456384,10670135,J,Equations,12,tvcg_2024_3456384_eq_12.png,3,358,2023,1178,2084,2352,3213,0.926,60,,1NwWz_yyXU5rVeHv0Xbt07vhvwGqi9hTQ
2024,10.1109/TVCG.2024.3456384,10670135,J,Equations,13,tvcg_2024_3456384_eq_13.png,3,186,2297,1179,2359,2352,3213,0.935,60,,1flOpGpRpxQ8L6ZtbMWrKSfPC4U8TEm8W
2024,10.1109/TVCG.2024.3456384,10670135,J,Equations,14,tvcg_2024_3456384_eq_14.png,3,262,2524,1178,2635,2352,3213,0.96,60,,1cJPgqsPPthYEGmnqT6C3rH07c8DFX-2S
2024,10.1109/TVCG.2024.3456384,10670135,J,Equations,15,tvcg_2024_3456384_eq_15.png,3,364,2840,1179,2924,2352,3213,0.934,60,,1I3GgVfbLZ1WlfIcFxshQHiMS0Mk84OWc
2024,10.1109/TVCG.2024.3456384,10670135,J,Equations,16,tvcg_2024_3456384_eq_16.png,3,406,3006,1177,3072,2352,3213,0.933,60,,18sCQdOMjQL63-2xtE3fEjM6q3ffCGNBD
2024,10.1109/TVCG.2024.3456384,10670135,J,Equations,17,tvcg_2024_3456384_eq_17.png,3,1468,497,2274,562,2352,3213,0.935,60,,1ioyWtIDTKiieXwuaDC5baTWwbSwUAnXY
2024,10.1109/TVCG.2024.3456384,10670135,J,Equations,18,tvcg_2024_3456384_eq_18.png,3,1546,783,2274,846,2352,3213,0.922,60,,1BusUG-2IDZDs166yFSoKrl5pTUSETCaI
2024,10.1109/TVCG.2024.3456384,10670135,J,Equations,19,tvcg_2024_3456384_eq_19.png,3,1482,974,2274,1085,2352,3213,0.946,60,,1VBZqaJjRi_yvLeezoBWc20bPDuhPVO1X
2024,10.1109/TVCG.2024.3456384,10670135,J,Equations,20,tvcg_2024_3456384_eq_20.png,3,1441,1473,2274,1584,2352,3213,0.938,60,,1Q2CByRX-uRgve15L3dMuVMaPMm0DdCaJ
2024,10.1109/TVCG.2024.3456384,10670135,J,Equations,21,tvcg_2024_3456384_eq_21.png,3,1270,1708,2274,1822,2352,3213,0.954,60,,1c5EUdJrcR5M-GxSuAD5CHRwZMRNI_vrz
2024,10.1109/TVCG.2024.3456384,10670135,J,Equations,22,tvcg_2024_3456384_eq_22.png,4,336,1149,1140,1260,2352,3213,0.946,60,,1e3ZJ2APe0JslAB12mbwSN5gMfWhH5fN-
2024,10.1109/TVCG.2024.3456384,10670135,J,Equations,23,tvcg_2024_3456384_eq_23.png,4,376,1335,1140,1448,2352,3213,0.935,60,,1xaDuXeqljG8mmPDZN9EYCzmWoK-jcmM_
2024,10.1109/TVCG.2024.3456384,10670135,J,Equations,24,tvcg_2024_3456384_eq_24.png,4,306,1659,1141,1777,2352,3213,0.951,60,,1KYGuwgJX-pVJD0aSi6yp2f96O6XRA074
2024,10.1109/TVCG.2024.3456384,10670135,J,Equations,25,tvcg_2024_3456384_eq_25.png,4,273,1838,1139,2002,2352,3213,0.956,60,,1TzcGFVq3m0vaCxTc7Jj7cWaEmzIWJZcG
2024,10.1109/TVCG.2024.3456384,10670135,J,Equations,26,tvcg_2024_3456384_eq_26.png,4,356,2256,1140,2316,2352,3213,0.922,60,,1WpaDu2NK8jT0rgOpSAwEATx6kTHVhq1P
2024,10.1109/TVCG.2024.3456384,10670135,J,Equations,27,tvcg_2024_3456384_eq_27.png,4,304,2312,1140,2368,2352,3213,0.875,60,,1pXTzcyeSKqwIN8W2vUSmCySyVIRRx3Y_
2024,10.1109/TVCG.2024.3456384,10670135,J,Equations,28,tvcg_2024_3456384_eq_28.png,4,313,2364,1141,2424,2352,3213,0.885,60,,1vurJeZ_hraR_VqRFaDl4o3ySB396FcM3
2024,10.1109/TVCG.2024.3456384,10670135,J,Equations,29,tvcg_2024_3456384_eq_29.png,4,281,2859,2236,2974,2352,3213,0.827,60,,1CAp94UAYtPuGSJLjnJJs88vf2smxNXGU
2024,10.1109/TVCG.2024.3456384,10670135,J,Equations,30,tvcg_2024_3456384_eq_30.png,4,206,2970,1140,3080,2352,3213,0.936,60,,1jAxN1AaubM2JWLivTrTQDulppqxRTt0g
2024,10.1109/TVCG.2024.3456384,10670135,J,Equations,31,tvcg_2024_3456384_eq_31.png,4,1585,1752,2236,1816,2352,3213,0.921,60,,1bXw89YuXd6AGxDOxsVpLsvmunvO2sYWN
2024,10.1109/TVCG.2024.3456384,10670135,J,Equations,32,tvcg_2024_3456384_eq_32.png,4,1482,2663,2236,2764,2352,3213,0.946,60,,1tEqoo_kuMKWiUxTZkPr6Wydudt8Dy4Hf
2024,10.1109/TVCG.2024.3456384,10670135,J,Equations,33,tvcg_2024_3456384_eq_33.png,4,1373,2856,2236,2920,2352,3213,0.924,60,,1CGrjGeTXCWPwkhnF6Ywv9tMvfCGnJH7v
2024,10.1109/TVCG.2024.3456384,10670135,J,Equations,34,tvcg_2024_3456384_eq_34.png,5,284,1240,1178,1305,2352,3213,0.917,60,,1drliuGuKfEpvqJ5rvYBXsG5wEXZKHqGa
2024,10.1109/TVCG.2024.3456384,10670135,J,Equations,35,tvcg_2024_3456384_eq_35.png,5,410,1446,1179,1511,2352,3213,0.925,60,,1gsI1CTZOgNBCGyuexD2z_vdV2pZ6RUM9
2024,10.1109/TVCG.2024.3456384,10670135,J,Equations,36,tvcg_2024_3456384_eq_36.png,5,376,1693,1178,1803,2352,3213,0.943,60,,1Ry11GLT8sFOlKZWBc7hdlkif7pVa8Sof
2024,10.1109/TVCG.2024.3456384,10670135,J,Equations,37,tvcg_2024_3456384_eq_37.png,5,362,1798,1178,1907,2352,3213,0.943,60,,149YkflKuEfgZq7eRH-L6J_ag0x8AOo_U
2024,10.1109/TVCG.2024.3456384,10670135,J,Equations,38,tvcg_2024_3456384_eq_38.png,5,331,2133,2274,2243,2352,3213,0.944,60,,1BZfHXwYnlwGVHfbkcBQ6awnseLYyYcR7
2024,10.1109/TVCG.2024.3456384,10670135,J,Equations,39,tvcg_2024_3456384_eq_39.png,5,302,2427,2273,2528,2352,3213,0.95,60,,1P5C8md7TZUHyTOrMooAspE7gL1OyCE3z
2024,10.1109/TVCG.2024.3456384,10670135,J,Equations,40,tvcg_2024_3456384_eq_40.png,5,202,2749,1179,2866,2352,3213,0.949,60,,1fpPwEwYlZdVYZQhj0adLZ5w1L-wDsgxZ
2024,10.1109/TVCG.2024.3456384,10670135,J,Equations,41,tvcg_2024_3456384_eq_41.png,5,433,3007,2275,3074,2352,3213,0.933,60,,1StmDvHtVYlcd-e-ld_McI-pPB-WAs2FP
2024,10.1109/TVCG.2024.3456384,10670135,J,Equations,42,tvcg_2024_3456384_eq_42.png,5,1536,1983,2274,2055,2352,3213,0.925,60,,1mICV_edLqIyZBpVWkTY3RzJ_z0Vii4ow
2024,10.1109/TVCG.2024.3456384,10670135,J,Equations,43,tvcg_2024_3456384_eq_43.png,5,1419,2151,2274,2217,2352,3213,0.927,60,,1IBmK2gSgvKzlcjPVrwvGe2oBen6OD3ZW
2024,10.1109/TVCG.2024.3456384,10670135,J,Equations,44,tvcg_2024_3456384_eq_44.png,5,1294,2309,2273,2377,2352,3213,0.929,60,,1CSloMKJewUTvkjnD5oADfXcZaQ5wEr7Y
2024,10.1109/TVCG.2024.3456384,10670135,J,Equations,45,tvcg_2024_3456384_eq_45.png,5,1376,2470,2273,2533,2352,3213,0.402,60,,1ZNi5xUmjFTcnY0mp5O492bFciySFSY-t
2024,10.1109/TVCG.2024.3456384,10670135,J,Equations,46,tvcg_2024_3456384_eq_46.png,5,1365,2526,2273,2589,2352,3213,0.722,60,,1WmG6wnkKn0D1G0TTp84OpzMYLA5JmhmF
2024,10.1109/TVCG.2024.3456384,10670135,J,Equations,47,tvcg_2024_3456384_eq_47.png,5,1330,2742,2274,2804,2352,3213,0.524,60,,1TPBAHod4cHcsBPyuk33Acqut2gR-bV4Z
2024,10.1109/TVCG.2024.3456384,10670135,J,Equations,48,tvcg_2024_3456384_eq_48.png,5,1415,2900,2273,2963,2352,3213,0.927,60,,1rB4-xNS5HEW04kRzt08sTjmdWZsKPU8t
2024,10.1109/TVCG.2024.3456384,10670135,J,Equations,49,tvcg_2024_3456384_eq_49.png,5,1399,2957,2273,3012,2352,3213,0.891,60,,1t4ptj0zW5Bp6sF9geyJzZPMhoMPRKDUf
2024,10.1109/TVCG.2024.3456384,10670135,J,Equations,50,tvcg_2024_3456384_eq_50.png,5,1399,3009,2275,3070,2352,3213,0.921,60,,127stJL8RL9afi6TL0NMF0ixSexZ9YAGz
2024,10.1109/TVCG.2024.3456384,10670135,J,Equations,51,tvcg_2024_3456384_eq_51.png,6,98,352,1140,427,2352,3213,0.913,60,,1DrLY-JLKYQ-W3g-vWJvvgjB7IjwopvaH
2024,10.1109/TVCG.2024.3456384,10670135,J,Equations,52,tvcg_2024_3456384_eq_52.png,6,212,496,1140,607,2352,3213,0.939,60,,1WWbBMunOp3Cy75tB_fVxV2-Gf6pRC9jd
2024,10.1109/TVCG.2024.3456384,10670135,J,Equations,53,tvcg_2024_3456384_eq_53.png,6,211,602,1140,709,2352,3213,0.931,60,,15WYtIlUsiG2rTTKToCzUHMYidq44e1_O
2024,10.1109/TVCG.2024.3456384,10670135,J,Equations,54,tvcg_2024_3456384_eq_54.png,6,197,705,1141,814,2352,3213,0.942,60,,1HR_pEptGisQezglXygp0g9IhT1WpPPVw
2024,10.1109/TVCG.2024.3456384,10670135,J,Equations,55,tvcg_2024_3456384_eq_55.png,6,175,885,1140,996,2352,3213,0.934,60,,1euvTIsmU6owaFmIcoAA1PRTNRBAB4GM0
2024,10.1109/TVCG.2024.3456384,10670135,J,Equations,56,tvcg_2024_3456384_eq_56.png,6,173,991,1141,1100,2352,3213,0.924,60,,1iabUNp7XTm3T1iuHj3Xqhn9uwVVPgdjl
2024,10.1109/TVCG.2024.3456384,10670135,J,Equations,57,tvcg_2024_3456384_eq_57.png,6,159,1096,1140,1203,2352,3213,0.897,60,,1iJEXO7vY2oExF7Ky5Y5LVeS4T3vb53om
2024,10.1109/TVCG.2024.3456384,10670135,J,Equations,58,tvcg_2024_3456384_eq_58.png,6,376,1372,2235,1485,2352,3213,0.947,60,,1cP0QufaPTkjCDE_E31nxtM5EypAOj_ne
2024,10.1109/TVCG.2024.3456384,10670135,J,Equations,59,tvcg_2024_3456384_eq_59.png,6,378,1558,1139,1624,2352,3213,0.89,60,,1_FOXgo0WyXM7dfx0-Fs22xJ8_K3_UJyr
2024,10.1109/TVCG.2024.3456384,10670135,J,Equations,60,tvcg_2024_3456384_eq_60.png,6,190,1621,1138,1688,2352,3213,0.775,60,,19wsUo40vHoNVPCwCd9CK1gdVrb8OeHUw
2024,10.1109/TVCG.2024.3456384,10670135,J,Equations,61,tvcg_2024_3456384_eq_61.png,6,258,1770,1140,1893,2352,3213,0.957,60,,1nMTvuDqfDC4K8jkG_kladxB1577w5Jgb
2024,10.1109/TVCG.2024.3456384,10670135,J,Equations,62,tvcg_2024_3456384_eq_62.png,6,461,2011,1139,2079,2352,3213,0.922,60,,1Bqv6kb2TQlaeqVG54NdkfK8qNb4_-u_S
2024,10.1109/TVCG.2024.3456384,10670135,J,Equations,63,tvcg_2024_3456384_eq_63.png,6,421,2195,1141,2262,2352,3213,0.931,60,,1nMnHpOFd0Vl2xgXN27y99FJnCktu2Qei
2024,10.1109/TVCG.2024.3456384,10670135,J,Equations,64,tvcg_2024_3456384_eq_64.png,6,129,2421,1139,2490,2352,3213,0.937,60,,1XjEjXh4QF0bFpJe2yP6Da8nK6zI1DT0B
2024,10.1109/TVCG.2024.3456384,10670135,J,Equations,65,tvcg_2024_3456384_eq_65.png,6,130,2559,1084,2778,2352,3213,0.957,60,,1cCGL13YIzVlVh3ESDq9r3dAmMfEyICYX
2024,10.1109/TVCG.2024.3456384,10670135,J,Equations,66,tvcg_2024_3456384_eq_66.png,6,389,2849,1140,2921,2352,3213,0.933,60,,1WY9YfOEQrxzkv3q3cYEdtYb9Tii0u8Se
2024,10.1109/TVCG.2024.3456384,10670135,J,Equations,67,tvcg_2024_3456384_eq_67.png,6,1587,1228,2235,1295,2352,3213,0.909,60,,14RXFE_oooRioTnfZMJdruFnho9cjZ3yf
2024,10.1109/TVCG.2024.3456384,10670135,J,Equations,68,tvcg_2024_3456384_eq_68.png,6,1372,1413,2235,1485,2352,3213,0.901,60,,1BtlRUU3x1dtduaNGtSC-yk72CPd3sTjJ
2024,10.1109/TVCG.2024.3456384,10670135,J,Equations,69,tvcg_2024_3456384_eq_69.png,6,1571,1483,2235,1546,2352,3213,0.787,60,,1tgydlTBOl763hnIO3QgDwnAqhH9oJ4pI
2024,10.1109/TVCG.2024.3456384,10670135,J,Equations,70,tvcg_2024_3456384_eq_70.png,6,1227,2201,2236,2322,2352,3213,0.954,60,,1FKVevtLFtZZsrDbjLF4vYRu2ZDTvzOQb
2024,10.1109/TVCG.2024.3456384,10670135,J,Equations,71,tvcg_2024_3456384_eq_71.png,6,1463,2764,2236,2878,2352,3213,0.941,60,,1xSN6FCpO-XXVAYeXuhw-n5XSajv9Nb7v
2024,10.1109/TVCG.2024.3456384,10670135,J,Equations,72,tvcg_2024_3456384_eq_72.png,7,464,2763,1178,2827,2352,3213,0.929,60,,1V0WdHIki2yTQwT8_bnK_82pECREpC3YF
2024,10.1109/TVCG.2024.3456384,10670135,J,Equations,73,tvcg_2024_3456384_eq_73.png,7,1552,363,2273,429,2352,3213,0.914,60,,1_v1jB9alCy9Bx31PTreZgvlxWTbcneL3
2024,10.1109/TVCG.2024.3456384,10670135,J,Table,1,tvcg_2024_3456384_table_1.png,9,129,1205,2260,1797,2352,3213,0.934,1,"Table 1: Performance measurements for all data sets in seconds. The parameters are the size of the neighborhood $R$, start time $t_{0}$, integration duration $\tau$, number of vertices along pathline $N+1$, and the instantaneous vorticity deviation threshold $\omega_{\min}$. the timings are listed for the spatial integration of $\overline{g}_{\mathbf{p}},\overline{\mathbf{u}}_{\mathbf{p}},\overline{\mathbf{M}}_{\mathbf{p}}$ (which are needed for $e_{\mathbf{p}}$), the integration of $\mathbf{u}, \mathbf{M}$ along the pathline and solving for $\mathbf{c}_{opt}$ which optimizes $\hat{e}_{\mathbf{p}_{0},t_{0},\tau}$, and lastly for the search for the local minima/valley lines of VDE including the gradient descent to reach subvoxel accuracy.",124pFkLuG-bNqUACK7s_TXrKJ-yQ2otrg
2024,10.1109/TVCG.2024.3456355,10670136,J,Equations,1,tvcg_2024_3456355_eq_1.png,4,378,1578,841,1661,2352,3213,0.918,9,"\begin{equation*}\alpha_{0}^{(p)}, \beta_{0}^{(p+1)}, \alpha_{1}^{(p)}, \beta_{1}^{(p+1)}, \ldots\end{equation*}",11WXumh3uFBeUJ5iaRsXYr5Z4st8AhbV3
2024,10.1109/TVCG.2024.3456355,10670136,J,Equations,2,tvcg_2024_3456355_eq_2.png,4,298,2995,1140,3074,2352,3213,0.921,9,\begin{equation*}L(x)=\{\sigma \in \text{St}(x)\ \vert\ g(x)= \max\limits_{v_{i} \in \sigma}\ g(v_{i})\}.\tag{1}\end{equation*},1EfUKdCRtYjqDyFLu_JZKaQl-fbR7rDYy
2024,10.1109/TVCG.2024.3456355,10670136,J,Equations,3,tvcg_2024_3456355_eq_3.png,4,1337,1517,2235,1625,2352,3213,0.952,9,"\begin{equation*}w( \alpha,\beta)=\frac{F(c(\alpha))+F(c(\beta))}{2}\cdot(c(\beta)-c(\alpha)).\tag{2}\end{equation*}",11aDXse7ntMpZKuQZmS7Xua4K8ZNP3FJ9
2024,10.1109/TVCG.2024.3456355,10670136,J,Equations,4,tvcg_2024_3456355_eq_4.png,4,1324,2003,2235,2089,2352,3213,0.935,9,"\begin{equation*}w(P)=\sum w(\alpha_{i}^{(p)}, \beta_{i}^{(p+1)})-\sum w(\beta_{i}^{(p+1)}, \alpha_{i+1}^{(p)}).\tag{3}\end{equation*}",1JcX8VHY6qmUHnwL6P7fXIpmtKPi9U8vy
2024,10.1109/TVCG.2024.3456355,10670136,J,Equations,5,tvcg_2024_3456355_eq_5.png,5,323,1499,974,1719,2352,3213,0.959,9,"\begin{align*}f(v_{0}, v_{1})\quad & =\quad w(v_{0}, \sigma)-w(\sigma, v_{1}) \\ & =\quad \frac{F(v_{0})+F(v_{1})}{2} \cdot(v_{1}- v_{0}) \\ & =\quad F(c(\sigma)) \cdot(v_{1}- v_{0})\tag{4}\end{align*}",1Rre0pvNKF3srRyk44ANb_w4_F_cxQbpP
2024,10.1109/TVCG.2024.3456355,10670136,J,Equations,6,tvcg_2024_3456355_eq_6.png,5,321,2186,1178,2274,2352,3213,0.935,9,"\begin{equation*}\text{St}^{\leftrightarrow}(x)=\{\sigma \in \text{St}(x)\ \vert \underset{v_{i} \in \sigma \backslash x}{\forall} f(x, v_{i}) >0\}\tag{5}\end{equation*}",1a-k0QnlxisGaNeXAasHenmQV-jTYbhwb
2024,10.1109/TVCG.2024.3456355,10670136,J,Algorithms,1,tvcg_2024_3456355_alg_1.png,5,1211,156,2271,1767,2352,3213,1.0,0,,1mDiF2cUrb50sGWK_Mn28JL4MWx2pRzPY
2024,10.1109/TVCG.2024.3456355,10670136,J,Algorithms,2,tvcg_2024_3456355_alg_2.png,6,1174,1380,2234,1916,2352,3213,1.0,0,,1Db2cJqbypjBncNOqZu1i9UqhZy-HdnPB
2024,10.1109/TVCG.2024.3456355,10670136,J,Equations,7,tvcg_2024_3456355_eq_7.png,7,1218,1785,2253,2157,2352,3213,0.818,9,"\begin{equation*}f(x, y)= \begin{cases}R(100)\begin{pmatrix}\sin (a(y))\\ \cos (b(x))\end{pmatrix}=\begin{pmatrix}\sin (a(y))\\ \cos (b(x))\end{pmatrix} & x \in[0,100) \\ R(x)\begin{pmatrix}\sin (a(y))\\ \cos (b(x))\end{pmatrix} & x \in[100,200) \\ R(200)\begin{pmatrix}\sin (a(y))\\ \cos (b(x))\end{pmatrix}=\begin{pmatrix}-\cos (b(x))\\ \sin (a(y))\end{pmatrix} & x \in[200,300]\end{cases}\tag{6}\end{equation*}",1hcjVCVMvqyPKGzhLQNQWnVgEsyhq2juu
2024,10.1109/TVCG.2024.3456355,10670136,J,Equations,8,tvcg_2024_3456355_eq_8.png,7,1283,2295,2195,2409,2352,3213,0.936,9,"\begin{equation*}\theta(x)=\frac{x-100}{100} \cdot \frac{\pi}{2}, \quad R(x)=\begin{pmatrix}\cos (\theta(x)) & -\sin (\theta(x)) \\ \sin (\theta(x)) & \cos (\theta(x))\end{pmatrix}.\end{equation*}",1jFpBzvtOaxLlsSc65xO2Z1MVMB9BUtv2
2024,10.1109/TVCG.2024.3456355,10670136,J,Equations,9,tvcg_2024_3456355_eq_9.png,7,1464,2965,2274,3080,2352,3213,0.939,9,"\begin{equation*}f(x, y)=50\begin{pmatrix}\cos (0.06 \sqrt{x^{2}+y^{2}})\\ \cos (0.001 x y)\end{pmatrix}\tag{7}\end{equation*}",1D8_oN60f4G-C2dR-O2bK5T6Z2YdEbhso
2024,10.1109/TVCG.2024.3456355,10670136,J,Table,1,tvcg_2024_3456355_table_1.png,8,109,389,2198,687,2352,3213,0.98,2,,1lPSmUndig8qUm43Ez-8jkeqHy3CbE1ZX
2024,10.1109/TVCG.2024.3456345,10675436,J,Equations,1,tvcg_2024_3456345_eq_1.png,3,1319,2514,2274,2639,2352,3213,0.953,10,"\begin{equation*}\mathcal{W}_{q}\left(\mathcal{D}(f), \mathcal{D}(g)\right)= \min\limits_{\phi \in \Phi}\left(\sum\limits_{p \in \mathcal{D}(f)} c\left(p, \phi(p)\right)^{q}\right)^{\frac{1}{q}},\tag{1}\end{equation*}",1UHyuJkvYEs1cqkiHVTabwII2loIi4zl6
2024,10.1109/TVCG.2024.3456345,10675436,J,Equations,2,tvcg_2024_3456345_eq_2.png,4,380,2611,757,2676,2352,3213,0.921,10,\begin{equation*}\mathcal{L}(v_{f})=\mathcal{E}\circ \mathcal{P}\circ \mathcal{F}(v_{f}).\end{equation*},1yrwdnSK93utzYSfIOS6b8CpG1dOuIBiK
2024,10.1109/TVCG.2024.3456345,10675436,J,Equations,3,tvcg_2024_3456345_eq_3.png,4,1506,1119,2236,1236,2352,3213,0.535,10,"\begin{align*}
v_{i_{b}} &=\mathcal{F}^{+}\left(\mathcal{P}^{-1}(2 i)\right) \tag{2}\\ v_{i_{d}} &=\mathcal{F}^{+}\left(\mathcal{P}^{-1}(2 i+1)\right),\end{align*}",1A9md1i-EFpcXkSSe067DL6TpkySoYQjt
2024,10.1109/TVCG.2024.3456345,10675436,J,Equations,4,tvcg_2024_3456345_eq_4.png,4,1424,2998,2236,3073,2352,3213,0.931,10,"\begin{equation*}\mathcal{E}\left(\mathcal{D}(f)\right)=\mathcal{W}_{2}\left(\mathcal{D}(f),\mathcal{D}_{T}\right)^{2}. \tag{3}\end{equation*}",1e_N5BbmjnLbDMycbYgxTF2KTI2u8MhDX
2024,10.1109/TVCG.2024.3456345,10675436,J,Algorithms,1,tvcg_2024_3456345_alg_1.png,5,117,156,1177,762,2352,3213,1.0,0,,1HZQVPfG8T0qG9Ap3p3tgFhkcdTes2hZV
2024,10.1109/TVCG.2024.3456345,10675436,J,Equations,5,tvcg_2024_3456345_eq_5.png,5,1385,737,2014,852,2352,3213,0.946,10,\begin{equation*}\mathcal{E}\left(\mathcal{D}(f_{j})\right)=\min\limits_{\phi \in \Phi}\sum\limits_{p_{i} \in \mathcal{D}(f_{j})}\Vert p_{i}-\phi(p_{i}) \Vert_{2}^{2}.\end{equation*},1bu7z_seK4NwIuBLbOVt3pV_UMufu_t87
2024,10.1109/TVCG.2024.3456345,10675436,J,Equations,6,tvcg_2024_3456345_eq_6.png,5,1251,968,2149,1085,2352,3213,0.946,10,\begin{equation*}\mathcal{E}\left(\mathcal{D}(f_{j})\right)=\sum\limits_{p_{i} \in \mathcal{D}(f_{j})}\left(p_{i_{b}}- \phi_{j}^{\ast}(p_{i})_{b}\right)^{2}+\left(p_{i_{d}}- \phi_{j}^{\ast}(p_{i})_{d}\right)^{2}.\end{equation*},1CqBMmAO4YmOOBb4i-9qEFKDlGy4k5boA
2024,10.1109/TVCG.2024.3456345,10675436,J,Equations,7,tvcg_2024_3456345_eq_7.png,5,1212,1196,2191,1310,2352,3213,0.946,10,\begin{equation*}\mathcal{L}(v_{f_{j}})= \sum\limits_{p_{i} \in \mathcal{D}(f_{j})}\left(v_{f_{j}}(v_{i_{b}})- \phi_{j}^{\ast}(p_{i})_{b}\right)^{2}+\left(v_{f_{j}}(v_{i_{d}})- \phi_{j}^{\ast}(p_{i})_{d}\right)^{2}.\end{equation*},1UfcjNzM36A8MCKY6k77CeIX1d9u4bpJg
2024,10.1109/TVCG.2024.3456345,10675436,J,Equations,8,tvcg_2024_3456345_eq_8.png,5,1347,1562,2137,1765,2352,3213,0.949,10,\begin{align*}\nabla \mathcal{L}(v_{f_{j}})\quad & =\quad \sum\limits_{p_{i} \in \mathcal{D}(f_{j})}\left(2\left(v_{f_{j}}(v_{i_{b}})- \phi_{j}^{\ast}(p_{i})_{b}\right) \nabla v_{i_{b}}\right.\\ & +\quad \left.2\left(v_{f_{j}}(v_{i_{d}})- \phi_{j}^{\ast}(p_{i})_{d}\right) \nabla v_{i_{d}}\right).\end{align*},1gxFjzVauIOsgm-97DMvoFvzfaDypuJBX
2024,10.1109/TVCG.2024.3456345,10675436,J,Equations,9,tvcg_2024_3456345_eq_9.png,5,1359,1876,2274,2000,2352,3213,0.946,10,\begin{align*}\nabla \mathcal{L}(v_{f_{j}})_{b} &= \sum\nolimits_{p_{i} \in \mathcal{D}(f_{j})} 2\left(v_{f_{j}}(v_{i_{b}})- \phi_{j}^{\ast}(p_{i})_{b}\right) \nabla v_{i_{b}} \\ \nabla \mathcal{L}(v_{f_{j}})_{d} &= \sum\nolimits_{p_{i} \in \mathcal{D}(f_{j})} 2\left(v_{f_{j}}(v_{i_{d}})- \phi_{j}^{\ast}(p_{i})_{d}\right) \nabla v_{i_{d}}. \tag{4}\end{align*},1xO8LqCpcoWQEIDJKgdOzQ1e82wjH3qiI
2024,10.1109/TVCG.2024.3456345,10675436,J,Equations,10,tvcg_2024_3456345_eq_10.png,5,1359,2099,2045,2168,2352,3213,0.918,10,"\begin{equation*}
v_{f_{j+1}}= v_{f_{j}}-\left((\alpha_{b} \nabla \mathcal{L}(v_{f_{j}})_{b}+ \alpha_{d} \nabla \mathcal{L}(v_{f_{j}})_{d}\right),\end{equation*}",1-dw1t1reCwaJkeSYpcdGL_DTNYtI9rBi
2024,10.1109/TVCG.2024.3456345,10675436,J,Table,1,tvcg_2024_3456345_table_1.png,7,121,347,1170,572,2352,3213,0.947,3,"Table 1: Time performance comparison between the baseline optimization approach (Sec. 3) and our solver (Sec. 4), for a basic simplification (non-signal pairs: input pairs less persistent than 1% of the function range). The column N.S.S.P. reports the average percentage of non-still signal pairs for our solver. The stopping condition is set to $s=0.01$.",1EmU2remM7MYLjLMVm-GGZ8f2ukg2PQ9y
2024,10.1109/TVCG.2024.3456345,10675436,J,Table,2,tvcg_2024_3456345_table_2.png,7,1219,228,2266,539,2352,3213,0.965,3,Table 2: Individual gains (in percentage of runtime) for each of our accelerations for the topological simplification parameters used in Tab. 1.,1W5YvhKdzIEceLKW1PDY3jlhjG1bbzhw6
2024,10.1109/TVCG.2024.3456345,10675436,J,Table,3,tvcg_2024_3456345_table_3.png,7,1219,667,2259,981,2352,3213,0.965,3,Table 3: Quality comparison between the baseline optimization approach (Sec. 3) and our solver (Sec. 4) for the parameters used in Tab. 1.,11e5YdguUS39h6DdVPUpOYjx97BijmXlR
2024,10.1109/TVCG.2024.3456393,10670455,J,Equations,1,tvcg_2024_3456393_eq_1.png,3,1228,588,2274,825,2352,3213,0.96,7,"\begin{align*}\text{Pr}(p = l_{min})&=\text{Pr}[(X_{1} < X_{2})\ \text{and}\ (X_{1} < X_{3})]\\ &= \int\nolimits_{x_{1}= a_{1}}^{x_{1}= b_{min}} \int\nolimits_{x_{2}=max(x_{1}, a_{2})}^{x_{2}= b_{2}} \int\nolimits_{x_{3}=max(x_{1}, a_{3})}^{x_{3}= b_{3}}(\text{Pdf}_{joint})\mathrm{d}x,\tag{1}\\ &\text{where}\ b_{min} = min(b_{1}, b_{2}, b_{3})\end{align*}",1Cno4LzbdVM8_28Ue4IRBsFoyjZtGooxN
2024,10.1109/TVCG.2024.3456393,10670455,J,Equations,2,tvcg_2024_3456393_eq_2.png,5,259,957,1033,1076,2352,3213,0.947,7,\begin{align*}\text{Pr}(p= l_{s})=&(t_{1}=\text{Pr}[(X_{1} < X_{2})\ \text{and}\ (X_{1} > X_{3})])+\\ &(t_{2}=\text{Pr}[(X_{1} > X_{2})\ \text{and}\ (X_{1} < X_{3})])\end{align*},1oEf2yKSQQVWd6kyTSTmOx-L1fj4fTDTl
2024,10.1109/TVCG.2024.3456393,10670455,J,Equations,3,tvcg_2024_3456393_eq_3.png,5,238,1159,1178,1406,2352,3213,0.937,7,"\begin{align*}& t_{1}=\text{Pr}[(X_{1} < X_{2})\ \text{and}\ (X_{1} > X_{3})]\\ & = \int\nolimits_{x_{1}= a_{max}^{alt}}^{x_{1}= b_{min}^{alt}} \int\nolimits_{x_{2}=max(x_{1}, a_{2})}^{x_{2}= b_{2}} \int\nolimits_{x_{3}= a_{3}}^{x_{3}=min(x_{1}, b_{3})}(\text{Pdf}_{joint}) \mathrm{d} x,\tag{2}\\ & \text{where}\ a_{max}^{alt}=max(a_{1}, a_{3}), b_{min}^{alt}=min(b_{1}, b_{2})\end{align*}",12IHisPTVakWcW9lQjmVDDpYA7t2i_yDk
2024,10.1109/TVCG.2024.3456393,10670455,J,Equations,4,tvcg_2024_3456393_eq_4.png,5,155,2734,1179,2965,2352,3213,0.944,7,"\begin{align*}& \text{Pr}(p= l_{min})\\ & =\text{Pr}[(X_{1} < X_{2})\ \text{and}\ (X_{1} < X_{3})\ \text{and}\ (X_{1} < X_{4})\ \text{and}\ (X_{1} < X_{5})]\\ & = \int\nolimits_{x_{1}= a_{1}}^{x_{1}= b_{min}} \int\nolimits_{x_{2}=max(x_{1}, a_{2})}^{x_{2}= b_{2}} \cdots \int\nolimits_{x_{5}=max(x_{1}, a_{5})}^{x_{5}= b_{5}}(\text{Pdf}_{joint}) \mathrm{d} x,\tag{3}\\ & \text{where}\ b_{min}=min(b_{1}, b_{2}, b_{3}, b_{4}, b_{5})\end{align*}",1HKdqjiibj0aXaZ3yxpwOM_MtEI1v9qFB
2024,10.1109/TVCG.2024.3456393,10670455,J,Equations,5,tvcg_2024_3456393_eq_5.png,5,1210,945,2283,1119,2352,3213,0.926,7,\begin{align*}&\text{Pr}(p= l_{s})\\ &= (t_{1}=\text{Pr}[(X_{1} < X_{2})\ \text{and}\ (X_{1} > X_{3})\ \text{and}\ (X_{1} < X_{4})\ \text{and}\ (X_{1} > X_{5})])+\\ &(t_{2}=\text{Pr}[(X_{1} > X_{2})\ \text{and}\ (X_{1} < X_{3})\ \text{and}\ (X_{1} > X_{4})\ \text{and}\ (X_{1} < X_{5})])\end{align*},1v_-zRDT6MCI6r0EfnDMTjOjGb38Ek22a
2024,10.1109/TVCG.2024.3456393,10670455,J,Equations,6,tvcg_2024_3456393_eq_6.png,5,1208,1245,2266,1427,2352,3213,0.712,7,"\begin{align*}& t_{1}=\text{Pr}[(X_{1}< X_{2})\ \text{and}\ (X_{1}> X_{3})\ \text{and}\ (X_{1}< X_{4})\ \text{and}\ (X_{1}> X_{5})]\\ & = \int\nolimits_{x_{1}= a_{max}^{alt}}^{x_{1}= b_{min}^{alt}} \int\nolimits_{x_{2}=max (x_{1}, a_{2})}^{x_{2}= b_{2}} \int\nolimits_{x_{3}= a_{3}}^{x_{3}=min(x_{1}, b_{3})} \int\nolimits_{x_{4}=max (x_{1}, a_{4})}^{x_{4}= b_{4}} \int\nolimits_{x_{5}= a_{5}}^{x_{5}=min(x_{1}, b_{5})} \cdots\\ & (\text{Pdf}_{joint}) \mathrm{d} x,\ \text{where}\ a_{max}^{alt}=max (a_{1}, a_{3}, a_{5}), b_{min}^{alt}=min(b_{1}, b_{2}, b_{4})\tag{4}\end{align*}",1j6Zt7pkOoDJmKeqE7k5_ek-OSTz54ZgS
2024,10.1109/TVCG.2024.3456393,10670455,J,Equations,7,tvcg_2024_3456393_eq_7.png,6,243,1741,1139,1869,2352,3213,0.95,7,"\begin{equation*}\text{Pr}(p=l_{min})=w\sum\limits_{i=1}^{i=h}\cdots\sum\limits_{m=1}^{m=h}\text{Pr}(p=l_{min})_{i,j,k,l,m},\tag{5}\end{equation*}",1j3aApJqMvAawumlX5HjWJbL-aFdH6Aa_
2024,10.1109/TVCG.2024.3456337,10670476,J,Equations,1,tvcg_2024_3456337_eq_1.png,3,1387,1430,2274,1513,2352,3213,0.923,6,"\begin{equation*}\hat{f}_{i}= g_{i}^{(0)} \geq \cdots \geq g_{i}^{(k)} \geq g_{i}^{(k+1)} \geq \cdots > f_{i}-\xi,\tag{1}\end{equation*}",1AjAIHdDD7EG_jtZoNWXWjQH5dfdM34QM
2024,10.1109/TVCG.2024.3456337,10670476,J,Equations,2,tvcg_2024_3456337_eq_2.png,3,1372,2486,2274,2627,2352,3213,0.941,6,"\begin{equation*}g_{i}^{(k+1)}:= \begin{cases}\left(g_{i}^{(k)}+ f_{i}-\xi\right) / 2, & \text{if}\ g_{i}^{(k)}\ \text{is FPmax} \\ g_{i}^{(k)}, & \text{otherwise}.\end{cases}\tag{2}\end{equation*}",15qYxZTjPrRPeTbxhFw6aoW5r1dnzJk1p
2024,10.1109/TVCG.2024.3456337,10670476,J,Equations,3,tvcg_2024_3456337_eq_3.png,4,74,2886,1126,3029,2352,3213,0.817,6,"\begin{equation*}g_{j}^{(k+1)}:= \begin{cases}\left(g_{j}^{(k)}+ f_{j}-\xi\right) / 2, & \text{if}\ g_{j}^{(k)}\ \text{is maximal among}\ i^{\prime}\mathrm{s}\ \text{neighbors} \\ g_{j}^{(k)}, & \text{otherwise}.\end{cases}\tag{3}\end{equation*}",1KOriLI5DdfPkXwW2Gej9_G6TpKJ-KW5C
2024,10.1109/TVCG.2024.3456337,10670476,J,Equations,4,tvcg_2024_3456337_eq_4.png,4,1169,1549,2218,1697,2352,3213,0.908,6,"\begin{equation*}g_{j}^{(k+1)}:= \begin{cases}\left(g_{j}^{(k)}+ f_{j}-\xi\right) / 2, & \text{if}\ g_{j}^{(k)}\ \text{is maximal among}\ i^{\prime}\mathrm{s}\ \text{neighbors} \\ g_{j}^{(k)}, & \text{otherwise}.\end{cases}\tag{4}\end{equation*}",1hNaI7DPuGHO_lkWjbkf_XLtE2mj8KiNC
2024,10.1109/TVCG.2024.3456337,10670476,J,Equations,5,tvcg_2024_3456337_eq_5.png,4,1333,1788,2235,1930,2352,3213,0.95,6,"\begin{equation*}g_{i}^{(k+1)}:= \begin{cases}\left(g_{i}^{(k)}+ f_{i}-\xi\right) / 2, & \text{if}\ g_{i}^{(k)}\ \text{is FNmin} \\ g_{i}^{(k)}, & \text{otherwise}.\end{cases}\tag{5}\end{equation*}",1XeR7p0z5-e7Kp4EMTC-Q7kEhrAeqX8zA
2024,10.1109/TVCG.2024.3456337,10670476,J,Equations,6,tvcg_2024_3456337_eq_6.png,4,1511,2574,2235,2657,2352,3213,0.937,6,\begin{equation*}g_{v_{t}}^{(k+1)}:=\left(g_{v_{t}}^{(k)}+f_{v_{t}}-\xi\right) / 2.\tag{6}\end{equation*},1J8h_QcJ7itSQtNTDpzzsNRSDP-ZkNTeq
2024,10.1109/TVCG.2024.3456337,10670476,J,Table,1,tvcg_2024_3456337_table_1.png,6,1177,2475,2239,2767,2352,3213,0.967,2,Table 1: Timings of various tasks of our method on the Nyx dataset.,1XtZekQsmu4o9LniHEms0EIAsJMl60eIT
2024,10.1109/TVCG.2024.3456337,10670476,J,Table,2,tvcg_2024_3456337_table_2.png,9,122,150,2272,429,2352,3213,0.927,2,"Table 2: Overhead in timings and compression ratios compared with lossy (SZ3 and ZFP) and lossless (GZIP and ZSTD) compressors across different datasets. $t_{comp}$ and $t_{fix}$, respectively, represents the timings (in seconds) of these compressors and our algorithm.",1UxcXFMdsPP_Zll0eXnz3nEAKbBlpL8ao
2024,10.1109/TVCG.2024.3456383,10679654,J,Equations,1,tvcg_2024_3456383_eq_1.png,3,396,2804,893,2870,2352,3213,0.918,4,"\begin{equation*}\mathbb{E}_{h \sim \mathcal{H}}[h(p)=h(q)]=s(p, q).\end{equation*}",1gxNeDIHhbDe-vdVVvOcZbIrUob9hx0cO
2024,10.1109/TVCG.2024.3456383,10679654,J,Equations,2,tvcg_2024_3456383_eq_2.png,3,1441,1471,2039,1536,2352,3213,0.91,4,"\begin{equation*}\mathbb{E}_{h \sim \mathcal{H}}[h(V)=h(W)]=\mathsf{Jac}(V, W),\end{equation*}",1B0j9KwCrAdoRitkUA06idJpI4VAZmI0Q
2024,10.1109/TVCG.2024.3456383,10679654,J,Equations,3,tvcg_2024_3456383_eq_3.png,4,230,1285,990,1347,2352,3213,0.925,4,"\begin{equation*}d_{E}(T_{1}, T_{2})\leq n-\min(t-1, \text{height} (T_{1})+1),\end{equation*}",1kcjt6wbDN8KUp41300q6E_FzCr78ZSsS
2024,10.1109/TVCG.2024.3456383,10679654,J,Equations,4,tvcg_2024_3456383_eq_4.png,5,1408,288,2072,423,2352,3213,0.942,4,"\begin{equation*}\sum\limits_{z=1}^{L}O(\min(2^{L-z+1},n)q^{4}))=O(Lnq^{4}).\end{equation*}",18bvEIJqDwTwSDY06xMhJmeClbeLlExsV
2024,10.1109/TVCG.2024.3456383,10679654,J,Table,1,tvcg_2024_3456383_table_1.png,6,206,207,2092,482,2352,3213,0.978,3,Table 1: Detailed descriptions of all datasets and parameters used in all experiments. $\epsilon$ stands for persistence threshold.,13c57oHvDrQsNfPMlJJnSirZb57H93kjn
2024,10.1109/TVCG.2024.3456383,10679654,J,Table,2,tvcg_2024_3456383_table_2.png,8,1170,2552,2226,3058,2352,3213,0.947,3,Table 2: Runtime analysis of $d_{S}$ and $d_{R}$. Each entry represents the LSH runtime with a corresponding k. All times are in seconds.,1Eeg9JXMHB2WVX_P7NTZETXC2Fanv_61D
2024,10.1109/TVCG.2024.3456383,10679654,J,Table,3,tvcg_2024_3456383_table_3.png,9,117,1407,1111,1667,2352,3213,0.957,3,Table 3: Runtime analysis across datasets: columns $d_{S}$ and $d_{R}$ represent the total runtime (the sum of LSH time and labeling time) for $k=20$. The improved runtime are highlighted in bold. All times are in seconds. Numbers with asterisk are estimated.,1ST7Pr54jHGj4_MT8_mvPTeVIjwco3um8
2024,10.1109/TVCG.2024.3456181,10670503,J,Table,1,tvcg_2024_3456181_table_1.png,3,114,1243,1179,1724,2352,3213,0.978,3,Table 1: Cross-platform diffusion patterns.,1-mhd5SXs-9Hb1OuITSqfgB-FXnVeRxvp
2024,10.1109/TVCG.2024.3456181,10670503,J,Equations,1,tvcg_2024_3456181_eq_1.png,4,424,2612,1141,2707,2352,3213,0.929,2,\begin{equation*}P_{i\overset{h}{\rightarrow}j}^{t}=1-e^{-S-K\ast E}\tag{1}\end{equation*},1nHgC5bAzt-zGqRAJzDb9CQBggCyfVmZT
2024,10.1109/TVCG.2024.3456181,10670503,J,Table,2,tvcg_2024_3456181_table_2.png,4,1173,232,2236,1377,2352,3213,0.979,3,Table 2: Explanations of notations used in the model.,17iouOz7X_ysgj_fzIAKM8ZLtlByuH-RB
2024,10.1109/TVCG.2024.3456181,10670503,J,Table,3,tvcg_2024_3456181_table_3.png,4,1172,1483,2238,2062,2352,3213,0.98,3,Table 3: Computing methods for the significant factors.,14en9qUX3ko5oAUcgWMiXgCiIkoINHhSl
2024,10.1109/TVCG.2024.3456181,10670503,J,Equations,2,tvcg_2024_3456181_eq_2.png,4,1190,2816,2235,2955,2352,3213,0.94,2,"\begin{equation*}P_{T\rightarrow W}= \max\left(\text{Direct}(T_{\text{postURL}}, W_{\text{text}}), 1-e^{-\frac{CR+UR+HR}{1+0.2(t(W)-t(T))}}\right)\tag{2}\end{equation*}",1AKtCtAGLs1im2r2NAguSxVeQCg0sDdB3
2024,10.1109/TVCG.2024.3456314,10670081,J,Table,1,tvcg_2024_3456314_table_1.png,8,1380,1586,2029,2080,2352,3213,0.957,3,,1ER0eZNwipUADW1AsJHLfjLsqK7TTHA0m
2024,10.1109/TVCG.2024.3456314,10670081,J,Table,2,tvcg_2024_3456314_table_2.png,9,142,147,1155,629,2352,3213,0.954,3,,1GADnLN8I24bUJx09HHG3-uSp19SEJmE_
2024,10.1109/TVCG.2024.3456391,10689252,J,Equations,1,tvcg_2024_3456391_eq_1.png,4,1360,1439,2235,1506,2352,3213,0.906,10,,1jEEnINn4dF0TrxBjoYDeieADq01LDbKA
2024,10.1109/TVCG.2024.3456391,10689252,J,Equations,2,tvcg_2024_3456391_eq_2.png,5,261,358,2274,441,2352,3213,0.718,10,,1GV8I32v5v7UIcmolqL3tXizYmUASYPFz
2024,10.1109/TVCG.2024.3456391,10689252,J,Equations,3,tvcg_2024_3456391_eq_3.png,5,306,655,1178,769,2352,3213,0.954,10,,1_CJkdpF2M4-Oj-cU5T-Kk6cNGsZEAJAw
2024,10.1109/TVCG.2024.3456391,10689252,J,Equations,4,tvcg_2024_3456391_eq_4.png,5,207,903,1178,1027,2352,3213,0.95,10,,195A248kERqaEKAu12k9ceL--nSXDbsM7
2024,10.1109/TVCG.2024.3456391,10689252,J,Equations,5,tvcg_2024_3456391_eq_5.png,5,292,1384,1177,1498,2352,3213,0.943,10,,1JLlLBnaTgCcOBNHHq_xwkeKNIlpOYh9J
2024,10.1109/TVCG.2024.3456391,10689252,J,Equations,6,tvcg_2024_3456391_eq_6.png,5,117,1615,1180,1746,2352,3213,0.929,10,,1J3POFmiFCbomyqM-JL6jA5isdA4wxl_t
2024,10.1109/TVCG.2024.3456391,10689252,J,Equations,7,tvcg_2024_3456391_eq_7.png,5,315,2031,1178,2120,2352,3213,0.774,10,,1S-XQTfBYFLInujxnRy6YOGUmppmqOq-t
2024,10.1109/TVCG.2024.3456391,10689252,J,Equations,8,tvcg_2024_3456391_eq_8.png,5,449,2613,1178,2726,2352,3213,0.725,10,,1xC4OmUB_S1dh0Zn3A6x9E2BdLOOUiTkT
2024,10.1109/TVCG.2024.3456391,10689252,J,Equations,9,tvcg_2024_3456391_eq_9.png,5,177,2925,1178,3057,2352,3213,0.939,10,,1sVieAI50V9CK6X8FDtAaXXHq3tkFac8x
2024,10.1109/TVCG.2024.3456391,10689252,J,Equations,10,tvcg_2024_3456391_eq_10.png,5,1260,316,2274,451,2352,3213,0.825,10,,1vVdNT0holNcLj86TQjx6FTwE0PGHwqpu
2024,10.1109/TVCG.2024.3456391,10689252,J,Equations,11,tvcg_2024_3456391_eq_11.png,5,1332,450,2275,584,2352,3213,0.785,10,,134SeRvqhAXNIRqa99_1RA9WHhC6sQ2or
2024,10.1109/TVCG.2024.3456394,10677349,J,Equations,1,tvcg_2024_3456394_eq_1.png,3,1559,1031,2273,1143,2352,3213,0.773,3,"\begin{equation*}
d_{A,s}= \frac{A_{s,nD}}{A_{nD}}-\frac{A_{s,2D}}{A_{2D}}, \tag{1}\end{equation*}",1314xaEdIw9yGvzXuWl4tgb11tefTt0i1
2024,10.1109/TVCG.2024.3456394,10677349,J,Equations,2,tvcg_2024_3456394_eq_2.png,3,1470,1965,2274,2082,2352,3213,0.814,3,"\begin{equation*}
d_{L,(s_{i},s_{j})}= \frac{L_{(s_{i},s_{j}),nD}}{L_{nD}}-\frac{L_{(s_{i},s_{j}),2D}}{L_{2D}}, \tag{2}\end{equation*}",1QsfP2pJ-RDnE1669kuT4xxuqxghefD1G
2024,10.1109/TVCG.2024.3456394,10677349,J,Equations,3,tvcg_2024_3456394_eq_3.png,5,1409,1645,2073,2157,2352,3213,0.931,3,"\begin{align*}
& a=\begin{cases}
0 & x_{1}+w < x < x_{2}-w\\
-\frac{sh}{w^{2}} & \text{otherwise}\end{cases},\\
b= & \begin{cases}\frac{sh}{w^{2}}(x_{1}+w) & x_{1}\leq x\leq x_{1}+w\\
0 & x_{1}+w < x < x_{2}-w\\ \frac{sh}{w^{2}}(x_{2}-w) & x_{2}-w\leq x\leq x_{2}\end{cases},\\
c= & \begin{cases}\frac{sh}{w^{2}}(y_{1}+w) & y_{1}\leq y\leq y_{1}+w\\
0 & y_{1}+w < y < y_{2}-w\\ \frac{sh}{w^{2}}(y_{2}-w) & y_{2}-w\leq y\leq y_{2}\end{cases},\end{align*}",1riSi9E2WCAdqY295a_bpSuiyksORvPcs
2024,10.1109/TVCG.2024.3456392,10670473,J,Equations,1,tvcg_2024_3456392_eq_1.png,5,1585,1042,2274,1140,2352,3213,0.924,2,"\begin{equation*}C_{service}(x_{i})=\frac{CD_{i}}{x_{i}},\tag{1}\end{equation*}",1SyPO4k7bi3h0JJT0Arr_lTd3j0peZbSX
2024,10.1109/TVCG.2024.3456392,10670473,J,Equations,2,tvcg_2024_3456392_eq_2.png,5,1239,1499,2273,1596,2352,3213,0.936,2,\begin{equation*}\min\limits_{x \in \mathbf{X}} f_{0}(x)=- \sum\limits_{i} \omega_{1} C_{cover}(x_{i})+ \omega_{2} C_{service}(x_{i})+ \omega_{3} C_{invest}(x_{i}).\tag{2}\end{equation*},11syyfn1hiAwr89oLbF4hl4qgUieFBFke
2024,10.1109/TVCG.2024.3456168,10679736,J,Algorithms,1,tvcg_2024_3456168_alg_1.png,7,1211,772,2271,1976,2352,3213,1.0,0,,1Fut64IHOy-R47LnYe_aqFNcV4thHwq9F
2024,10.1109/TVCG.2024.3456168,10679736,J,Table,1,tvcg_2024_3456168_table_1.png,9,194,1041,2193,1704,2352,3213,0.971,1,"Table 1: Quantitative comparison of SimpleSets, Vihrovs et al., and ClusterSets on three datasets. Where applicable, measures have the format avg / max, showing both the average and maximum among all colors or shapes as appropriate. Lower values are better.",1GPCixnQAcJtb14JicT2z7p1VcsKgxMhl
2024,10.1109/TVCG.2024.3456143,10670416,J,Table,1,tvcg_2024_3456143_table_1.png,9,134,149,1188,381,2352,3213,0.878,1,Table 1: Topic Coherence and Topic Diversity of different DTM methods across three datasets.,14RN0iSFt8KDeki4UNGexcpSZBZVlmkQO
2024,10.1109/TVCG.2024.3456387,10669771,J,Equations,1,tvcg_2024_3456387_eq_1.png,5,490,1752,1179,1867,2352,3213,0.939,6,"\begin{equation*}M=\begin{pmatrix}I I, & I T \\ T I, & T T\end{pmatrix},\tag{1}\end{equation*}",1oJJCFubEJCT_d669eAGpKcmPnsZ5JutA
2024,10.1109/TVCG.2024.3456387,10669771,J,Equations,2,tvcg_2024_3456387_eq_2.png,5,332,2414,1178,2563,2352,3213,0.953,6,"\begin{equation*}L_{M}=-\frac{\sum (M_{i, j}-\overline{M})(P_{i, j}-\overline{P})}{\sqrt{\sum (M_{i, j}-\overline{M})^{2}} \sqrt{\sum (P_{i, j}-\overline{P})^{2}}},\tag{2}\end{equation*}",1rdTfxayKL8g9vjzVXDkh-1h0NdEvnOdj
2024,10.1109/TVCG.2024.3456387,10669771,J,Equations,3,tvcg_2024_3456387_eq_3.png,5,226,2939,1178,3061,2352,3213,0.942,6,"\begin{equation*}L_{2}=\frac{- \sum\nolimits_{j< k} f((T I_{i, j}-T I_{i, k}) \ast(P(T I)_{i, j}-P(T I)_{i, k}))}{\Vert P(T I) \Vert_{2}},\tag{3}\end{equation*}",1uXzK6fgxAPE8y_qH8Z7_26zNYyFm1NVl
2024,10.1109/TVCG.2024.3456387,10669771,J,Table,1,tvcg_2024_3456387_table_1.png,5,1367,1036,2109,1418,2352,3213,0.963,2,Table 1: Evaluation of projection methods with inter-modal and intra-modal trustworthiness (T) and continuity (C) metrics.,15cfOvmfehrNphsz692otDntf_cI97SAP
2024,10.1109/TVCG.2024.3456387,10669771,J,Equations,4,tvcg_2024_3456387_eq_4.png,6,1356,1898,2235,2012,2352,3213,0.952,6,"\begin{equation*}\mu_{A}(x)=l \cdot \frac{sim(x, A)-min (sim(\hat{x}, A))}{max (sim(\hat{x}, A))-min (sim(\hat{x}, A))},\tag{4}\end{equation*}",10kxPhK5aq3Xw-YudhsHh3cwDiY9xShmW
2024,10.1109/TVCG.2024.3456387,10669771,J,Equations,5,tvcg_2024_3456387_eq_5.png,7,307,2821,1178,2947,2352,3213,0.951,6,"\begin{equation*}\frac{1}{\vert C_{i}\vert} \sum\limits_{v \in C_{i}} M_{\hat{F}(p), v}< \frac{1}{\vert C_{j}\vert} \sum\limits_{u \in C_{j}} M_{\hat{F}(p), u}\ \forall j \neq i,\tag{5}\end{equation*}",1esW-8Lx8HfBuCaGYJyj6Cl9MiG11iacW
2024,10.1109/TVCG.2024.3456387,10669771,J,Equations,6,tvcg_2024_3456387_eq_6.png,7,1264,1503,2274,1635,2352,3213,0.944,6,"\begin{equation*}\frac{1}{\vert \hat{F}(p)\vert \cdot\vert C_{i}\vert} \sum\limits_{v \in \hat{F}(p), u \in C_{i}} M_{u, v}< \frac{1}{\vert \hat{F}(p)\vert \cdot\vert C_{e}\vert} \sum\limits_{v \in \hat{F}(p), u \in C_{e}} M_{u, v}.\tag{6}\end{equation*}",1tY8IpIYlhyghmv1a3z9LmxNQ857rH8e6
2024,10.1109/TVCG.2024.3456387,10669771,J,Table,2,tvcg_2024_3456387_table_2.png,8,1221,209,2189,354,2352,3213,0.97,2,Table 2: Accuracy of “person and bear” before and after the alignment.,1Jfb5J8W8Ijbkfvdjh_uURxbQ4o11Qi3_
2024,10.1109/TVCG.2024.3456308,10681542,J,Table,1,tvcg_2024_3456308_table_1.png,3,166,282,2207,508,2352,3213,0.975,5,"Table 1: Characteristics for the three datasets containing the number of documents $N$, the size of the vocabulary n after preprocessing, the median size of the documents $l$, the number of categories $k$, and the number of topics $K$ specified for the TMs, as well as the sparsity ratio $\gamma=1-u/Nn$, where u denotes the number of non-zero entries in the DTM.",1FzQq4-Z52nuaX9gZ8UK3xiRNLA2H5jxb
2024,10.1109/TVCG.2024.3456308,10681542,J,Equations,1,tvcg_2024_3456308_eq_1.png,3,242,2521,1177,2585,2352,3213,0.942,7,"\begin{equation*}\text{DTM}[i, j]=\max \{0, \text{round}(\text{DTM}[i, j] \cdot(1+\varepsilon[i, j]))\},\tag{1}\end{equation*}",1Kc4ZsVCENgFiNNstrl5pTsVfBZBzY3rE
2024,10.1109/TVCG.2024.3456308,10681542,J,Equations,2,tvcg_2024_3456308_eq_2.png,3,1324,1108,2274,1262,2352,3213,0.94,7,"\begin{equation*}\text{tf-idf}(w, d)=\frac{n(w, d)}{\sum\limits_{d^{\prime} \in C} n(w, d^{\prime})} \cdot \log\left(\frac{\vert C\vert}{\vert \{d^{\prime} \in C \vert w \in d^{\prime}\}\vert}\right),\tag{2}\end{equation*}",1ZtEKQUXdI10TPx7L1zkgG_kxW1DoTCtE
2024,10.1109/TVCG.2024.3456308,10681542,J,Table,2,tvcg_2024_3456308_table_2.png,4,1172,1388,2238,1911,2352,3213,0.973,5,"Table 2: Metrics used in our study. We did not specify an optimum for rotation, e.g., 0, as the rotation can be carried out as a postprocessing step when comparing two layouts. All metrics are invariant under rotation.",1xo1oU1abtaN46oxKJo5LekWMAgY36wMP
2024,10.1109/TVCG.2024.3456308,10681542,J,Table,3,tvcg_2024_3456308_table_3.png,5,1265,243,2208,691,2352,3213,0.954,5,Table 3: Range for the hyperparameters considered in our experiments. Each configuration for one DR is combined with a dataset and TM.,1I09dztPM8YTefiO_wYtpWtOZGOhRyXu4
2024,10.1109/TVCG.2024.3456308,10681542,J,Equations,3,tvcg_2024_3456308_eq_3.png,6,1326,1653,2236,1791,2352,3213,0.951,7,\begin{equation*}\alpha=\frac{1}{3}\left(\frac{\alpha_{T}+ \alpha_{C}+ \alpha_{M M}+ \alpha_{M F}}{4}+ \alpha_{L C}+ \alpha_{L P}\right).\tag{3}\end{equation*},1PrpTqvqseWEFPd9f5XGj2AlJocLjQ6pG
2024,10.1109/TVCG.2024.3456308,10681542,J,Equations,4,tvcg_2024_3456308_eq_4.png,6,1260,2027,2235,2165,2352,3213,0.952,7,\begin{equation*}\beta=\frac{1}{2}\left(\frac{0.5 \cdot(\beta_{P C}+1)+0.5 \cdot(\beta_{S C}+1)}{2}+\frac{1}{2}(\beta_{C O}+1)\right).\tag{4}\end{equation*},17-LN87vEyOS9w8O1JaEtAyWupdcOSbsc
2024,10.1109/TVCG.2024.3456308,10681542,J,Equations,5,tvcg_2024_3456308_eq_5.png,6,1606,2326,2235,2387,2352,3213,0.907,7,\begin{equation*}\gamma=1-\gamma_{DC}\tag{5}\end{equation*},1LAibw-EX_70dPwlAmbq27NB2lLqy3ZIO
2024,10.1109/TVCG.2024.3456308,10681542,J,Equations,6,tvcg_2024_3456308_eq_6.png,6,1223,2836,2235,2903,2352,3213,0.941,7,"\begin{equation*}\tilde{\alpha}=1-\vert \alpha(\text{DTM}^{-}, \text{DTM}^{\text{jitter}})-\alpha(\Phi(\text{DTM}), \Phi(\text{DTM}^{\text{jitter}}))\vert,\tag{6}\end{equation*}",1cNgsn9MUslFeKIqF1GVDnpDvyJP37GTN
2024,10.1109/TVCG.2024.3456308,10681542,J,Table,4,tvcg_2024_3456308_table_4.png,8,1180,271,2215,761,2352,3213,0.314,5,"Table 4: Results of the binary test for the null hypothesis “The tf-idf weighting scheme does not improve the stability concerning input data (S1), hyperparameters (S2), or randomness (53).”",1EIybG5xtY8taXM8xo5Uw0yLmP1xdqIh5
2024,10.1109/TVCG.2024.3456308,10681542,J,Table,5,tvcg_2024_3456308_table_5.png,8,1180,916,2218,1406,2352,3213,0.595,5,"Table 5: Results of the binary test for the null hypothesis “Equation (7) does not improve the stability concerning input data (S1), hyperparameters (S2), or randomness (S3).”",1miOCsbLcYDyuLlXaKynwN1A7z7YIAJHr
2024,10.1109/TVCG.2024.3456308,10681542,J,Equations,7,tvcg_2024_3456308_eq_7.png,8,1591,1977,2235,2109,2352,3213,0.939,7,"\begin{equation*}\bar{d}=\sum\limits_{j=1}^{K}\theta_{j}\bar{\phi}_{j},\tag{7}\end{equation*}",1n3aTuVOHVk5S07QKetT0D35Jo3nsitz8
2024,10.1109/TVCG.2024.3456386,10669934,J,Table,1,tvcg_2024_3456386_table_1.png,2,74,2738,2258,3054,2352,3213,0.966,2,Table 1: The comparison between several representative color assignment methods and our method.,1edjVF2-PsWvlp0h8DVhV0SXxv7YhNs60
2024,10.1109/TVCG.2024.3456386,10669934,J,Equations,1,tvcg_2024_3456386_eq_1.png,3,1349,2258,2274,2403,2352,3213,0.604,7,"\begin{gather*}\max\limits_{c_{1}, c_{2}, \ldots c_{m}}\quad E_{\mathrm{D}}+\alpha E_{\mathrm{H}}+\beta E_{\text{SD}},\\ \mathrm{s}.\mathrm{t}.\quad E_{\mathrm{D}}\geq E_{\mathrm{H}}\geq E_{\text{SD}};\quad c_{i}\in \mathcal{C},\forall i\in\{1,2, \ldots,m\}.\tag{1}\end{gather*}",1RDNVXhaJ8L0ANingnaACiNQHZGgtq6IZ
2024,10.1109/TVCG.2024.3456386,10669934,J,Equations,2,tvcg_2024_3456386_eq_2.png,4,170,1267,1142,1357,2352,3213,0.892,7,"\begin{equation*}E_{\text{PD}}= \min\limits_{1\leq i < j\leq n}D(c_{i}, c_{j})+\min(\min\limits_{1\leq i < j\leq n}D(c_{i}, c_{j})-10,0),\tag{2}\end{equation*}",1aBAEp662FtX0mvFw4SVrBZd1W9l0ryAe
2024,10.1109/TVCG.2024.3456386,10669934,J,Equations,3,tvcg_2024_3456386_eq_3.png,4,234,2072,1141,2200,2352,3213,0.941,7,"\begin{equation*}E_{\text{ND}}= \frac{2}{m(m-1)}\sum\limits_{1\leq i < j\leq n}(1-\cos\frac{T_{c_{i}}\cdot T_{c_{j}}}{\Vert T_{c_{i}}\Vert \cdot\Vert T_{c_{j}}\Vert}),\tag{3}\end{equation*}",1ZFoIWr2bcgca89UgWI99p5jR8gDFGvJp
2024,10.1109/TVCG.2024.3456386,10669934,J,Equations,4,tvcg_2024_3456386_eq_4.png,4,1281,2532,2235,2653,2352,3213,0.937,7,"\begin{equation*}\text{Hue}\_\text{Diff}(C,R)=\min\limits_{\alpha\in[0,360^{\circ})}\sum\limits_{i=1}^{m}\Delta(\alpha+\theta_{i}\ \text{mod}\ 360^{\circ},R),\tag{4}\end{equation*}",10H2JW6E4hNA5CVXU_KmIUnQRIw4L2ue7
2024,10.1109/TVCG.2024.3456386,10669934,J,Equations,5,tvcg_2024_3456386_eq_5.png,4,1362,2998,2235,3076,2352,3213,0.914,7,"\begin{equation*}E_{\text{Hue}}= \text{Normalize} (- \min\limits_{R}\text{Hue}\_\text{Diff}(C,R)).\tag{5}\end{equation*}",11fdp3I131PpV_tPpLQhU5cm1-oP14CMA
2024,10.1109/TVCG.2024.3456386,10669934,J,Equations,6,tvcg_2024_3456386_eq_6.png,5,304,616,1178,732,2352,3213,0.955,7,"\begin{equation*}E_{\text{LC}}= \text{Normalize} (- \sum\limits_{i=1}^{n}\max( \text{MD}_{i}-15,0)).\tag{6}\end{equation*}",1kVDPcGNh_4AlW3E28Lb1UQjM8uBubnBZ
2024,10.1109/TVCG.2024.3456386,10669934,J,Equations,7,tvcg_2024_3456386_eq_7.png,5,361,1364,1178,1496,2352,3213,0.941,7,"\begin{equation*}E_{\text{SD}}= \frac{1}{\vert X\vert }\sum\limits_{x_{i}\in X}\frac{1}{\vert \Omega_{x_{i}}\vert }\sum\limits_{x_{j}\in\Omega_{x_{i}}}\frac{f(x_{i},x_{j})}{d(x_{i},x_{j})}.\tag{7}\end{equation*}",12DpCW3LJc7HnMO_yxaHrgDAAb92J9p9V
2024,10.1109/TVCG.2024.3456386,10669934,J,Table,2,tvcg_2024_3456386_table_2.png,7,114,313,2265,738,2352,3213,0.974,2,"Table 2: Comparison of our method with the representative color assignment methods, with the best in bold and the second best underlined. The values in gray indicate that the colors cannot be easily distinguished.",1x46-13Alosh2BnvHBPrjNKHXevF9tdzV
2024,10.1109/TVCG.2024.3456385,10681156,J,Table,1,tvcg_2024_3456385_table_1.png,4,88,1913,1135,2161,2352,3213,0.965,3,Table 1: GLM results for category number and shape types. Significant effects are indicated by bold text.,1j3FtaO5p6_PMSwnWJ7-pwzkXSKRFMRJf
2024,10.1109/TVCG.2024.3456385,10681156,J,Table,2,tvcg_2024_3456385_table_2.png,5,124,2412,1174,2659,2352,3213,0.969,3,Table 2: GLM results for category number and shape palettes. Significant effects are indicated by bold text.,12CvGUq9b0tkktwzHVd6hOcEK_xeMYpcy
2024,10.1109/TVCG.2024.3456385,10681156,J,Table,3,tvcg_2024_3456385_table_3.png,7,123,2010,1175,2258,2352,3213,0.969,3,Table 3: ANOVA results for category number and shape pairs. Significant effects are indicated by bold text.,14SVt_RWCMPNy2Qp6KaIrJtmRo86dZh5h
2024,10.1109/TVCG.2024.3456327,10682437,J,Table,1,tvcg_2024_3456327_table_1.png,6,87,1393,1133,1666,2352,3213,0.928,1,"Table 1: Total number of visual conceptual metaphor types, of related textual metaphors, and of the use of effective visualization per domain.",1eAPKEz3fCyNUUVlzJKSyV1F79oPr5lh_
2024,10.1109/TVCG.2024.3456341,10670488,J,Table,1,tvcg_2024_3456341_table_1.png,7,118,276,1180,1351,2352,3213,0.969,1,Table 1: Information of the 29 participants of our focus group studies.,1fAbFsagGGy5pXnQZZTlv7G9_DiwZU2S3
2024,10.1109/TVCG.2024.3456379,10681004,J,Table,1,tvcg_2024_3456379_table_1.png,8,190,301,2161,848,2352,3213,0.975,1,Table 1: Evaluation results,1PFzxLLOkmKA-BES5CPcfEa3IyVF74zle
2024,10.1109/TVCG.2024.3456343,10669937,J,Table,1,tvcg_2024_3456343_table_1.png,5,1211,208,2263,613,2352,3213,0.968,1,Table 1: Relevant experience of interview participants.,1T42yWyA6swskvOc6JIfrZwtknz8X_33Z
2024,10.1109/TVCG.2024.3456311,10684760,J,Table,1,tvcg_2024_3456311_table_1.png,6,78,148,2239,580,2352,3213,0.977,1,"Table 1: Background of eight participants from seven projects, including their roles, associated projects, project domains, and initiating organizations.",1fP20c6-B6Pp-yBBSDtZz5PHUnXh45AlV
2024,10.1109/TVCG.2024.3456304,10670438,J,Equations,1,tvcg_2024_3456304_eq_1.png,3,333,1826,963,1892,2352,3213,0.908,2,"\begin{equation*}Pr[K(D) \in S] \leq \exp (\varepsilon) \times Pr[K(D^{\prime}) \in S],\end{equation*}",13h4JiGpRKXnBWm2rSauMvip94S1vtmvA
2024,10.1109/TVCG.2024.3456304,10670438,J,Equations,2,tvcg_2024_3456304_eq_2.png,5,315,2764,978,2873,2352,3213,0.928,2,"\begin{equation*}B_{b c}=w \ast N \ast \frac{p+1}{2} \ast\vert p-\frac{\varepsilon_{total}- \varepsilon_{remain}}{\varepsilon_{total}}\vert, \end{equation*}",1qBs1zsKRh0G22Vcgb-3Il4nbi6WU5PRl
2024,10.1109/TVCG.2024.3456304,10670438,J,Table,1,tvcg_2024_3456304_table_1.png,7,115,608,1183,828,2352,3213,0.969,2,"Table 1: Descriptions of attributes in the database of clients, which were employed in the case. We remark each numerical attribute with the value range and the minimum interval for set division. As for categorical attributes, the remark consists of categorical values. Sensitive attributes are colored in red. (The next table is the same.)",17n-ARWis8JnPqxATCxwsfQ9jNM9ZF-N0
2024,10.1109/TVCG.2024.3456304,10670438,J,Table,2,tvcg_2024_3456304_table_2.png,7,1210,2638,2284,2938,2352,3213,0.975,2,Table 2: Descriptions of partial demographic attributes in the database of survey results.,1dd84NBMgAN_lkKnERlDkirjZi0IIa-TM
2024,10.1109/TVCG.2024.3456150,10681029,J,Equations,1,tvcg_2024_3456150_eq_1.png,3,1624,2385,2273,2452,2352,3213,0.917,6,"\begin{equation*}
X^{\prime}=f_{r}(X,I),\tag{1}\end{equation*}",1JRiJxaYXePXvhCxy-OBnp6xeiw7lwRn_
2024,10.1109/TVCG.2024.3456150,10681029,J,Equations,2,tvcg_2024_3456150_eq_2.png,3,1644,3007,2274,3070,2352,3213,0.909,6,"\begin{equation*}
R=f_{t}(X^{\prime}),\tag{2}\end{equation*}",1BHB3p4wWi2eyhNM1QuJsS8cTmA_xk4wX
2024,10.1109/TVCG.2024.3456150,10681029,J,Equations,3,tvcg_2024_3456150_eq_3.png,4,501,1404,1140,1470,2352,3213,0.917,6,"\begin{equation*}
s=g(X^{\prime},R),\tag{3}\end{equation*}",1YbmLWECHGOWzwZQenfRW9KOhKDdDUqWu
2024,10.1109/TVCG.2024.3456150,10681029,J,Equations,4,tvcg_2024_3456150_eq_4.png,4,1543,2662,2236,2786,2352,3213,0.943,6,"\begin{equation*}
F_{p}=\sum_{i=2}^{N}\vert l_{n}-l_{n-1}\vert, \tag{4}\end{equation*}",19P9nZfCW41fYeKf78l0km9RFAxu4kNx_
2024,10.1109/TVCG.2024.3456150,10681029,J,Equations,5,tvcg_2024_3456150_eq_5.png,5,373,2028,1178,2181,2352,3213,0.955,6,"\begin{equation*}
d(R,A_{n})=\sqrt{\sum_{i=1}^{K}\vert p(r_{i})-p(a_{n,i})\vert ^{2}}.\tag{5}\end{equation*}",1rX7E8q1Z2Pw2v078C4RoN7bDuvZeoVTF
2024,10.1109/TVCG.2024.3456150,10681029,J,Equations,6,tvcg_2024_3456150_eq_6.png,5,422,2315,1178,2390,2352,3213,0.935,6,"\begin{equation*}
F_{t}=d(R,A)=\min_{n}d(R,A_{n}).\tag{6}\end{equation*}",1Pq2FqvSu3YrLHMwaOJuPkaQ1ZTpTaDoH
2024,10.1109/TVCG.2024.3456150,10681029,J,Table,1,tvcg_2024_3456150_table_1.png,9,1210,229,2279,601,2352,3213,0.969,1,Table 1: The results of quantitative evaluation.,1KAG5t8moq6pSuKvXm2ISPFVu8IJjQW-n
2024,10.1109/TVCG.2024.3456354,10670495,J,Table,1,tvcg_2024_3456354_table_1.png,9,114,154,1189,425,2352,3213,0.974,1,"Table 1: Experimental results comparing the quality of rationale clusters generated by our method with those from two baseline methods, based on three criteria: distinctiveness and coverage of cluster labels, and accurate assignment. the numbers represent means over 10 data collections, with standard deviations shown in parentheses. Higher values indicate better performance. Bold numbers highlight the highest values among the three models.",1wBbK44At_mdteMpN6Qul0kX8PuUVtQIL
2024,10.1109/TVCG.2024.3456145,10670435,J,Table,1,tvcg_2024_3456145_table_1.png,8,117,150,2198,467,2352,3213,0.977,1,"Table 1: Evaluation of model performance using metrics ACC (Accuracy), CPL (Completeness), and CLR (Clarity), where bold indicates the best result and underline the second best. Our model (SFT-2.0) performs well in both human and GPT-4 assessments.",1IeQHoFyz_2RmD7Tf4-Lwn75L2g0_H0F4
2024,10.1109/TVCG.2024.3456159,10670526,J,Equations,1,tvcg_2024_3456159_eq_1.png,2,1313,1446,2235,1570,2352,3213,0.95,2,"\begin{equation*}
p(\mathbf{Y} \vert \mathbf{X}_{\text{img}}, \mathbf{X}_{\text{text}})=\prod_{i=1}^{L} p_{\theta}(y_{i} \vert\mathbf{X}_{\text{img}}, \mathbf{X}_{\text{text}}, y_{ < i}),\tag{1}\end{equation*}",1tOss2O0F1UbF7YFPN9juy6jxD4OraeJQ
2024,10.1109/TVCG.2024.3456159,10670526,J,Table,1,tvcg_2024_3456159_table_1.png,4,160,738,2137,1056,2352,3213,0.978,7,"Table 1: Model performance on ChartQA and the collected visual literacy dataset. ChartQA-M and ChartQA-H refers to the machine-generated and human-annotated set, respectively. Particularly, ChartQA-H is divided into four subcategories for fine-grained analysis.",1uLhED953i7i4l82EGF2vqv0TJdMwyRIP
2024,10.1109/TVCG.2024.3456159,10670526,J,Table,2,tvcg_2024_3456159_table_2.png,5,164,204,2213,568,2352,3213,0.982,7,Table 2: Results on ChartQA-H test set with models trained on individual and different combinations of training datasets in ChartQA.,1xGL_B9LmntXs78KnWADuyBiO3AuzYHyg
2024,10.1109/TVCG.2024.3456159,10670526,J,Table,3,tvcg_2024_3456159_table_3.png,5,1215,830,2260,1277,2352,3213,0.935,7,"Table 3: Statistics of existing datasets, only considering the training set if dataset splits (i.e., train-test) exist. Data counts consider the data tables and QA pairs associated with images. For example, a chart may be attached with its data table and two QA pairs, and then it is counted three times in total.",1GURe9hOGRmxQjw9ejRAaOrfM2yATJBGq
2024,10.1109/TVCG.2024.3456159,10670526,J,Equations,2,tvcg_2024_3456159_eq_2.png,6,340,1026,876,1092,2352,3213,0.933,2,"\begin{equation*}\mathscr{L}_{\text{FL}}(p_{t})=-\alpha_{t}(1-p_{t})^{\gamma} \log (p_{t}),\end{equation*}",1WMIOSrSyqn1TBPRz-JpUiQg5CslJVz7x
2024,10.1109/TVCG.2024.3456159,10670526,J,Table,4,tvcg_2024_3456159_table_4.png,8,85,203,2231,894,2352,3213,0.984,7,"Table 4: The chart-task space of our dataset, which is summarized by the visual literacy research VLAT [36].",11uzdvKp3H7_vUi-K32-Gvcom7zrV3vTA
2024,10.1109/TVCG.2024.3456159,10670526,J,Table,5,tvcg_2024_3456159_table_5.png,8,1177,1060,2293,1417,2352,3213,0.959,7,"Table 5: Test classification performance of our proposed model on the dataset, comparing design choices about backbone models and loss functions. Bold numbers indicate the highest metric value.",14No_XJsVl_Qymt-CyMi_2JLgwrx5s08m
2024,10.1109/TVCG.2024.3456159,10670526,J,Table,6,tvcg_2024_3456159_table_6.png,9,329,207,2050,512,2352,3213,0.978,7,"Table 6: Results on our benchmark. Bold and underlined numbers indicate the highest and second-highest metric values, respectively.",1kcvHDxbHV_6MHbWvwFh3xvkrD5vQggQl
2024,10.1109/TVCG.2024.3456159,10670526,J,Table,7,tvcg_2024_3456159_table_7.png,9,114,671,1208,1284,2352,3213,0.981,7,"Table 7: Results on traditional benchmarks (i.e., ChartQA and Chart-to-table). We compare our work with the previous open-source models and present results of ablations on data, training, and model design.",1oGhGnneSPRASQasCiCO_hfWV2IPdBV26
2024,10.1109/TVCG.2024.3456378,10681139,J,Table,1,tvcg_2024_3456378_table_1.png,5,1207,299,2276,698,2352,3213,0.97,10,"Table 1: Top five configurations in terms of factual accuracy in the zero-shot setting and their average number of accurate (✓), ambiguous (?), and inaccurate (X) takeaways across the two visualizations tested.",14qf5hplqMpQp9yixIvcIjFHr6awSd__w
2024,10.1109/TVCG.2024.3456378,10681139,J,Table,2,tvcg_2024_3456378_table_2.png,5,1208,882,2275,1279,2352,3213,0.964,10,"Table 2: Top five configurations in terms of factual accuracy in the one-shot setting and their average number of accurate (✓), ambiguous (?), and inaccurate (X) takeaways across the two visualizations tested.",1EJuiwnRYqj8bwIg1JKCNgptj5d-AfpUV
2024,10.1109/TVCG.2024.3456378,10681139,J,Equations,1,tvcg_2024_3456378_eq_1.png,6,413,2360,804,2464,2352,3213,0.881,2,\begin{equation*}\text { precision}{@}3=\frac{\vert H \cap M\vert}{3}. \end{equation*},1uJvNRKimRPks9Kw9vbsKIEUR9cGX57zT
2024,10.1109/TVCG.2024.3456378,10681139,J,Equations,2,tvcg_2024_3456378_eq_2.png,6,344,2954,878,3077,2352,3213,0.934,2,"\begin{equation*}\text{TVD}(P_{H}, P_{M})=\frac{1}{2} \sum_{i=1}^{13}\vert p_{M_{i}}-p_{H_{i}}\vert,\end{equation*}",1dV-hntrqjJxU52AGPQiwY2WKndQoGxl2
2024,10.1109/TVCG.2024.3456378,10681139,J,Table,3,tvcg_2024_3456378_table_3.png,6,1287,271,2111,544,2352,3213,0.977,10,Table 3: Zero-shot takeaway accuracies for the four layouts. Even state-of-the-art LLMs can struggle to write factually accurate takeaways.,18qOwZBCgkt4AU_pUNNtm08HS_CvW3FG4
2024,10.1109/TVCG.2024.3456378,10681139,J,Table,4,tvcg_2024_3456378_table_4.png,6,1287,696,2112,973,2352,3213,0.976,10,Table 4: One-shot takeaway accuracies for the four layouts. One-shot accuracies improve upon zero-shot accuracies in most cases.,1D7cvs_U7xA80am-R0Fy0Ib4s3zGJ5Fm_
2024,10.1109/TVCG.2024.3456378,10681139,J,Table,5,tvcg_2024_3456378_table_5.png,6,1312,1245,2090,1516,2352,3213,0.976,10,"Table 5: TVD's between the comparison type distributions of zero-shot takeaways and human takeaways, and between one-shot takeaways and human takeaways for each layout. One-shot TVDs are lower in most cases, suggesting the benefit of providing human-written takeaways in calibrating LLM generations.",1NGfPeYxuOfc3lP88_Jt5VmTa50in9lIG
2024,10.1109/TVCG.2024.3456378,10681139,J,Table,6,tvcg_2024_3456378_table_6.png,7,1209,1203,2277,1478,2352,3213,0.962,10,"Table 6: The top three most frequent comparison types generated for each layout in the human, LLM zero-shot, and LLM one-shot takeaways. LLMs are good at predicting frequent comparison types across all layouts, but fail to predict when generally rarer types are in the top three.",1BdLHOpoMH9dOEwXUvElvyFGvpOEE0Fps
2024,10.1109/TVCG.2024.3456378,10681139,J,Table,7,tvcg_2024_3456378_table_7.png,7,1436,1715,2039,1991,2352,3213,0.975,10,"Table 7: Precision@3 for predicting the top comparison types from human takeaways. One-shot precisions are at least as high as zero-shot precisions in all cases. in the case where two comparison types tied for third place, each was counted as 0.5 comparison types.",1jR9p3ORHU_kf3TN1Sy1VaWNz16PdLzpw
2024,10.1109/TVCG.2024.3456378,10681139,J,Table,8,tvcg_2024_3456378_table_8.png,8,267,297,938,575,2352,3213,0.98,10,Table 8: TVD's between the comparison type distributions for the two example charts in human takeaways and LLM takeaways for each layout. LLM shows much more variation than humans do.,1A0mmZk2YIoWJbfNalhK5r4MTxf2qxYGh
2024,10.1109/TVCG.2024.3456378,10681139,J,Table,9,tvcg_2024_3456378_table_9.png,8,1180,391,2215,664,2352,3213,0.971,10,"Table 9: Spearman's rho correlation of comparison type rankings in humans and LLM across the two examples for each layout. Significance levels: * p < 0.05, ** p < 0.01, *** p < 0.001. While the rankings of comparison types remain stable across different charts with the same layout in human takeaways, they tend to vary greatly in LLM takeaways.",1rn8tMvOAyDosF7lhkaWDS900yQmHBqa0
2024,10.1109/TVCG.2024.3456378,10681139,J,Table,10,tvcg_2024_3456378_table_10.png,8,1265,937,2125,1210,2352,3213,0.976,10,"Table 10: Average TVD's in LLM comparison type distributions between the two pairs of charts showing the same dataset but different contexts, and the two pairs showing same context but different datasets for each layout. Differing contexts tend to induce greater shifts in LLM comparison type distributions.",1J5NevbV3bAW3m68gQCbG7YtzJ0-rNwv8
2024,10.1109/TVCG.2024.3456404,10672541,J,Equations,1,tvcg_2024_3456404_eq_1.png,4,228,1430,1140,1564,2352,3213,0.951,14,"\begin{equation*}
                                J_{i}(\mathbf{x})=f_{t}(\mathbf{x}, E_{i})=\sum_{j=1}^{o}
                                \frac{e^{t_{i}^{j}}}{\sum_{k=1}^{o} e^{t_{i}^{k}}}
                                h_{j}\left(R_{\theta_{i}}^{-1}(\mathbf{x}-\mathbf{c}_{i})\right)\tag{1}\end{equation*}",1RTHavd3gQUi4H6xmTelOM7RAhBo_mHF8
2024,10.1109/TVCG.2024.3456404,10672541,J,Equations,2,tvcg_2024_3456404_eq_2.png,4,330,2081,1140,2198,2352,3213,0.9,14,"\begin{equation*}
                                I(\mathbf{x})=f_{c}(\{J_{i}(\mathbf{x})\}_{i})=\sum_{i=0}^{\omega}J_{i}(\mathbf{x})v_{i}(\mathbf{x})\tag{2}\end{equation*}",1-iK6QHjfD0CHvtP7T3dRzSfyO91v-fXu
2024,10.1109/TVCG.2024.3456404,10672541,J,Equations,3,tvcg_2024_3456404_eq_3.png,4,325,2430,1140,2555,2352,3213,0.956,14,"\begin{equation*}
                                L_{d}(A,I)=\frac{1}{P}\sum_{p=1}^{P}\Vert
                                A(\mathbf{x}_{p})-I(\mathbf{x}_{p})\Vert_{2}^{2}\tag{3}\end{equation*}",1f_nrlMLpc-nFhEKLhjdfWAzQGwwZdE_6
2024,10.1109/TVCG.2024.3456404,10672541,J,Equations,4,tvcg_2024_3456404_eq_4.png,4,393,2745,1139,2832,2352,3213,0.921,14,"\begin{equation*}\mathscr{E}^{*}=\arg\min_{\mathscr{E}}L_{d}(A,f_{c}(\mathscr{E})).\tag{4}\end{equation*}",1eTyIpo-6AsIHtPQuVx8ksUelUGUTxy9i
2024,10.1109/TVCG.2024.3456404,10672541,J,Equations,5,tvcg_2024_3456404_eq_5.png,5,488,1871,805,1935,2352,3213,0.901,14,"\begin{equation*} T(\mathbf{x}_{i})=M_{\mathbf{q}}\cdot
                                \mathbf{x}_{i}+\mathbf{p}.\end{equation*}",1zfqNeZjHWZ2TBiFH41tK5TJLVvMx6qtE
2024,10.1109/TVCG.2024.3456404,10672541,J,Equations,6,tvcg_2024_3456404_eq_6.png,5,451,2062,840,2125,2352,3213,0.673,14,"\begin{equation*}
                                D(T(\mathbf{x}_{i}))=S(T(\mathbf{x}_{i}),V).\end{equation*}",1TeIGD631MnqGtBzD1833VN4DRiYsgtzm
2024,10.1109/TVCG.2024.3456404,10672541,J,Equations,7,tvcg_2024_3456404_eq_7.png,5,142,2439,1150,2573,2352,3213,0.943,14,"\begin{equation*} L(\mathbf{p}, \mathbf{q},
                                \mathbf{X}_{m}, V)=-\left(\frac{1}{N} \sum_{i}^{N}
                                D(T(\mathbf{x}_{i}))\right)=-\frac{1}{N} \sum_{i}^{N}
                                S(M_{\mathbf{q}} \cdot \mathbf{x}_{i}+\mathbf{p},
                                V).\tag{5}\end{equation*}",1On6glr4ISoz98Im9b2WqlxSl8d7MPq8h
2024,10.1109/TVCG.2024.3456404,10672541,J,Equations,8,tvcg_2024_3456404_eq_8.png,5,1591,1978,1890,2050,2352,3213,0.807,14,\begin{equation*}\hat{V}_{F}^{G_{n}}=\hat{V}_{F}^{G_{n-1}}*G_{n}.\end{equation*},17Gk1C2JmBzOLiZ4iOR7OA5yntjmWwds5
2024,10.1109/TVCG.2024.3456404,10672541,J,Equations,9,tvcg_2024_3456404_eq_9.png,5,1603,2596,1879,2671,2352,3213,0.914,14,"\begin{equation*}
                                L(\mathbf{p},\mathbf{q},\mathbf{X}_{m},\hat{V}_{F_{-c}}^{G_{j}}).\end{equation*}",1BFk9vzN7JMLEqdCwMFKsJ3IBD-4TXhY3
2024,10.1109/TVCG.2024.3456404,10672541,J,Equations,10,tvcg_2024_3456404_eq_10.png,5,1446,2827,2273,2944,2352,3213,0.947,14,"\begin{equation*}
                                L_{m}([\mathbf{p}, \mathbf{q}])=\sum_{i=1}^{n} w_{j} \cdot
                                L(\mathbf{p}, \mathbf{q}, \mathbf{X}_{m},
                                \hat{V}_{F_{-c}}^{G_{j}}).\tag{6}\end{equation*}",16a1DodT_aexVQgA7jioW0MiyzUqws0uo
2024,10.1109/TVCG.2024.3456404,10672541,J,Equations,11,tvcg_2024_3456404_eq_11.png,6,379,1905,1140,2037,2352,3213,0.955,14,"\begin{equation*}
                                L_{p a r}(m)=\sum_{k=1}^{N_{\mathbf{q}} \cdot N_{\mathbf{p}}}
                                L_{m}([\mathbf{p}_{k},
                                \mathbf{q}_{k}]).\tag{7}\end{equation*}",1eP4bBKwfqQycb_-aMdU4iX_XsUjgM4Qh
2024,10.1109/TVCG.2024.3456404,10672541,J,Equations,12,tvcg_2024_3456404_eq_12.png,6,460,2434,1140,2558,2352,3213,0.938,14,"\begin{equation*}
                                L_{all}=\sum_{l=1}^{M}L_{par}(l).\tag{8}\end{equation*}",1z69ziAPvRD66XOq0_mhPsjBKraTPonCn
2024,10.1109/TVCG.2024.3456404,10672541,J,Equations,13,tvcg_2024_3456404_eq_13.png,6,510,2976,709,3083,2352,3213,0.933,14,"\begin{equation*}\mu=\frac{\mathbf{D} \cdot
                                \mathbf{W}}{N},\end{equation*}",1v8RTYCx1OuHs9mSbdrkKHCo2PJY0T8IR
2024,10.1109/TVCG.2024.3456404,10672541,J,Equations,14,tvcg_2024_3456404_eq_14.png,6,1476,1431,1930,1675,2352,3213,0.857,14,"\begin{gather*}\rho=\frac{\mathbf{D} \cdot \mathbf{W}}{\vert
                                \mathbf{D}\vert \vert \mathbf{W}\vert}, \text { and } \\
                                \rho_{\mu}=\frac{(\mathbf{D}-D_{\mu})
                                \cdot(\mathbf{W}-W_{\mu})}{\vert \mathbf{D}-D_{\mu}\vert \vert
                                \mathbf{W}-W_{\mu}\vert},\end{gather*}",1tX3EWZvhhRhT-ZA3eqQOeGKzpR8jXe-C
2024,10.1109/TVCG.2024.3456404,10672541,J,Table,1,tvcg_2024_3456404_table_1.png,8,76,378,1145,1229,2352,3213,0.968,2,"Table 1: Performance results for fitting a single structure. Res stands for resolution, C stands for ChimeraX, D stands for DiffFit, M stands for MarkovFit [1], DC stands for DiffFit corrected by a single automatic ChimeraX fit; G stands for Gain and is D/C for Hit and C/D for Computing time (in seconds). High-avg stands for the averaged metrics for the high-resolution maps, and Med for medium maps, All for all maps.",1Pj4citaz_ZI131h1JZ6EGDfMHeQA3FsW
2024,10.1109/TVCG.2024.3456404,10672541,J,Table,2,tvcg_2024_3456404_table_2.png,8,1370,1340,2029,1530,2352,3213,0.976,2,"Table 2: Performance results for identifying unknown structures. C stands for ChimeraX, D stands for DiffFit; Gain = D/C for Hit.",13cLKtod7LxOu0Tru4Ito7AcinXI_BGTK
2024,10.1109/TVCG.2024.3456342,10670437,J,Equations,1,tvcg_2024_3456342_eq_1.png,3,1513,1484,2274,1610,2352,3213,0.934,7,"\begin{equation*}\hat{\mathbf{c}}(\mathbf{r})=\sum_{i=1}^{M} \alpha_{i}(1-\omega_{i}) \mathbf{c}(\mathbf{x}_{i}, \mathbf{d}),\tag{1}\end{equation*}",1HicYPOeSJQL111jln8O-Y9piliaw7rfV
2024,10.1109/TVCG.2024.3456342,10670437,J,Equations,2,tvcg_2024_3456342_eq_2.png,3,1538,2021,2274,2092,2352,3213,0.914,7,"\begin{equation*}\mathscr{L}_{\text{BASE}}=\Vert\mathbf{c}(\mathbf{r})-\hat{\mathbf{c}}(\mathbf{r})\Vert_{2}^{2},\tag{2}\end{equation*}",1zewkz1eoWPA3gJzBKOuclmeRk-p5lA8b
2024,10.1109/TVCG.2024.3456342,10670437,J,Equations,3,tvcg_2024_3456342_eq_3.png,4,1352,242,2236,366,2352,3213,0.956,7,"\begin{equation*}\mathbf{c}(\mathbf{x,d})=\mathbf{c}_{s}(\mathbf{x,d})+I(\mathbf{x}) \sum_{i=1}^{N_{p}} \omega_{i}(\mathbf{x})(P_{i}+\delta_{i}(\mathbf{x})),\tag{3}\end{equation*}",1TiTehO2fLf5CRpSUARokoY82unAr91V0
2024,10.1109/TVCG.2024.3456342,10670437,J,Equations,4,tvcg_2024_3456342_eq_4.png,4,1309,588,2236,719,2352,3213,0.951,7,\begin{equation*}\mathscr{L}_{\text {PALETTE }}=\Vert\mathbf{c}(\mathbf{r})-\hat{\mathbf{c}}(\mathbf{r})\Vert_{2}^{2}+\lambda_{\delta} \sum_{i=1}^{M} \sum_{j=1}^{N_{p}}\Vert\delta_{j}(\mathbf{x}_{i})\Vert_{2}^{2}.\tag{4}\end{equation*},1o0LTr6IpNfDE2atM-bl5fPHS6ujP5ro0
2024,10.1109/TVCG.2024.3456342,10670437,J,Equations,5,tvcg_2024_3456342_eq_5.png,4,1448,2033,2235,2104,2352,3213,0.923,7,"\begin{equation*}\mathscr{L}_{\text {VOLUME }}=\Vert\mathbf{E}_{p}(\mathbf{x})-\mathbf{E}_{u}(\mathbf{x})\Vert_{2}^{2},\tag{5}\end{equation*}",1SjRS6c8TRcnUXbBHc7AhKq7uH6IqxfVc
2024,10.1109/TVCG.2024.3456342,10670437,J,Equations,6,tvcg_2024_3456342_eq_6.png,4,1470,2357,2235,2429,2352,3213,0.926,7,"\begin{equation*}\mathscr{L}_{\text {COLOR }}=\Vert\bar{\mathbf{c}}_{d}(\mathbf{x})-\mathbf{c}_{u}(\mathbf{x})\Vert_{2}^{2},\tag{6}\end{equation*}",1HaLDDdUPN6QhTzgE8VcuqXi717DCHN_p
2024,10.1109/TVCG.2024.3456342,10670437,J,Equations,7,tvcg_2024_3456342_eq_7.png,5,234,505,1178,643,2352,3213,0.936,7,"\begin{equation*}\mathscr{L}_{\text{NNFM}}(\mathbf{R,S})=\frac{1}{(N_{F} N_{P})} \sum_{i=1}^{N_{P}} \sum_{f_{j} \in \phi(R_{i})} \min _{f_{k} \in \phi(S_{i})} d(f_{j}, f_{k}),\tag{7}\end{equation*}",12hbpx2cI3YhJ-nyCZ20ZeAnMWWQy2nJ5
2024,10.1109/TVCG.2024.3456342,10670437,J,Table,1,tvcg_2024_3456342_table_1.png,5,1217,1713,2267,2089,2352,3213,0.969,4,Table 1: The datasets and their respective settings.,1nvN3IYiZD9bZJWcc1Sftkepqd6VJFgPl
2024,10.1109/TVCG.2024.3456342,10670437,J,Table,2,tvcg_2024_3456342_table_2.png,7,160,2066,1127,2371,2352,3213,0.972,4,Table 2: Comparing the total training time and per-image inference time for NeRF-based methods. the best ones are shown in bold.,19oa0N3PTmJIarBGQEpLZJqaXcBW-W_HD
2024,10.1109/TVCG.2024.3456342,10670437,J,Table,3,tvcg_2024_3456342_table_3.png,7,1298,240,2168,547,2352,3213,0.967,4,Table 3: Average short- and long-range cross-view consistency for styl-ization cases shown in Figure 8.,1THDUtdMwOKZHf3HrlY1xoWLqldBbrA6t
2024,10.1109/TVCG.2024.3456342,10670437,J,Table,4,tvcg_2024_3456342_table_4.png,7,1219,1119,2269,1327,2352,3213,0.965,4,Table 4: The votes of 14 participants on better solutions gathered from eight stylization cases (WikiArt-1 to WikiArt-8).,1KdSFxuOHTEA2AiQuG97DeDm9VZtlZjJ5
2024,10.1109/TVCG.2024.3456338,10669762,J,Equations,1,tvcg_2024_3456338_eq_1.png,4,313,2666,1140,2734,2352,3213,0.934,7,,1N7xxzFRh1rhmn_EL3zy29tDt9eUFzmrZ
2024,10.1109/TVCG.2024.3456338,10669762,J,Equations,2,tvcg_2024_3456338_eq_2.png,4,420,2952,1141,3078,2352,3213,0.925,7,,170wGp5-uXdFhnPy6Obq1NmZly0tDlYL8
2024,10.1109/TVCG.2024.3456338,10669762,J,Equations,3,tvcg_2024_3456338_eq_3.png,4,1438,1434,2235,1562,2352,3213,0.799,7,,1jwM4k-ESg9IpQIr37TZiJ81BHQQWIdCE
2024,10.1109/TVCG.2024.3456338,10669762,J,Equations,4,tvcg_2024_3456338_eq_4.png,4,1506,1914,2236,1996,2352,3213,0.936,7,,1CHVBNS2--sfLSSX4R6jevPWgWLqrfyAh
2024,10.1109/TVCG.2024.3456338,10669762,J,Equations,5,tvcg_2024_3456338_eq_5.png,5,313,1771,1178,1896,2352,3213,0.91,7,,1KBq7B67d_T57oIh37jitP9TGwEr2HgDX
2024,10.1109/TVCG.2024.3456338,10669762,J,Equations,6,tvcg_2024_3456338_eq_6.png,5,516,1928,1179,2035,2352,3213,0.924,7,,1B-r_YI5l6KP9NVJpYUqzOdDvq3u9MxLZ
2024,10.1109/TVCG.2024.3456338,10669762,J,Equations,7,tvcg_2024_3456338_eq_7.png,5,1440,460,2274,557,2352,3213,0.938,7,,1-B_QeRDOGtwJLIuVRxtjLS4fLPdtbG_p
2024,10.1109/TVCG.2024.3456338,10669762,J,Equations,8,tvcg_2024_3456338_eq_8.png,5,1556,866,2274,939,2352,3213,0.933,7,,1K0DKVXF9yAKM6De5RNi0QHVCGRaNqTj9
2024,10.1109/TVCG.2024.3456338,10669762,J,Table,1,tvcg_2024_3456338_table_1.png,7,1310,1880,2177,2184,2352,3213,0.974,2,Table 1: The comparison of loss functions. the values are the mean squared error between the prediction results and and the raw images from the test dataset.,1mQP-H9gsW6uC-jGkXi-OKT60j2_HZf5C
2024,10.1109/TVCG.2024.3456338,10669762,J,Table,2,tvcg_2024_3456338_table_2.png,8,146,1820,1074,2185,2352,3213,0.965,2,Table 2: Comparison of our model with InSituNet and VDL-Surrogate models across three evaluation metrics on the test dataset.,1ATQPNCvR5rnVN8f_vKTfnCrJu1C25p7L
2024,10.1109/TVCG.2024.3456357,10670575,J,Equations,1,tvcg_2024_3456357_eq_1.png,4,197,1838,1140,1953,2352,3213,0.95,5,\begin{equation*}\mu(x)=\frac{\sum_{i=1}^{M} f_{i}(x)}{M} \quad \sigma^{2}(x)=\frac{\sum_{i=1}^{M}(f_{i}(x)-\mu(x))^{2}}{M-1}\tag{1}\end{equation*},1vVW6_HBhY-iCLKZfkW5Q-voJJf0DD7St
2024,10.1109/TVCG.2024.3456357,10670575,J,Equations,2,tvcg_2024_3456357_eq_2.png,4,259,2951,1140,3079,2352,3213,0.951,5,"\begin{equation*}
L_{M D S R N}=L_{member}=\frac{1}{B} \sum_{i=1}^{M} \sum_{b=1}^{B}(f_{i}(x_{b})-y_{b})^{2}\tag{2}\end{equation*}",10rIuIXSwIb4Fx73TI9vNP5j9JIaon6HW
2024,10.1109/TVCG.2024.3456357,10670575,J,Equations,3,tvcg_2024_3456357_eq_3.png,4,1219,1418,2235,1544,2352,3213,0.936,5,"\begin{equation*}
f_{\sigma^{2}}(x)=\frac{\sigma^{2}(x)}{\int_{X} \sigma^{2}(x_{j}) d x_{j}} \quad f_{\delta}(x)=\frac{(\mu(x)-v(x))^{2}}{\int_{X}(\mu(x_{j})-v(x_{j}))^{2} d x_{j}}\tag{3}\end{equation*}",1BZIRAxw-vx1GQVvWEqsFmPOWAA7u6Ko4
2024,10.1109/TVCG.2024.3456357,10670575,J,Equations,4,tvcg_2024_3456357_eq_4.png,4,1444,2690,2235,2823,2352,3213,0.952,5,"\begin{equation*}
L_{v a r}=\frac{1}{B} \sum_{j=1}^{B} f_{\delta}(x_{j}) \log (\frac{f_{\delta}(x_{j})}{f_{\sigma^{2}}(x_{j})})\tag{4}\end{equation*}",1Ib2Ut4obPeie14tNe9t6zjSG7dwUoWVa
2024,10.1109/TVCG.2024.3456357,10670575,J,Equations,5,tvcg_2024_3456357_eq_5.png,5,343,1993,1178,2122,2352,3213,0.95,5,\begin{equation*}\lambda(t)=\lambda_{min }+(\lambda_{max }-\lambda_{min }) \frac{r^{\frac{t-1}{t_{max -1}}}-1}{r-1}\tag{5}\end{equation*},1c9M3B-EeYKr7dZyfF9Ke4EsNKTnUdHY-
2024,10.1109/TVCG.2024.3456346,10670560,J,Equations,1,tvcg_2024_3456346_eq_1.png,6,1451,946,2054,1155,2352,3213,0.951,1,,19wzE8BY2vuwEm44_j25We4gBcBIA2nGW
2024,10.1109/TVCG.2024.3456346,10670560,J,Equations,2,tvcg_2024_3456346_eq_2.png,6,1521,1208,1864,1269,2352,3213,0.767,1,,13QsFI8GZNR5hNswma5EF2kuQoKiJ3v7W
2024,10.1109/TVCG.2024.3456389,10670557,J,Equations,1,tvcg_2024_3456389_eq_1.png,4,388,1959,873,2020,2352,3213,0.622,7,,1TQ6VbiuRUiaS_LgOSEFenhHBjxFlpWxF
2024,10.1109/TVCG.2024.3456389,10670557,J,Equations,2,tvcg_2024_3456389_eq_2.png,4,319,3000,902,3069,2352,3213,0.898,7,,1yWHsAxZ1_dsbRX9aCI56eXmVGmm9hdTB
2024,10.1109/TVCG.2024.3456389,10670557,J,Equations,3,tvcg_2024_3456389_eq_3.png,4,1406,1344,2235,1481,2352,3213,0.949,7,,1YTy7q5FfAivSLM9pI9iRYz1yFKJGWPpK
2024,10.1109/TVCG.2024.3456389,10670557,J,Equations,4,tvcg_2024_3456389_eq_4.png,4,1458,2568,1952,2767,2352,3213,0.927,7,,1hqufSbKQN2gsEaOJW8xZKxDJPy0PwlQr
2024,10.1109/TVCG.2024.3456389,10670557,J,Equations,5,tvcg_2024_3456389_eq_5.png,4,1309,2985,2099,3059,2352,3213,0.934,7,,1HsmdVzWDti9pZjkOCnK_A9w6jc_m6FXe
2024,10.1109/TVCG.2024.3456350,10681108,J,Table,1,tvcg_2024_3456350_table_1.png,5,111,197,1184,458,2352,3213,0.969,6,"Table 1: Percentages of LLM rankings that agree or disagree with Kim et al.'s data [13], or are self-conflicting across the two pair orders. Pairs with inconsistent LLM responses are excluded from the training data.",1VNahq7HJyFJmQbAvZ77ay4l8ht3zc0a3
2024,10.1109/TVCG.2024.3456350,10681108,J,Table,2,tvcg_2024_3456350_table_2.png,5,255,618,1030,843,2352,3213,0.968,6,"Table 2: Breakdown of inconsistent responses, as the percentages of LLM choices that are both “Chart 1” or both “chart 2”. GPT4 and GPT3.5-Turbo exhibit strong positional biases in favor of the first option.",1eyLqXa4pfGCSntKMkCaDQMnG1sgZH9n9
2024,10.1109/TVCG.2024.3456350,10681108,J,Table,3,tvcg_2024_3456350_table_3.png,5,144,998,1139,1483,2352,3213,0.972,6,Table 3: Average cross-validation and test accuracies for the three instances of DracoGPT-Rank and four instances of Draco trained on experimental human performance data from Kim et al.,1MR_a2NfLlXzeDWkUahnnK2ohT2mWeNFy
2024,10.1109/TVCG.2024.3456350,10681108,J,Table,4,tvcg_2024_3456350_table_4.png,7,1326,190,2156,453,2352,3213,0.976,6,"Table 4: The percentages of valid completions of partial specifications in Vega-Lite and Vega-Altair by GPT4-Turbo, GPT4, and GPT3.5-Turbo.",1-EwFP38908jk2y6lLrT6za6EjfNzaCUW
2024,10.1109/TVCG.2024.3456350,10681108,J,Table,5,tvcg_2024_3456350_table_5.png,7,1256,592,2228,855,2352,3213,0.975,6,"Table 5: The percentages of chart pairs removed because the positive and negative examples are the same. In these cases, LLMs generate a chart that matches the original positive example from Kim et al. GPT3.5-Turbo does not produce any valid Vega-Altair completions.",1zKzhJc6fJZy1YVnvLixmJ_6JZStxWnDD
2024,10.1109/TVCG.2024.3456350,10681108,J,Table,6,tvcg_2024_3456350_table_6.png,7,1321,1075,2163,1418,2352,3213,0.973,6,Table 6: Average cross-validation accuracies and test set accuracies for five DracoGPT-Recommend models. We measure the degree to which the DracoGPT instances' ranking judgments agree with the training data.,1HZrwMZQwhJB_gf8M7c6rCckOS1rPBSLQ
2024,10.1109/TVCG.2024.3456326,10682498,J,Table,1,tvcg_2024_3456326_table_1.png,7,1216,1055,2270,1274,2352,3213,0.95,3,Table 1: Interaction rate (interactions per second) for individuals with high/low scores on five personality traits.,1YOwbNTmOZyQW47Ebbf3Tmp4GWsaP9Lb0
2024,10.1109/TVCG.2024.3456326,10682498,J,Table,2,tvcg_2024_3456326_table_2.png,7,1218,2352,2237,2624,2352,3213,0.89,3,Table 2: Car: Determinants of think time.,1C-SMJpPrqYDm-oYbdOjZIULsVK371FqA
2024,10.1109/TVCG.2024.3456326,10682498,J,Table,3,tvcg_2024_3456326_table_3.png,8,82,155,1123,444,2352,3213,0.954,3,Table 3: Credit: Determinants of think time.,1jSNQMbejzFwFAjbJLCKVd26NpcOPRY_o
2024,10.1109/TVCG.2024.3456182,10677479,J,Equations,1,tvcg_2024_3456182_eq_1.png,3,501,1466,1179,1724,2352,3213,0.923,4,"\begin{gather*}
y_{i}=\beta_{0}+\beta x_{i}+\varepsilon_{i}\\\beta\sim \mathscr{N}(\mu,\sigma^{2}) \tag{1}\\\beta_{0}\sim\mathscr{N}(0,\sigma_{b}^{2})\\\varepsilon_{i}\sim\mathscr{N}(0,\sigma_{e}^{2})\end{gather*}",1W2atcCLQmOFhvgz055xo76VVbRLZQPIy
2024,10.1109/TVCG.2024.3456182,10677479,J,Table,1,tvcg_2024_3456182_table_1.png,3,119,2750,1177,3057,2352,3213,0.968,1,Table 1: Example prompt questions and associated ground-truth parameters as obtained from crowd workers.,195HEdo3w2N5g_ifj9hpId0Qa_aZHaaSx
2024,10.1109/TVCG.2024.3456182,10677479,J,Equations,2,tvcg_2024_3456182_eq_2.png,4,408,944,1140,1007,2352,3213,0.899,4,\begin{equation*}\Delta R=R_{Sample}-R_{Expected} \tag{2}\end{equation*},1_6yaNkaGin8Oej4V9BNYWyhwGMBruzqU
2024,10.1109/TVCG.2024.3456182,10677479,J,Equations,3,tvcg_2024_3456182_eq_3.png,5,342,2737,1178,2937,2352,3213,0.953,4,\begin{gather*}\Delta\mu=\frac{\mu_{Human\vert Bayes\vert Flat}-\mu_{Truth}}{2}\times 100\\\Delta\sigma=\frac{\sigma_{Human\vert Bayes\vert Flat}-\sigma_{Truth}}{0.6}\times 100 \tag{3}\end{gather*},12k5ffvwwvyPa7w2gRue5F1lmvpzKxKGi
2024,10.1109/TVCG.2024.3456182,10677479,J,Equations,4,tvcg_2024_3456182_eq_4.png,5,1301,2077,2182,2416,2352,3213,0.912,4,"\begin{align*}\Delta\mu&\sim Normal (\text{mean}, \text{sd}^{2})\\\text{mean}&=\Delta R\times agent\times vis\times consensus\times size\\
&+\Delta R\times agent\times questionType\\
&+(1+\Delta R\times agent\vert participant)+(1\vert question)\\
log(\text{sd})&=agent\times vis\times consensus\times size\\
&+(1+size\times agent\vert participant)+(1\vert question)\end{align*}",1p24ujc0_Io8Bne4ZTmHdiPI5N-ioj84P
2024,10.1109/TVCG.2024.3456381,10670433,J,Table,1,tvcg_2024_3456381_table_1.png,6,121,350,1083,1082,2352,3213,0.977,1,Table 1: Linear regression results from study 2 for perceived causal relationship. Significant effects are indicated in bold and the corresponding rows are highlighted in green. Note that line charts are the reference of the other two chart types in the model so it cannot be shown below.,1JIwwwUBRX9QR4J3S_Wg7rs1sL_I995KR
2024,10.1109/TVCG.2024.3456381,10670433,J,Equations,1,tvcg_2024_3456381_eq_1.png,7,1518,1007,2273,1067,2352,3213,0.926,4,"\begin{equation*}\Delta_{caus}=PCR-CausalPrior,\tag{1}\end{equation*}",12iIlRAF_Hp_HTEC79FCjiEdv2IA8ovio
2024,10.1109/TVCG.2024.3456381,10670433,J,Equations,2,tvcg_2024_3456381_eq_2.png,7,1511,1256,2273,1319,2352,3213,0.918,4,\begin{equation*}\Delta_{conf}=PCon f-ConfPrior\tag{2}\end{equation*},1SlfRiDCosZDxtnQVVQi5IW5Oa9aJLq0n
2024,10.1109/TVCG.2024.3456381,10670433,J,Equations,3,tvcg_2024_3456381_eq_3.png,8,291,1360,1140,1420,2352,3213,0.918,4,"\begin{equation*}\Delta_{VA, CP}=VA - normalize (CausalPrior),\tag{3}\end{equation*}",1oMFC6mcET4pwXXxZRYVZOeL1mr0aoIme
2024,10.1109/TVCG.2024.3456381,10670433,J,Equations,4,tvcg_2024_3456381_eq_4.png,8,431,1967,1139,2029,2352,3213,0.921,4,"\begin{equation*}\Delta_{caus}\sim 0.37*\Delta_{VA, CP},\tag{4}\end{equation*}",13hvIP7DdLp3KceyyjkBvX1e-PbA1zQfZ
2024,10.1109/TVCG.2024.3456305,10670522,J,Table,1,tvcg_2024_3456305_table_1.png,8,212,2701,1009,2940,2352,3213,0.963,2,Table 1: P-values of the pairwise KS-test for the analysis of the acceptance rates of OLS regression.,1t_CF26Ayu8CwnRsvvTez0KH3b11sljXz
2024,10.1109/TVCG.2024.3456305,10670522,J,Table,2,tvcg_2024_3456305_table_2.png,9,269,1298,1022,1837,2352,3213,0.814,2,Table 2: P-values of the pairwise Wilcoxon-test for the response time analysis and pairwise chi-squared test for analysis of the self-reported difficulties.,1cCsoZHIJ7dYGuaAGjrUymwztYJ31KMS9
2024,10.1109/TVCG.2024.3456402,10700937,J,Equations,1,tvcg_2024_3456402_eq_1.png,5,1482,2749,2274,2920,2352,3213,0.921,4,,1kB6XNOHekYNrD7GkduXkV889Wds9PVXE
2024,10.1109/TVCG.2024.3456402,10700937,J,Equations,2,tvcg_2024_3456402_eq_2.png,6,336,1360,1141,1532,2352,3213,0.928,4,,1mhbVu8z16-PJD8vOW6PFdhW3Sr_sxAoz
2024,10.1109/TVCG.2024.3456142,10670520,J,Equations,1,tvcg_2024_3456142_eq_1.png,3,366,1724,1178,1788,2352,3213,0.928,5,,1zu8HwJ6oQtzaEb45V1VqdYOFRyWJtFvZ
2024,10.1109/TVCG.2024.3456142,10670520,J,Equations,2,tvcg_2024_3456142_eq_2.png,3,1436,662,2273,730,2352,3213,0.924,5,,1nOlwFsqdxYB-dUy3W0-Rfp2sYuWtu9z1
2024,10.1109/TVCG.2024.3456142,10670520,J,Equations,3,tvcg_2024_3456142_eq_3.png,3,1568,1032,2273,1096,2352,3213,0.922,5,,1OM9HI_oZsxUoAEH9PgvU9n5ksqgY6yEe
2024,10.1109/TVCG.2024.3456142,10670520,J,Equations,4,tvcg_2024_3456142_eq_4.png,3,1395,1579,2273,1645,2352,3213,0.896,5,,1S_AuLGvQiKRfsIe9TUbXT8HUphvtP4kK
2024,10.1109/TVCG.2024.3456142,10670520,J,Equations,5,tvcg_2024_3456142_eq_5.png,6,333,2407,1140,2473,2352,3213,0.938,5,,16PV_FOHO4BJ8R1m1M50bkHe7g58H7pA4
2024,10.1109/TVCG.2024.3456142,10670520,J,Equations,6,tvcg_2024_3456142_eq_6.png,6,332,2469,1139,2536,2352,3213,0.917,5,,1JyvGFjyUOs-ubFGMMbjuyXSIaou1gnm5
2024,10.1109/TVCG.2024.3456348,10684987,J,Table,1,tvcg_2024_3456348_table_1.png,6,78,1660,1140,2027,2352,3213,0.961,1,Table 1: List of abbreviations and placeholders.,1y7R9BW_6cIzjUYCqmSSBPmq4Qb9TyVXN
2024,10.1109/TVCG.2024.3456377,10670479,J,Table,1,tvcg_2024_3456377_table_1.png,7,115,2684,1188,2915,2352,3213,0.961,1,"Table 1: Top three strategies participants used in each modality and number of times mentioned, from coded open-ended questionnaire feedback.",1ggLR6A0LGH2hcg-9wbsoCALWJ4oqkcP2
2024,10.1109/TVCG.2024.3456325,10693324,J,Table,1,tvcg_2024_3456325_table_1.png,5,1339,630,2137,844,2352,3213,0.973,1,Table 1: Data description.,1Pk41wAcfvM811hWYAsDDWdDZ4sNCRuvD
2024,10.1109/TVCG.2024.3456335,10670080,J,Table,1,tvcg_2024_3456335_table_1.png,5,122,212,2271,1206,2352,3213,0.983,1,Table 1: Interaction techniques supported by the system. Each interaction can be performed with touch gestures and speech commands.,1C-OCnpUDX0Ig47Gaj6CUt61AMvE8E9Zi
2024,10.1109/TVCG.2024.3456396,10670477,J,Table,1,tvcg_2024_3456396_table_1.png,6,141,152,1084,655,2352,3213,0.935,4,Table 1: Breakdown of interaction effects in model 1 (binary correctness) across scaling levels. Rows compare visual intervention conditions at three scaling levels and show 95% credible intervals in log odds. Darker cell backgrounds indicate stronger effects.,1EAhrd1WXMcOaZ94CKcXb8fo7XGie21BO
2024,10.1109/TVCG.2024.3456396,10670477,J,Table,2,tvcg_2024_3456396_table_2.png,7,197,1285,1104,1863,2352,3213,0.894,4,Table 2: Interactions for referents 5–5 SD pair & equal area from model 2. Rows show 95% credible intervals in log odds. Darker cell backgrounds indicate stronger effects.,1sLNtfruFpo9CXc6gX0LKs4kUCC3CfJk5
2024,10.1109/TVCG.2024.3456396,10670477,J,Equations,1,tvcg_2024_3456396_eq_1.png,7,161,2365,1178,2480,2352,3213,0.882,2,,10ghlVsNAHEIGDlHRATZVdyGy5wwTsKk2
2024,10.1109/TVCG.2024.3456396,10670477,J,Table,3,tvcg_2024_3456396_table_3.png,9,127,153,1163,1444,2352,3213,0.962,4,"Table 3: SD comparisons with 95% credible intervals that do not include zero from testing h4, broken down by visual intervention. the first SD condition listed in each row is the referent. Units are in log odds and darker cells indicate stronger effects.",1vMx2DVOzWxIdTH5hKhBiHNKHOlLh-WcW
2024,10.1109/TVCG.2024.3456396,10670477,J,Table,4,tvcg_2024_3456396_table_4.png,9,1229,153,2256,694,2352,3213,0.974,4,Table 4: Breakdown of meaningful interaction effects in model 2 by SD pair. Rows compare visual interventions per SD pair and show 95% credible intervals in log odds. Darker cells indicate stronger effects.,1eg1HDxFkMhaO3tiV_lXb0wctelrNYaT3
2024,10.1109/TVCG.2024.3456403,10669936,J,Table,1,tvcg_2024_3456403_table_1.png,4,80,270,2239,674,2352,3213,0.98,1,"Table 1: Summary of hypothesis tests. Dark-green cells indicate strongly supported hypotheses (prob > 95%); light-green cells indicate a weaker (prob > 90%) or partial support (e.g., only one of two comparisons holds); and the pink cell indicates evidence against the hypothesis.",113yDB0bj1cd2TGpt0K9LRoDEfvaaQSdL
2024,10.1109/TVCG.2024.3456312,10670576,J,Equations,1,tvcg_2024_3456312_eq_1.png,3,1452,2480,2273,2597,2352,3213,0.924,2,"\begin{equation*}
q_{runways}=\frac{\Sigma^{runways}(length/degree)^{2}}{\# runways}
\tag{1}\end{equation*}",1DgKz-3jagGqTW06KyJLHjXzElMFLPhVJ
2024,10.1109/TVCG.2024.3456312,10670576,J,Equations,2,tvcg_2024_3456312_eq_2.png,4,112,2272,1142,2537,2352,3213,0.958,2,"\begin{align*}
q_{staircases}= & \sum^{\text {staircases }}\left(\left(\frac{\# steps +1}{ degree }\right)^2 \times\right. \\
& \left.\left(1-\frac{\sum^{\# steps }(d-\min (d_{stair }))}{(\# steps) \times(\max (d_{stair })-\min (d_{staircases }))}\right)\right)
\tag{2}
\end{align*}",1Rxvuy6W5dSlGTM-QkbePhYNJMrJsgPs8
2024,10.1109/TVCG.2024.3456373,10680192,J,Table,1,tvcg_2024_3456373_table_1.png,2,82,155,2234,1071,2352,3213,0.821,3,"Table 1: Task taxonomy for egocentric network analysis at the microscopic level. We include visualization frameworks [55], [58], [69], [75] and visual analytics tools [10], [11], [16], [20], [25], [31], [33]–[35], [37], [48], [51], [72] for egocentric networks. Our taxonomy is derived from surveys [1], [27], a textbook [49], and the analysis tasks listed in relevant works [11], [25], [58], [72], [75], where we generalize our task descriptions to only concern network properties.",16gnv5SFFpuiLutKpdCgSewQScAynWKMB
2024,10.1109/TVCG.2024.3456373,10680192,J,Table,2,tvcg_2024_3456373_table_2.png,5,1330,153,2152,738,2352,3213,0.978,3,Table 2: Customization offered in SpreadLine. We include the foundational configuration as recommendation and describe the designer intentions behind these options. 1D refers to univariate information.,1Y3d0XaKIo6ODvcLImQfMnTNqGKxoMePt
2024,10.1109/TVCG.2024.3456373,10680192,J,Table,3,tvcg_2024_3456373_table_3.png,8,307,1363,917,1760,2352,3213,0.955,3,Table 3: Completion times and accuracy for each task. Task time is shown in average (standard deviation) in seconds.,1SWckwmUU4obAU652zsOEYUj01WmycyBA
2024,10.1109/TVCG.2024.3456349,10678863,J,Equations,1,tvcg_2024_3456349_eq_1.png,3,1595,1341,2274,1470,2352,3213,0.776,11,,1GVXrGrbGoqAgO60jEYKHqk82gupSbpau
2024,10.1109/TVCG.2024.3456349,10678863,J,Equations,2,tvcg_2024_3456349_eq_2.png,3,1400,1633,2170,1825,2352,3213,0.748,11,,1TrpJPkjyBeLwTjquejG6i_JL7LMoxdTh
2024,10.1109/TVCG.2024.3456349,10678863,J,Equations,3,tvcg_2024_3456349_eq_3.png,3,1558,2276,2274,2407,2352,3213,0.946,11,,1Z5pPxCKFozm1L4Px7R38xOy5b1T6R3aB
2024,10.1109/TVCG.2024.3456349,10678863,J,Equations,4,tvcg_2024_3456349_eq_4.png,4,460,742,1141,866,2352,3213,0.891,11,,1Aw9irKL1Q2d7zxIQQD1BiUhBoc3d6wbp
2024,10.1109/TVCG.2024.3456349,10678863,J,Equations,5,tvcg_2024_3456349_eq_5.png,4,433,1575,1142,1856,2352,3213,0.953,11,,1WJlvlH6OavkExABjJnKV39KWbrYU-7Mt
2024,10.1109/TVCG.2024.3456349,10678863,J,Equations,6,tvcg_2024_3456349_eq_6.png,4,1516,2607,2236,2673,2352,3213,0.92,11,,16DwAeTc53MxeABsr_v7JZq9tOYIfCNdb
2024,10.1109/TVCG.2024.3456349,10678863,J,Equations,7,tvcg_2024_3456349_eq_7.png,5,519,1157,1178,1264,2352,3213,0.938,11,,1QkTkCD988zZRp-fQX2MFdNC4p7Kj-DuC
2024,10.1109/TVCG.2024.3456349,10678863,J,Equations,8,tvcg_2024_3456349_eq_8.png,5,302,1495,1178,1627,2352,3213,0.952,11,,1EsyGS5X4i7iDSkTBHzNu7N7v5GpwgEDi
2024,10.1109/TVCG.2024.3456349,10678863,J,Equations,9,tvcg_2024_3456349_eq_9.png,5,567,2799,1179,2901,2352,3213,0.936,11,,1bv-Bbjcw28nFc4afbZMknHwGdfF-N6xM
2024,10.1109/TVCG.2024.3456349,10678863,J,Equations,10,tvcg_2024_3456349_eq_10.png,5,528,2975,1179,3079,2352,3213,0.945,11,,1tfYV9eF9TqBxiTwm1GWs8p6NeJKXXXt1
2024,10.1109/TVCG.2024.3456349,10678863,J,Equations,11,tvcg_2024_3456349_eq_11.png,5,1504,1403,2273,1536,2352,3213,0.954,11,,14W7lQ_KJdJDNgoUJAscrL2pOHavz58sy
2024,10.1109/TVCG.2024.3456349,10678863,J,Table,1,tvcg_2024_3456349_table_1.png,6,96,229,1114,487,2352,3213,0.974,4,,1sobDrHqgMFa_y9a0YcpLtxWr2uuSriaM
2024,10.1109/TVCG.2024.3456349,10678863,J,Equations,12,tvcg_2024_3456349_eq_12.png,6,1494,978,1921,1257,2352,3213,0.727,11,,1MaRdjkO006XC4tC3DKos4bsdgJy-5d8R
2024,10.1109/TVCG.2024.3456349,10678863,J,Table,2,tvcg_2024_3456349_table_2.png,9,242,155,2145,413,2352,3213,0.969,4,,18j3C7zhUH_jfutWFAT9pcSC9C7wuFImf
2024,10.1109/TVCG.2024.3456155,10670574,J,Table,1,tvcg_2024_3456155_table_1.png,3,209,1222,1074,1415,2352,3213,0.966,5,"Table 1: VLAT results broken down by question difficulty (as classified in the original VLAT paper), ordered by increasing difficulty.",1qon5n2t88DgIccipM3ANpq1U8xND0NEg
2024,10.1109/TVCG.2024.3456155,10670574,J,Table,2,tvcg_2024_3456155_table_2.png,3,136,1944,1154,2347,2352,3213,0.955,5,"Table 2: VLAT results broken down by task type, ordered in decreasing order by percent correct.",1GNNYIt97ZK3Jl1x6V1bbVlP8Trv15-kT
2024,10.1109/TVCG.2024.3456155,10670574,J,Table,3,tvcg_2024_3456155_table_3.png,3,1239,2448,2233,3022,2352,3213,0.931,5,"Table 3: VLAT results broken down by chart type, ordered in decreasing order by percent correct.",1wcyDbYUq87SYsEXy10vXKuMl4HroRL9q
2024,10.1109/TVCG.2024.3456155,10670574,J,Table,4,tvcg_2024_3456155_table_4.png,4,131,1642,1081,1879,2352,3213,0.973,5,Table 4: Breakdown of questions in our set based on categorization of “lookup” vs. “compositional” and “visual” vs. “non-visual”.,1k5Vuur4XvIkIwOFzuxMZ53NRgt4C95bi
2024,10.1109/TVCG.2024.3456155,10670574,J,Table,5,tvcg_2024_3456155_table_5.png,4,1185,1814,2227,2135,2352,3213,0.962,5,Table 5: CQA accuracy of GPT-4 with and without data on various tasks.,1ZPyD8MZR8L74_UbeKU0pdny0Se0bqaBf
2024,10.1109/TVCG.2024.3456352,10670069,J,Table,1,tvcg_2024_3456352_table_1.png,5,114,152,1181,1172,2352,3213,0.968,1,Table 1: Overview of design solutions identified in the design workshops and which participants used or recommended them. This list follows the same structure as the cheat sheet (fig. 3).,1m66VX25HQLnJY_xALiQ7tVG838yXtbJH
2024,10.1109/TVCG.2024.3456344,10669803,J,Table,1,tvcg_2024_3456344_table_1.png,4,334,752,1973,1026,2352,3213,0.97,2,Table 1: Qualitatively coding adjective valence and strength based on semantic similarity to existing adjective corpii.,18wZayP-1QBGlsk9b1G84Yj3vfQamejPt
2024,10.1109/TVCG.2024.3456344,10669803,J,Table,2,tvcg_2024_3456344_table_2.png,5,212,229,1066,849,2352,3213,0.974,2,Table 2: Latent independent variable constructs used in sem.,1cvnXEhgQdDbXNDrqgCL_7edA3JBqxf0P
2024,10.1109/TVCG.2024.3456144,10670077,J,Equations,1,tvcg_2024_3456144_eq_1.png,5,1215,2181,1600,2231,2352,3213,0.417,0,,1bdhrJ-CquK9MSlNUV7J_N6ze3dzlrjvU
2024,10.1109/TVCG.2024.3456144,10670077,J,Equations,2,tvcg_2024_3456144_eq_2.png,5,1218,2244,2016,2295,2352,3213,0.476,0,,1ejM8FPFxHWmLCZ1_P9ocOBuZd4B-5PMb
2024,10.1109/TVCG.2024.3456144,10670077,J,Equations,3,tvcg_2024_3456144_eq_3.png,6,84,2033,799,2120,2352,3213,0.407,0,,1yCteCN-1ADKYYnuRiMFcSfdC5RH8gsyt
2024,10.1109/TVCG.2024.3456141,10670468,J,Table,1,tvcg_2024_3456141_table_1.png,2,1178,615,2231,1064,2352,3213,0.969,4,Table 1: Symbol notations.,12ce5TGzhYQgQNX3Yv_kdE8nfePehCnDj
2024,10.1109/TVCG.2024.3456141,10670468,J,Equations,1,tvcg_2024_3456141_eq_1.png,2,1398,2654,2235,2756,2352,3213,0.945,13,"\begin{equation*}
\mathbb{D}=\left\{\hat{\mathbb{D}}^k\right\}_{k=1}^{n_s}=\left\{\left\{\hat{\delta}_i^k \in \mathbb{R}^2\right\}_{i=1}^{n_l}\right\}_{k=1}^{n_s}
\tag{1}
\end{equation*}",1JFS79YyuRMz_iLmtU8YB_ISKVQkKk52M
2024,10.1109/TVCG.2024.3456141,10670468,J,Equations,2,tvcg_2024_3456141_eq_2.png,2,1573,2986,2235,3098,2352,3213,0.921,13,"\begin{equation*}
\hat{\mathbf{p}}_{i}=\mathbf{a}_{i}+\sum_{k=1}^{n_{s}}\hat{\delta}_{i}^{k}
\tag{2}
\end{equation*}",1ugzeVSHNjWKR4lUNE6-GBkmjY4a2Q8iZ
2024,10.1109/TVCG.2024.3456141,10670468,J,Equations,3,tvcg_2024_3456141_eq_3.png,4,1255,595,2236,752,2352,3213,0.933,13,"\begin{align*}
\mathbf{z}_i & =\mathscr{E}^z\left(\mathbf{a}_i, \mathbf{s}_i, \mathbf{f}_i^z\right):=\left[\mathbf{a}_i, \mathbf{s}_i\right] \mathbf{W}_g^z+\mathbf{f}_i^z \mathbf{W}_f^z \\
\mathbf{e}_{i j} & =\mathscr{E}^e\left(\mathbf{a}_i-\mathbf{a}_j, \mathbf{s}_i, \mathbf{s}_j, \mathbf{f}_{i j}^e\right):=\left[\mathbf{a}_i-\mathbf{a}_j, \mathbf{s}_i, \mathbf{s}_j\right] \mathbf{W}_g^e+\mathbf{f}_{i j}^e \mathbf{W}_f^e
\tag{3}
\end{align*}",11sb5fMdgDHkjFxrym_afw84PBQxnQPVM
2024,10.1109/TVCG.2024.3456141,10670468,J,Equations,4,tvcg_2024_3456141_eq_4.png,4,1524,1516,2236,1714,2352,3213,0.95,13,"\begin{align*}
\mathbf{q}_{i j}^z & =\mathbf{z}_i \mathbf{W}_{q_1}^z+\mathbf{e}_{i j} \mathbf{W}_{q_1}^e \\
\mathbf{k}_{i j}^z & =\mathbf{z}_j \mathbf{W}_{k_1}^z+\mathbf{e}_{i j} \mathbf{W}_{k_1}^e \\
\mathbf{v}_{i j}^z & =\mathbf{z}_j \mathbf{W}_{v_1}^z+\mathbf{e}_{i j} \mathbf{W}_{v_1}^e
\tag{4}
\end{align*}",1QzwS2O4pa84k1sSIePR6wxQYFZ7rRb8X
2024,10.1109/TVCG.2024.3456141,10670468,J,Equations,5,tvcg_2024_3456141_eq_5.png,4,1354,2116,2236,2470,2352,3213,0.963,13,"\begin{align*}
\text{SA}_{\mathrm{h}}^z\left(\mathbf{z}_i\right) & =\sum_{j \in \mathbb{N}_i} \text{softmax}_j\left(\frac{\mathbf{q}_{i j}^{\text{zh}} \mathbf{k}_{i j}^{\text{zh}}}{\sqrt{d_{q k v}}}\right) \mathbf{v}_{i j}^{\text{zh}} \\
\text{MHSA}^z\left(\mathbf{z}_i\right) & =\left[\text{SA}_{\mathrm{h}}^z\left(\mathbf{z}_i\right)\right]_{\mathrm{h}=1}^{n_{\mathrm{h}}^z} \mathbf{W}_o^z+\mathbf{b}_o^z \\
\mathbf{z}_i^{\prime} & =\text{MHSA}^z\left(\text{LN}\left(\mathbf{z}_i\right)\right)+\mathbf{z}_i \\
\mathbf{z}_i^{\prime \prime} & =\text{ReLU}\left(\text{LN}\left(\mathbf{z}_i^{\prime}\right) \mathbf{W}_1\right) \mathbf{W}_2+\mathbf{z}_i^{\prime}
\tag{5}
\end{align*}",1POS2ssrY0y7hM71uawdSVFW4OyUTHlUM
2024,10.1109/TVCG.2024.3456141,10670468,J,Equations,6,tvcg_2024_3456141_eq_6.png,5,395,793,1179,998,2352,3213,0.935,13,"\begin{align*}
\mathbf{q}_{i j}^e & =\mathbf{e}_{i j} \mathbf{W}_{q_2}^e+\mathbf{z}_i^{\prime \prime} \mathbf{W}_{q_2}^z+\mathbf{z}_j^{\prime \prime} \mathbf{W}_{q_2}^z \\
\mathbf{k}_{k l}^e & =\mathbf{e}_{k l} \mathbf{W}_{k_2}^e+\mathbf{z}_k^{\prime \prime} \mathbf{W}_{k_2}^z+\mathbf{z}_l^{\prime \prime} \mathbf{W}_{k_2}^z \\
\mathbf{v}_{k l}^e & =\mathbf{e}_{k l} \mathbf{W}_{v_2}^e+\mathbf{z}_k^{\prime \prime} \mathbf{W}_{v_2}^z+\mathbf{z}_l^{\prime \prime} \mathbf{W}_{v_v}
\tag{6}
\end{align*}",1luknCH3YyCPZBpuQn6zMR2IxSp2wL_xP
2024,10.1109/TVCG.2024.3456141,10670468,J,Equations,7,tvcg_2024_3456141_eq_7.png,5,258,1652,1179,2011,2352,3213,0.965,13,"\begin{align*}
\text{SA}_{\mathrm{h}}^e\left(\mathbf{e}_{i j}\right) & =\sum_{(k, l) \in \mathbb{N}_{i j}} \text{softmax}_{k l}\left(\frac{\mathbf{q}_{i j}^{e h} \mathbf{k}_{k l}^{e e^{\top}}}{\sqrt{d_{q k v}}}\right) \mathbf{v}_{k l}^{e h} \\
\text{MHSA}^e\left(\mathbf{e}_{i j}\right) & =\left[\text{SA}_{\mathrm{h}}^e\left(\mathbf{e}_{i j}\right)\right]_{\mathrm{h}=1}^{n_{\mathrm{h}}^e} \mathbf{W}_e^o+\mathbf{b}_e^o \\
\mathbf{e}_{i j}^{\prime} & =\text{MHSA}^e\left(\text{LN}\left(\mathbf{e}_{i j}\right)\right)+\mathbf{e}_{i j} \\
\mathbf{e}_{i j}^{\prime \prime} & =\text{ReLU}\left(\text{LN}\left(\mathbf{e}_{i j}^{\prime}\right) \mathbf{W}_3\right) \mathbf{W}_4+\mathbf{e}_{i j}^{\prime}
\tag{7}
\end{align*}",1vczl8CAm9fbpCb_4Ja01XOUBEtUeBETs
2024,10.1109/TVCG.2024.3456141,10670468,J,Equations,8,tvcg_2024_3456141_eq_8.png,5,1517,1232,2274,1373,2352,3213,0.951,13,"\begin{equation*}
\mathscr{L}_\delta^k=\frac{1}{n_l} \sum_{i=1}^{n_l}\left\Vert \sum_{m=1}^k \hat{\delta}_i^m-\delta_i\right\Vert^2
\tag{8}
\end{equation*}",1wzNe7-dnmGmdVbUZ1JEmykTzAEsWhm_v
2024,10.1109/TVCG.2024.3456141,10670468,J,Equations,9,tvcg_2024_3456141_eq_9.png,5,1495,1713,2274,1838,2352,3213,0.945,13,"\begin{equation*}
\mathscr{L}_d^k=\frac{1}{k} \sum_{m=1}^k \frac{1}{n_l} \sum_{i=1}^{n_l}\left\Vert \hat{\mathbf{d}}_{i j}^m-\mathbf{d}_{i j}\right\Vert^2
\tag{9}
\end{equation*}",1LNsNVL2mWOjWk4Dsj1F47qnFdrA5q_zm
2024,10.1109/TVCG.2024.3456141,10670468,J,Equations,10,tvcg_2024_3456141_eq_10.png,5,1509,2388,2273,2512,2352,3213,0.948,13,"\begin{equation*}
\mathscr{L}_o^k=\sum_{i \neq j}^{n_l}\left\vert\mathbf{o}_i^k \cap \mathbf{o}_j^k\right\vert /\left\vert \mathbf{o}_i^k \cup \mathbf{o}_j^k\right\vert
\tag{10}
\end{equation*}",1CNq1siOkBkTMBB72pk7a-JKgixD2bX1p
2024,10.1109/TVCG.2024.3456141,10670468,J,Equations,11,tvcg_2024_3456141_eq_11.png,5,1522,2700,2273,2767,2352,3213,0.927,13,"\begin{equation*}
\mathscr{L}^k=\mathscr{L}_\delta^k+\lambda_d \mathscr{L}_d^k+\lambda_o \mathscr{L}_o^k
\tag{11}
\end{equation*}",1wn-ezyoLd3t4trFUnvNtVS_if8SHzoJa
2024,10.1109/TVCG.2024.3456141,10670468,J,Table,2,tvcg_2024_3456141_table_2.png,6,1180,229,2229,768,2352,3213,0.98,4,Table 2: Data statistics of the AMIL dataset.,12RIyYQIX1Un_VL1Ndfj5JlYH99bsPSwX
2024,10.1109/TVCG.2024.3456141,10670468,J,Equations,12,tvcg_2024_3456141_eq_12.png,6,1355,1115,2235,1232,2352,3213,0.957,13,"\begin{equation*}
\text{PCK}=\frac{1}{n_{l}}\sum_{i=1}^{n_{l}}\mathbf{1}(\Vert\hat{\mathbf{p}}_{i}-\mathbf{p}_{i}\Vert\leq\tau\cdot\max(h_{l},w_{l}))
\tag{12}
\end{equation*}",1EbEtJcYcqEmim2-INXLjjBjMoKUoOESo
2024,10.1109/TVCG.2024.3456141,10670468,J,Table,3,tvcg_2024_3456141_table_3.png,7,122,310,2266,858,2352,3213,0.977,4,"Table 3: Comparison of label layout quality PCK@0.05 (%) and efficiency on the AMIL dataset. “time” indicates the average generation time of a label layout. “#param” indicates the number of parameters in a GNN model, i.e., without the feature backbone. Time statistics are over all test samples. Numbers in bold indicate the best performance.",1g6w4lxGsUKFPGMFkPjTlrq15t5ZSaQ6o
2024,10.1109/TVCG.2024.3456141,10670468,J,Equations,13,tvcg_2024_3456141_eq_13.png,7,1354,2840,2273,2930,2352,3213,0.936,13,"\begin{equation*}
\mathbf{e}_{i j}^{\prime}=\text{ReLU}\left(\left[\sum_{(k, l) \in \mathbb{N}_{i j}} \mathbf{e}_{k l}, \mathbf{z}_i^{\prime \prime}, \mathbf{z}_j^{\prime \prime}\right] \mathbf{W}_5\right) \mathbf{W}_6+\mathbf{e}_{i j}
\tag{13}
\end{equation*}",1evkVQSoSK9mtfRQnkDPIBslXHBs8we8C
2024,10.1109/TVCG.2024.3456141,10670468,J,Table,4,tvcg_2024_3456141_table_4.png,9,122,272,2265,855,2352,3213,0.978,4,Table 4: Ablation studies of LPGT on the AMIL dataset. Time statistics are over the same setting with tab. 3. “-” indicates that the component is removed. “#param” indicates the number of parameters in the whole model. Numbers in bold indicate the best performance.,1CcLWlct82Py49cisUnGzkSq0aLwh_Khu
2024,10.1109/TVCG.2024.3456339,10677360,J,Equations,1,tvcg_2024_3456339_eq_1.png,3,273,1912,1178,2074,2352,3213,0.953,10,"\begin{equation*}
attn([\text{CLS}],:)=\text{softmax}\left(\frac{e^{\top}_{[\text{CLS}]} W^{Q_W K^{\top}} E}{\sqrt{d_k}}\right),
\tag{1}
\end{equation*}",1N1sgNNLYhX0R_F5HULglHCfIMPeiz5iB
2024,10.1109/TVCG.2024.3456339,10677360,J,Equations,2,tvcg_2024_3456339_eq_2.png,3,370,2332,1178,2405,2352,3213,0.902,10,"\begin{equation*}
e_{[\text{CLS}]}=attn([\text{CLS}],:)^{\top}((W^V)^{\top} E)
\tag{2}
\end{equation*}",1pjqTCu3WGhOS9ro_oba7ShjhGYRPgrcQ
2024,10.1109/TVCG.2024.3456339,10677360,J,Equations,3,tvcg_2024_3456339_eq_3.png,4,1446,310,2236,382,2352,3213,0.93,10,"\begin{equation*}
attn(p, t_{i j})=(\mathbf{W}^Q \mathbf{e}_p) \cdot(\mathbf{W}^K \mathbf{e}_{t_{i j}}).
\tag{3}
\end{equation*}",1pi6zBI5eVDKwQFcG4NvmeCnb7LaIau8V
2024,10.1109/TVCG.2024.3456339,10677360,J,Equations,4,tvcg_2024_3456339_eq_4.png,4,1493,805,2236,912,2352,3213,0.941,10,"\begin{equation*}
r(p,d_{j})=\sum_{t_{ij}\in d_{j}}attn(p,t_{ij}).
\tag{4}
\end{equation*}",1PhOz4CusZihPcDZEwc9akiVH62GiggaI
2024,10.1109/TVCG.2024.3456339,10677360,J,Equations,5,tvcg_2024_3456339_eq_5.png,4,1412,1222,2236,1348,2352,3213,0.944,10,"\begin{equation*}
\mathbf{e}_{d \vert p}=\sum_{t_{i j} \in d_j} \text{softmax}(\frac{attn(p, t_{i j})}{\sqrt{dim}}) \mathbf{e}_{ij}.
\tag{5}
\end{equation*}",1ZX7pDM2rwa0SjApfuCVemcmDw9yI7_0E
2024,10.1109/TVCG.2024.3456339,10677360,J,Equations,6,tvcg_2024_3456339_eq_6.png,4,1266,2187,2235,2316,2352,3213,0.949,10,"\begin{equation*}
Loss(p, d^{+}, d_1^{-}, \ldots d_{n-1}^{-})=-\log \frac{e^{r(p, d^{+})}}{e^{r(p, d^{+})}+\sum_{i=1}^{n-1} e^{r(p, d_i^{-})}}.
\tag{6}
\end{equation*}",11UeVqVYCikMXgp_FN8AJfsGrWDXAi3xw
2024,10.1109/TVCG.2024.3456339,10677360,J,Equations,7,tvcg_2024_3456339_eq_7.png,5,1398,1944,2273,2069,2352,3213,0.95,10,"\begin{equation*}
L=\sum_{d=1}^N min _j \omega_s\Vert e_d-w_j\Vert_2+\omega_r\Vert r_d-\gamma_j\Vert_2,
\tag{7}
\end{equation*}",12h7cN0aLfnb-0g80kIPKvWpJcAfqZrpJ
2024,10.1109/TVCG.2024.3456339,10677360,J,Equations,8,tvcg_2024_3456339_eq_8.png,5,1470,2890,2273,2958,2352,3213,0.934,10,"\begin{equation*}
w_{k}=w_{k}+lr(t)\cdot T_{k,j}(t)\cdot(e_{d}-w_{j}),
\tag{8}
\end{equation*}",1cg7EdUfEp6HVw9A9-0PPvfkS7SvkiyAj
2024,10.1109/TVCG.2024.3456339,10677360,J,Equations,9,tvcg_2024_3456339_eq_9.png,6,357,405,1140,472,2352,3213,0.936,10,"\begin{equation*}
\gamma_{k}=\gamma_{k}+lr(t)\cdot TR_{k,j}\cdot(r_{d}-\gamma_{j}),
\tag{9}
\end{equation*}",1r0R9r0UkRirYE3ecDYwFilnWMG25zvm-
2024,10.1109/TVCG.2024.3456339,10677360,J,Equations,10,tvcg_2024_3456339_eq_10.png,6,499,2507,1140,2572,2352,3213,0.938,10,"\begin{equation*}
\Vert \mathbf{V}-\mathbf{WH}\Vert_{F},
\tag{10}
\end{equation*}",17mqoxAqqP3Il12KleMRqikLKcsqJPXhl
2024,10.1109/TVCG.2024.3456339,10677360,J,Table,1,tvcg_2024_3456339_table_1.png,7,1213,287,2265,469,2352,3213,0.957,3,"Table 1: Top 10 and top 20 retrieval accuracy on test datasets, measured as the percentage of the top number of retrieved documents that contain the correct context.",18-CnLx00MMhgl7Xh0lve6Gymg5uHRVRd
2024,10.1109/TVCG.2024.3456339,10677360,J,Table,2,tvcg_2024_3456339_table_2.png,8,222,1299,981,1456,2352,3213,0.977,3,Table 2: Clustering accuracy evaluated using adjusted rand index (ari) for different prompts.,1pCI-Nixlbq8W4_MpclXT3QeUWEGYtFME
2024,10.1109/TVCG.2024.3456339,10677360,J,Table,3,tvcg_2024_3456339_table_3.png,8,328,1547,872,1733,2352,3213,0.973,3,Table 3: Averaged relevance attention ratio (measured in percentage) of PAM on four test datasets.,1ERxKkqjlge8RM6zarhaTZ3IEk1kFhM0j
2024,10.1109/TVCG.2024.3456395,10684303,J,Equations,1,tvcg_2024_3456395_eq_1.png,3,373,2853,923,2978,2352,3213,0.941,15,,1u_gSQ1uBE0YSZOLPZxQl_ufAv-xy4QX4
2024,10.1109/TVCG.2024.3456395,10684303,J,Equations,2,tvcg_2024_3456395_eq_2.png,3,1528,686,1955,764,2352,3213,0.935,15,,1vKA4sMZY9V6Bk6eUjtiZr45-IhMEF0mB
2024,10.1109/TVCG.2024.3456395,10684303,J,Equations,3,tvcg_2024_3456395_eq_3.png,3,1359,931,2124,1155,2352,3213,0.938,15,,1ApGQYedVhmJyHuQDlERSNn30fLfMUvrj
2024,10.1109/TVCG.2024.3456395,10684303,J,Equations,4,tvcg_2024_3456395_eq_4.png,3,1506,1920,1979,1982,2352,3213,0.931,15,,194QgEetaJukHqVpKLQ24qAEMyRCMomoZ
2024,10.1109/TVCG.2024.3456395,10684303,J,Equations,5,tvcg_2024_3456395_eq_5.png,3,1532,2148,1950,2216,2352,3213,0.925,15,,1K7Q6trlAr6bRibHMEm19QziqJ2I3ZT_r
2024,10.1109/TVCG.2024.3456395,10684303,J,Equations,6,tvcg_2024_3456395_eq_6.png,4,412,1889,804,1964,2352,3213,0.934,15,,1BLr5it4YHnCidUVjvs3HfBHehXaLKoYD
2024,10.1109/TVCG.2024.3456395,10684303,J,Equations,7,tvcg_2024_3456395_eq_7.png,4,525,2149,690,2219,2352,3213,0.936,15,,1m8QKc29w38rduXmgcKcMfiBkWC5U_W47
2024,10.1109/TVCG.2024.3456395,10684303,J,Equations,8,tvcg_2024_3456395_eq_8.png,4,1322,2137,2090,2277,2352,3213,0.946,15,,1ku52tanTzjsI8IW7LDMpk23Z02la9K75
2024,10.1109/TVCG.2024.3456395,10684303,J,Equations,9,tvcg_2024_3456395_eq_9.png,5,487,1126,804,1254,2352,3213,0.923,15,,1LAZztMEVt3bo298tvW639YAKQt1J4vlN
2024,10.1109/TVCG.2024.3456395,10684303,J,Equations,10,tvcg_2024_3456395_eq_10.png,5,230,1570,1063,1644,2352,3213,0.898,15,,1LC95KwrGi9iMmE7BVs6FZuORl8pTBi-8
2024,10.1109/TVCG.2024.3456395,10684303,J,Equations,11,tvcg_2024_3456395_eq_11.png,5,1359,2187,2123,2326,2352,3213,0.947,15,,1eE8UhZ8B7sHNgXUE43k35M4WuHVTtUAD
2024,10.1109/TVCG.2024.3456395,10684303,J,Equations,12,tvcg_2024_3456395_eq_12.png,6,1365,719,2044,979,2352,3213,0.94,15,,1hEdZe7XTZaeitIbFLxncNGSjwllBkPtS
2024,10.1109/TVCG.2024.3456395,10684303,J,Table,1,tvcg_2024_3456395_table_1.png,6,1335,2330,2077,2644,2352,3213,0.979,4,,1n84xeSHRYIZBFFVel6MH7QO3Xpk1HdSh
2024,10.1109/TVCG.2024.3456395,10684303,J,Table,2,tvcg_2024_3456395_table_2.png,8,1319,459,2094,775,2352,3213,0.971,4,,1HJovCRNS8BFvih1bWiIbITBDm5yo1sob
2024,10.1109/TVCG.2024.3456395,10684303,J,Table,3,tvcg_2024_3456395_table_3.png,9,112,1508,1174,1628,2352,3213,0.955,4,,1-nEZPUlV5mtQB8gGT1wi4_XJLVJdliEW
2024,10.1109/TVCG.2024.3456375,10669793,J,Algorithms,1,tvcg_2024_3456375_alg_1.png,5,1211,318,2271,2895,2352,3213,1.0,0,,1GuzzoAbbnzw7EmAMjDUe5Aq8Qb4Z3Q7w
2024,10.1109/TVCG.2024.3456375,10669793,J,Table,1,tvcg_2024_3456375_table_1.png,8,1284,1301,2124,1809,2352,3213,0.706,1,Table 1: A comparison table of the maximum space occupied during the execution process of the FPCS and reservoir sampling algorithms.,1_KgKYyrjOh1zB82DQ4CZiNpJwO5VkTEa
2025,10.1109/TVCG.2025.3633881,11300946,J,Equations,1,tvcg_2025_3633881_eq_1.png,4,1322,2756,2127,2867,2352,3213,0.931,0,,1adfz2wASPSQuXHjZGWH2zoJR9rGaaR7a
2025,10.1109/TVCG.2025.3633839,11281557,J,Table,1,tvcg_2025_3633839_table_1.png,9,191,249,1123,496,2352,3213,0.973,1,Table 1: Performance comparison between the algorithm part of CausalMap and the Baseline [56].,13sX7SMgluwx4tN25tIdXROeQzKRU4NJ6
2025,10.1109/TVCG.2025.3633888,11264350,J,Table,1,tvcg_2025_3633888_table_1.png,2,1205,1082,2173,1446,2352,3213,0.954,3,Table 1: Comparison of related works on NLI for visualization.,1b8JZl_F1r1BmxiVzE10Ao5-VI7KRbko4
2025,10.1109/TVCG.2025.3633888,11264350,J,Equations,1,tvcg_2025_3633888_eq_1.png,4,1394,2345,2180,2456,2352,3213,0.942,3,"\begin{equation*}
S\left(E_{\text {query }}, E_{\text {object }_i}\right)=\frac{E_{\text {query }} \cdot E_{\text {object }_i}}{\left\Vert E_{\text {query }}\right\Vert \cdot\left\Vert E_{\text {object }_i}\right\Vert}. \tag{1}\end{equation*}",1l6-_PPn0LkjQ3CJY09J6WQyKnJz8Kg7q
2025,10.1109/TVCG.2025.3633888,11264350,J,Equations,2,tvcg_2025_3633888_eq_2.png,5,373,654,1140,745,2352,3213,0.936,3,"\begin{equation*}
G(\mathbf{x})=\exp(-\frac{1}{2}(\mathbf{x}-\mu)^{\mathrm{T}}\Sigma^{-1}(\mathrm{x}-\mu)),\tag{2}\end{equation*}",1NfrNSFSsgYjJtTS21283cxooSbqgbCkA
2025,10.1109/TVCG.2025.3633888,11264350,J,Equations,3,tvcg_2025_3633888_eq_3.png,5,467,1267,1140,1385,2352,3213,0.943,3,"\begin{equation*}\mathbf{C}=\sum_{i\in N}\mathbf{c}_{i}\alpha_{i}\prod_{j=1}^{i-1}(1-\alpha_{j}),\tag{3}\end{equation*}",1aj5amJXJEnZGnrpQqASeGtXhFni1TqJE
2025,10.1109/TVCG.2025.3633888,11264350,J,Table,2,tvcg_2025_3633888_table_2.png,6,1204,904,2180,1202,2352,3213,0.975,3,Table 2: Datasets and their respective settings.,1S2huL3JfRIO6RiSvQWlD-0IjFaAWpMQq
2025,10.1109/TVCG.2025.3633888,11264350,J,Table,3,tvcg_2025_3633888_table_3.png,8,1215,764,2171,996,2352,3213,0.959,3,Table 3: User task performance across seven metrics.,17bHiY5FNG6vFcbv-OMMMjJW9pPrGUJh7
2025,10.1109/TVCG.2025.3634806,11267036,J,Equations,1,tvcg_2025_3634806_eq_1.png,3,502,2528,1143,2588,2352,3213,0.922,7,"\begin{gather*}
z=f(W_{e n c} x+b_{e n c}),\tag{1}\\\hat{x}=W_{d e c} z+b_{d e c}.\tag{2}\end{gather*}",1pww-cBs4wJnAZnBTqH3bBlBJeZyRP9yg
2025,10.1109/TVCG.2025.3634806,11267036,J,Equations,2,tvcg_2025_3634806_eq_2.png,3,525,2604,1142,2661,2352,3213,0.91,7,"\begin{equation*}\text{AvgRank}(S A E_i)=\frac{1}{\vert\mathscr{K}\vert} \sum_{K \in \mathscr{K}} \text{Rank}(S A E_i, \text { Top-K }).\tag{3}\end{equation*}",1R0mIV-2Rc4knCTVg5P-Kf__OOS3Ww_6k
2025,10.1109/TVCG.2025.3634806,11267036,J,Equations,3,tvcg_2025_3634806_eq_3.png,4,1334,1170,2179,1279,2352,3213,0.927,7,"\begin{equation*}
d(u, v)=\sqrt{\frac{\vert v\vert+\vert s\vert}{T}} d(v, s)^2+\frac{\vert v\vert+\vert t\vert}{T} d(v, t)^2-\frac{\vert v\vert}{T} d(s, t)^2,\tag{4}\end{equation*}",10N9dZQ-aL49DWwKzDkp1AWzRMTrBuqU1
2025,10.1109/TVCG.2025.3634806,11267036,J,Equations,4,tvcg_2025_3634806_eq_4.png,4,1272,2331,2180,2438,2352,3213,0.942,7,"\begin{equation*}
c-TF-IDF_{t,c}= TF_{t,c}\times IDF_{t}=\frac{f_{t, c}}{\sum_{t^{\prime} \in c} f_{t^{\prime}, c}} \times \log \frac{\vert C\vert}{\vert\{c \in C: t \in c\}\vert},\tag{5}\end{equation*}",1MRrc-bjXLhqRPFIlSMso0Oz_93G9jS8D
2025,10.1109/TVCG.2025.3634806,11267036,J,Equations,5,tvcg_2025_3634806_eq_5.png,4,1214,2825,2180,2934,2352,3213,0.932,7,"\begin{equation*}
activations+=steering_{-}strength\times steering_{-}vector.\tag{6}\end{equation*}",1Y_oOAI-GYTTrtIhrKotwrY2CkJW-zaWl
2025,10.1109/TVCG.2025.3634806,11267036,J,Equations,6,tvcg_2025_3634806_eq_6.png,6,421,2645,1142,2704,2352,3213,0.924,7,"\begin{equation*}
h_{child}=(h_{parem}+\Delta h)\text{mod}\ 1.0,\tag{7}\end{equation*}",1jeygGRiaqde461RYvpwtIE9c2JPGxIu-
2025,10.1109/TVCG.2025.3634806,11267036,J,Equations,7,tvcg_2025_3634806_eq_7.png,6,1536,434,2179,495,2352,3213,0.924,7,"\begin{equation*}
d(c_{i},c_{j}) > \tau,\forall t\neq j,\tag{8}\end{equation*}",1LDCSx_AsHB_ykuRRhLvq14Xl8bxwIY1u
2025,10.1109/TVCG.2025.3633870,11264329,J,Equations,1,tvcg_2025_3633870_eq_1.png,4,1360,1547,2179,1681,2352,3213,0.951,3,"\begin{equation*}
Loss=-[D\epsilon\cdot\log(\hat{y}_{j})+\sum_{i\neq j}\frac{1-D\epsilon}{Q-1}\cdot\log(\hat{y}_{i})]\tag{1}\end{equation*}",17AJ147aYAwqVnVP5Mh-6kOIQQb8p-84s
2025,10.1109/TVCG.2025.3633870,11264329,J,Equations,2,tvcg_2025_3633870_eq_2.png,4,1410,2732,2179,2803,2352,3213,0.934,3,"\begin{equation*}
[\mathrm{g}^{l},\ -,\mathrm{H}^{l}]=\text{Layer}^{l}([\mathrm{g}^{l-1},\mathrm{P}_{t}^{l-1},\mathrm{H}^{l-1}])\tag{2}\end{equation*}",16BxhNQE5cWnwrW-R5rE3XxwSpTXxPU96
2025,10.1109/TVCG.2025.3633870,11264329,J,Equations,3,tvcg_2025_3633870_eq_3.png,5,1496,2274,2178,2389,2352,3213,0.933,3,"\begin{equation*}
s(i)=\frac{f^{\text{img}}(i) \cdot f^{\text{txt}}(c)}{\left\Vert f^{\text{img}}(i)\right\Vert\left\Vert f^{\text{txt}}(c)\right\Vert}\tag{3}\end{equation*}",1FkNmAYdqxUj6IxCz9ojNdChZCidY7OVK
2025,10.1109/TVCG.2025.3633870,11264329,J,Table,1,tvcg_2025_3633870_table_1.png,8,263,466,2107,1119,2352,3213,0.982,4,"Table 1: Model Performance Comparison. Previously Known and Current Known refers to the classes the model has learned in the past and the newly acquired classes, respectively. The standard object detectors (Faster R-CNN and DDETR) achieve promising mAP for known classes but are inherently not suited for the OWOD setting since they cannot achieve dynamic growth. In the OWOD setting, we compare several advanced models, among which RandBox-S represents the performance of the SOTA model on the same amount of data as our method. Our-Method denotes the performance achieved with the optimal annotation quantity. Our-Method-S denotes the performance achieved with a reduced amount of annotations.",11MNZ67w9F3NOz3nmMCx2_cIeR9J4rpx-
2025,10.1109/TVCG.2025.3633870,11264329,J,Table,2,tvcg_2025_3633870_table_2.png,8,131,1318,1141,1533,2352,3213,0.963,4,"Table 2: The experimental results compared with OW-Adapter. Here, “Unknown” refers to the ten new classes extracted from the MS-COCO dataset, following the experimental setup of OW-Adapter.",1jtyv1Qc6oTzmZDnlsznysDOMTTu3z6DF
2025,10.1109/TVCG.2025.3633870,11264329,J,Table,3,tvcg_2025_3633870_table_3.png,8,1199,1467,2190,1891,2352,3213,0.967,4,"Table 3: The table presents the results of progressive data degradation experiments, where C and P denote the current and previous classes, respectively. wo-PhraseSelection indicates the use of all phrases generated by the LLM without manual filtering, while wo-LLM refers to using only class label names. wo-Differentiation skips the manual classification of images into Simple and Hard, and wo-CS eliminates Crop-Smoothing and uses crowdsourced images.",1Ksw15VyM8J3QSRKOFl0OCUqJCcdZNWTE
2025,10.1109/TVCG.2025.3633870,11264329,J,Table,4,tvcg_2025_3633870_table_4.png,9,183,394,1117,639,2352,3213,0.97,4,"Table 4: User study results for the system. Annotation Time is in minutes. Perceived Ease of Use and Cognitive Load are rated on a 7-point scale, where 7 indicates highest ease and highest load, respectively.",18Se8buZ72XdeYFzrNCwfhGmIsKfCjSuY
2025,10.1109/TVCG.2025.3633912,11369296,J,Table,1,tvcg_2025_3633912_table_1.png,3,180,290,1140,645,2352,3213,0.966,2,Table 1: Summary of notation.,1YG2ihtlkYjT1VhCTGWW8oO8lOyv1wVMz
2025,10.1109/TVCG.2025.3633912,11369296,J,Equations,1,tvcg_2025_3633912_eq_1.png,3,1474,1526,2175,1637,2352,3213,0.948,8,,1VMfQvbXCjrF7ufeCUKcOXP7LeVgsWwUa
2025,10.1109/TVCG.2025.3633912,11369296,J,Equations,2,tvcg_2025_3633912_eq_2.png,3,1445,1709,2175,1817,2352,3213,0.942,8,,1280-Op9k-wwzYLp7yOBXln6_-haNLoXM
2025,10.1109/TVCG.2025.3633912,11369296,J,Equations,3,tvcg_2025_3633912_eq_3.png,3,1446,1811,2175,1903,2352,3213,0.91,8,,1XSHXAA_ygWIuy77CLr0l4Ps4t2hCtoY9
2025,10.1109/TVCG.2025.3633912,11369296,J,Equations,4,tvcg_2025_3633912_eq_4.png,3,1466,2535,2176,2590,2352,3213,0.927,8,,1_NVO5IoUuVeAlVtPCOAWHqvrLayoZeT2
2025,10.1109/TVCG.2025.3633912,11369296,J,Equations,5,tvcg_2025_3633912_eq_5.png,3,1452,2784,2176,2916,2352,3213,0.95,8,,1RSIL9L4PP5IHJ6ZI1GaLQ2V7ZlhoreXl
2025,10.1109/TVCG.2025.3633912,11369296,J,Equations,6,tvcg_2025_3633912_eq_6.png,4,350,344,1142,452,2352,3213,0.933,8,,1_rlKbtH062-lzJegi1T41VX7GmNyYMCF
2025,10.1109/TVCG.2025.3633912,11369296,J,Equations,7,tvcg_2025_3633912_eq_7.png,4,349,450,1142,553,2352,3213,0.929,8,,1xaEFDroSPulDt-KOvKxTyO7d1eXQZ3Kl
2025,10.1109/TVCG.2025.3633912,11369296,J,Equations,8,tvcg_2025_3633912_eq_8.png,4,454,988,1141,1097,2352,3213,0.938,8,,1Ih8WMR_vQ3VBiMHUVd84WERMgSL7gTu0
2025,10.1109/TVCG.2025.3633912,11369296,J,Equations,9,tvcg_2025_3633912_eq_9.png,4,372,1086,1141,1191,2352,3213,0.932,8,,1Bz0Stc20iNKtreXq1igD6v2-czMBNGBY
2025,10.1109/TVCG.2025.3633912,11369296,J,Equations,10,tvcg_2025_3633912_eq_10.png,4,471,1182,1141,1284,2352,3213,0.895,8,,1C-gXgTAHZpT8bq3_2eWjpn-yY0gcv-N3
2025,10.1109/TVCG.2025.3633912,11369296,J,Equations,11,tvcg_2025_3633912_eq_11.png,4,426,2593,1142,2717,2352,3213,0.925,8,,1s-CTVB9DYYYMRuS9izLZnzJOvq4FO7gy
2025,10.1109/TVCG.2025.3633912,11369296,J,Equations,12,tvcg_2025_3633912_eq_12.png,4,341,2706,1142,2813,2352,3213,0.914,8,,1K4n_7xbhRnrvW4sbbTdESmMjUDsCw8K2
2025,10.1109/TVCG.2025.3633912,11369296,J,Equations,13,tvcg_2025_3633912_eq_13.png,4,447,2807,1142,2913,2352,3213,0.92,8,,1Kzq-bI97DtnFZNIlKi30MYZUryqembWJ
2025,10.1109/TVCG.2025.3633912,11369296,J,Equations,14,tvcg_2025_3633912_eq_14.png,5,448,2804,1141,2916,2352,3213,0.941,8,,1YgfmcCXTSVkuQ0Cr5BDskHZBOGvn2Uov
2025,10.1109/TVCG.2025.3633912,11369296,J,Table,2,tvcg_2025_3633912_table_2.png,8,1200,324,2167,815,2352,3213,0.573,2,"Table 2: Completion time in seconds. Values under each dataset name indicate their tensor size (i.e., $K_1 \times K_2 \times K_3$).",1AxOUZd5hUMZ3PGAvvo7rPwJMFqRfmW8E
2025,10.1109/TVCG.2025.3633897,11264367,J,Table,1,tvcg_2025_3633897_table_1.png,9,1198,386,2174,1268,2352,3213,0.973,1,"Table 1: A comparison of set visualization techniques, based on the number of data points and the number of sets used and scalability limitations (stated by the authors or derived from the used examples).",1ozkgigbzC0Qh9ZKZHwxGicgAqRVq-A05
2025,10.1109/TVCG.2025.3633901,11271253,J,Equations,1,tvcg_2025_3633901_eq_1.png,3,1486,2925,2264,3044,2352,3213,0.941,16,"\begin{equation*}
D(s)=\frac{1}{n}\sum_{i=1}^{n}K_{h}(\frac{\text{dist}(s-s_{i})}{h}),\tag{1}\end{equation*}",1zeUKUPx2UmnTFU-wfhY8SU9Xe8aPuHEv
2025,10.1109/TVCG.2025.3633901,11271253,J,Equations,2,tvcg_2025_3633901_eq_2.png,4,1335,568,2296,699,2352,3213,0.946,16,"\begin{equation*}
A_{\text{first}}[i,j]=\begin{cases}
e^{-H(s_{i},s_{j})} &, \ \text{if}\ s_{i},s_{j}\in S_{o}\ \text{and}\ s_{j}\in N_{k}(s_{i})\\
0 &, \ \text{otherwise}\end{cases}\tag{2}\end{equation*}",129m2j2gY0rki6WmnluPO26lQXQDGU8N3
2025,10.1109/TVCG.2025.3633901,11271253,J,Equations,3,tvcg_2025_3633901_eq_3.png,4,1443,868,2296,1000,2352,3213,0.944,16,"\begin{equation*}
A_{\text{sub}}[i,j]=\begin{cases}
e^{-H(s_{i},s_{j})} &, \ \text{if}\ s_{j}\in N_{k}(s_{i})\\
0 &, \ \text{otherwise}\end{cases}\tag{3}\end{equation*}",1dk6fRk-dnePw9zU85_SVVdIDolRtI124
2025,10.1109/TVCG.2025.3633901,11271253,J,Equations,4,tvcg_2025_3633901_eq_4.png,4,1320,2023,2296,2122,2352,3213,0.944,16,"\begin{equation*}\mathbf{ST}_{m}=[\cos(\frac{\mathrm{x}}{2^{m-1}}), \displaystyle \sin(\frac{\mathrm{x}}{2^{m-1}}),\cos(\frac{\mathrm{y}}{2^{m-1}}), \sin(\frac{\mathrm{y}}{2^{m-1}})],\tag{4}\end{equation*}",1sMCoHWlmxEOLRqLOtQtF-L-DlbZal1uQ
2025,10.1109/TVCG.2025.3633901,11271253,J,Equations,5,tvcg_2025_3633901_eq_5.png,4,1522,2378,2296,2448,2352,3213,0.923,16,"\begin{equation*}\mathbf{P E}=\text{FC}\left(\left[\text{ST}_1, \ldots, \text{ST}_M\right], \Theta\right),\tag{5}\end{equation*}",18NKrFn8DrvmGGIOFfIg5KAu-XP-fG5dD
2025,10.1109/TVCG.2025.3633901,11271253,J,Equations,6,tvcg_2025_3633901_eq_6.png,5,376,917,1168,1003,2352,3213,0.936,16,"\begin{equation*}
F(X_{[i,]}^{l})=\sigma(\{X_{[j,]}^{l}\}_{1}^{\vert \Omega_{i}\vert }),j\in\Omega_{j},\tag{6}\end{equation*}",1OlUWpC8X3Kj_xc76F8iAhohfjBpeOWgx
2025,10.1109/TVCG.2025.3633901,11271253,J,Equations,7,tvcg_2025_3633901_eq_7.png,5,113,1335,1153,1555,2352,3213,0.745,16,"\begin{align*}
F_{\text {dmean }}\left(X_{[i,:]}^l, A^l\right) & =\frac{1}{\left|\Omega_i\right|} \sum_{j \in \Omega_i} A_{[j, i]}^l\tag{7} \\
F_{\text {dstd }}\left(X_{[i, l]}^l, A^l\right) & =\sqrt{\text{ReLU}\left[F_{\text {dmean }}\left(\left(A_{[i, l}^l\right)^2\right)-\left(F_{\text {dmean }}\left(A_{[i:,}^l\right)\right)^2\right]+\varepsilon}\tag{8}\end{align*}",11atzzQU0x7oLIyqXdwn_gX4_QM4xA9XX
2025,10.1109/TVCG.2025.3633901,11271253,J,Equations,8,tvcg_2025_3633901_eq_8.png,5,307,2092,1167,2206,2352,3213,0.939,16,"\begin{equation*}
S_{\text{amp}}(d)=\frac{\log (d+1)}{\eta}, S_{\text{att}}(d)=\left(S_{\text{amp}}\right)^{-1},\tag{9}\end{equation*}",14NM42N5il4EUKaFc2TlxOFxfIzjW6Tw9
2025,10.1109/TVCG.2025.3633901,11271253,J,Equations,9,tvcg_2025_3633901_eq_9.png,5,367,2403,1168,2591,2352,3213,0.955,16,"\begin{equation*}\text{PNA}=\begin{bmatrix}
I \\
S_{\text{att}} \\
S_{\text{amp}}\end{bmatrix} \otimes\begin{bmatrix}
F_{\text{mean}}\left(X^l\right) \\\vdots(\text { all scalers }) \\
F_{\text{dstd}}\left(X^l, A^l\right)\end{bmatrix}\tag{10}\end{equation*}",1PHbAheihxllJLGbPwso1Lb7cll0YkKQe
2025,10.1109/TVCG.2025.3633901,11271253,J,Equations,10,tvcg_2025_3633901_eq_10.png,5,326,2731,2282,2829,2352,3213,0.93,16,"\begin{equation*}
X_{[i, i]}^{l+1}=\text{ReLU}\left(\Theta^l \text{PNA}\left(X_{[i, i]}^l, A_{[i, i]}^l\right)+b^l\right)\tag{11}\end{equation*}",12z7xPiT4t-PyXCDA8MX-QH2-M0eB7Zp7
2025,10.1109/TVCG.2025.3633901,11271253,J,Equations,11,tvcg_2025_3633901_eq_11.png,5,1425,699,2281,770,2352,3213,0.932,16,"\begin{equation*}
X^{l+1}=(W^{l}\ast X^{l}+b^{l})\circ\sigma(W^{\prime l}\ast X^{l}+b^{l}),\tag{12}\end{equation*}",1XjbIAHy2reGdQ8zvMU-ccb25pU6gyZ96
2025,10.1109/TVCG.2025.3633901,11271253,J,Equations,12,tvcg_2025_3633901_eq_12.png,5,1355,2733,2282,2867,2352,3213,0.952,16,"\begin{equation*}\mathscr{L}_{\text {huber }}= \begin{cases}\frac{1}{2}\left(X-X^*\right)^2 &, \text { if }\left\vert X^0-X^*\right\vert \leq \gamma \\ \gamma \cdot\left(\left\vert X-X^*\right\vert -\frac{1}{2} \gamma\right) &, \text { otherwise }\end{cases}\tag{13}\end{equation*}",1qd0viTUdEKXYO8ry3ogFnnscPCAinlx1
2025,10.1109/TVCG.2025.3633901,11271253,J,Equations,13,tvcg_2025_3633901_eq_13.png,6,297,667,1172,788,2352,3213,0.954,16,"\begin{equation*}\mathrm{Y}=\mathscr{F}(s)=\sum_{i=1}^{n}c_{j}\psi(\Vert s-s_{j}\Vert)+\sum_{k=1}^{q}d_{k}p_{k}(s),\tag{14}\end{equation*}",1er-7cCOcRZTTBiyeqVEa3sKJHoxpzVvi
2025,10.1109/TVCG.2025.3633901,11271253,J,Equations,14,tvcg_2025_3633901_eq_14.png,6,472,1036,1171,1098,2352,3213,0.932,16,"\begin{equation*}
(\mathbf{D}+\lambda I)\mathbf{c}+\mathbf{Pb}=\mathbf{x},\tag{15}\end{equation*}",1Y7H-68mCK_-5uexCtRKLKYz4KAZlTrRC
2025,10.1109/TVCG.2025.3633901,11271253,J,Equations,15,tvcg_2025_3633901_eq_15.png,6,1270,2699,2284,2832,2352,3213,0.948,16,"\begin{equation*}
h_{p_i}=\frac{\frac{1}{\left|C_j\right|} \sum_{j \in C_j}\left(X_j-X_{\text{ref}_j}^*\right)}{\max \left(h_a, h_p\right)}, h_{a_i}=\frac{Q\left(\left\{X_j-X_{\text{ref}_j}^* \mid j \in C_j\right\}\right)}{\max \left(h_a, h_p\right)},\tag{16}\end{equation*}",16X872lLBaz6MeabwozEXTtppoF6vDTss
2025,10.1109/TVCG.2025.3633901,11271253,J,Equations,16,tvcg_2025_3633901_eq_16.png,7,393,422,1159,540,2352,3213,0.944,16,"\begin{equation*}
w_i=1-\frac{\frac{1}{N} \sum_{j \in \Omega_i} \text{dist}\left(x-s_j\right)}{\max (w)}\tag{17}\end{equation*}",16YVvthMwHvCNUO53MiopKMO8InUSGaZQ
2025,10.1109/TVCG.2025.3633901,11271253,J,Table,1,tvcg_2025_3633901_table_1.png,8,133,287,2260,834,2352,3213,0.969,2,Table 1: The performance of different methods on the data imputation task. Here a denotes the mask rate. The lower and upper range displayed here is the 0.1 and 99.9 percentile of the data. The best results are highlighted with bold fonts and the second best with gray background.,1Zt0Bv53z2GqBbQkMz-edZJpRbyJ5Ltg-
2025,10.1109/TVCG.2025.3633901,11271253,J,Table,2,tvcg_2025_3633901_table_2.png,8,118,1889,1167,2430,2352,3213,0.968,2,Table 2: Temporal super-resolution quality under different SR rates. The best result for each rate is highlighted with bold font and the second best result with gray background.,18D73t74iApCmpPbo623qjnVNoV1RtJrM
2025,10.1109/TVCG.2025.3633908,11264485,J,Algorithms,1,tvcg_2025_3633908_alg_1.png,4,162,653,1138,1813,2352,3213,1.0,0,,1GSWZOdBkGV3hHjGithuLfcVcINwkiSUv
2025,10.1109/TVCG.2025.3633908,11264485,J,Equations,1,tvcg_2025_3633908_eq_1.png,4,1541,2480,2180,2569,2352,3213,0.928,6,"\begin{equation*}\tau_{o}\leq(1-\tau_{ns})\frac{n}{n-1},\tag{1}\end{equation*}",1DuYU50Uj4SHMWNlqVRVSvq3gXlVfeq0F
2025,10.1109/TVCG.2025.3633908,11264485,J,Equations,2,tvcg_2025_3633908_eq_2.png,5,463,1410,1139,1519,2352,3213,0.928,6,"\begin{equation*}
ON_{i}=\begin{cases}
1\ if\ A_{i} < 1\\
{[}A_{i}]\ else\end{cases}\tag{2}\end{equation*}",14cK-ZY7k9JX5yAHwHFyArQSomK5JjFvl
2025,10.1109/TVCG.2025.3633908,11264485,J,Equations,3,tvcg_2025_3633908_eq_3.png,5,322,1706,1139,1815,2352,3213,0.949,6,"\begin{equation*}
ON_{i}\simeq\begin{cases}
1\ if\ hA_{i} < 1\\
{[}hA_{i}]\ else\end{cases}
(1 < h\leq h_{mox})\tag{3}\end{equation*}",1yZe9FumeuNN6O-nwb6sYJUxGN56k5SWG
2025,10.1109/TVCG.2025.3633908,11264485,J,Equations,4,tvcg_2025_3633908_eq_4.png,5,369,1974,1139,2093,2352,3213,0.942,6,\begin{equation*}\max o p h_{\max }=\frac{\min n p}{\sum_1^k n p_i}\left(1-h_{\max } \sum_1^j o p_i\right)\tag{4}\end{equation*},1cDO9SD2yhg3m4h29-YY2MQsHkxz_nl0G
2025,10.1109/TVCG.2025.3633908,11264485,J,Equations,5,tvcg_2025_3633908_eq_5.png,6,1226,2041,2176,2172,2352,3213,0.937,6,"\begin{equation*}
C_{i j}=\begin{cases}
0 & \text { if } \max (D_v(\Omega_i), D_v(\Omega_j)) \leq \theta_{\text {grey }} \\\frac{|D_v(\Omega_i)-\bar{D}_v(\Omega_i, \Omega_j)|}{\bar{D}_v(\Omega_i, \Omega_j)} & \text { else }\end{cases}\tag{5}\end{equation*}",118r1SiD28G-A1ttHNL8SRvT8528NC8_U
2025,10.1109/TVCG.2025.3633908,11264485,J,Equations,6,tvcg_2025_3633908_eq_6.png,6,1490,2326,2176,2429,2352,3213,0.933,6,"\begin{equation*}
L V C=\frac{\sum_i \sum_{j \in n e i g h b o r s} C_{i j}}{R N}\tag{6}\end{equation*}",1Nqb-mQZb7l6rshKgwOU6rNIghVOKgvxs
2025,10.1109/TVCG.2025.3633884,11269882,J,Table,1,tvcg_2025_3633884_table_1.png,3,1268,901,2219,1258,2352,3213,0.972,5,,1BawIQCqxU0wUjAn2r-aAFy17sa3HJYts
2025,10.1109/TVCG.2025.3633884,11269882,J,Table,2,tvcg_2025_3633884_table_2.png,4,1183,209,2216,918,2352,3213,0.841,5,,18oB5SIc-2v2lk5PtnTMmZazzbm5-rumR
2025,10.1109/TVCG.2025.3633884,11269882,J,Table,3,tvcg_2025_3633884_table_3.png,7,155,1340,1133,1866,2352,3213,0.964,5,,1lppv487wnzn6pxtZnQnoZ08C3BlIYKTN
2025,10.1109/TVCG.2025.3633884,11269882,J,Table,4,tvcg_2025_3633884_table_4.png,7,1296,241,2182,821,2352,3213,0.874,5,,1OQuehCmuHw5FNRslxFFxtqO0F2wXUdQu
2025,10.1109/TVCG.2025.3633884,11269882,J,Table,5,tvcg_2025_3633884_table_5.png,7,1288,1217,2188,1619,2352,3213,0.311,5,,1YwsdZVifEKtUSM71jnKNYcdGkAGPlSVx
2025,10.1109/TVCG.2025.3633884,11269882,J,Table,6,tvcg_2025_3633884_table_6.png,7,1252,2232,2209,2527,2352,3213,0.974,5,,1et0KCYtSou7xv3sVjTvZua9brC_EfFdE
2025,10.1109/TVCG.2025.3633878,11264356,J,Table,1,tvcg_2025_3633878_table_1.png,6,261,2444,1056,2868,2352,3213,0.941,2,,1CIqP1QsgHaoDRphs8sdVxWmM5fgbxpa_
2025,10.1109/TVCG.2025.3633910,11264363,J,Equations,1,tvcg_2025_3633910_eq_1.png,4,408,2212,1147,2311,2352,3213,0.945,6,,10UaUFAwU1QpNDOheGbrgOiK22AWYPYMg
2025,10.1109/TVCG.2025.3633910,11264363,J,Equations,2,tvcg_2025_3633910_eq_2.png,5,206,1230,1146,1336,2352,3213,0.779,6,,16GQNCZVjOBHRd3nDX3jN2JODNjcxZ2bw
2025,10.1109/TVCG.2025.3633910,11264363,J,Equations,3,tvcg_2025_3633910_eq_3.png,5,221,1327,1146,1428,2352,3213,0.619,6,,1_LFRfhUhTOYFFu8i21xeV350jLl3sDkS
2025,10.1109/TVCG.2025.3633910,11264363,J,Equations,4,tvcg_2025_3633910_eq_4.png,5,303,1423,1145,1513,2352,3213,0.79,6,,1Ifw6eDThmNTMd4eu3-_IHRvI_YtOLH5x
2025,10.1109/TVCG.2025.3633910,11264363,J,Equations,5,tvcg_2025_3633910_eq_5.png,5,299,1507,1145,1575,2352,3213,0.646,6,,13fok1iMgSPCPO0JAIGiusWAGrt5CnDxb
2025,10.1109/TVCG.2025.3633910,11264363,J,Equations,6,tvcg_2025_3633910_eq_6.png,5,721,1508,1145,1567,2352,3213,0.622,6,,1ucxRVp4Z6v4Ruk8zmd-cTpT3OrAWyDSD
2025,10.1109/TVCG.2025.3633910,11264363,J,Equations,7,tvcg_2025_3633910_eq_7.png,5,297,1570,1145,1631,2352,3213,0.567,6,,1xpAtoXlYlYYsj-oo2hWmJ2OdDRfUlZNy
2025,10.1109/TVCG.2025.3633910,11264363,J,Equations,8,tvcg_2025_3633910_eq_8.png,5,416,2160,1146,2235,2352,3213,0.922,6,,12xkgF5M8tkFZq8V9UWpyJQCJBXDpNtQq
2025,10.1109/TVCG.2025.3633910,11264363,J,Equations,9,tvcg_2025_3633910_eq_9.png,5,1374,1668,2049,2108,2352,3213,0.883,6,,1_QaWaBL2pWlDjZgS5kJH3wD9yLBx1VBc
2025,10.1109/TVCG.2025.3633910,11264363,J,Equations,10,tvcg_2025_3633910_eq_10.png,6,493,1081,875,1141,2352,3213,0.779,6,,1QeDC9ynGXk8-wept1WqdJAISrPWatU2f
2025,10.1109/TVCG.2025.3633830,11301897,J,Equations,1,tvcg_2025_3633830_eq_1.png,4,1414,389,2181,471,2352,3213,0.945,9,"\begin{equation*}\Sigma_{ij}\simeq\exp(-\Vert \mathbf{x}_{i}-\mathbf{x}_{j}\Vert^{2}/\sigma_{l}^{2})+v_{i}\cdot v_{j},\tag{1}\end{equation*}",1yBq-w1nzZ5_EycB1OzCvbhQzDC0NDMgX
2025,10.1109/TVCG.2025.3633830,11301897,J,Equations,2,tvcg_2025_3633830_eq_2.png,4,1429,1142,2181,1223,2352,3213,0.932,9,"\begin{equation*}
v_{i}=\sigma_{v}^{2}\exp\left(-(\mathbf{x}_{i}-\mathbf{s})^{T}\mathbf{M}(\mathbf{x}_{i}-\mathbf{s})\right).\tag{2}\end{equation*}",1G5ihnsc91Hk2i1cBTgmLGSCDMsNFQ7ke
2025,10.1109/TVCG.2025.3633830,11301897,J,Equations,3,tvcg_2025_3633830_eq_3.png,4,1465,2673,2180,2734,2352,3213,0.922,9,"\begin{equation*}
a(\sigma_l, \lambda_s)=\max (\sigma_l / \lambda_s, \lambda_s / \sigma_l)\tag{3}\end{equation*}",1poS7MHC-ushkbzl_YqwpwElAcaoSfby8
2025,10.1109/TVCG.2025.3633830,11301897,J,Equations,4,tvcg_2025_3633830_eq_4.png,5,1468,2002,2178,2112,2352,3213,0.942,9,"\begin{equation*}
\text{IoU}=\frac{\Sigma(\mathrm{H}\cdot \mathrm{G})}{\Sigma \mathrm{H}+\Sigma \mathrm{G}-\Sigma(\mathrm{H}\mathrm{G})},\tag{4}\end{equation*}",1jMyTdpSibVtt6hpiMG6Ugy4Dz5FTvt8a
2025,10.1109/TVCG.2025.3633830,11301897,J,Equations,5,tvcg_2025_3633830_eq_5.png,6,1423,1063,2179,1162,2352,3213,0.943,9,"\begin{equation*}
freq_{-}adjust=\frac{freq\times(n-1)+0.5}{n})\tag{5}\end{equation*}",1KgpNvyI-vQxhw1-zJq0NVL8XzJpquN0l
2025,10.1109/TVCG.2025.3633830,11301897,J,Equations,6,tvcg_2025_3633830_eq_6.png,6,1354,1424,2027,1781,2352,3213,0.932,9,"\begin{align*}\text { freq\_adjust } \sim & \text { Beta }(\mu, \phi) \\\text{logit}(\mu)= & \text { vis} \times \text { shape\_1}+ \text { corr }+ \text { color }: \text { corr } \\
& + \text { vis: color: shape\_1 } \\
& + \text { shape\_1: background\_1 } \\
& + \text { shape\_1: background\_1: vis } \\
& + \text { shape\_1: background\_1: corr } \\
& +(1 \mid \text { user })\end{align*}",1N8T_Alk3LiGsh89wtS3RCu3P5qwa3jdn
2025,10.1109/TVCG.2025.3633830,11301897,J,Equations,7,tvcg_2025_3633830_eq_7.png,7,1423,1329,1957,1593,2352,3213,0.804,9,"\begin{align*}\text { iou } \sim & \mathrm{N}\left(\mu, \sigma^2\right) \\\mu= & \text { vis } \times \text { shape\_1 }+ \text { corr } \times \text { shape\_1 } \\
& + \text { shape\_1: background\_1 } \\
& + \text { shape\_1: background\_1: corr } \\
& +(1 \mid \text { user })\end{align*}",1jFoxzSiQu8lVvsMnNMxKB0TzIawTRDLy
2025,10.1109/TVCG.2025.3633830,11301897,J,Equations,8,tvcg_2025_3633830_eq_8.png,8,309,1788,1004,2049,2352,3213,0.576,9,"\begin{align*}\text{translation} \sim & \mathscr{N}(\mu, \sigma^2) \\\mu= & \text { vis }+ \text { corr }+ \text { shape\_1: background\_1 } \\
& + \text { shape\_1: background\_1: vis } \\
& + \text { shape\_1: background\_1: corr } \\
& +(1 \mid \text { user })\end{align*}",1yMUgph6CfM_xg7lVn3u77rzAazzNMNEg
2025,10.1109/TVCG.2025.3633830,11301897,J,Equations,9,tvcg_2025_3633830_eq_9.png,8,1410,2672,1968,2936,2352,3213,0.774,9,"\begin{align*}\text { scale } \sim & \mathscr{N}\left(\mu, \sigma^2\right) \\\mu= & \text { color } \times \text { corr }+ \text { shape\_1 } \times \text { corr } \\
& + \text { shape\_1: background\_1 } \\
& + \text { shape\_1: background\_1: corr } \\
& +(1 \mid \text { user })\end{align*}",1WybxoCZk3iG_6B8Swy_Rj0s92lZHzUN-
2025,10.1109/TVCG.2025.3633874,11262785,J,Table,1,tvcg_2025_3633874_table_1.png,5,126,198,2253,838,2352,3213,0.98,2,Table 1: Participant demographics. IP = degree in progress; $\bar{X}$ is mean; $Y$ is mode.,15CG8I1_VIxOQG9-SfYyw5Edxe6Rmlz-A
2025,10.1109/TVCG.2025.3633874,11262785,J,Table,2,tvcg_2025_3633874_table_2.png,6,75,239,1142,604,2352,3213,0.969,2,"Table 2: Rate of correct, partially correct, and wrong answers for understanding and factual questions (N = 6).",1IapTCidIMJLOisTNWERvjMYCG7VVo_nN
2025,10.1109/TVCG.2025.3633882,11264348,J,Table,1,tvcg_2025_3633882_table_1.png,3,190,254,1101,535,2352,3213,0.935,1,Table 1: Patterns in Figure 1(c) having minsup $\geq 2$.,1c_sFh0dC37zL8YN_gKYBcjOM1L_aikPC
2025,10.1109/TVCG.2025.3633882,11264348,J,Equations,1,tvcg_2025_3633882_eq_1.png,3,371,1692,1139,1752,2352,3213,0.932,7,"\begin{equation*}
T=t_{1},t_{2},\ldots,t_{n}\quad \forall t_{i}\in \mathbb{R},i\in I=\{1,\ldots, n\}\tag{1}\end{equation*}",1PzaxGgqnH92IH88zD9rIjMyC1RCbhcuR
2025,10.1109/TVCG.2025.3633882,11264348,J,Equations,2,tvcg_2025_3633882_eq_2.png,3,505,1905,1139,1960,2352,3213,0.936,7,"\begin{equation*}
T=s_{1}\oplus s_{2}\oplus\cdot\oplus s_{n^{\prime}},\tag{2}\end{equation*}",16CbWG2bWRdf6622h-QICjUrtB50gy_ye
2025,10.1109/TVCG.2025.3633882,11264348,J,Equations,3,tvcg_2025_3633882_eq_3.png,3,1340,1603,2014,1694,2352,3213,0.898,7,\begin{equation*}\hat{k}=\text { smallest } k \text { such that } Gap(k) \geq \frac{1}{\alpha} Gap(k+1)\end{equation*},1IHVaeMi3mUO5yGx67Zv9-4y772TI73vw
2025,10.1109/TVCG.2025.3633882,11264348,J,Equations,4,tvcg_2025_3633882_eq_4.png,4,421,1342,1137,1439,2352,3213,0.92,7,"\begin{gather*}
g_i \subset p_x, g_i \nsubseteq p_y, x \neq y \\
g_i \cap g_j=\emptyset \text { and } \sup (g_i) \geq minsup\tag{3}\end{gather*}",1CJqdqvwTZDJI-t4ICpJga7DCc5CIGhUp
2025,10.1109/TVCG.2025.3633882,11264348,J,Equations,5,tvcg_2025_3633882_eq_5.png,4,366,1762,1136,1890,2352,3213,0.946,7,"\begin{equation*}\hat{\mathrm{G}}=\underset{\mathrm{G} \in \mathrm{G}_{\max }}{\text{argmin}}|\mathrm{G}\vert, \mathrm{G}_{\max }=\left\{\underset{\mathrm{G} \in \mathbf{G}}{\text{argmax}} \sum_{g \in \mathrm{G}}\vert g\vert\right\}\tag{4}\end{equation*}",1l0cwUz7eOzbmOp6WLn6bCr5jwKyEArrL
2025,10.1109/TVCG.2025.3633882,11264348,J,Algorithms,1,tvcg_2025_3633882_alg_1.png,4,1206,253,2153,619,2352,3213,1.0,0,,1Tkqsn_WSJ8jdXondtsRx9WJM2buzM8F8
2025,10.1109/TVCG.2025.3633882,11264348,J,Algorithms,2,tvcg_2025_3633882_alg_2.png,4,1206,602,2153,1663,2352,3213,1.0,0,,1AmEERUhOFYzeL74NCcHS5oGyzAwdE_9n
2025,10.1109/TVCG.2025.3633882,11264348,J,Equations,6,tvcg_2025_3633882_eq_6.png,4,1549,2751,2153,2855,2352,3213,0.941,7,"\begin{equation*}
h(t)=\left[\frac{t\cdot x+b}{w}\right]\tag{5}\end{equation*}",19bWF_0lEfK5mIqb-3NYx6s04H596apHM
2025,10.1109/TVCG.2025.3633882,11264348,J,Algorithms,3,tvcg_2025_3633882_alg_3.png,5,191,254,1139,942,2352,3213,1.0,0,,1aJbGKOu2_WINIqngiQVZNiwZ5FZ3docl
2025,10.1109/TVCG.2025.3633882,11264348,J,Algorithms,4,tvcg_2025_3633882_alg_4.png,5,1208,254,2155,1504,2352,3213,1.0,0,,1VAjwvox0BSEadWZvkfUn42R5rp8TBoyw
2025,10.1109/TVCG.2025.3633882,11264348,J,Equations,7,tvcg_2025_3633882_eq_7.png,7,1516,1140,2151,1251,2352,3213,0.932,7,"\begin{equation*}
t_{m}=\arg\min_{\mathrm{t}\in g}\sum_{i=1}^{n}d(t,t_{i})\tag{6}\end{equation*}",16__DXZuE5ETUtucODDsuNOsr1vCbMXAW
2025,10.1109/TVCG.2025.3633829,11271757,J,Table,1,tvcg_2025_3633829_table_1.png,3,1207,922,2174,1182,2352,3213,0.967,4,Table 1: Data range and the total number of unique samples.,1gBqO1Gat8EBefROjBh-L5d-7Uq1xloK0
2025,10.1109/TVCG.2025.3633829,11271757,J,Table,2,tvcg_2025_3633829_table_2.png,5,177,1447,1143,1752,2352,3213,0.967,4,"Table 2: Study I: Sampling effect.summary statistics. a > b means a is statistically more accurate than b. Medium effect size (η2> 0.06) is in italic, and the large one (η 2> 0.14) is in bold.",1pmvhq4_Df7jZtCZnPALSeb8ULktFQaxR
2025,10.1109/TVCG.2025.3633829,11271757,J,Table,3,tvcg_2025_3633829_table_3.png,6,1201,981,2179,1715,2352,3213,0.383,4,Table 3: Study II: Stability. Summary statistics.,1Mf6Ge9LG_N91feN0xccQ8TdU8FqJ8Fbg
2025,10.1109/TVCG.2025.3633829,11271757,J,Table,4,tvcg_2025_3633829_table_4.png,7,1205,1891,2183,2172,2352,3213,0.972,4,Table 4: Study III: Human-Al comparisons. Summary statistics.,1R4jW0-hNG4Od0Ce5eBgsX4HypZcf1lcL
2025,10.1109/TVCG.2025.3633893,11264349,J,Table,1,tvcg_2025_3633893_table_1.png,1,1208,2229,2183,2539,2352,3213,0.966,10,Table 1: Properties of mainstream INR techniques for time-varying scien-tific data compression and representation.,19oh_swbfmM-rbd_DM3vzqem2RhYaOldv
2025,10.1109/TVCG.2025.3633893,11264349,J,Table,2,tvcg_2025_3633893_table_2.png,3,349,329,1952,480,2352,3213,0.972,10,"Table 2: Average PSNR, average LPIPS, compression time (CT), and memory usage (MU) under different parameter allocations using the vortex dataset. The compression ratio (CR) is 5,065. The best one is highlighted in bold.",1f0D1zJdmzLZ8Sdc4TLsYtxVn3RcVgEgi
2025,10.1109/TVCG.2025.3633893,11264349,J,Table,3,tvcg_2025_3633893_table_3.png,3,213,655,1073,960,2352,3213,0.976,10,"Table 3: Average PSNR, average LPIPS, CT, and MU under different numbers of experts using the ionization (PD) dataset. The CR is 10,078. The best one is highlighted in bold.",1SeeTfy_JZ7z0Ix7EON-yhgfDujuYiweb
2025,10.1109/TVCG.2025.3633893,11264349,J,Table,4,tvcg_2025_3633893_table_4.png,3,1382,2313,1993,2557,2352,3213,0.974,10,"Table 4: Average PSNR and LPIPS values under different pre-training schemes with 7 experts using the ionization (T) dataset. The CR is 5,033. The best one is highlighted in bold.",1aM3noQJMpTlByc1pwnnvqiMGeO8_FNlL
2025,10.1109/TVCG.2025.3633893,11264349,J,Table,5,tvcg_2025_3633893_table_5.png,4,507,290,1845,442,2352,3213,0.965,10,Table 5: Relationship between MoE-INR and existing INRs for scientific data compression and representation.,1FOTsvCGkG233B9sjPeVX2NzdcrDLDdMT
2025,10.1109/TVCG.2025.3633893,11264349,J,Equations,1,tvcg_2025_3633893_eq_1.png,4,539,756,1143,863,2352,3213,0.945,4,,1mqDz5Q2UiExgJTbYg-to9P0kKJQuXumF
2025,10.1109/TVCG.2025.3633893,11264349,J,Equations,2,tvcg_2025_3633893_eq_2.png,4,556,1683,1143,1802,2352,3213,0.947,4,,1wiL1tbG3Mv9T7eAqxQ_r1Q2gBrDmgHpx
2025,10.1109/TVCG.2025.3633893,11264349,J,Equations,3,tvcg_2025_3633893_eq_3.png,4,526,2617,1143,2731,2352,3213,0.935,4,,14Kg9o4PCSVvNwsE1187IO6bzKBsTLfmN
2025,10.1109/TVCG.2025.3633893,11264349,J,Table,6,tvcg_2025_3633893_table_6.png,4,1200,1457,2185,1660,2352,3213,0.976,10,Table 6: Summary of each dataset.,1bq_QQHh9p3eQzlqyzjcbCTVA6OMnvtox
2025,10.1109/TVCG.2025.3633893,11264349,J,Table,7,tvcg_2025_3633893_table_7.png,7,181,329,2175,925,2352,3213,0.96,10,"Table 7: Comparison of average PSNR, LPIPS, total CT in hours, and total inference time (IT) in minutes under the same CR. The best result is highlighted in bold.",1xUjoO9fxnb0U6gx6UDJXmeyqb6EDbReM
2025,10.1109/TVCG.2025.3633893,11264349,J,Table,8,tvcg_2025_3633893_table_8.png,7,255,995,2102,1647,2352,3213,0.952,10,Table 8: Comparison of average CD values under the same CR. The best result is highlighted in bold.,1jGEQpSmYkSQTrGVHZFiN-8ySKt7yv5M9
2025,10.1109/TVCG.2025.3633893,11264349,J,Table,9,tvcg_2025_3633893_table_9.png,8,154,1793,1135,2285,2352,3213,0.966,10,"Table 9: Average CR, LPIPS, and total CT in hours under the same PSNR. The best result is highlighted in bold.",1qhzWYk9mTWQfxORC03xXkCskCe2uKoCl
2025,10.1109/TVCG.2025.3633893,11264349,J,Table,10,tvcg_2025_3633893_table_10.png,8,433,2437,850,2553,2352,3213,0.96,10,"Table 10: Comparison of average PC and JI-ST for uncertainty quantifi-cation using the combustion (HR) dataset. The CR is 1,951. The best result is highlighted in bold.",1dMEEd_4mY_RJmDEVk3O5PZE4IGI7gIC3
2025,10.1109/TVCG.2025.3633886,11298453,J,Equations,1,tvcg_2025_3633886_eq_1.png,4,449,2253,1142,2329,2352,3213,0.932,7,"\begin{equation*}\hat{\theta}=\arg \min _\theta \mathbb{E}(L(I, \Xi, D; \hat{I}, \hat{\Xi}, \hat{D})),\tag{1}\end{equation*}",1-gU2FCUZLoEBnqQbBmN7B5nWFonD2S6-
2025,10.1109/TVCG.2025.3633886,11298453,J,Equations,2,tvcg_2025_3633886_eq_2.png,4,1526,1351,2132,1458,2352,3213,0.942,7,"\begin{equation*}
S(t)=\sum_{i=0}^{n}N_{i,3}(t)c_{i}.\tag{2}\end{equation*}",1p4QMWk2UygUEHhmAh2Lo1YCw_brDPt2f
2025,10.1109/TVCG.2025.3633886,11298453,J,Equations,3,tvcg_2025_3633886_eq_3.png,5,399,1926,1141,2031,2352,3213,0.937,7,"\begin{equation*}
L_{c}=\frac{1}{m}\sum_{i=1}^{m}\Vert \Gamma(i)-\hat{S}(t(i))\Vert, \ t(i)=\displaystyle \frac{i}{m}\tag{3}\end{equation*}",1glsfWTaMdQGQArdekmO61U8r34kPAh9o
2025,10.1109/TVCG.2025.3633886,11298453,J,Equations,4,tvcg_2025_3633886_eq_4.png,5,410,2691,1143,2801,2352,3213,0.947,7,"\begin{equation*}
L_o=-\min _{i \neq j \in 1, \ldots, m} \frac{\vert(\hat{\boldsymbol{S}}(t(i))-\hat{\boldsymbol{S}}(t(j)) \vert}{(i-j)^2},\tag{4}\end{equation*}",17CHiWrKVIoQDSaXrVtqZwZ_qdMgnnsy7
2025,10.1109/TVCG.2025.3633886,11298453,J,Equations,5,tvcg_2025_3633886_eq_5.png,5,1386,1153,2132,1269,2352,3213,0.94,7,"\begin{equation*}
L_{d}=\frac{1}{WH}\sum_{h=1}^{H}\sum_{w=1}^{W}(D(h,w))-\hat{D}(h,w))^{2},\tag{5}\end{equation*}",10DFI4kGDU_mg0Fdy0lNLFh2hG-ep8Ei6
2025,10.1109/TVCG.2025.3633886,11298453,J,Equations,6,tvcg_2025_3633886_eq_6.png,5,1396,1587,2131,1703,2352,3213,0.922,7,"\begin{equation*}
L_{r}=\frac{1}{WH}\sum_{h=1}^{H}\sum_{w=1}^{W}\Vert I(h,w)-\hat{I}(h,w))\Vert, \tag{6}\end{equation*}",1MrIAjAMNfljCZrXYLVloaDw7vSNerRWo
2025,10.1109/TVCG.2025.3633886,11298453,J,Equations,7,tvcg_2025_3633886_eq_7.png,5,1465,2015,2131,2074,2352,3213,0.932,7,"\begin{equation*}
L=\alpha L_{r}+\gamma L_{d}+\delta L_{c}+\eta L_{o}.\tag{7}\end{equation*}",18xQBd5lRv9o78cy_xd825xC-9t4kI40t
2025,10.1109/TVCG.2025.3633886,11298453,J,Table,1,tvcg_2025_3633886_table_1.png,7,210,353,2087,708,2352,3213,0.983,2,"Table 1: Quantitative comparison of recovered colormap quality for our method and that of Yuan et al. [63], using standard MSE, PSNR, and SSIM metrics. Values reported represent averages over all tested colormaps, with the best-performing score highlighted in bold.",1o05SqhZw-c4uSsqQnzBHZRSMo08qw4rO
2025,10.1109/TVCG.2025.3633886,11298453,J,Table,2,tvcg_2025_3633886_table_2.png,7,212,845,2086,1433,2352,3213,0.983,2,"Table 2: Quantitative comparison of different ablated networks using MSE, PSNR, and SSIM metrics to assess recovered colormaps. Values reported represent averages over all tested colormaps, with the best-performing score highlighted in bold and the second-best in Italic.",1FG806221mSw16T-lbFty0tRWiDX3cTzV
2025,10.1109/TVCG.2025.3633905,11298427,J,Equations,1,tvcg_2025_3633905_eq_1.png,2,1317,2325,2179,2391,2352,3213,0.828,6,"\begin{equation*}
C\left(p_i\right)=\left\{x \in \mathbb{R}^2 \mid\left\vert x-p_i\right\vert \leq\left\vert x-p_j\right\vert \text { for all } i \neq j\right\}\tag{1}\end{equation*}",1vyQi8eoghZAQeNqj-Vs9GGFtI12Orb05
2025,10.1109/TVCG.2025.3633905,11298427,J,Table,1,tvcg_2025_3633905_table_1.png,3,199,248,2179,646,2352,3213,0.968,2,Table 1: Related works that utilize similarity or adjacency to create treemaps.,1HxzHVeNT3SqnRoPG58cbQlutmvTYHE2e
2025,10.1109/TVCG.2025.3633905,11298427,J,Equations,2,tvcg_2025_3633905_eq_2.png,3,170,853,1139,917,2352,3213,0.853,6,"\begin{equation*}
C\left(p_i\right)=\left\{x \in \mathbb{R}^2 \mid\left\vert x-p_i\right\vert^2-w_i \leq\left\vert x-p_j\right\vert^2-w_j \text { for all } i \neq j\right\}\tag{2}\end{equation*}",1ydUecsGs23u7JVhMwHX02AThTCsqMJdO
2025,10.1109/TVCG.2025.3633905,11298427,J,Equations,3,tvcg_2025_3633905_eq_3.png,4,440,1636,1139,1703,2352,3213,0.933,6,"\begin{equation*}
f_{s i m}:[0,1]^d \times[0,1]^d \rightarrow[0,1]\tag{3}\end{equation*}",1Tro0uZPIG1gAa9elTYUslvl8AmZcARZr
2025,10.1109/TVCG.2025.3633905,11298427,J,Equations,4,tvcg_2025_3633905_eq_4.png,4,1332,2297,2046,2444,2352,3213,0.943,6,"\begin{equation*}
V^s= \begin{cases}V^s, & \text { if } V \text { is a leaf } \\ \frac{1}{|\operatorname{children}(v)|} \sum_{V_c \in \operatorname{children}(V)} V_c^s, & \text { else }\end{cases}\end{equation*}",105kI4rQcVb8UXMa9weT9Du5GcTGS-jlf
2025,10.1109/TVCG.2025.3633905,11298427,J,Equations,5,tvcg_2025_3633905_eq_5.png,5,363,992,938,1137,2352,3213,0.935,6,"\begin{equation*}
V^w= \begin{cases}V^w, & \text { if } V \text { is a leaf } \\ \sum_{V_c \in \operatorname{children}(V)} V_c^w, & \text { else }\end{cases}\end{equation*}",18cawf_oZOcA14KS01jeenUJ0CQ0P4380
2025,10.1109/TVCG.2025.3633905,11298427,J,Algorithms,1,tvcg_2025_3633905_alg_1.png,5,1201,253,2178,685,2352,3213,1.0,0,,1sKAJXXsCvBkj-FTUhDu8FmmivRE-N-W4
2025,10.1109/TVCG.2025.3633905,11298427,J,Algorithms,2,tvcg_2025_3633905_alg_2.png,5,1201,669,2178,1444,2352,3213,1.0,0,,1FbnrJtseCWwyKR6yqB30Vc98ratI_-gv
2025,10.1109/TVCG.2025.3633905,11298427,J,Equations,6,tvcg_2025_3633905_eq_6.png,7,199,923,1098,1086,2352,3213,0.942,6,"\begin{equation*}{color}(V)= \begin{cases}{color}(V), & \text { if } {color}(V) \\ {tableau} 20(V), & \text { else if } {depth}(V)==1 \\ {color}\left(V_{{parent}}\right)+ { offset }, & \text { else }\end{cases}\end{equation*}",1uAfOPRrv-bNnyIrSolpwhx2coq-qgOoA
2025,10.1109/TVCG.2025.3633905,11298427,J,Table,2,tvcg_2025_3633905_table_2.png,9,196,393,2177,774,2352,3213,0.941,2,"Table 2: Overview of the used datasets. We show different data characteristics, as well as neighborhood preservation metrics. The maximum iteration count of the Voronoi diagram optimization was 150. For each dataset, the result with the most realized similarity constraints as cell neighbors per dataset is in bold.",1QNLfHCa87dDCQKJAOOBSTJPE3d3t8mDm
2025,10.1109/TVCG.2025.3633872,11262794,J,Table,1,tvcg_2025_3633872_table_1.png,8,75,1826,1141,2224,2352,3213,0.957,1,Table 1: Types of inaccuracies from human and GPT-4o free response.,1Wp6Rw6xQ86Z2IrIdpCtMa1mZNWayCfov
2025,10.1109/TVCG.2025.3633875,11271758,J,Equations,1,tvcg_2025_3633875_eq_1.png,4,1273,1469,2112,1567,2352,3213,0.94,2,"\begin{equation*}
f_{3 D f}(I)=w_O \cdot\left(1-\frac{O}{O_{\max }}\right)+w_{I o U} \cdot I o U+w_{B B} \cdot I o U_{B B}. \tag{1}\end{equation*}",1cOkuMg5B32v0i0E9CJHsNJnZbhxUftYZ
2025,10.1109/TVCG.2025.3633875,11271758,J,Table,1,tvcg_2025_3633875_table_1.png,5,216,349,1130,1192,2352,3213,0.978,2,Table 1: Eight-dimensional semantic scoring framework for multi-view 3D model evaluation.,18eDjh2xd8fAqHWwD7Vv7EN4dJpF6U1nI
2025,10.1109/TVCG.2025.3633875,11271758,J,Equations,2,tvcg_2025_3633875_eq_2.png,5,1563,1232,2132,1292,2352,3213,0.918,2,"\begin{equation*}
T_{P}=f_{aug}(t_{0}),\tag{2}\end{equation*}",1hF8xN-3uc_FFcOgPEho5qo_HkMqqeer1
2025,10.1109/TVCG.2025.3633875,11271758,J,Table,2,tvcg_2025_3633875_table_2.png,8,1259,1499,2063,1702,2352,3213,0.966,2,"Table 2: Time analysis of the system in the user study. The proposed method shows improved efficiency in terms of total time, number of iterations, and average time per iteration compared to the baseline methods. The ± values represent the 95% confidence intervals.",1MzL9wAkSE_kOGdG6gjMzSTNXIIK5JoMu
2025,10.1109/TVCG.2025.3633869,11264318,J,Table,1,tvcg_2025_3633869_table_1.png,8,1276,395,2102,940,2352,3213,0.679,1,"Table 1: Annotation accuracy. Note that the accuracy to a keyword can be higher than its categories, because the LLM annotator may correctly identify the keyword but not the associated categories.",1syTzUMVk5KUJF1eWMRBPhYCUUeCHuYmj
2025,10.1109/TVCG.2025.3633894,11277399,J,Equations,1,tvcg_2025_3633894_eq_1.png,1,1412,2713,2181,2776,2352,3213,0.934,7,,15jw6gKq4TT9DTFzluBLiNhRcamZWKTI8
2025,10.1109/TVCG.2025.3633894,11277399,J,Equations,2,tvcg_2025_3633894_eq_2.png,2,450,763,1143,829,2352,3213,0.923,7,,1UXKvs91pLKzxifKaaf7AKc5EV0WMcH5R
2025,10.1109/TVCG.2025.3633894,11277399,J,Equations,3,tvcg_2025_3633894_eq_3.png,2,243,957,1143,1078,2352,3213,0.948,7,,1IJqxUKYbsPcLitdtuM-cr-pqFh-22U_M
2025,10.1109/TVCG.2025.3633894,11277399,J,Equations,4,tvcg_2025_3633894_eq_4.png,2,351,1223,1143,1357,2352,3213,0.95,7,,1GqhTGxPZyYjjT1SOJwYinB-YZmDV1fEU
2025,10.1109/TVCG.2025.3633894,11277399,J,Equations,5,tvcg_2025_3633894_eq_5.png,2,269,1392,1143,1509,2352,3213,0.941,7,,15MrEYvun4-lMTuD2fdhv_6W8IxdObEGH
2025,10.1109/TVCG.2025.3633894,11277399,J,Equations,6,tvcg_2025_3633894_eq_6.png,3,467,684,1146,739,2352,3213,0.896,7,,1fv1Saa-9PksV_reca2iFxEPvTWAC67zQ
2025,10.1109/TVCG.2025.3633894,11277399,J,Equations,7,tvcg_2025_3633894_eq_7.png,3,320,1200,1146,1262,2352,3213,0.91,7,,1RdAxY-fbvy4RFzdMq4eFS6fU8AApGCFq
2025,10.1109/TVCG.2025.3633894,11277399,J,Equations,8,tvcg_2025_3633894_eq_8.png,3,500,1429,1146,1509,2352,3213,0.917,7,,1L0lQZ6kChgKtYK86JrPmaquf8g-RM9Fq
2025,10.1109/TVCG.2025.3633894,11277399,J,Algorithms,1,tvcg_2025_3633894_alg_1.png,3,1203,253,2179,942,2352,3213,1.0,0,,1gRsofFlNLejx5FHB2yyNJlozqX8rFhgA
2025,10.1109/TVCG.2025.3633894,11277399,J,Algorithms,2,tvcg_2025_3633894_alg_2.png,3,1203,925,2179,1320,2352,3213,1.0,0,,1XKvFWCY2SoG_13JVeFufP2vQMRVwygPj
2025,10.1109/TVCG.2025.3633894,11277399,J,Algorithms,3,tvcg_2025_3633894_alg_3.png,3,1203,1303,2179,1735,2352,3213,1.0,0,,1qaJJU7TWsFbPZlXTxW2Knkc7XpazePzV
2025,10.1109/TVCG.2025.3633894,11277399,J,Algorithms,4,tvcg_2025_3633894_alg_4.png,4,172,963,1148,1458,2352,3213,1.0,0,,1PzFAcoLXxR5NH7CMBYuMbwqN5x6iuFS3
2025,10.1109/TVCG.2025.3633894,11277399,J,Table,1,tvcg_2025_3633894_table_1.png,6,197,407,2178,945,2352,3213,0.977,8,"Table 1: Benchmark results of different methods across the target datasets. In terms of runtime, our new adaptive dropping method achieved a speed up of 2.4x on average compared to the baseline with no ghost reduction and of 1.4 compared to the halving method. The halving and adaptive methods exhibited similar recall scores. In contrast, the adaptive method precisely identified unstable points, showing significantly better Fl scores than the halving method. For Fl and recall scores, we report the standard deviations in parentheses.",1JvDVS97C6tNXokm6D0cqE9bqGQhpV2gj
2025,10.1109/TVCG.2025.3633894,11277399,J,Table,2,tvcg_2025_3633894_table_2.png,6,227,1021,1074,1443,2352,3213,0.959,8,Table 2: Summary of datasets used in the benchmark study.,1_HLDqQfwzx2k1FLoFcCI9V65yOhlglTr
2025,10.1109/TVCG.2025.3633894,11277399,J,Table,3,tvcg_2025_3633894_table_3.png,6,1259,1024,2097,1396,2352,3213,0.956,8,Table 3: Effect of the number of ghosts (M),1Z8MzwZlPworto-Y3_5ofuCPQ_gQd3M05
2025,10.1109/TVCG.2025.3633894,11277399,J,Equations,9,tvcg_2025_3633894_eq_9.png,6,1258,2553,1809,2839,2352,3213,0.7,7,,1dAiJjGkegxSePqFVb6fs6p05NAE_vHMk
2025,10.1109/TVCG.2025.3633894,11277399,J,Table,4,tvcg_2025_3633894_table_4.png,7,216,299,1087,635,2352,3213,0.932,8,Table 4: Effect of lazy_gen,1V74Pn2PlC-11ehoiHFEG15R8eSJjCgM0
2025,10.1109/TVCG.2025.3633894,11277399,J,Table,5,tvcg_2025_3633894_table_5.png,7,203,706,1097,1039,2352,3213,0.449,8,Table 5: Effect of drop start,1WvO4B0keSx5Gt6ZURr1Ey-kcxkE2nwql
2025,10.1109/TVCG.2025.3633894,11277399,J,Table,6,tvcg_2025_3633894_table_6.png,7,250,1110,1051,1445,2352,3213,0.394,8,Table 6: Effect of $\beta$,1PYCzQGjyhycRn39QoPaew68dP9CXQEhQ
2025,10.1109/TVCG.2025.3633894,11277399,J,Table,7,tvcg_2025_3633894_table_7.png,7,215,1513,1087,1778,2352,3213,0.846,8,Table 7: Effect of sensitivity,1Txz-ryb0hIjIEnr5T-JGfVHaYdAoySDZ
2025,10.1109/TVCG.2025.3633894,11277399,J,Table,8,tvcg_2025_3633894_table_8.png,8,168,1002,1146,1578,2352,3213,0.963,8,Table 8: Guidelines for interpreting the original and ghost projections.,1gVF9kX2KDbL1lrCfRWrKXfPWc0TkxkYX
2025,10.1109/TVCG.2025.3633868,11271321,J,Equations,1,tvcg_2025_3633868_eq_1.png,2,391,2233,1143,2332,2352,3213,0.95,69,,16hupWSgSj4iurrU4dTsH3xPPWgf-hgdg
2025,10.1109/TVCG.2025.3633868,11271321,J,Equations,2,tvcg_2025_3633868_eq_2.png,2,437,2352,2173,2427,2352,3213,0.915,69,,1xkNeNlUn-A6xIxGYYjwbJBY_bt1781K0
2025,10.1109/TVCG.2025.3633868,11271321,J,Equations,3,tvcg_2025_3633868_eq_3.png,2,454,2521,1143,2638,2352,3213,0.919,69,,1zclqppvEkGvs3M3mXyhoEE8rPdtj0wD0
2025,10.1109/TVCG.2025.3633868,11271321,J,Equations,4,tvcg_2025_3633868_eq_4.png,2,296,2707,1018,2899,2352,3213,0.704,69,,10I1ZrYSBcMOloSAMEhrvgdiV1vV-qZqa
2025,10.1109/TVCG.2025.3633868,11271321,J,Equations,5,tvcg_2025_3633868_eq_5.png,2,1569,882,2174,978,2352,3213,0.94,69,,18Srv81r4Vn7GCZHkCKy5fZnSi4zuSCdK
2025,10.1109/TVCG.2025.3633868,11271321,J,Equations,6,tvcg_2025_3633868_eq_6.png,2,1386,1264,2173,1371,2352,3213,0.945,69,,1tTNKKSljakMX9ThRxTKS4PYnY4zeIG0M
2025,10.1109/TVCG.2025.3633868,11271321,J,Equations,7,tvcg_2025_3633868_eq_7.png,2,1288,1895,2173,2011,2352,3213,0.813,69,,11uDSXjZcmbjsPVohNsfmj1MNFfNcV0vk
2025,10.1109/TVCG.2025.3633868,11271321,J,Equations,8,tvcg_2025_3633868_eq_8.png,2,1289,2008,2173,2123,2352,3213,0.922,69,,1TPLj2bdOa7uG0Lm3r_GeyiCd5TNNGOVx
2025,10.1109/TVCG.2025.3633868,11271321,J,Equations,9,tvcg_2025_3633868_eq_9.png,2,1437,2345,2173,2410,2352,3213,0.929,69,,1Ff_5qZGTlIjmZogicJonO7Foopso8YDG
2025,10.1109/TVCG.2025.3633868,11271321,J,Equations,10,tvcg_2025_3633868_eq_10.png,2,1455,2669,2173,2729,2352,3213,0.938,69,,1gGPZgK1DsVwHXBv8XEQh98C6QOtCSzd1
2025,10.1109/TVCG.2025.3633868,11271321,J,Equations,11,tvcg_2025_3633868_eq_11.png,2,1448,2835,2173,2896,2352,3213,0.909,69,,1nn-h4zEKBagt9sCsBTug1FRjeEzlR9M2
2025,10.1109/TVCG.2025.3633868,11271321,J,Equations,12,tvcg_2025_3633868_eq_12.png,3,365,337,2177,403,2352,3213,0.924,69,,1t1tpY5NelHTT4on8QdUjWEPk_sdLRZZ4
2025,10.1109/TVCG.2025.3633868,11271321,J,Equations,13,tvcg_2025_3633868_eq_13.png,3,393,840,1143,956,2352,3213,0.945,69,,18hqVQ6zQuJInKgU12ng7zWxvIhiyJarE
2025,10.1109/TVCG.2025.3633868,11271321,J,Equations,14,tvcg_2025_3633868_eq_14.png,3,394,1022,1143,1136,2352,3213,0.951,69,,1Rr9rqWy_7chv6vIJYLRrQBm69_zl5jnA
2025,10.1109/TVCG.2025.3633868,11271321,J,Equations,15,tvcg_2025_3633868_eq_15.png,3,792,1249,1142,1307,2352,3213,0.875,69,,1TLhiauEneC7k3cK43rJd8wCIuL1ndDiG
2025,10.1109/TVCG.2025.3633868,11271321,J,Equations,16,tvcg_2025_3633868_eq_16.png,3,362,1252,1142,1305,2352,3213,0.749,69,,1MzLlXg8IzKK5BeU4Dh2Eb5AKts4I0-UQ
2025,10.1109/TVCG.2025.3633868,11271321,J,Equations,17,tvcg_2025_3633868_eq_17.png,3,488,1399,1143,1463,2352,3213,0.937,69,,1BigcYwLMGQy1ETrFC27q-gDs0wTs-zWD
2025,10.1109/TVCG.2025.3633868,11271321,J,Equations,18,tvcg_2025_3633868_eq_18.png,3,488,1518,1143,1638,2352,3213,0.789,69,,1WxsMQHpwUaJoe9MU1bckL5sWFqi1BPDY
2025,10.1109/TVCG.2025.3633868,11271321,J,Equations,19,tvcg_2025_3633868_eq_19.png,3,484,2288,1143,2390,2352,3213,0.932,69,,1LBczZnLtdLag2K5MZTLHdwom7VDNFcsK
2025,10.1109/TVCG.2025.3633868,11271321,J,Equations,20,tvcg_2025_3633868_eq_20.png,3,240,2479,1143,2575,2352,3213,0.946,69,,1a-hLF3Z1jB8Lx-CeLzcMsdi5oFaW3TVH
2025,10.1109/TVCG.2025.3633868,11271321,J,Equations,21,tvcg_2025_3633868_eq_21.png,3,547,2788,1143,2903,2352,3213,0.766,69,,16bFy_dEtmmsh3rEDMdftLMM7Qbs0CjY3
2025,10.1109/TVCG.2025.3633868,11271321,J,Equations,22,tvcg_2025_3633868_eq_22.png,3,1271,317,2177,414,2352,3213,0.945,69,,1jAerea6uWnECZrOMbamTCvYt6h25a_be
2025,10.1109/TVCG.2025.3633868,11271321,J,Equations,23,tvcg_2025_3633868_eq_23.png,3,1508,498,2176,564,2352,3213,0.926,69,,1U1E3Fy0_YKkxBRynx4n3wN9oxydnxeog
2025,10.1109/TVCG.2025.3633868,11271321,J,Equations,24,tvcg_2025_3633868_eq_24.png,3,1311,685,2176,786,2352,3213,0.95,69,,1ePICvTmW5PJZ41mShm9VkXNbfMD_MbHq
2025,10.1109/TVCG.2025.3633868,11271321,J,Equations,25,tvcg_2025_3633868_eq_25.png,3,1512,839,2176,898,2352,3213,0.902,69,,1Mciki-sbYkmrqHWYOG3WgHfayTdW5Ia-
2025,10.1109/TVCG.2025.3633868,11271321,J,Equations,26,tvcg_2025_3633868_eq_26.png,3,1453,1434,2176,1542,2352,3213,0.735,69,,1Z5o4VyWfnMFwU15utegwavrfSol-eYvr
2025,10.1109/TVCG.2025.3633868,11271321,J,Equations,27,tvcg_2025_3633868_eq_27.png,3,1280,1534,2024,1638,2352,3213,0.871,69,,123g8ui9Km8fkN0s2ScpMg7YMKeX3kyk0
2025,10.1109/TVCG.2025.3633868,11271321,J,Equations,28,tvcg_2025_3633868_eq_28.png,3,1471,1835,2175,1943,2352,3213,0.937,69,,1G6h8pnx0foJZnek8CmG4ys7mfGy9qDro
2025,10.1109/TVCG.2025.3633868,11271321,J,Equations,29,tvcg_2025_3633868_eq_29.png,3,1622,1993,2176,2101,2352,3213,0.924,69,,1HlcpshrSr1YowPw0znfoMKY31yQ3Gc6G
2025,10.1109/TVCG.2025.3633868,11271321,J,Equations,30,tvcg_2025_3633868_eq_30.png,3,1435,2213,2175,2334,2352,3213,0.571,69,,1MabCFzMfG3SmoRskp-Es5l-kp_je6tJb
2025,10.1109/TVCG.2025.3633868,11271321,J,Equations,31,tvcg_2025_3633868_eq_31.png,4,388,1234,1139,1342,2352,3213,0.947,69,,1GmpBCFelAXU1e-cqwpNWrhK2k8tl8xUL
2025,10.1109/TVCG.2025.3633868,11271321,J,Equations,32,tvcg_2025_3633868_eq_32.png,4,439,1401,1140,1527,2352,3213,0.948,69,,18TNV2P6qWqFcusNOz4B6CZs0WpsWF0pd
2025,10.1109/TVCG.2025.3633868,11271321,J,Equations,33,tvcg_2025_3633868_eq_33.png,4,405,1599,1140,1707,2352,3213,0.942,69,,1pHCKdSPFDfwb2v6aFhmyPoi17qesN0uQ
2025,10.1109/TVCG.2025.3633868,11271321,J,Equations,34,tvcg_2025_3633868_eq_34.png,4,534,1768,1140,1830,2352,3213,0.926,69,,15cUshpCml0YT4TLjIhctqFHuC4QjaXRS
2025,10.1109/TVCG.2025.3633868,11271321,J,Equations,35,tvcg_2025_3633868_eq_35.png,4,433,1902,1139,1964,2352,3213,0.932,69,,1A-GFz34HU8WV9CKfEU8hmnISzBvuc_tC
2025,10.1109/TVCG.2025.3633868,11271321,J,Equations,36,tvcg_2025_3633868_eq_36.png,4,493,2110,1140,2217,2352,3213,0.939,69,,13EVjNIQuvUZEDnJXMdumjK3lJLpnjIPv
2025,10.1109/TVCG.2025.3633868,11271321,J,Equations,37,tvcg_2025_3633868_eq_37.png,4,423,2634,1139,2697,2352,3213,0.918,69,,1nSJXETE8iqbXgez3yv2dLIyT_NIMOaSy
2025,10.1109/TVCG.2025.3633868,11271321,J,Equations,38,tvcg_2025_3633868_eq_38.png,4,1577,2281,2173,2396,2352,3213,0.755,69,,12vSKlq0fWSz4-3IIlXwcAeo00qX8CE4U
2025,10.1109/TVCG.2025.3633868,11271321,J,Equations,39,tvcg_2025_3633868_eq_39.png,4,1614,2551,2173,2617,2352,3213,0.917,69,,1NoKX1bp61zbLWu9FCf00BRpakv8FLJ1t
2025,10.1109/TVCG.2025.3633868,11271321,J,Equations,40,tvcg_2025_3633868_eq_40.png,4,1278,2809,2173,2912,2352,3213,0.948,69,,1960KrS4FnJM6nJNJPu5biRTJ4_SxzQt0
2025,10.1109/TVCG.2025.3633868,11271321,J,Equations,41,tvcg_2025_3633868_eq_41.png,5,468,284,1141,342,2352,3213,0.899,69,,1Y9zJqXPQa7MTE66QECrashsJ-dIVMc2D
2025,10.1109/TVCG.2025.3633868,11271321,J,Equations,42,tvcg_2025_3633868_eq_42.png,5,282,429,1140,526,2352,3213,0.937,69,,1vt65jiiSdwrg3Nnmy2ORYVXPI-ZbFOXe
2025,10.1109/TVCG.2025.3633868,11271321,J,Equations,43,tvcg_2025_3633868_eq_43.png,5,482,562,1140,621,2352,3213,0.912,69,,1SpxSzjqEdFqBM2oKtA5RFZLvy1Y5YZre
2025,10.1109/TVCG.2025.3633868,11271321,J,Equations,44,tvcg_2025_3633868_eq_44.png,5,472,823,1140,890,2352,3213,0.935,69,,1CUb_78Ux1G5cHE_QVdyz2hiKsAsEjwvM
2025,10.1109/TVCG.2025.3633868,11271321,J,Equations,45,tvcg_2025_3633868_eq_45.png,5,451,1688,1140,1797,2352,3213,0.659,69,,1pM3PXhOtViZBsr5ajRiNIhjCgVjpYAlQ
2025,10.1109/TVCG.2025.3633868,11271321,J,Equations,46,tvcg_2025_3633868_eq_46.png,5,227,1894,1140,1988,2352,3213,0.931,69,,1Xc-hSy8BF1hVmLRqsxrGTSDJ5e3ZANc3
2025,10.1109/TVCG.2025.3633868,11271321,J,Equations,47,tvcg_2025_3633868_eq_47.png,5,212,1975,2173,2071,2352,3213,0.928,69,,1sVlxmRkjPDXA--SRUMUrHNsKq5iBOl5N
2025,10.1109/TVCG.2025.3633868,11271321,J,Equations,48,tvcg_2025_3633868_eq_48.png,5,226,2068,1140,2125,2352,3213,0.904,69,,1uKroLqC-TTbWD9DEfl6ZG_eqi3jtI8W_
2025,10.1109/TVCG.2025.3633868,11271321,J,Equations,49,tvcg_2025_3633868_eq_49.png,5,217,2123,2173,2198,2352,3213,0.903,69,,1ECnFaQ8U0YuxbVznP4caVQxy6_0Bi42t
2025,10.1109/TVCG.2025.3633868,11271321,J,Equations,50,tvcg_2025_3633868_eq_50.png,5,224,2180,1140,2269,2352,3213,0.855,69,,165MQtTDe5qs-B86N7sMtfsOibUs8qZLz
2025,10.1109/TVCG.2025.3633868,11271321,J,Equations,51,tvcg_2025_3633868_eq_51.png,5,211,2265,1136,2354,2352,3213,0.836,69,,1HCMwUI6FMBzEJW4-wVSUDOoc_m89nunB
2025,10.1109/TVCG.2025.3633868,11271321,J,Equations,52,tvcg_2025_3633868_eq_52.png,5,491,2414,1140,2468,2352,3213,0.701,69,,1mzgtkD02Igsh9vG8SNgVvoGmqnothElF
2025,10.1109/TVCG.2025.3633868,11271321,J,Equations,53,tvcg_2025_3633868_eq_53.png,5,491,2463,2173,2550,2352,3213,0.71,69,,1MmY5XI2RaaAVm0NfLb_LNCzMefdurM6_
2025,10.1109/TVCG.2025.3633868,11271321,J,Equations,54,tvcg_2025_3633868_eq_54.png,5,496,2546,1140,2631,2352,3213,0.893,69,,1gknL-67cS-h_7qVO89oB_Y6oAnRTBWkd
2025,10.1109/TVCG.2025.3633868,11271321,J,Equations,55,tvcg_2025_3633868_eq_55.png,5,471,2630,1140,2683,2352,3213,0.893,69,,1ke6vR8fd3_8chR89cgb39ReeRk8zyP_a
2025,10.1109/TVCG.2025.3633868,11271321,J,Equations,56,tvcg_2025_3633868_eq_56.png,5,1302,958,2075,1075,2352,3213,0.949,69,,1-KqG0RVut-6k9Dx4kGvk3Efvo6Is-OJQ
2025,10.1109/TVCG.2025.3633868,11271321,J,Equations,57,tvcg_2025_3633868_eq_57.png,5,1585,1171,2173,1242,2352,3213,0.932,69,,1sAJRzd7uVZ1ApTqVGqtzn7pJALOPk6Em
2025,10.1109/TVCG.2025.3633868,11271321,J,Equations,58,tvcg_2025_3633868_eq_58.png,5,1226,1526,1389,1576,2352,3213,0.568,69,,1A6A1P9VT8p6gC9qhde8p6xU3R-n3BMtn
2025,10.1109/TVCG.2025.3633868,11271321,J,Equations,59,tvcg_2025_3633868_eq_59.png,5,1296,1606,1574,1704,2352,3213,0.592,69,,1CfFCRHM3YM5WBKl3HSUvbYMQunj4ea-k
2025,10.1109/TVCG.2025.3633868,11271321,J,Equations,60,tvcg_2025_3633868_eq_60.png,5,1297,1728,1595,1799,2352,3213,0.479,69,,1j4qe6dMIfane3-Cx05ukCwg16x064w3b
2025,10.1109/TVCG.2025.3633868,11271321,J,Equations,61,tvcg_2025_3633868_eq_61.png,5,1402,1965,2173,2034,2352,3213,0.919,69,,1lO-nGbbVopRwlI1cKg9sGuwe-5Hl7DHt
2025,10.1109/TVCG.2025.3633868,11271321,J,Equations,62,tvcg_2025_3633868_eq_62.png,5,1518,2116,2173,2237,2352,3213,0.932,69,,1KSxZjZ90FMdoo7GIgHKt9WiNFehkaXO7
2025,10.1109/TVCG.2025.3633868,11271321,J,Equations,63,tvcg_2025_3633868_eq_63.png,5,1225,2357,2111,2484,2352,3213,0.948,69,,1fIR0vT7RUa6gPnWsBVUh4AogAz23gVzb
2025,10.1109/TVCG.2025.3633868,11271321,J,Equations,64,tvcg_2025_3633868_eq_64.png,6,250,1273,1141,1374,2352,3213,0.954,69,,1L6JcrsFqjlWruotkOziZmKtja4F6MmRY
2025,10.1109/TVCG.2025.3633868,11271321,J,Equations,65,tvcg_2025_3633868_eq_65.png,6,381,1947,929,2006,2352,3213,0.912,69,,16oJErVFkmFK7ta2D8FSoTALstDSyGKDz
2025,10.1109/TVCG.2025.3633868,11271321,J,Equations,66,tvcg_2025_3633868_eq_66.png,6,247,2220,1140,2333,2352,3213,0.955,69,,18X316P7C_PXRRWJ1S4E50-Z6x9nZHHoA
2025,10.1109/TVCG.2025.3633868,11271321,J,Equations,67,tvcg_2025_3633868_eq_67.png,6,1277,677,2170,742,2352,3213,0.947,69,,1LdngPFdF0y0i18nfojlICsQraE7XOpBy
2025,10.1109/TVCG.2025.3633868,11271321,J,Equations,68,tvcg_2025_3633868_eq_68.png,6,1342,1358,2171,1487,2352,3213,0.952,69,,1pYoulz1U5L0aJmXKPD_bEt0ZyzUV-Q88
2025,10.1109/TVCG.2025.3633868,11271321,J,Equations,69,tvcg_2025_3633868_eq_69.png,6,1465,1570,1907,1636,2352,3213,0.928,69,,1dg8lC02rsn1azDAYfF1H2Erl5UdSRjG8
2025,10.1109/TVCG.2025.3633868,11271321,J,Equations,70,tvcg_2025_3633868_eq_70.png,6,1436,1686,1933,1749,2352,3213,0.915,69,,1Xp3cRotpyPCnm6DzGIqzsp4hqlx6QQhS
2025,10.1109/TVCG.2025.3633868,11271321,J,Equations,71,tvcg_2025_3633868_eq_71.png,6,1463,1833,1905,1919,2352,3213,0.935,69,,1HYteDRJNzOWNTBE2DZuQFHreeci8oa2L
2025,10.1109/TVCG.2025.3633868,11271321,J,Equations,72,tvcg_2025_3633868_eq_72.png,6,1432,2143,1937,2260,2352,3213,0.935,69,,1Ezyw714G5B1Qi2Holu0QIHRWgdxLu9PL
2025,10.1109/TVCG.2025.3633868,11271321,J,Equations,73,tvcg_2025_3633868_eq_73.png,7,547,2043,1139,2101,2352,3213,0.927,69,,12g4KUVgrKn0Cj_jhilrya8TYHvNAEMzf
2025,10.1109/TVCG.2025.3633868,11271321,J,Equations,74,tvcg_2025_3633868_eq_74.png,7,456,2210,851,2355,2352,3213,0.949,69,,1fS44X7zfg-sdPpDQ79sbGKUrwQrhU9Ng
2025,10.1109/TVCG.2025.3633868,11271321,J,Equations,75,tvcg_2025_3633868_eq_75.png,7,470,2839,839,2900,2352,3213,0.902,69,,1S0XN782QwSiGjk7lNB32vOz4OKmugOaz
2025,10.1109/TVCG.2025.3633868,11271321,J,Equations,76,tvcg_2025_3633868_eq_76.png,7,1485,953,2173,1015,2352,3213,0.917,69,,1XmkAFW0AMaR_VGBj7_kkwEW_sRUy4bX5
2025,10.1109/TVCG.2025.3633868,11271321,J,Equations,77,tvcg_2025_3633868_eq_77.png,11,461,408,1141,507,2352,3213,0.933,69,,1Ei9rtxw4cnqsPpVI-QQtg7gy_CgcQeAo
2025,10.1109/TVCG.2025.3633868,11271321,J,Equations,78,tvcg_2025_3633868_eq_78.png,11,392,547,910,665,2352,3213,0.435,69,,1EY8DPzcnvgI1tKD9iDBHXZJTF3jk2jM2
2025,10.1109/TVCG.2025.3633868,11271321,J,Equations,79,tvcg_2025_3633868_eq_79.png,11,339,701,974,930,2352,3213,0.4,69,,1sTfx_15HD0HKh_WCCmrZZRbMGzFp_TaM
2025,10.1109/TVCG.2025.3633868,11271321,J,Equations,80,tvcg_2025_3633868_eq_80.png,11,386,1636,1139,1740,2352,3213,0.948,69,,1u0xr0BaPblcf_ciznHbRNCBnwt0qJH3t
2025,10.1109/TVCG.2025.3633868,11271321,J,Equations,81,tvcg_2025_3633868_eq_81.png,11,490,1881,1140,1993,2352,3213,0.946,69,,1OP5ZGTlRTys47DFbks9uj-ZlQDH1JUrc
2025,10.1109/TVCG.2025.3633868,11271321,J,Equations,82,tvcg_2025_3633868_eq_82.png,11,383,2059,1139,2158,2352,3213,0.948,69,,1sq0GtS_vJRzWNgsgfmi-lOrDDrAfPtr9
2025,10.1109/TVCG.2025.3633868,11271321,J,Equations,83,tvcg_2025_3633868_eq_83.png,11,501,2335,1139,2395,2352,3213,0.916,69,,1F-HMXcRKCABQOWNysWkFbUY_PGN0yYs8
2025,10.1109/TVCG.2025.3633868,11271321,J,Equations,84,tvcg_2025_3633868_eq_84.png,11,209,2449,1139,2577,2352,3213,0.948,69,,1vEJURI1y99uXlEeflaSFUT-LEeUm_5by
2025,10.1109/TVCG.2025.3633868,11271321,J,Equations,85,tvcg_2025_3633868_eq_85.png,11,260,2678,1140,2791,2352,3213,0.904,69,,1IjUrq6_MECYdGuoq5hmHOKv04ST32i0O
2025,10.1109/TVCG.2025.3633868,11271321,J,Equations,86,tvcg_2025_3633868_eq_86.png,11,176,2789,1060,2905,2352,3213,0.845,69,,1eUAizKvp22YMUoOiwrXlfKEAuhIE2SOf
2025,10.1109/TVCG.2025.3633827,11264327,J,Table,1,tvcg_2025_3633827_table_1.png,2,1201,663,2172,1413,2352,3213,0.968,2,"Table 1: Five factors that affect perceived visual complexity (VC). VC was studied along five dimensions below, defined in different scopes. This table is a compact summary of the full-paper list in Apdx. Table 3.",1QI4vsrUrM0SKb6efYf7IxNak7mufnYwa
2025,10.1109/TVCG.2025.3633827,11264327,J,Table,2,tvcg_2025_3633827_table_2.png,3,169,386,2084,1735,2352,3213,0.984,2,Table 2: Twelve objective image metrics associated with factors that may influence perceived VC. The first 10 metrics are from the literature where their influence on VC was previously reported. We define two new object-level metrics to quantify the number of elements in a visualization image.,1F7Cjw9Jd1NgxpuSYh99e_qZHMvLb_aSa
2025,10.1109/TVCG.2025.3634874,11270010,J,Table,1,tvcg_2025_3634874_table_1.png,3,177,1205,1155,2908,2352,3213,0.975,1,Table 1: Mathematical Notation Summary,1qoe1ZwiTrw3FF1NboDxsF-WozPZOEcUJ
2025,10.1109/TVCG.2025.3634874,11270010,J,Equations,1,tvcg_2025_3634874_eq_1.png,3,1335,413,2096,554,2352,3213,0.94,34,,1zIezV0FcPXtpNGyYEa9TBcuzlQ8sAY9k
2025,10.1109/TVCG.2025.3634874,11270010,J,Equations,2,tvcg_2025_3634874_eq_2.png,3,1364,1358,2058,1517,2352,3213,0.936,34,,1P89oGcLTK-1Kd6a33cIsAXBvqlb_WR-4
2025,10.1109/TVCG.2025.3634874,11270010,J,Equations,3,tvcg_2025_3634874_eq_3.png,3,1452,1644,1970,1744,2352,3213,0.943,34,,1ErVuxUtcUeKlszr2vqHKMlN8p8aQCHTG
2025,10.1109/TVCG.2025.3634874,11270010,J,Equations,4,tvcg_2025_3634874_eq_4.png,3,1336,2163,2086,2220,2352,3213,0.813,34,,11TQJRMkzB8If11hxwkkkKws0VogNWYvF
2025,10.1109/TVCG.2025.3634874,11270010,J,Equations,5,tvcg_2025_3634874_eq_5.png,4,136,420,1143,480,2352,3213,0.57,34,,1OXRNViz88bSS7kVL36h8kzWqxZdPPRuU
2025,10.1109/TVCG.2025.3634874,11270010,J,Equations,6,tvcg_2025_3634874_eq_6.png,4,235,669,1043,808,2352,3213,0.895,34,,1Lr1T5RwSqiBSNQXxFW3qeOsDgVBeV3PE
2025,10.1109/TVCG.2025.3634874,11270010,J,Equations,7,tvcg_2025_3634874_eq_7.png,4,211,989,1102,1046,2352,3213,0.843,34,,1xi1y80zmUYSsx6NxL8tRWCWGVj-zIaMX
2025,10.1109/TVCG.2025.3634874,11270010,J,Equations,8,tvcg_2025_3634874_eq_8.png,4,196,1844,1140,1966,2352,3213,0.928,34,,121eQRSJYxH8YIYVNR_HpXSkNx32zzdxx
2025,10.1109/TVCG.2025.3634874,11270010,J,Equations,9,tvcg_2025_3634874_eq_9.png,4,134,1963,1141,2121,2352,3213,0.884,34,,1FibQVYcPwqYc6rH7EWAmGHbSfkt872l3
2025,10.1109/TVCG.2025.3634874,11270010,J,Equations,10,tvcg_2025_3634874_eq_10.png,4,260,2233,1140,2310,2352,3213,0.926,34,,1dz46bczV7pEe7kOQgRvHgXMubfJi0rbX
2025,10.1109/TVCG.2025.3634874,11270010,J,Equations,11,tvcg_2025_3634874_eq_11.png,4,267,2653,1141,2781,2352,3213,0.931,34,,1rE-1eJZp-ySrPmLxu9FnGfr3b05DdpMq
2025,10.1109/TVCG.2025.3634874,11270010,J,Equations,12,tvcg_2025_3634874_eq_12.png,4,1325,225,2181,374,2352,3213,0.92,34,,1XM-hvwIzS_JyQIFtqTDjSFYXxOpnOeRY
2025,10.1109/TVCG.2025.3634874,11270010,J,Equations,13,tvcg_2025_3634874_eq_13.png,4,1321,522,2181,659,2352,3213,0.923,34,,1nKmhpi5E1i_WptDlW8Sbje1HLDDnNu8I
2025,10.1109/TVCG.2025.3634874,11270010,J,Equations,14,tvcg_2025_3634874_eq_14.png,4,1274,1913,2181,2038,2352,3213,0.553,34,,1eesdWCefm2f55xPZv-nC3BoVJ8l1cfP0
2025,10.1109/TVCG.2025.3634874,11270010,J,Equations,15,tvcg_2025_3634874_eq_15.png,4,1178,2404,2181,2639,2352,3213,0.89,34,,1UHLWoKoUC5KiMwDquriLrDT69ohwvoi5
2025,10.1109/TVCG.2025.3634874,11270010,J,Equations,16,tvcg_2025_3634874_eq_16.png,4,1178,2702,2175,2941,2352,3213,0.679,34,,1u1dQnlD5EC-pw0XHHWyPJXQxHsk9b41H
2025,10.1109/TVCG.2025.3634874,11270010,J,Equations,17,tvcg_2025_3634874_eq_17.png,5,429,388,944,567,2352,3213,0.505,34,,118JdNztga8OxjhhfLWyXOVfBkUsp-UMk
2025,10.1109/TVCG.2025.3634874,11270010,J,Equations,18,tvcg_2025_3634874_eq_18.png,5,191,621,1174,818,2352,3213,0.775,34,,1gVsS0r6FeWrC8vCqFydeIpbnJiqVxJ0J
2025,10.1109/TVCG.2025.3634874,11270010,J,Equations,19,tvcg_2025_3634874_eq_19.png,5,487,1712,858,1772,2352,3213,0.913,34,,1qBwmOMoq9YJ200vH_8Or5wpBUWZJKNSZ
2025,10.1109/TVCG.2025.3634874,11270010,J,Equations,20,tvcg_2025_3634874_eq_20.png,5,337,1856,937,2029,2352,3213,0.885,34,,13QDGh3lCd88ebf3HggsMW2-rUijttCGh
2025,10.1109/TVCG.2025.3634874,11270010,J,Equations,21,tvcg_2025_3634874_eq_21.png,5,306,2524,1047,2740,2352,3213,0.823,34,,1wYpTurK8MKodGiKgxXUdzDVsS9Vrv5r1
2025,10.1109/TVCG.2025.3634874,11270010,J,Equations,22,tvcg_2025_3634874_eq_22.png,5,1500,799,2217,884,2352,3213,0.919,34,,19yQ0ZAJxf3BPkmFKtx-dLrzk67q_xxY4
2025,10.1109/TVCG.2025.3634874,11270010,J,Equations,23,tvcg_2025_3634874_eq_23.png,5,1417,2360,2216,2425,2352,3213,0.669,34,,1PHINjJKbWwlskSaG9thR_o74_puNs4AH
2025,10.1109/TVCG.2025.3634874,11270010,J,Equations,24,tvcg_2025_3634874_eq_24.png,6,1425,481,2182,544,2352,3213,0.905,34,,1yt_z3WjflbLd0EdbHbgOO0A0-b7YrN4D
2025,10.1109/TVCG.2025.3634874,11270010,J,Equations,25,tvcg_2025_3634874_eq_25.png,6,1415,1461,2181,1667,2352,3213,0.808,34,,1t_56XGiXp4TbTY25B4nR6b_5Us_vF4xn
2025,10.1109/TVCG.2025.3634874,11270010,J,Equations,26,tvcg_2025_3634874_eq_26.png,7,213,1150,1137,1263,2352,3213,0.941,34,,1xhvGd0C6kkEdW2jSwKz6jBdwnWIN9104
2025,10.1109/TVCG.2025.3634874,11270010,J,Equations,27,tvcg_2025_3634874_eq_27.png,7,223,1346,2217,1448,2352,3213,0.937,34,,1zSfZDi1aykvhCj4txIl2xbgxaq-nSzMf
2025,10.1109/TVCG.2025.3634874,11270010,J,Equations,28,tvcg_2025_3634874_eq_28.png,7,183,2592,1176,2839,2352,3213,0.961,34,,1WpCAmdSE6BWCu11G4FLhCJyPRg7-hXFO
2025,10.1109/TVCG.2025.3634874,11270010,J,Equations,29,tvcg_2025_3634874_eq_29.png,7,1599,490,2216,555,2352,3213,0.902,34,,10BPlJxhUe1IkNOLlt6bd0VVbOliVoGzw
2025,10.1109/TVCG.2025.3634874,11270010,J,Equations,30,tvcg_2025_3634874_eq_30.png,7,1538,619,2216,719,2352,3213,0.946,34,,1tPkfvdS75Q_TPPt4n8Bx-KimZTuF-oHK
2025,10.1109/TVCG.2025.3634874,11270010,J,Equations,31,tvcg_2025_3634874_eq_31.png,7,1360,931,2216,1062,2352,3213,0.949,34,,1dayJGPrm9KGSJHi_EfX24afBcqDvDoiL
2025,10.1109/TVCG.2025.3634874,11270010,J,Equations,32,tvcg_2025_3634874_eq_32.png,7,1237,1322,2217,1444,2352,3213,0.889,34,,1olQC4iTAggdR9Coi3yVv8N48zsVBiPtM
2025,10.1109/TVCG.2025.3634812,11261881,J,Equations,1,tvcg_2025_3634812_eq_1.png,4,355,1736,1143,1806,2352,3213,0.939,9,,1tjovyNUb1SfLKeHBu5k4ThhNNYFchF1a
2025,10.1109/TVCG.2025.3634812,11261881,J,Equations,2,tvcg_2025_3634812_eq_2.png,4,318,1980,1143,2082,2352,3213,0.784,9,,14JTh28vtomYzPj5U3yY5wR4jBcd4I4V0
2025,10.1109/TVCG.2025.3634812,11261881,J,Equations,3,tvcg_2025_3634812_eq_3.png,4,412,2338,1144,2466,2352,3213,0.951,9,,1a9YDDSLzm_5pTLv_slyS6ishBtMpZncl
2025,10.1109/TVCG.2025.3634812,11261881,J,Equations,4,tvcg_2025_3634812_eq_4.png,4,1437,889,2188,961,2352,3213,0.93,9,,1HFxVIy_iNl2C4UYzNm9nxq5F2RFqHBnD
2025,10.1109/TVCG.2025.3634812,11261881,J,Equations,5,tvcg_2025_3634812_eq_5.png,4,1345,1062,2188,1128,2352,3213,0.925,9,,1L9dFktyF76U4dymO4aqu4-Xu3whNfiAq
2025,10.1109/TVCG.2025.3634812,11261881,J,Equations,6,tvcg_2025_3634812_eq_6.png,4,1524,1272,2189,1334,2352,3213,0.917,9,,1npv2cKLWDZNMfjcLJW46_dz5VZCjhkAF
2025,10.1109/TVCG.2025.3634812,11261881,J,Equations,7,tvcg_2025_3634812_eq_7.png,4,1280,1482,2188,1609,2352,3213,0.931,9,,1iXtIhWzELo3h7btYMyw3MpKUzCvGUiKZ
2025,10.1109/TVCG.2025.3634812,11261881,J,Equations,8,tvcg_2025_3634812_eq_8.png,4,1480,1655,2188,1783,2352,3213,0.943,9,,1HW8IArzkFDARbm42PFu6zvsBXIqEi5te
2025,10.1109/TVCG.2025.3634812,11261881,J,Equations,9,tvcg_2025_3634812_eq_9.png,5,231,2518,1144,2574,2352,3213,0.883,9,,1_HZnMTZBCsgx2RZQ5pv-lqG2eZf2ouwO
2025,10.1109/TVCG.2025.3634812,11261881,J,Equations,10,tvcg_2025_3634812_eq_10.png,5,1249,2315,2190,2413,2352,3213,0.931,9,,1ZBlTvV8wt9FEPM4j7zWhTPpRaprOOZvD
2025,10.1109/TVCG.2025.3634812,11261881,J,Equations,11,tvcg_2025_3634812_eq_11.png,5,1302,2433,2190,2532,2352,3213,0.84,9,,1t_TmrPQdCke0KnP4_IbI486nFM-rNG8n
2025,10.1109/TVCG.2025.3634812,11261881,J,Equations,12,tvcg_2025_3634812_eq_12.png,5,1491,2538,2191,2638,2352,3213,0.849,9,,1gS9NpfhBrJCRJpno6t3kKed_Ov1zACc4
2025,10.1109/TVCG.2025.3634812,11261881,J,Algorithms,1,tvcg_2025_3634812_alg_1.png,6,157,968,1145,1823,2352,3213,1.0,1,Algorithm 1 Time-varying volumetric neural representation rendering pipeline using sample streaming with Adaptive Ray Marching (ARM),1_sU9rsVWb0ZgkXOn99LoYmft-wDUmQYG
2025,10.1109/TVCG.2025.3634812,11261881,J,Table,1,tvcg_2025_3634812_table_1.png,6,1203,1284,2210,1472,2352,3213,0.969,6,Table 1: Training time under different input encoding configurations.,1HnUGEElSaiqv9xuUi_bPXZPHliNeV9BU
2025,10.1109/TVCG.2025.3634812,11261881,J,Table,2,tvcg_2025_3634812_table_2.png,7,160,397,1139,591,2352,3213,0.972,6,"Table 2: Time-varying datasets information of variable, resolution, and size. Intensity, Angular, and Mix Frac variables are selected as the volu-metric scalar fields of each dataset for the experiment.",1eEFwX_T1GHX-E3Vm0ujmx_fkRD575qU5
2025,10.1109/TVCG.2025.3634812,11261881,J,Table,3,tvcg_2025_3634812_table_3.png,9,174,397,2191,752,2352,3213,0.563,6,"Table 3: Left is the convergence time measurement. The budget of the maximal training iteration allowed is set to 60. If a method can't reach a specific PSNR within the training budget, the time is marked as Not Reached (NR). On the right, the first two rows are the encoding configuration, while the last row is the number of parameters in mebi-unit (M).",1z77AXwpE4v6nToGjR8Oom0UfNCRXozfS
2025,10.1109/TVCG.2025.3634812,11261881,J,Table,4,tvcg_2025_3634812_table_4.png,9,163,2104,1140,2278,2352,3213,0.957,6,Table 4: Measurements of average PSNRISSIM across frames and training time.,13Wifi_PR1o4OLS1iDI1OMocsGLaKBzLl
2025,10.1109/TVCG.2025.3634812,11261881,J,Table,5,tvcg_2025_3634812_table_5.png,9,164,2446,1140,2604,2352,3213,0.889,6,"Table 5: Compression ratio of different input encoding methods, and specialized compression methods with ≥ 45dB average frame PSNR.",1AsF1umydAl9UJrfVlqQy1ERTwAl9t_hL
2025,10.1109/TVCG.2025.3634812,11261881,J,Table,6,tvcg_2025_3634812_table_6.png,9,1205,2067,2183,2267,2352,3213,0.972,6,Table 6: Average rendering latency.,1Y790CUeYttH7Kihq5bAEZH4_vKsf9M9Z
2025,10.1109/TVCG.2025.3642516,11295944,J,Equations,1,tvcg_2025_3642516_eq_1.png,3,366,1715,1142,1820,2352,3213,0.946,12,,1dniVGoeypNn_P9rQwdwVyHwoHenRaKw5
2025,10.1109/TVCG.2025.3642516,11295944,J,Equations,2,tvcg_2025_3642516_eq_2.png,3,546,1950,1141,2011,2352,3213,0.92,12,,1I_X8GiSjVBaA30t_kJ97qyagRy2tZiNH
2025,10.1109/TVCG.2025.3642516,11295944,J,Equations,3,tvcg_2025_3642516_eq_3.png,3,524,2290,1142,2353,2352,3213,0.938,12,,1o1vl0H9mO1z3qpVmpYBEfrjZ_-li83eE
2025,10.1109/TVCG.2025.3642516,11295944,J,Equations,4,tvcg_2025_3642516_eq_4.png,3,473,2526,2171,2645,2352,3213,0.94,12,,1vqhaqSTKms78lSCF3aP0E1AdYhJzExil
2025,10.1109/TVCG.2025.3642516,11295944,J,Equations,5,tvcg_2025_3642516_eq_5.png,3,1303,2526,2171,2588,2352,3213,0.522,12,,1bnuXVWaQlrdfRTFH7IrTwLfamY_etADg
2025,10.1109/TVCG.2025.3642516,11295944,J,Equations,6,tvcg_2025_3642516_eq_6.png,3,1349,2588,2172,2707,2352,3213,0.708,12,,1HCJEJu1O1igyUmJ4sRndWCssSHxmhec1
2025,10.1109/TVCG.2025.3642516,11295944,J,Equations,7,tvcg_2025_3642516_eq_7.png,4,539,1086,1142,1151,2352,3213,0.924,12,,1chAMpTsJDjygXwbOa7JVfOdMe6M0gBhU
2025,10.1109/TVCG.2025.3642516,11295944,J,Equations,8,tvcg_2025_3642516_eq_8.png,4,206,1304,1143,1476,2352,3213,0.891,12,,1z6lvQmVz_jaQO0QpGyJd4iVt_D7C_odE
2025,10.1109/TVCG.2025.3642516,11295944,J,Equations,9,tvcg_2025_3642516_eq_9.png,4,472,1670,1142,1731,2352,3213,0.924,12,,1yFtu3gFUMa3dXG5LU2qaI1jBQZdnUt3b
2025,10.1109/TVCG.2025.3642516,11295944,J,Equations,10,tvcg_2025_3642516_eq_10.png,4,429,1869,1141,1925,2352,3213,0.913,12,,1fMCmSfLn76P7NOcHNfSSLgCJOCUoh5Kp
2025,10.1109/TVCG.2025.3642516,11295944,J,Equations,11,tvcg_2025_3642516_eq_11.png,4,533,2667,1142,2773,2352,3213,0.942,12,,1r2K0vk3EFoW9SF61wF9qXS98ceqN99CU
2025,10.1109/TVCG.2025.3642516,11295944,J,Equations,12,tvcg_2025_3642516_eq_12.png,5,478,1059,1143,1179,2352,3213,0.459,12,,1cWMqaxmghNZo1UGDv27f0gexUxeR0Ciw
2025,10.1109/TVCG.2025.3642516,11295944,J,Equations,13,tvcg_2025_3642516_eq_13.png,5,435,1288,1143,1380,2352,3213,0.911,12,,11epUcjfWB1rXr6FWXlDIiMS_4pwfEoV9
2025,10.1109/TVCG.2025.3642516,11295944,J,Equations,14,tvcg_2025_3642516_eq_14.png,5,317,1370,1143,1484,2352,3213,0.925,12,,1osYWy0faBz-8AJA5agrglnDcIxyNU7sd
2025,10.1109/TVCG.2025.3642516,11295944,J,Table,1,tvcg_2025_3642516_table_1.png,5,179,2143,1140,2347,2352,3213,0.96,6,"Table 1: Datasets for visualization generation of dynamic scenes, with training images in PNG format.",1N4ySau31t-nTPYM_n6V3CYO2kmJARZ5Q
2025,10.1109/TVCG.2025.3642516,11295944,J,Table,2,tvcg_2025_3642516_table_2.png,6,173,1752,1138,2461,2352,3213,0.91,6,"Table 2: Visualization generation for dynamic scenes: average PSNR (dB), SSIM, LPIPS, and rendering framerate (FPS) across all 181 syn-thesized views, training time (TT, in minutes), and model size (MS, in MB). The best ones are highlighted in bold.",1KjCp3RTi6PP1lZfthCH5pulwykJou2O9
2025,10.1109/TVCG.2025.3642516,11295944,J,Table,3,tvcg_2025_3642516_table_3.png,7,175,1060,1136,1273,2352,3213,0.965,6,Table 3: Render performance comparison: DVR vs. VolSegGS.,1SgQ-GxZQ-6YAx3JLVQzZAN2YcPDFnUsF
2025,10.1109/TVCG.2025.3642516,11295944,J,Table,4,tvcg_2025_3642516_table_4.png,8,169,400,1128,1331,2352,3213,0.968,6,"Table 4: 3D segmentation for static scenes: average PSNR (dB), SSIM, LPIPS, and IoU across all 181 synthesized views, training time (TT, in minutes), and segmentation time (ST, in seconds). Refer to Figure 8 for the actual segments. The best ones are highlighted in bold.",1g2vwFg0BzFiUmNz6YYHUGL4uTb5hFuJO
2025,10.1109/TVCG.2025.3642516,11295944,J,Table,5,tvcg_2025_3642516_table_5.png,8,1369,1694,1997,2134,2352,3213,0.961,6,"Table 5: Single-segment tracking with combustion: average PSNR (dB), SSIM, LPIPS, and IoU across 181 synthesized views.",1BzwK2gC27FQNA4WuyR1YmtbmenVsUVca
2025,10.1109/TVCG.2025.3642516,11295944,J,Table,6,tvcg_2025_3642516_table_6.png,9,377,1073,929,1377,2352,3213,0.968,6,"Table 6: Grouped segment tracking with vortex: average PSNR (dB), SSIM, LPIPS, and IoU across 181 synthesized views.",1BbySHx2xOpm35Ic_NuLOIPsDauH3npVA
2025,10.1109/TVCG.2025.3642518,11295938,J,Equations,1,tvcg_2025_3642518_eq_1.png,3,288,1044,1147,1324,2352,3213,0.956,7,"\begin{align*}\mathbf{z}_i^{\prime} & =\operatorname{MHSA}^z\left(\mathbf{z}_i,\left\{\left(\mathbf{z}_j, \mathbf{e}_{i j}\right)\right\}_{j \in \mathbb{N}_i}\right)+\mathbf{z}_i \\\mathbf{z}_i^{\prime \prime} & =\operatorname{FFN}^z\left(\mathbf{z}_i^{\prime}\right)+\mathbf{z}_i^{\prime} \\\mathbf{e}_{i j}^{\prime} & =\operatorname{MHSA}^e\left(\mathbf{e}_{i j}, \mathbf{z}_i^{\prime \prime}, \mathbf{z}_j^{\prime \prime},\left\{\left(\mathbf{e}_{j k}, \mathbf{z}_k^{\prime \prime}\right)\right\}_{(j, k) \in \mathbb{N}_{i j}}\right)+\mathbf{e}_{i j} \\\mathbf{e}_{i j}^{\prime \prime} & =\operatorname{FFN}^e\left(\mathbf{e}_{i j}^{\prime}\right)+\mathbf{e}_{i j}^{\prime}\tag{1}\end{align*}",1J3NgOiVtDpwqHpdewXRMgaPuF28bVm_V
2025,10.1109/TVCG.2025.3642518,11295938,J,Equations,2,tvcg_2025_3642518_eq_2.png,4,469,2333,1146,2395,2352,3213,0.922,7,\begin{equation*}\mathcal{L}=-\alpha_{c}(1-\hat{y}_{c})^{\gamma}\log(\hat{y}_{c})\tag{2}\end{equation*},1T2-gMDdUcxUOavFgdAdAiyGYIp31G1HO
2025,10.1109/TVCG.2025.3642518,11295938,J,Equations,3,tvcg_2025_3642518_eq_3.png,4,507,2568,1146,2687,2352,3213,0.943,7,\begin{equation*}\alpha_c=\frac{1-\frac{n_c}{N}}{\sum_{c=1}^5\left(1-\frac{n_c}{N}\right)}\tag{3}\end{equation*},1XYJVlkucCEVhkvFgv9kQw82V6rO0eX1Y
2025,10.1109/TVCG.2025.3642518,11295938,J,Equations,4,tvcg_2025_3642518_eq_4.png,4,1456,1093,2181,1199,2352,3213,0.946,7,\begin{equation*}\mathbf{z}_i^a=\mathbf{H}^{\top} \cdot \operatorname{softmax}\left(\frac{\mathbf{H} \cdot \mathbf{z}_i}{\sqrt{d}}\right)+\mathbf{z}_i\tag{4}\end{equation*},1Oc2C9kft5UxnU5BrlgJdutSmD_86-zvy
2025,10.1109/TVCG.2025.3642518,11295938,J,Equations,5,tvcg_2025_3642518_eq_5.png,4,1421,2739,2181,2804,2352,3213,0.94,7,\begin{equation*}\mathbf{h}_{\mathbb{G}}=\operatorname{MLP}\left(\operatorname{GAP}\left(\left\{\operatorname{FFN}_a^z\left(\mathbf{z}_i^{\prime}\right)\right\}_{i=1}^{n_l}\right)\right)\tag{5}\end{equation*},1_0KF4KFo2xi_wuGzNRbqwIeUUrdyHlxe
2025,10.1109/TVCG.2025.3642518,11295938,J,Equations,6,tvcg_2025_3642518_eq_6.png,5,418,2604,1145,2734,2352,3213,0.959,7,\begin{equation*}\hat{p}_k=\frac{\left(1+\left\vert\mathbf{h}_{\mathbb{G}}-\mathbf{c}_k\right\vert^2\right)^{-1}}{\sum_{k^{\prime}=1}^{K_e}\left(1+\left\vert\mathbf{h}_{\mathbb{G}}-\mathbf{c}_{k^{\prime}}\right\vert^2\right)^{-1}}\tag{6}\end{equation*},1DLUVmIT_0iD1KMB-tnnZII27GzBEXgUj
2025,10.1109/TVCG.2025.3642518,11295938,J,Equations,7,tvcg_2025_3642518_eq_7.png,5,1423,375,2181,439,2352,3213,0.93,7,\begin{equation*}\mathbf{z}_i^{\prime \prime}=\operatorname{FFN}_b^z\left(\operatorname{FFN}_{k^*}^z\left(\operatorname{FFN}_a^z\left(\mathbf{z}_i^{\prime}\right)\right)\right)+\mathbf{z}_i^{\prime}\tag{7}\end{equation*},176Z50-GRcoKgKKnrXcLUpuokDgkTHGPt
2025,10.1109/TVCG.2025.3642518,11295938,J,Table,1,tvcg_2025_3642518_table_1.png,6,197,364,2172,803,2352,3213,0.839,7,,1RRzINyiPYcc0bcFa2PSsgKi8LphqhKDj
2025,10.1109/TVCG.2025.3642518,11295938,J,Table,2,tvcg_2025_3642518_table_2.png,6,213,2329,1096,2729,2352,3213,0.902,7,,1yCMnGsG1EXyNZJggWmJzB35bSlleU0kd
2025,10.1109/TVCG.2025.3642518,11295938,J,Table,3,tvcg_2025_3642518_table_3.png,7,198,293,2164,536,2352,3213,0.621,7,,1NOTUIVIvkZc1r6gBk0-Wq9TFP_mTY1au
2025,10.1109/TVCG.2025.3642518,11295938,J,Table,4,tvcg_2025_3642518_table_4.png,7,202,1479,2167,1688,2352,3213,0.6,7,,1GZo4QhPFKtnyE6-esK95g_Y6IKcPY2S5
2025,10.1109/TVCG.2025.3642518,11295938,J,Table,5,tvcg_2025_3642518_table_5.png,8,200,291,2171,736,2352,3213,0.477,7,,1hiq18EgWDXOSdfs7q2p8B0aNRsu7gJf9
2025,10.1109/TVCG.2025.3642518,11295938,J,Table,6,tvcg_2025_3642518_table_6.png,8,198,784,2171,967,2352,3213,0.431,7,,1MpP6CeYGdIx_AqsbgY9nYXMK64OEhlZF
2025,10.1109/TVCG.2025.3642641,11363926,J,Equations,1,tvcg_2025_3642641_eq_1.png,5,403,582,1145,703,2352,3213,0.927,6,,1JykBjUJO6HbiY4Bxh0giQ5qWBTkmTSgS
2025,10.1109/TVCG.2025.3642641,11363926,J,Equations,2,tvcg_2025_3642641_eq_2.png,5,245,941,1144,1097,2352,3213,0.954,6,,16uVa1uPuWIjg0dCVUxNp2alXxaBO_W7z
2025,10.1109/TVCG.2025.3642641,11363926,J,Equations,3,tvcg_2025_3642641_eq_3.png,5,423,1151,1144,1323,2352,3213,0.946,6,,18np0VyEchj0xNpeump1BjVjo3sgHrWag
2025,10.1109/TVCG.2025.3642641,11363926,J,Equations,4,tvcg_2025_3642641_eq_4.png,5,446,1901,1144,2015,2352,3213,0.941,6,,10dMbeJIWwpLgqRbAR0Xnmis0DyWL1ZlD
2025,10.1109/TVCG.2025.3642641,11363926,J,Equations,5,tvcg_2025_3642641_eq_5.png,5,406,2035,1144,2125,2352,3213,0.931,6,,1h9mGq7iyVg9po549KrihkVYlBCmx_jk9
2025,10.1109/TVCG.2025.3642641,11363926,J,Equations,6,tvcg_2025_3642641_eq_6.png,5,1358,1028,2184,1144,2352,3213,0.94,6,,1cwcCrDEn1gQhVONwPG9hYZ_wf_-zJDhu
2025,10.1109/TVCG.2025.3642641,11363926,J,Equations,7,tvcg_2025_3642641_eq_7.png,5,1482,1343,2184,1405,2352,3213,0.922,6,,1DxjiRAufwsgWaguuvZkmqG4StEGLSv9P
2025,10.1109/TVCG.2025.3642641,11363926,J,Equations,8,tvcg_2025_3642641_eq_8.png,6,375,578,1144,684,2352,3213,0.929,6,,1JpOjbxSvRFEkWepjq4gCPuWhkUoCcBwK
2025,10.1109/TVCG.2025.3642641,11363926,J,Table,1,tvcg_2025_3642641_table_1.png,8,179,326,2169,842,2352,3213,0.899,1,"Table 1: Quantitative comparison of cross-modal embedding metric contour mapping accuracy on the Pick-a-pic dataset [24]. For all metrics, the lower the better. Our method outperforms baseline methods, achieving the best performance across all four cross-modal embedding metrics.",1j6H6uLds0lAz1upffFSfNHFfbu4LKJKa
2025,10.1109/TVCG.2025.3642628,11300819,J,Table,1,tvcg_2025_3642628_table_1.png,6,206,1617,2154,1987,2352,3213,0.977,1,Table 1: Evaluation of model performance across different data analysis tasks and metrics.,1AGcDlNpqzDMcJUcDw-QuTJajBdH2yo2Y
2025,10.1109/TVCG.2025.3634784,11270013,J,Equations,1,tvcg_2025_3634784_eq_1.png,4,1467,957,1917,1018,2352,3213,0.915,5,"\begin{equation*}\operatorname{PDS}=\log \sigma(D(X)) / \mathbf{E}(D(X)),\end{equation*}",1qtk1zluEeA59j4emeN1WLzGsFqkJ5r_s
2025,10.1109/TVCG.2025.3634784,11270013,J,Equations,2,tvcg_2025_3634784_eq_2.png,4,1343,1670,2038,1877,2352,3213,0.958,5,"\begin{align*}\operatorname{PDS}(\alpha X) & =\frac{\sigma(D(\alpha X))}{E(D(\alpha X))}=\frac{\sigma(\alpha D(X))}{E(\alpha D(X))} \\
& =\frac{\alpha \sigma(D(X))}{\alpha E(D(X))}=\frac{\sigma(D(X))}{E(D(X))}=\operatorname{PDS}(X). \end{align*}",1V0Lp4AxJlh3rBk9uNu95X_rbjKEayRKR
2025,10.1109/TVCG.2025.3634784,11270013,J,Equations,3,tvcg_2025_3634784_eq_3.png,5,359,875,949,943,2352,3213,0.923,5,"\begin{equation*}
M_{i, j}^{k N N}=\max (0, k-r+1) \text { if } i \neq j \text { else } 0,\end{equation*}",18_wgry1SLqb03ISRtIQhaTFc300bt1aO
2025,10.1109/TVCG.2025.3634784,11270013,J,Equations,4,tvcg_2025_3634784_eq_4.png,5,338,1136,967,1246,2352,3213,0.937,5,"\begin{equation*}
M_{i, j}^{S N N}=\sum_{(m, n) \in N_{p_i, p_j}}(k+1-m) \cdot(k+1-n),\end{equation*}",1RZKJzplRRE9a7rpyaQUZy4w5791ppqPC
2025,10.1109/TVCG.2025.3634784,11270013,J,Equations,5,tvcg_2025_3634784_eq_5.png,5,344,1407,966,1512,2352,3213,0.842,5,"\begin{equation*}\operatorname{MNC}(X)=\sum_{i \in\{1, \cdots, N\}} \cos \left(M_{i, *}^{k N N}, M_{i, *}^{S N N}\right) / N,\end{equation*}",1Zg_GMCRFyUuJuDbXF4bbBdvE6ZI-SJ1z
2025,10.1109/TVCG.2025.3634784,11270013,J,Table,1,tvcg_2025_3634784_table_1.png,6,180,574,1125,1793,2352,3213,0.969,3,,1StO-z1mfUS_hXr_1Nsqq7TvtzU3AVprV
2025,10.1109/TVCG.2025.3634784,11270013,J,Table,2,tvcg_2025_3634784_table_2.png,7,151,429,1136,1272,2352,3213,0.972,3,,1RwLJSzMnBxqWFv2CVKQfRCEIxye0244j
2025,10.1109/TVCG.2025.3634788,11271132,J,Equations,1,tvcg_2025_3634788_eq_1.png,3,354,1689,963,1750,2352,3213,0.921,1,"\begin{equation*}
S=\{p_{1},p_{2},\ \ldots,p_{n}\}, p_{i}=\text{proj}(BMU(r_{i}))\end{equation*}",1x3ON_BBNJoMh4h_PAgPqR0BWh4uVh2j3
2025,10.1109/TVCG.2025.3634845,11342319,J,Equations,1,tvcg_2025_3634845_eq_1.png,2,1468,1544,2236,1655,2352,3213,0.942,38,,1yi2x9IjSA_2qi-cNwkVk5TrPF3ZRXd9b
2025,10.1109/TVCG.2025.3634845,11342319,J,Equations,2,tvcg_2025_3634845_eq_2.png,2,1473,1873,2235,1981,2352,3213,0.944,38,,1jc4JRaLy7WMfrVrh69XHIxyDokejqcH6
2025,10.1109/TVCG.2025.3634845,11342319,J,Equations,3,tvcg_2025_3634845_eq_3.png,2,1399,2075,2235,2194,2352,3213,0.945,38,,1cyUKSbngGSaB9fbIDavdNnGkYUOYn0rr
2025,10.1109/TVCG.2025.3634845,11342319,J,Equations,4,tvcg_2025_3634845_eq_4.png,3,1387,1401,2274,1515,2352,3213,0.952,38,,1w3Tx4EpwzNM0sKhsu9ZHzSpXVkeiGxjR
2025,10.1109/TVCG.2025.3634845,11342319,J,Equations,5,tvcg_2025_3634845_eq_5.png,3,1622,2750,2274,2875,2352,3213,0.937,38,,1zvqI7tU8vdZCefOYDUHSIJ_FOnCOPBkv
2025,10.1109/TVCG.2025.3634845,11342319,J,Equations,6,tvcg_2025_3634845_eq_6.png,3,1456,2981,2274,3062,2352,3213,0.918,38,,1CH7mzyiX2CvaEuvM06RzC83yIFofADxV
2025,10.1109/TVCG.2025.3634845,11342319,J,Equations,7,tvcg_2025_3634845_eq_7.png,4,338,316,1140,380,2352,3213,0.906,38,,1sk6WaKTnqayyJWtkdnNSgYw8BA9HPplp
2025,10.1109/TVCG.2025.3634845,11342319,J,Equations,8,tvcg_2025_3634845_eq_8.png,4,308,380,1139,484,2352,3213,0.923,38,,1iVpzwuHtUP8JOsTpRA8j5bIPKoqjUT49
2025,10.1109/TVCG.2025.3634845,11342319,J,Equations,9,tvcg_2025_3634845_eq_9.png,4,121,641,1140,758,2352,3213,0.953,38,,1Jr3STpHBqFTlxRulWyPT0cFccH3jTLR2
2025,10.1109/TVCG.2025.3634845,11342319,J,Equations,10,tvcg_2025_3634845_eq_10.png,4,425,910,2236,1028,2352,3213,0.937,38,,1rWYxe8wcVNklyxlkmiASGYTAkfyQE74u
2025,10.1109/TVCG.2025.3634845,11342319,J,Equations,11,tvcg_2025_3634845_eq_11.png,4,326,1726,1140,1841,2352,3213,0.948,38,,19MfuUIsC_R6n7NS-wCjgJC6tmla0gykO
2025,10.1109/TVCG.2025.3634845,11342319,J,Equations,12,tvcg_2025_3634845_eq_12.png,4,399,2035,1140,2105,2352,3213,0.933,38,,1Ce2fH9lbKDmAn2Pm9qqFv7eHslAbv-fb
2025,10.1109/TVCG.2025.3634845,11342319,J,Equations,13,tvcg_2025_3634845_eq_13.png,4,372,2103,1140,2203,2352,3213,0.924,38,,1aKqwa9bicbWXyHcS64_I7AT7hcV9O0by
2025,10.1109/TVCG.2025.3634845,11342319,J,Equations,14,tvcg_2025_3634845_eq_14.png,4,209,2942,1140,3055,2352,3213,0.937,38,,1JVufNrjQNDlirQRO1FudjGQucNoeT-PW
2025,10.1109/TVCG.2025.3634845,11342319,J,Equations,15,tvcg_2025_3634845_eq_15.png,4,1585,941,2236,1012,2352,3213,0.93,38,,1BeO9KZVE6fa_oJK1DOMtoMOYymfFkVnj
2025,10.1109/TVCG.2025.3634845,11342319,J,Equations,16,tvcg_2025_3634845_eq_16.png,4,1593,1098,2235,1165,2352,3213,0.924,38,,1xbPTgbjYBl5La0eSrFgh5Zd6hY36MQxz
2025,10.1109/TVCG.2025.3634845,11342319,J,Equations,17,tvcg_2025_3634845_eq_17.png,4,1339,1875,2235,1983,2352,3213,0.855,38,,1mxi3XUUsOXda19sdCaWqhK05tXsGTj_1
2025,10.1109/TVCG.2025.3634845,11342319,J,Equations,18,tvcg_2025_3634845_eq_18.png,4,1412,1978,2235,2041,2352,3213,0.714,38,,1F4BajIA8bOkLwVjh8-yaeXpqnq08ViXm
2025,10.1109/TVCG.2025.3634845,11342319,J,Equations,19,tvcg_2025_3634845_eq_19.png,5,553,400,2274,469,2352,3213,0.922,38,,1BkdSiAXv2MG0P9j6vArzK5_foWoITH4k
2025,10.1109/TVCG.2025.3634845,11342319,J,Equations,20,tvcg_2025_3634845_eq_20.png,5,388,631,1178,699,2352,3213,0.93,38,,1AmSuac03H0hW2G4Gdnp3LUKJxlWLh449
2025,10.1109/TVCG.2025.3634845,11342319,J,Equations,21,tvcg_2025_3634845_eq_21.png,5,436,820,1178,884,2352,3213,0.923,38,,1RVtnshQHTLhS7aCdLZ9rDX1pcDagxqiv
2025,10.1109/TVCG.2025.3634845,11342319,J,Equations,22,tvcg_2025_3634845_eq_22.png,5,280,1121,1178,1232,2352,3213,0.959,38,,1gYYAeXfvjlgX71a8CohuRe5c6pOpcfdr
2025,10.1109/TVCG.2025.3634845,11342319,J,Equations,23,tvcg_2025_3634845_eq_23.png,5,130,2195,1164,2432,2352,3213,0.667,38,,1v-Tfd3u-SDPW8NMXU1vwQboPFqz8qJ7N
2025,10.1109/TVCG.2025.3634845,11342319,J,Equations,24,tvcg_2025_3634845_eq_24.png,5,442,2566,2273,2653,2352,3213,0.928,38,,1kDojqs3IHkkChiGUqmxnMFMZNfvzzX4k
2025,10.1109/TVCG.2025.3634845,11342319,J,Equations,25,tvcg_2025_3634845_eq_25.png,5,383,2896,2274,3060,2352,3213,0.915,38,,1aeDGvcsNjriNVmG1oLuU4aIbH8CKLStl
2025,10.1109/TVCG.2025.3634845,11342319,J,Equations,26,tvcg_2025_3634845_eq_26.png,5,1402,229,2275,300,2352,3213,0.921,38,,1u0cyfNu-RAAzO8IiJorZPFw97w4xssse
2025,10.1109/TVCG.2025.3634845,11342319,J,Equations,27,tvcg_2025_3634845_eq_27.png,5,1375,381,2274,496,2352,3213,0.942,38,,1WTmCW8XzP408uW07iCuOzr1eZwDVLoBN
2025,10.1109/TVCG.2025.3634845,11342319,J,Equations,28,tvcg_2025_3634845_eq_28.png,5,1381,584,2274,701,2352,3213,0.949,38,,17RGGoL54Ky73vXpveUKXsl0nkyWVhika
2025,10.1109/TVCG.2025.3634845,11342319,J,Equations,29,tvcg_2025_3634845_eq_29.png,5,1636,1542,2274,1660,2352,3213,0.88,38,,1tjHWtSKwCMKcaAe8W2Bed4ephwt8UPZr
2025,10.1109/TVCG.2025.3634845,11342319,J,Equations,30,tvcg_2025_3634845_eq_30.png,5,1444,1873,2274,1943,2352,3213,0.925,38,,1QvRAZ9blw0nhimsKGtAbXmHrc6hmqJQo
2025,10.1109/TVCG.2025.3634845,11342319,J,Equations,31,tvcg_2025_3634845_eq_31.png,5,1640,2027,2274,2145,2352,3213,0.465,38,,1ZRaAzwAMQoTxy7I13AqJLJ55Ch_5vEd2
2025,10.1109/TVCG.2025.3634845,11342319,J,Equations,32,tvcg_2025_3634845_eq_32.png,5,1418,2354,2274,2454,2352,3213,0.944,38,,1q-7yhBGTC8EBewpCQWKsWx048z6ULZZ1
2025,10.1109/TVCG.2025.3634845,11342319,J,Equations,33,tvcg_2025_3634845_eq_33.png,5,1616,2537,2273,2652,2352,3213,0.917,38,,15M1nhdBQeRHSJLP05wN5fQ8bTwS4Zkkc
2025,10.1109/TVCG.2025.3634845,11342319,J,Equations,34,tvcg_2025_3634845_eq_34.png,5,1518,2943,2274,3064,2352,3213,0.944,38,,1QUqV367bGbpa6tjDIBD-QhWWj971_SKg
2025,10.1109/TVCG.2025.3634845,11342319,J,Equations,35,tvcg_2025_3634845_eq_35.png,6,456,1204,1141,1270,2352,3213,0.918,38,,1ElhRyc1chc7ZtDYLYuaD2MjSkoPp2HA0
2025,10.1109/TVCG.2025.3634845,11342319,J,Equations,36,tvcg_2025_3634845_eq_36.png,6,271,1358,1139,1499,2352,3213,0.949,38,,1G20nkSmngbXWzI_Pd8JccPEkFy8Ua-qD
2025,10.1109/TVCG.2025.3634845,11342319,J,Equations,37,tvcg_2025_3634845_eq_37.png,6,335,1673,1140,1807,2352,3213,0.949,38,,1QvZKeX8eAywpLy6S2vjZW7behEExMzfs
2025,10.1109/TVCG.2025.3634845,11342319,J,Equations,38,tvcg_2025_3634845_eq_38.png,6,201,1954,1140,2092,2352,3213,0.954,38,,1tXMJjmnJh-rxzBwZKcDDYkz3sxHJV-2h
2025,10.1109/TVCG.2025.3634845,11342319,J,Equations,39,tvcg_2025_3634845_eq_39.png,6,345,2364,1139,2452,2352,3213,0.939,38,,1RwSIA5Lss1VqQI8KK5Epy4CtcvF0wm0i
2025,10.1109/TVCG.2025.3634845,11342319,J,Equations,40,tvcg_2025_3634845_eq_40.png,7,267,948,1179,1077,2352,3213,0.952,38,,1XJ4I_iPyaEEMRBCPNQxcrIrntHnLX8xz
2025,10.1109/TVCG.2025.3634845,11342319,J,Equations,41,tvcg_2025_3634845_eq_41.png,7,385,1348,1178,1464,2352,3213,0.952,38,,1J8CXv_kAd1qPmdGzH4iWTSDquYaBVBbj
2025,10.1109/TVCG.2025.3634845,11342319,J,Table,1,tvcg_2025_3634845_table_1.png,8,165,305,2141,600,2352,3213,0.972,2,"Table 1: Parameter study for the TuRBULENCE1 dataset to determine a suitable choice for $\lambda$ in Eq. 15. The reported values are averages over all corelines for each setting. $m_{\text{tac}}$ is the duration of corelines in timesteps, $m_{\mathrm{m}\mathrm{s}\epsilon}$ is Eq. 40, $m_{\mathrm{e}\mathrm{p}\mathrm{e}}$ is Eq. 41, $\vert C\vert$ is the number of corelines, and $\Vert v_{t}^{*}\Vert_{total}$ is the magnitude of the observed time derivative integrated over the whole domain.",1Jo7j2yXF-BsYCPpvMRhGnshiFBWmCsx2
2025,10.1109/TVCG.2025.3634845,11342319,J,Table,2,tvcg_2025_3634845_table_2.png,8,1187,2744,2226,3062,2352,3213,0.957,2,"Table 2: Comparison of the computation times between the base-line [13] and our method. For the baseline, we show the performance with and without the use of summed area tables (SAT). For our method, we list the runtime for computing FTLE, the distance measures, and the final linear optimization. All measurements are in seconds.",1yblxuuQxpvzVi7b5gsDqIT5DHVOiv3w8
2025,10.1109/TVCG.2025.3634787,11298315,J,Equations,1,tvcg_2025_3634787_eq_1.png,3,1337,1783,2179,1844,2352,3213,0.916,5,"\begin{equation*}\min \vert J-\phi(I, w)\vert+\beta \cdot \rho(G(I), G(J), G(\phi(I, w))),\tag{1}\end{equation*}",1o6gnBShudURDC-bHy1d5Jh6r8UyaxVSe
2025,10.1109/TVCG.2025.3634787,11298315,J,Equations,2,tvcg_2025_3634787_eq_2.png,4,190,1961,1139,2245,2352,3213,0.818,5,"\begin{align*}
& \mathscr{L}_{\text{CLD}}=\mathbb{E}_{l^{\text{HR}}}\left[-\log \left(\frac{\exp \left(E_{\mathrm{D}}\left(I_{\text{HR}}\right)\right)}{\sum_{I_{\text{HR}}} \exp \left(E_{\mathrm{D}}\left(I_{\text{HR}}\right)\right)+\sum_{I_{\text{LR}}} \exp \left(E_{\mathrm{D}}\left(I_{\text{SR}}\right)\right)}\right)\right] \\
+ & \mathbb{E}_{l^{\text{LR}}}\left[-\log \left(\frac{\exp \left(-E_{\mathrm{D}}\left(I_{\text{SR}}\right)\right)}{\sum_{I_{\text{HR}}} \exp \left(-E_{\mathrm{D}}\left(I_{\text{HR}}\right)\right)+\sum_{I_{\text{LR}}} \exp \left(-E_{\mathrm{D}}\left(I_{\text{SR}}\right)\right)}\right)\right]\tag{2}\end{align*}",142sqLHHd3xKFnYOyUV4Zc401Jhg8CuCZ
2025,10.1109/TVCG.2025.3634787,11298315,J,Equations,3,tvcg_2025_3634787_eq_3.png,5,429,2277,1143,2386,2352,3213,0.943,5,"\begin{equation*}
H(X_{t})=-\sum_{i=1}^{n}p(x_{j})\log(p(x_{j})),\tag{3}\end{equation*}",1ecHHKrZdmy5CWsOVnhcxuHpstDvM0mF2
2025,10.1109/TVCG.2025.3634787,11298315,J,Equations,4,tvcg_2025_3634787_eq_4.png,5,493,2713,1142,2781,2352,3213,0.911,5,"\begin{equation*}
t_{\max}=\arg\max_{t}H(X_{t}).\tag{4}\end{equation*}",12kTCqSi8a5p0--Rw2c-d-d0gOwBhuM24
2025,10.1109/TVCG.2025.3634787,11298315,J,Table,1,tvcg_2025_3634787_table_1.png,6,216,2820,1110,2939,2352,3213,0.958,4,Table 1: Effect of hyper-parameter β on PSNR performance.,1mNBL3yWJiEqgfYAuXs_93fnpIHL6aiSI
2025,10.1109/TVCG.2025.3634787,11298315,J,Equations,5,tvcg_2025_3634787_eq_5.png,6,1301,2450,2179,2565,2352,3213,0.942,5,"\begin{equation*}
d_{\text{CD}}(F, \hat{F})=\frac{1}{F} \sum_{x \in F} \min _{y \in \hat{F}}\vert x-y\vert_2^2+\frac{1}{\hat{F}} \sum_{y \in \hat{F}} \min _{x \in F}\vert y-x\vert_2^2\tag{5}\end{equation*}",1RXh1g_mbrYXVvb7HCo0Y_DfrvjwGodpY
2025,10.1109/TVCG.2025.3634787,11298315,J,Table,2,tvcg_2025_3634787_table_2.png,7,185,2734,1126,2942,2352,3213,0.942,4,Table 2: Comparison of model size in MB and training time in hours for different methods on the Shock Interaction Vortex dataset.,1NQ6pVC_F25Mnc2BWDozjVF3n2_O2ysiD
2025,10.1109/TVCG.2025.3634787,11298315,J,Table,3,tvcg_2025_3634787_table_3.png,8,189,1543,1110,2379,2352,3213,0.971,4,"Table 3: Average PSNR, LPIPS, and CD values with a scaling factor of 4. The best ones are highlighted in bold.",16svLNh-o_BV5WjnQF25S8PG5kanu47jE
2025,10.1109/TVCG.2025.3634787,11298315,J,Table,4,tvcg_2025_3634787_table_4.png,9,204,355,1109,612,2352,3213,0.973,4,"Table 4: Ablation study on the Tangaroa dataset. PSNR (↑), LPIPS (↓), and CD (↓) are reported.",1VpSnoPO-JFEI2JPq2BLl_-QYg42ov85c
2025,10.1109/TVCG.2025.3642506,11295972,J,Equations,1,tvcg_2025_3642506_eq_1.png,3,1482,1764,2179,1827,2352,3213,0.922,22,,1K00MftGt6DSR6cl-ah_dyGCr-5dd37s2
2025,10.1109/TVCG.2025.3642506,11295972,J,Equations,2,tvcg_2025_3642506_eq_2.png,3,1387,2101,2178,2163,2352,3213,0.927,22,,16U2ZxggCES_jUS9IQCB1YF3sxdzsbd9S
2025,10.1109/TVCG.2025.3642506,11295972,J,Equations,3,tvcg_2025_3642506_eq_3.png,3,1528,2325,1849,2390,2352,3213,0.92,22,,16Zs0zEvToVTplbDbpGZvKSjOOSWghgfq
2025,10.1109/TVCG.2025.3642506,11295972,J,Equations,4,tvcg_2025_3642506_eq_4.png,3,1319,2590,2179,2653,2352,3213,0.414,22,,1hHhMNJdX9P75RcbM_HKT7Mjl9N6DcVMK
2025,10.1109/TVCG.2025.3642506,11295972,J,Equations,5,tvcg_2025_3642506_eq_5.png,3,1562,2734,2179,2800,2352,3213,0.9,22,,1DlM6mr854koRWc3Mk50ecwGwfgbxdUnV
2025,10.1109/TVCG.2025.3642506,11295972,J,Equations,6,tvcg_2025_3642506_eq_6.png,4,180,851,1147,923,2352,3213,0.801,22,,1vO4VSx-Qx63v0FZwZhXQK3NCxkA1j5RU
2025,10.1109/TVCG.2025.3642506,11295972,J,Equations,7,tvcg_2025_3642506_eq_7.png,4,182,934,1133,1049,2352,3213,0.878,22,,1REExhH-BtEMR3VSzsQY9vIf72f3IVIv-
2025,10.1109/TVCG.2025.3642506,11295972,J,Equations,8,tvcg_2025_3642506_eq_8.png,4,464,1294,1146,1390,2352,3213,0.94,22,,1kv8VWKihHC-R346pWEC-KTgPVzcZAKXl
2025,10.1109/TVCG.2025.3642506,11295972,J,Equations,9,tvcg_2025_3642506_eq_9.png,4,512,2024,1147,2084,2352,3213,0.923,22,,17FgGJhNQ7H0e2PPpXjdG2_XGoIJ_nZRC
2025,10.1109/TVCG.2025.3642506,11295972,J,Equations,10,tvcg_2025_3642506_eq_10.png,4,503,2163,2176,2226,2352,3213,0.927,22,,1XHhPatUPQ3oDeAs2AJFQlq05FkMW2jyn
2025,10.1109/TVCG.2025.3642506,11295972,J,Equations,11,tvcg_2025_3642506_eq_11.png,4,579,2448,1146,2513,2352,3213,0.911,22,,1xTxFQ358aPJOB8-qFHOhIBi65sByuPqo
2025,10.1109/TVCG.2025.3642506,11295972,J,Equations,12,tvcg_2025_3642506_eq_12.png,4,436,2582,1146,2649,2352,3213,0.92,22,,1Fv_8E5Y2m3pBsx8AgY7xn_pyu9uC8X_-
2025,10.1109/TVCG.2025.3642506,11295972,J,Equations,13,tvcg_2025_3642506_eq_13.png,4,442,2851,1147,2913,2352,3213,0.92,22,,1Cl0C-YS59kp5kBR6HenMmAznvIEtDKFR
2025,10.1109/TVCG.2025.3642506,11295972,J,Equations,14,tvcg_2025_3642506_eq_14.png,4,1434,390,2177,454,2352,3213,0.93,22,,1KV8tq55GFHAaRRkZjGtotHZtN-VveiF5
2025,10.1109/TVCG.2025.3642506,11295972,J,Equations,15,tvcg_2025_3642506_eq_15.png,4,1231,605,2177,717,2352,3213,0.947,22,,1fSTQ6kHLxad61Gq1tKzgokj5b1I1QNOY
2025,10.1109/TVCG.2025.3642506,11295972,J,Equations,16,tvcg_2025_3642506_eq_16.png,4,1398,1715,2176,1782,2352,3213,0.931,22,,13l6Z1FRoluTIlgKg2__haE9CyGNz1ORM
2025,10.1109/TVCG.2025.3642506,11295972,J,Equations,17,tvcg_2025_3642506_eq_17.png,4,1431,1907,2176,2004,2352,3213,0.942,22,,1WNg7A2nCHOraTWoWjoKTTemoq_7RqATK
2025,10.1109/TVCG.2025.3642506,11295972,J,Equations,18,tvcg_2025_3642506_eq_18.png,4,1328,2156,2176,2222,2352,3213,0.923,22,,1DXyqK1rUtFyFCDs4JIs9LslUVcSsjYiB
2025,10.1109/TVCG.2025.3642506,11295972,J,Equations,19,tvcg_2025_3642506_eq_19.png,4,1433,2533,2177,2629,2352,3213,0.936,22,,13i0JaYC75IfdviwwvnRmDxx73GZWKkk9
2025,10.1109/TVCG.2025.3642506,11295972,J,Equations,20,tvcg_2025_3642506_eq_20.png,5,323,526,1146,621,2352,3213,0.929,22,,1a4Yk-7tVod05nsLrJIMOmW4f6Zo-Axln
2025,10.1109/TVCG.2025.3642506,11295972,J,Equations,21,tvcg_2025_3642506_eq_21.png,5,304,1077,1005,1197,2352,3213,0.93,22,,1k_F9W_jsEJLl_-j1vCNgorsoxfgupUOc
2025,10.1109/TVCG.2025.3642506,11295972,J,Equations,22,tvcg_2025_3642506_eq_22.png,5,1308,2862,2175,2925,2352,3213,0.657,22,,1raLSHESLn1zrwAHU_LtTVeMfojAk-KlT
2025,10.1109/TVCG.2025.3642506,11295972,J,Equations,23,tvcg_2025_3642506_eq_23.png,6,1420,2685,2177,2793,2352,3213,0.951,22,,1dM1zJX0ox2u8Lb-f8HzNHqI43xl2qbD0
2025,10.1109/TVCG.2025.3642506,11295972,J,Equations,24,tvcg_2025_3642506_eq_24.png,7,1232,838,1990,896,2352,3213,0.442,22,,1lboBiQ6DP5rvZSTsEAFYq9VuQ10JQ_JL
2025,10.1109/TVCG.2025.3642506,11295972,J,Table,1,tvcg_2025_3642506_table_1.png,9,173,582,1135,910,2352,3213,0.965,3,"Table 1: Performance analysis of observed pathline filtering. The Configuration column specifies computational complexity parameters, giving: (number of pathlines, points per pathline, number of stream-lines sampled per pathline, streamline integration steps). The Observed Pathline column is the CPU time required to transform pre-integrated pathlines into the observer's reference frame. The Observed Streamline column is the computational time needed to integrate observed stream-lines at each sampled point along the pathlines. The last two rows show the timing of generating Fig. 8 and Fig. 10. All times are in ms.",19NQFg8kAr3UrCECQ-KMvC-6nsniSGZlv
2025,10.1109/TVCG.2025.3642506,11295972,J,Table,2,tvcg_2025_3642506_table_2.png,9,1204,399,2181,592,2352,3213,0.965,3,Table 2: Time scalar field with extraction iso-surface,1xLBpDH3CPw3IwtCGgQ8GD0qIFgcqc-zN
2025,10.1109/TVCG.2025.3642506,11295972,J,Table,3,tvcg_2025_3642506_table_3.png,9,1207,861,2176,1028,2352,3213,0.962,3,"Table 3: Performance analysis of observer field optimization. Global Time is the runtime per timestep for global optimization [7]; note that this method fails to execute on the Boeing dataset due to memory con-sumption. Local Optimizations is the average number of grid points per timestep processed after local spatial filtering, and Local Time is the average runtime per timestep using our spatial filter. The first three rows correspond to Fig. 11 (a-c). The last row corresponds to Fig. 12.",1GhjTAqNkT3zRDOAuWciNL0kvrzFkuuyy
2025,10.1109/TVCG.2025.3634844,11281540,J,Equations,1,tvcg_2025_3634844_eq_1.png,2,1540,2661,1839,2768,2352,3213,0.92,11,"\begin{equation*}
T=\left(\begin{array}{ll}
T_{11} & T_{12}\\
T_{12} & T_{22}\end{array}\right)\end{equation*}",1N7BL-CHuH8WRlh6kibLRAV9nhBoy-Mny
2025,10.1109/TVCG.2025.3634844,11281540,J,Equations,2,tvcg_2025_3634844_eq_2.png,3,460,2470,1140,2577,2352,3213,0.94,11,"\begin{equation*}
D\left(T_i\right):=\left(\begin{array}{cc}\Delta_i & F_i \\
F_i & -\Delta_i\end{array}\right). \tag{1}\end{equation*}",1L8GuHGIGVvItZJnzvZciLey8HxfPyoV6
2025,10.1109/TVCG.2025.3634844,11281540,J,Equations,3,tvcg_2025_3634844_eq_3.png,3,439,2647,1140,2709,2352,3213,0.929,11,"\begin{equation*}
l_{i, j}:=\operatorname{sign}\left(F_j \Delta_i-F_i \Delta_j\right). \tag{2}\end{equation*}",15wertaBHYr8lC9J0ce1vtGvQV-W77W1y
2025,10.1109/TVCG.2025.3634844,11281540,J,Equations,4,tvcg_2025_3634844_eq_4.png,3,1216,402,2183,514,2352,3213,0.934,11,"\begin{equation*}
T=\gamma_d\left(\begin{array}{ll}
1 & 0 \\
0 & 1\end{array}\right)+\gamma_r\left(\begin{array}{cc}
0 & -1 \\
1 & 0\end{array}\right)+\gamma_s\left(\begin{array}{rr}\cos (\theta) & \sin (\theta) \\\sin (\theta) & -\cos (\theta)\end{array}\right),\tag{3}\end{equation*}",12UeHtk3LJ323VWlB5vGIfO6eazKgcQn9
2025,10.1109/TVCG.2025.3634844,11281540,J,Equations,5,tvcg_2025_3634844_eq_5.png,3,1403,600,1975,703,2352,3213,0.931,11,\begin{equation*}\gamma_{s}=\frac{\sqrt{(T_{11}-T_{22})^{2}+(T_{12}+T_{21})^{2}}}{2}.\end{equation*},1HRt231EmiKZqWHZNrAUHO9vC-heO-Beq
2025,10.1109/TVCG.2025.3634844,11281540,J,Equations,6,tvcg_2025_3634844_eq_6.png,3,1578,850,1804,958,2352,3213,0.906,11,"\begin{equation*}\left(\begin{array}{l}
T_{11}-T_{22}\\
T_{12}+T_{21}\end{array}\right).\end{equation*}",1hHSaYNvjTIoML360Q5gGCiB8PxCKtkzW
2025,10.1109/TVCG.2025.3634844,11281540,J,Equations,7,tvcg_2025_3634844_eq_7.png,3,1340,1304,2180,1416,2352,3213,0.954,11,"\begin{equation*}
P_T=\frac{\gamma_r}{\left|\gamma_r\right|} \gamma_s\left(\begin{array}{lr}\cos \left(\theta+\frac{\pi}{2}\right) & \sin \left(\theta+\frac{\pi}{2}\right) \\\sin \left(\theta+\frac{\pi}{2}\right) & -\cos \left(\theta+\frac{\pi}{2}\right)\end{array}\right). \tag{4}\end{equation*}",1EVgIbdotpn_0ArA5hA2muR3vbEh00uoi
2025,10.1109/TVCG.2025.3634844,11281540,J,Equations,8,tvcg_2025_3634844_eq_8.png,3,1348,1684,2181,1793,2352,3213,0.949,11,"\begin{equation*}
T_S=\gamma_d\left(\begin{array}{ll}
1 & 0 \\
0 & 1\end{array}\right)+\gamma_s\left(\begin{array}{rr}\cos (\theta) & \sin (\theta) \\\sin (\theta) & -\cos (\theta)\end{array}\right). \tag{5}\end{equation*}",1EgkdbzlXCBJvp7A1Rr1joZ0YWGtRZXbm
2025,10.1109/TVCG.2025.3634844,11281540,J,Equations,9,tvcg_2025_3634844_eq_9.png,3,1281,2296,2179,2361,2352,3213,0.933,11,"\begin{equation*}\left\{\left(\gamma_r, \gamma_s, \theta\right) \mid \gamma_r^2+\gamma_s^2=1 \text { and } \gamma_s \geq 0 \text { and } 0 \leq \theta<2 \pi\right\} \text {, }\tag{6}\end{equation*}",1GFUFNazcryPw4gzrSokGL5LycC52Mrag
2025,10.1109/TVCG.2025.3634844,11281540,J,Equations,10,tvcg_2025_3634844_eq_10.png,3,1350,2443,2180,2513,2352,3213,0.92,11,"\begin{equation*}\left\{\left(\gamma_d, \gamma_r, \gamma_s\right) \mid \gamma_d^2+\gamma_r^2+\gamma_s^2=1 \text { and } \gamma_s \geq 0\right\}\tag{7}\end{equation*}",1EPQQzM0RhC_BVHiLYrq9VWSi4AOLrxoL
2025,10.1109/TVCG.2025.3634844,11281540,J,Equations,11,tvcg_2025_3634844_eq_11.png,5,178,1186,1141,1287,2352,3213,0.936,11,"\begin{equation*}
f^{\prime}(x)=g(x)+\frac{2 \xi a_x}{2^P}=g(x)+\frac{2 \xi n_x 2^{P-p_x}}{2^P}=g(x)+\frac{2 \xi n_x}{2^{p_x}}. \tag{8}\end{equation*}",1r628c6GRp05A65Lr3GfgPIgAVzUK7NzO
2025,10.1109/TVCG.2025.3634844,11281540,J,Table,1,tvcg_2025_3634844_table_1.png,7,1210,1551,2176,1921,2352,3213,0.964,4,Table 1: Scientific datasets used for compression analysis. “Sym.” means symmetric and “Asym.” means asymmetric dataset respectively. “Slice Dim.” means the dimension of each 2D slice.,1ciaOc1P_6FTzwlSgzmtGd9ifuCywVcxM
2025,10.1109/TVCG.2025.3634844,11281540,J,Table,2,tvcg_2025_3634844_table_2.png,9,363,399,1953,771,2352,3213,0.98,4,"Table 2: Number of cells whose topology is misclassified by SZ3 and SPERR when compressed to the same ratio as augmented SZ3 and augmented SPERR, respectively. For symmetric data, we set the error bound of TFZ to be $\xi=0.01$ and for asymmetric data we set $\xi=0.001$. #Cells: number of cells in the mesh. #SZ3: number of cells misclassified by SZ3. %SZ3: percent of cells misclassified by SZ3. #SPERR: number of cells misclassified by SPERR. %SPERR: percent of cells misclassified by SPERR.",16SfrhUK7Fe7PXJP9vbyBRH1HYnyaEMUo
2025,10.1109/TVCG.2025.3634844,11281540,J,Table,3,tvcg_2025_3634844_table_3.png,9,203,879,1103,1641,2352,3213,0.976,4,Table 3: Compression and decompression times for each dataset using base and augmented compressors. A-SZ3 and A-SPERR denote aug-mented SZ3 and augmented SPERR respectively.,1OgGVePC5GdWCzCPrV5sQ-XjP2X-UdHxl
2025,10.1109/TVCG.2025.3634844,11281540,J,Table,4,tvcg_2025_3634844_table_4.png,9,1208,955,2181,1568,2352,3213,0.916,4,Table 4: Breakdown of compression times for each dataset when com-pressed with augmented SZ3 and augmented SPERR. Times are in seconds. All trials use an error bound of $\xi=0.001$. BC: Base com-pressor. Cells: Cell correction step. LL: Lossless storage. Save: Save compressed file. Clean: Remove intermediate files.,1QsAwI_OXCcS6ogi8Bmlz0jcINC9ZGXUw
2025,10.1109/TVCG.2025.3634811,11261848,J,Table,1,tvcg_2025_3634811_table_1.png,5,1211,358,2273,922,2352,3213,0.976,4,"Table 1: Design pairs by data groups, augmentation techniques, and test splits. We used 5-fold cross validation and 15% holdout validation set for the evaluation. Baseline pairs are from Kim et al. [11], Saket et al. [24], and Mackinlay [17], and Zeng+ pairs are from the collection by Zeng [38].",1O0-uAKJtwOt47MUgSJt8buldT66zW988
2025,10.1109/TVCG.2025.3634811,11261848,J,Table,2,tvcg_2025_3634811_table_2.png,6,77,799,1142,1315,2352,3213,0.967,4,Table 2: Data specifications for the seed augmentation technique by variable types.,1InAAYc53igUmZQjc6cnqQ2EagZnp3Bn5
2025,10.1109/TVCG.2025.3634811,11261848,J,Equations,1,tvcg_2025_3634811_eq_1.png,6,1379,2299,2235,2477,2352,3213,0.949,1,"\begin{equation*}
f(\mathbf{a}, \mathbf{b})= \begin{cases}-1 & \text { if } \mathbf{a} \text { is preferred } \\ 0 & \text { if } \mathbf{a} \text { and } \mathbf{b} \text { are similar } \\ 1 & \text { if } \mathbf{b} \text { is preferred }\end{cases}\tag{1}\end{equation*}",1yIhRe0iOXHBPvOFlS5a_UU-WeyXpkejb
2025,10.1109/TVCG.2025.3634811,11261848,J,Table,3,tvcg_2025_3634811_table_3.png,7,112,257,2279,998,2352,3213,0.935,4,"Table 3: Prediction accuracy for logistic regression models trained and tested on the original and augmented data (top: Baseline data, bottom: Zeng+ data). Linear SVC models showed similar performance at large, refer to Supplementary Material for details.",1_Mj7Cm5qJb0Hgm8U8R4lZ9ttRp2HwtRU
2025,10.1109/TVCG.2025.3634811,11261848,J,Table,4,tvcg_2025_3634811_table_4.png,8,105,308,1122,614,2352,3213,0.963,4,Table 4: Prediction accuracy for logistic regression models using different labeling techniques for training data. Human labels were used for scoring.,1YJDForLoFpCzFB7k0EgxHkUJAnw_Shxi
2025,10.1109/TVCG.2025.3634250,11274318,J,Table,1,tvcg_2025_3634250_table_1.png,5,122,1195,1178,1470,2352,3213,0.975,1,Table 1: Graphical operators vs. coordinate transforms,1602LP_Rlb8TfITA_RhW59HUyhGbpiKLJ
2025,10.1109/TVCG.2025.3634250,11274318,J,Equations,1,tvcg_2025_3634250_eq_1.png,6,1289,1321,2114,1452,2352,3213,0.935,1,\begin{equation*}\text { height }=\max _i\left(\sum_j\left(\text{sf} \cdot d_{i j}+\text{spacing}\right)-\text{spacing}\right)\end{equation*},1kWJaGAnjfSerAvTJhfEb_F_-4Cv09_ff
2025,10.1109/TVCG.2025.3634263,11262790,J,Table,1,tvcg_2025_3634263_table_1.png,5,177,2073,2135,2882,2352,3213,0.971,1,"Table 1: A comparison between VrsANATOMY and nine related chart corpora in their current states. (✓) indicates the existence of a certain property in the corresponding corpus, ✓ indicates partial existence, ✓ means a property is absent in the current state but can be obtained with some effort, and - indicates that a property is unavailable.",1MiZ9PSPwCR2FcGLnQ2ttuLvfE4YTaKXv
2025,10.1109/TVCG.2025.3634711,11262783,J,Table,1,tvcg_2025_3634711_table_1.png,2,1306,1246,2079,1889,2352,3213,0.977,1,Table 1: Participant Background. *Indicates prior or current industry experience. (Abbr.: nVis: Number of collaborative visualization projects participated; VIS — Visualization; HCI — Human—Computer Interaction; (R)SE — (Research) Software Engineering; AI — Artificial Intelligence; Appl. ScL — Applied Sciences; NLP — Natural Language Processing.),1h-73Tkzktm8pmvt0CLzmAS4FXLJDC_vu
2025,10.1109/TVCG.2025.3634232,11357538,J,Table,1,tvcg_2025_3634232_table_1.png,5,166,353,2155,1174,2352,3213,0.981,1,Table 1 : Our multimodal framework comprises a set of data sources from which artifacts are extracted either automatically or manually. Artifacts are visualized to provide support for a variety of analysis tasks.,1g3GZRmvWwCeskE7uwe4rau8TfvyOtIxV
2025,10.1109/TVCG.2025.3634257,11264374,J,Equations,1,tvcg_2025_3634257_eq_1.png,5,461,2048,1138,2110,2352,3213,0.92,8,"\begin{equation*}
G(v)=\langle O(v),E(v),D(v)\rangle,\tag{1}\end{equation*}",1SA1nDOh2PepFEkyEbYfmzu-e7DAv7wZv
2025,10.1109/TVCG.2025.3634257,11264374,J,Equations,2,tvcg_2025_3634257_eq_2.png,5,1304,1931,2171,2025,2352,3213,0.952,8,"\begin{equation*}
E r r_{i, j, t}=\frac{\left|F P_{i, j t}^{\text {new }}\right|}{\left|T P_{i, j, t}\right|+\left|F P_{i, j, t}^{r a w}\right|}; \quad E r r_{i, t}=\frac{\sum_{j=1}^M E r r_{i, j, t} \mathbb{I}(A t m i, t=1)}{\sum_{j=1}^M \mathbb{I}(A t m i, t=1)}. \tag{2}\end{equation*}",1-r6PsaLQHp5XM39Cjn8DXe2wcPPnQGgr
2025,10.1109/TVCG.2025.3634257,11264374,J,Equations,3,tvcg_2025_3634257_eq_3.png,5,1275,2179,2171,2288,2352,3213,0.641,8,"\begin{equation*}
S f_{i, j, t}=\left\{\begin{array}{lc}\frac{\left|A C_{i, j \mid}\right|}{\left|A C_{i, j t}\right|+\left|F N_{i, j t}\right|}, & \text { if denom. } \neq 0 \\
0, & \text { otherwise }\end{array}; \quad S f_{i, t}=\frac{\sum_{j=1}^M S f_{i, j, s} \mathrm{I}(A t m i, t=1)}{\sum_{j=1}^M \mathrm{I}(A t m i, t=1)}. \right.\tag{3}\end{equation*}",1IdqY_pP9mdDbK1RsUlp7lv2ot0f_aL4P
2025,10.1109/TVCG.2025.3634257,11264374,J,Equations,4,tvcg_2025_3634257_eq_4.png,5,1578,2407,2171,2484,2352,3213,0.938,8,"\begin{equation*}\operatorname{Sen}_{i, t}=\frac{\left|S G_{C a p_{i, i}}\right|}{\left|S G_{C a p_i}\right|},\tag{4}\end{equation*}",1guu1hfLBmqSgdEMl4-pIFqPD288bGiF1
2025,10.1109/TVCG.2025.3634257,11264374,J,Equations,5,tvcg_2025_3634257_eq_5.png,5,1215,2646,2171,2715,2352,3213,0.926,8,"\begin{equation*}
E r r_t=\frac{\sum_{i=1}^{\mathrm{N}} E r r_{i,}-\mathrm{I}\left(A t m_{i,}=1\right)}{C n_t}; \quad S f_t=\frac{\sum_{i=1}^N S f_{i,}-\mathrm{I}\left(A t m_{i,}=1\right)}{C n t_t}; \quad S e n_t=\frac{\sum_{i=1}^{\mathrm{N}} \operatorname{Sen}_{i,} \cdot \mathrm{I}\left(A t m_{i,}=1\right)}{N}. \tag{5}\end{equation*}",1p91b71XJX_howjd0GWx7ZM6qnQD-4LCP
2025,10.1109/TVCG.2025.3634257,11264374,J,Equations,6,tvcg_2025_3634257_eq_6.png,6,187,2111,1141,2175,2352,3213,0.902,8,"\begin{equation*}\operatorname{dist}_{i m g}(i, k)=1-\cos \left(E_i^{i m g}, E_k^{i m g}\right); \quad \operatorname{dist}_{C a p}(i, k)=1-\cos \left(E_i^{C a p}, E_k^{C a p}\right),\tag{6}\end{equation*}",1oAVHzbzdVrCEKtR2aG0PkaMSPMXxzag9
2025,10.1109/TVCG.2025.3634257,11264374,J,Equations,7,tvcg_2025_3634257_eq_7.png,6,314,2445,1140,2520,2352,3213,0.938,8,"\begin{equation*}\Delta_i=E_i^{C a p}-\frac{\sum_{j=1}^M E_{i, j}^{G T}}{M}; \quad \text { dist }_{\text {qual }}(i, k)=1-\cos \left(\Delta_i, \Delta_k\right),\tag{7}\end{equation*}",12lxGTV01HOMi_cJqLNP9kMz5PahAuAgp
2025,10.1109/TVCG.2025.3634257,11264374,J,Equations,8,tvcg_2025_3634257_eq_8.png,6,217,2630,1140,2702,2352,3213,0.943,8,"\begin{equation*}\operatorname{dist}(i, k)=\frac{\operatorname{dist}_{i n g}(i, k)+\operatorname{dist}_{C a p}(i, k)}{2} \times(1-\alpha)+\operatorname{dist}_{q u a l}(i, k) \times \alpha,\tag{8}\end{equation*}",1ercDzIOTmpEyq1Het0rmcEstMffNEP-0
2025,10.1109/TVCG.2025.3634257,11264374,J,Table,1,tvcg_2025_3634257_table_1.png,9,174,295,1141,608,2352,3213,0.968,1,Table 1: The results of quantitative evaluation,1H2jbyORmPJxgSORFiga_ufrQMHpoNaWT
2025,10.1109/TVCG.2025.3634260,11271271,J,Equations,1,tvcg_2025_3634260_eq_1.png,4,342,2070,1144,2186,2352,3213,0.928,4,"\begin{equation*}
d\left(T_1, T_2\right)=\frac{1}{\left|R\left(T_1\right)\right|} \sum_{r_i \in R\left(T_1\right)} \min _{r_j \in R\left(T_2\right)} d_R\left(r_i, r_j\right)\tag{1}\end{equation*}",17WrsW_hu4yAqXHLSvawxNbq3OXTsk3lF
2025,10.1109/TVCG.2025.3634260,11271271,J,Equations,2,tvcg_2025_3634260_eq_2.png,4,497,2430,1144,2543,2352,3213,0.939,4,"\begin{equation*}
d_{R}(r_{i},\ r_{j})=\frac{1}{F}\sum_{f=1}^F d_{f}\tag{2}\end{equation*}",12ZBW_FWuZVjPg-hJ8dzA3Qx_XKFs9QD_
2025,10.1109/TVCG.2025.3634260,11271271,J,Equations,3,tvcg_2025_3634260_eq_3.png,4,454,2696,856,2758,2352,3213,0.913,4,"\begin{equation*}
I_1=\left[a_1, b_1\right], \quad I_2=\left[a_2, b_2\right]\end{equation*}",1iFF8S_AehBVUp59eKINZRgesN8wO1CDk
2025,10.1109/TVCG.2025.3634260,11271271,J,Equations,4,tvcg_2025_3634260_eq_4.png,4,424,2838,1145,2947,2352,3213,0.93,4,"\begin{equation*}
d_{f}=1-\frac{\vert I_{1}\cap I_{2}\vert }{\max(b_{1}-a_{1},b_{2}-a_{2})}\tag{3}\end{equation*}",1GZPXwGqpckR7c-J9XtUS-Pt-fV0ff7T1
2025,10.1109/TVCG.2025.3634249,11262793,J,Table,1,tvcg_2025_3634249_table_1.png,4,185,248,2136,711,2352,3213,0.974,4,"Table 1: Number of test items for each task × encoding cell. We generate at least 25 charts from different underlying datasets and then vary task-encoding specific parameters (e.g., left-right vs. top-down orientation for length encoding charts) to arrive at a final number. See Section 4.3.1 for further details.",1oEN6l9J7U1gNY-x34lICQZytSBsBoUk2
2025,10.1109/TVCG.2025.3634249,11262793,J,Table,2,tvcg_2025_3634249_table_2.png,5,188,248,2135,1582,2352,3213,0.983,4,"Table 2: Question structure for each task under the different encoding channels. Where possible, the question is expressed in terms of the visual encoding used. Substitution options shown in {braces}, {x} indicates a numeric substitution.",13jqjXCXVhseb-CNmHfY8-OWG7CdjfyYd
2025,10.1109/TVCG.2025.3634249,11262793,J,Table,3,tvcg_2025_3634249_table_3.png,5,1452,1748,1933,2194,2352,3213,0.948,4,"Table 3: Models evaluated, their approximate parameter counts and their reported ChartQA scores.",1TaQ-dMlH3GHGRzC2Ck7ypyVkuXctbTJj
2025,10.1109/TVCG.2025.3634249,11262793,J,Table,4,tvcg_2025_3634249_table_4.png,6,1197,428,2161,2113,2352,3213,0.96,4,Table 4: ENcQA accuracy for 2 leading commercial models and the 3 open source models from our suite with the highest scores on ChartQA. Bold numbers indicate the encoding that each model performs the best on within a task.,1igyOyGa2at6vvj5JvzfKfkMgg1Br-q2v
2025,10.1109/TVCG.2025.3634249,11262793,J,Equations,1,tvcg_2025_3634249_eq_1.png,7,1459,2047,1917,2163,2352,3213,0.95,1,\begin{equation*} sMAPE= \frac{1}{n}\sum\limits_{k=1}^{n}\frac{\vert T_{k}-P_{k}\vert}{(\vert T_{k}\vert +\vert P_{k}\vert)/2} \end{equation*},1SYYAHNBdHdn2N6fVyZhgFKfCQR4svs8a
2025,10.1109/TVCG.2025.3634243,11264337,J,Table,1,tvcg_2025_3634243_table_1.png,4,1259,650,2105,981,2352,3213,0.967,2,"Table 1: Comparison of fine-tuning strategies for transformer-based color generation. RoBERTa performs best with a constant learning rate, whereas CLIP achieves lowest error using encoder learning rate decay. Frozen CLIP embeddings yield competitive performance indicating its visual linguistic understanding.",1TTcDc7r4JW9EgjUqzCtQ4TjHTwOas-dR
2025,10.1109/TVCG.2025.3634243,11264337,J,Table,2,tvcg_2025_3634243_table_2.png,5,1227,430,2142,1005,2352,3213,0.977,2,"Table 2: Comparison of 10-fold cross-validation (CV) and test-set results across three metrics. Word2Vec has the highest number of parameters, but they are frozen by design. CLIP outperforms all models. The parameter count for GPT models is not publicly available.",1dClMXliIZICiTVm6i2ofMYF--mPLf2ux
2025,10.1109/TVCG.2025.3634243,11264337,J,Equations,1,tvcg_2025_3634243_eq_1.png,6,1419,2240,2175,2348,2352,3213,0.939,2,,1HOVImYvsUykbCEJV_Kj1UU_55emzVaDb
2025,10.1109/TVCG.2025.3634876,11298333,J,Equations,1,tvcg_2025_3634876_eq_1.png,3,1376,1118,2272,1182,2352,3213,0.891,4,,1fvSvd7bqFLEQYItA6VtVlr_QWNiI0Xfg
2025,10.1109/TVCG.2025.3634876,11298333,J,Equations,2,tvcg_2025_3634876_eq_2.png,3,1452,1219,2274,1334,2352,3213,0.923,4,,1ylrgrYOeuW5ZW34H79nVrhziEDvC50Pu
2025,10.1109/TVCG.2025.3634876,11298333,J,Table,1,tvcg_2025_3634876_table_1.png,4,1196,229,2199,425,2352,3213,0.973,3,Table 1: Test and Standard Strength Levels by Set-Size Conditions,1WMFTO26X--pwpA2bJlf4XnxV05TJo0tr
2025,10.1109/TVCG.2025.3634876,11298333,J,Table,2,tvcg_2025_3634876_table_2.png,6,1186,1807,2215,2087,2352,3213,0.972,3,Table 2: Estimated parameters for each condition and corresponding standard stimulus strength.,11nvtz_Lr7YScE4n_17qyT_GCDYMkBhol
2025,10.1109/TVCG.2025.3634876,11298333,J,Equations,3,tvcg_2025_3634876_eq_3.png,6,1282,2559,2234,2669,2352,3213,0.944,4,,12ysIlSFowbLroO1TgANh8MY9IujNbYzD
2025,10.1109/TVCG.2025.3634876,11298333,J,Table,3,tvcg_2025_3634876_table_3.png,7,1333,2396,2142,2673,2352,3213,0.975,3,Table 3: Just Noticeable Differences (JND) and 95% Confidence Intervals (CI) by Condition,18ko1pvN8Dp9GCOHRnLAHcRjCFyxKSan7
2025,10.1109/TVCG.2025.3634876,11298333,J,Equations,4,tvcg_2025_3634876_eq_4.png,7,1401,2956,2274,3062,2352,3213,0.93,4,,1DYAW24QzECCedhKBGMu8TE1e4WVh6Xgl
2025,10.1109/TVCG.2025.3634876,11298333,J,Equations,5,tvcg_2025_3634876_eq_5.png,8,205,1906,1140,2079,2352,3213,0.949,4,,1eiw1_r7fdBcrSCZbIi1G-00uKQAePOQM
2025,10.1109/TVCG.2025.3634775,11273003,J,Equations,1,tvcg_2025_3634775_eq_1.png,7,538,1661,768,1767,2352,3213,0.802,2,\begin{equation*} b- \frac{(b-x)^{p}}{(b-a)^{p-1}} \end{equation*},1CySCOlVSVr959Mhe-4YopxZTDZijywdu
2025,10.1109/TVCG.2025.3634775,11273003,J,Equations,2,tvcg_2025_3634775_eq_2.png,7,540,1951,775,2055,2352,3213,0.932,2,"\begin{equation*} \frac{(x-a)^{p}}{(b-a)^{p-1}}+a, \end{equation*}",1bPzOqVYQe76DBkzgjv-LQZfVsl5xArWs
2025,10.1109/TVCG.2025.3634775,11273003,J,Table,1,tvcg_2025_3634775_table_1.png,8,1300,2151,2082,2492,2352,3213,0.969,1,Table 1: Model comparisons between mixed effects models using color scale and colormap predictors ($df=18$ for all models).,1zBS93QmkIDJ9ANvycH-q7tSV-JSRw1fu
2025,10.1109/TVCG.2025.3634261,11268348,J,Table,1,tvcg_2025_3634261_table_1.png,3,201,1365,1093,1779,2352,3213,0.961,3,Table 1: Perceptual dimensions used to evaluate participants' viewing experiences with data visualizations.,1ldILSKyJrms1EXiewC-Jgn10puUNKVEq
2025,10.1109/TVCG.2025.3634261,11268348,J,Table,2,tvcg_2025_3634261_table_2.png,5,314,338,2002,677,2352,3213,0.964,3,Table 2: Thematic coding framework for Study 3 interviews. Themes reflect participant experiences with color-based data visualizations and align with key visual features coded in the stimuli.,1dfDlSeLqCC01Gm12hyt8gfahib85OFJs
2025,10.1109/TVCG.2025.3634261,11268348,J,Table,3,tvcg_2025_3634261_table_3.png,7,202,1048,1092,1389,2352,3213,0.97,3,Table 3: Conceptual clustering of visual features to contextualize impact on participant perception. * indicates that the features are subjectively coded to agreement by four expert annotators (Section 3.2).,15aPDUz4Bfreh4Ktij9lJN_51FmwdvzwG
2025,10.1109/TVCG.2025.3634264,11264034,J,Equations,1,tvcg_2025_3634264_eq_1.png,4,427,2678,874,2730,2352,3213,0.535,5,,1Hf3-nEQcBd4PbFtZmlD4uZzbx3RlgRq8
2025,10.1109/TVCG.2025.3634264,11264034,J,Equations,2,tvcg_2025_3634264_eq_2.png,4,1461,2420,2178,2483,2352,3213,0.924,5,,1yfo4flFUdQyhq-me-wmUIsHrD54LX-KM
2025,10.1109/TVCG.2025.3634264,11264034,J,Equations,3,tvcg_2025_3634264_eq_3.png,5,501,2635,1139,2692,2352,3213,0.918,5,,1eSkyO22ppcgkUinB9p5ivTqCY9cqPEW5
2025,10.1109/TVCG.2025.3634264,11264034,J,Equations,4,tvcg_2025_3634264_eq_4.png,6,1514,1411,1868,1470,2352,3213,0.895,5,,1tqrrUKheVjVpn7rsxda0oblpDCPtq3sM
2025,10.1109/TVCG.2025.3634255,11268460,J,Table,1,tvcg_2025_3634255_table_1.png,4,1176,272,2236,1099,2352,3213,0.852,1,"Table 1: Textile practices in our broader corpus, alongside descriptions of their broader mediums.",1omeWSB1NheSw9dVCnZ40Ub2oRqZBp4gi
2025,10.1109/TVCG.2025.3634265,11278504,J,Table,1,tvcg_2025_3634265_table_1.png,4,1197,1067,2131,1284,2352,3213,0.95,2,,15zSuxfixAWa2IaBhLmnEYw9-Dhz_rTgQ
2025,10.1109/TVCG.2025.3634228,11262781,J,Equations,1,tvcg_2025_3634228_eq_1.png,4,1467,1369,1906,1520,2352,3213,0.947,20,,1lfL6yK2HAwhRQS5Id-3jKBgc-XGMuL8u
2025,10.1109/TVCG.2025.3634228,11262781,J,Equations,2,tvcg_2025_3634228_eq_2.png,4,1491,1771,1881,1897,2352,3213,0.898,20,,1w3TSHfwjvOiyUEUu8FYts_uWO7Jv5UGp
2025,10.1109/TVCG.2025.3634228,11262781,J,Equations,3,tvcg_2025_3634228_eq_3.png,4,1578,2130,1794,2226,2352,3213,0.941,20,,1edWgMDmbjjXcPl7mUoIjrx-OWmw0wO26
2025,10.1109/TVCG.2025.3634228,11262781,J,Table,1,tvcg_2025_3634228_table_1.png,5,180,322,1142,950,2352,3213,0.924,3,,14STm1rpGDBG4QdrI9Hb3_3Vi9J35dMFT
2025,10.1109/TVCG.2025.3634228,11262781,J,Equations,4,tvcg_2025_3634228_eq_4.png,5,353,1138,963,1271,2352,3213,0.95,20,,1FWcZRiTqTYwjlI34TPYnETdzmgnaxH4e
2025,10.1109/TVCG.2025.3634228,11262781,J,Equations,5,tvcg_2025_3634228_eq_5.png,5,294,1553,1068,1684,2352,3213,0.94,20,,1qCizwC39r7tFxIhHHOtQpRePZ1W2y4P7
2025,10.1109/TVCG.2025.3634228,11262781,J,Equations,6,tvcg_2025_3634228_eq_6.png,5,463,1994,896,2123,2352,3213,0.935,20,,1YEyKVh46deHji72tIH-ego1uHYHRnDv6
2025,10.1109/TVCG.2025.3634228,11262781,J,Equations,7,tvcg_2025_3634228_eq_7.png,5,192,2538,1147,2608,2352,3213,0.881,20,,1tO43mK50-sfFC1ri6ScO4oo7GsSkMPI0
2025,10.1109/TVCG.2025.3634228,11262781,J,Equations,8,tvcg_2025_3634228_eq_8.png,5,1371,641,2171,705,2352,3213,0.916,20,,1tqyoeQasERTWpXKgmPutMzX8d7ieswuy
2025,10.1109/TVCG.2025.3634228,11262781,J,Equations,9,tvcg_2025_3634228_eq_9.png,5,1310,1060,2171,1122,2352,3213,0.873,20,,1Dx5uODJ2HiBEDz0-Xr7BBIWZ57qO6LEy
2025,10.1109/TVCG.2025.3634228,11262781,J,Equations,10,tvcg_2025_3634228_eq_10.png,5,1565,1517,2171,1577,2352,3213,0.915,20,,1hVcG05pP_mwfTDyIxgSopgR7FYGj3KxM
2025,10.1109/TVCG.2025.3634228,11262781,J,Equations,11,tvcg_2025_3634228_eq_11.png,5,1223,2439,2172,2551,2352,3213,0.907,20,,1pW6W-3gmlA-v8F4ffya6mJTGdTVkhmEA
2025,10.1109/TVCG.2025.3634228,11262781,J,Equations,12,tvcg_2025_3634228_eq_12.png,6,363,319,1149,550,2352,3213,0.955,20,,1U2FaHDR59E7mvqAwtMjP2C-TdUlGw7Lh
2025,10.1109/TVCG.2025.3634228,11262781,J,Equations,13,tvcg_2025_3634228_eq_13.png,6,418,1049,1147,1109,2352,3213,0.702,20,,1pUJC8GGRxv-LAhSJZNM9ZukBz7_L_n73
2025,10.1109/TVCG.2025.3634228,11262781,J,Equations,14,tvcg_2025_3634228_eq_14.png,6,385,1118,938,1179,2352,3213,0.647,20,,1FHyfFJufxKzKplA-7oLOICjCE3cVPBWR
2025,10.1109/TVCG.2025.3634228,11262781,J,Equations,15,tvcg_2025_3634228_eq_15.png,6,254,1570,1147,1634,2352,3213,0.911,20,,17S-TlUihX37O9UAwoeZb7ZqbaHThVlT5
2025,10.1109/TVCG.2025.3634228,11262781,J,Equations,16,tvcg_2025_3634228_eq_16.png,6,454,2049,1146,2269,2352,3213,0.95,20,,1MQagz9QFypVIQcHRQCZJR_VYOHWDKsZj
2025,10.1109/TVCG.2025.3634228,11262781,J,Equations,17,tvcg_2025_3634228_eq_17.png,6,527,2433,1146,2530,2352,3213,0.941,20,,1v7tFFMRbCJvt5KYk32uZ-CI2c-Cbd9CD
2025,10.1109/TVCG.2025.3634228,11262781,J,Equations,18,tvcg_2025_3634228_eq_18.png,6,1341,734,2172,984,2352,3213,0.959,20,,16XjPKK-Ho_H7kFWkIzGq_Fw-Ska7pq_9
2025,10.1109/TVCG.2025.3634228,11262781,J,Equations,19,tvcg_2025_3634228_eq_19.png,6,1505,1474,2171,1535,2352,3213,0.917,20,,1bpNDJXeOOc7HjsuwVyvVXS2yxKGHlWfQ
2025,10.1109/TVCG.2025.3634228,11262781,J,Equations,20,tvcg_2025_3634228_eq_20.png,6,1308,1939,2172,2191,2352,3213,0.965,20,,1LmKlj49IZhkm6oF21ym-eFDP1mZLj5Cj
2025,10.1109/TVCG.2025.3634228,11262781,J,Equations,21,tvcg_2025_3634228_eq_21.png,6,1220,2629,2172,2884,2352,3213,0.961,20,,1nY_WNEniNq-o4idZha1VJNS7sWo5coOS
2025,10.1109/TVCG.2025.3634228,11262781,J,Table,2,tvcg_2025_3634228_table_2.png,7,1208,318,2162,802,2352,3213,0.957,3,,1_JcNK9FLBEJ97fRgSHXxQiPSnzZx93ny
2025,10.1109/TVCG.2025.3634632,11264357,J,Table,1,tvcg_2025_3634632_table_1.png,4,158,722,1144,1166,2352,3213,0.967,3,"Table 1: Coding types other than text functions, which are defined in Tab. 2. Not all text elements contain visual elements or color.",1-X1C9BPpOWNIvWm2u1fZKi0zlfYdDOS3
2025,10.1109/TVCG.2025.3634632,11264357,J,Table,2,tvcg_2025_3634632_table_2.png,5,166,353,2175,1408,2352,3213,0.758,3,"Table 2: Text functions in visualizations, constructed with a verb to describe the text's action and a noun to capture what it acts upon. “Identify,” “Present,” “Compare,” and “Summarize” are verbs borrowed from prior work [11], [52]. Additional examples can be found in supplementary materials.",1mU7aV6OAXcVHkTTC2PgIbrq4AaqmfZuv
2025,10.1109/TVCG.2025.3634632,11264357,J,Table,3,tvcg_2025_3634632_table_3.png,6,226,393,2113,1025,2352,3213,0.966,3,"Table 3: Percent of designs $(n=120)$ containing each function, faceted by text type. Designs could contain multiple types of text serving the same function. Cells are shaded based on values within each column, with overall occurrence percentages highlighted in blue and type-specific percentages in gray. Annotations and subtitles were the most functionally diverse types of text.",1-MhSugZuUcsssHj6SYwpzrpvtqY18pN_
2025,10.1109/TVCG.2025.3634639,11267480,J,Table,1,tvcg_2025_3634639_table_1.png,4,1195,1411,2176,2120,2352,3213,0.954,2,"Table 1: Entities $(E)$, attributes, and relations $(R)$ defined in each KG. $KG_{p}, KG_{s}$, and $KG_{a}$ are constructed from the passing network, shot map, and action heatmap, while $KG_{c}$ is constructed from contexts. Attributes are denoted using variable names. In particular, region specifies the bounding box $(x_{min},y_{min},x_{max},y_{max})$ of each pitch zone. Relations are expressed as directed triples $(E_{1},R_{1\rightarrow 2},E_{2})$, except for $R_{pass}$, which is undirected to represent passing connections between players.",14isMKGQmQ_tQpPFhK-vB93t9UqRYJl-2
2025,10.1109/TVCG.2025.3634639,11267480,J,Table,2,tvcg_2025_3634639_table_2.png,7,1283,801,2075,1072,2352,3213,0.97,2,Table 2: Metrics (%) of Model Evaluation,1nxib4kBX5LH1vG1rPB7MUGmSp9rY8c-T
2025,10.1109/TVCG.2025.3634638,11267125,J,Equations,1,tvcg_2025_3634638_eq_1.png,6,1516,461,1866,567,2352,3213,0.925,2,"\begin{equation*} (v_{x},v_{y})=\left(\frac{\Delta s_{x}}{\Delta t}, \frac{\Delta s_{y}}{\Delta t}\right), \end{equation*}",1JRwRLFQuHxweEU2A0MNbayHwpJAg5ehn
2025,10.1109/TVCG.2025.3634638,11267125,J,Equations,2,tvcg_2025_3634638_eq_2.png,6,1388,1357,1992,1450,2352,3213,0.891,2,"\begin{equation*} h_{i}=h_{i-1}+v_{i} t_{i}+\frac{1}{2} a_{i} t_{i}^{2}, \quad \text{for}\ i=1, \ldots, n, \end{equation*}",1-C4GeQUIYTu4KK-DRvzpH0gq9y8tOPaK
2025,10.1109/TVCG.2025.3634656,11262810,J,Equations,1,tvcg_2025_3634656_eq_1.png,4,337,2291,1139,2407,2352,3213,0.928,2,,12MxgJZbCFbylFZ4-gJmaMQx134r4zVRV
2025,10.1109/TVCG.2025.3634656,11262810,J,Equations,2,tvcg_2025_3634656_eq_2.png,5,260,203,1179,343,2352,3213,0.879,2,,19jmjReaWR4pUQJ2PgooaQ385QHe9xNmo
2025,10.1109/TVCG.2025.3634656,11262810,J,Equations,3,tvcg_2025_3634656_eq_3.png,5,166,360,1085,580,2352,3213,0.811,2,,1iTIvZewj8IDvAJOk2gfys8iWROUtIrQY
2025,10.1109/TVCG.2025.3634656,11262810,J,Equations,4,tvcg_2025_3634656_eq_4.png,5,162,576,1094,639,2352,3213,0.558,2,,1Xrc3BYyXhay9mYvSX5UlN4M6EMHPLPQQ
2025,10.1109/TVCG.2025.3634650,11261875,J,Equations,1,tvcg_2025_3634650_eq_1.png,3,1564,1736,2179,1791,2352,3213,0.912,6,\begin{equation*} x_{t}=\alpha_{t}x_{0}+\sigma_{t}\varepsilon. \tag{1} \end{equation*},1rHdmvKv586iY6fBvDM-oy2Yed8jxxpt7
2025,10.1109/TVCG.2025.3634650,11261875,J,Equations,2,tvcg_2025_3634650_eq_2.png,3,1500,2373,2178,2439,2352,3213,0.917,6,"\begin{equation*} \text{Loss}=\Vert D_{\theta}(x_{t},t)-x_{0}\Vert^{2}, \tag{2} \end{equation*}",16APw7p0KBD3F3ShBrCDogURlNiTHwlF_
2025,10.1109/TVCG.2025.3634650,11261875,J,Equations,3,tvcg_2025_3634650_eq_3.png,4,1482,1316,2179,1376,2352,3213,0.919,6,\begin{equation*} \mathbf{H}_{f}=\mathbf{W}\cdot \text{flow encoder}(\mathbf{X}_{f}). \tag{3} \end{equation*},1vXEgm_3GKGAQ46MK0i4VzFcRfUWQZ7e9
2025,10.1109/TVCG.2025.3634650,11261875,J,Equations,4,tvcg_2025_3634650_eq_4.png,4,1573,2679,2177,2736,2352,3213,0.915,6,\begin{equation*} \hat{z}_{i}=\mathbf{F}_{llm}(Z_{< i}). \tag{4} \end{equation*},1am_90eP00VTN8j1q7hpbvruMXEYyTGPH
2025,10.1109/TVCG.2025.3634650,11261875,J,Equations,5,tvcg_2025_3634650_eq_5.png,4,1480,2848,2178,2925,2352,3213,0.913,6,\begin{equation*} \tilde{z}_{i}=\arg \max\limits_{w \in \text{vocab}} f_{\text{vocab}}(\hat{z}_{i})[w]. \tag{5} \end{equation*},1zHWWo20XxXyvTTFcxnOL_L7Q2PvvYFJv
2025,10.1109/TVCG.2025.3634650,11261875,J,Equations,6,tvcg_2025_3634650_eq_6.png,7,325,1963,1146,2053,2352,3213,0.942,6,"\begin{equation*} \mathrm{F}_{\text{uniform}}=-\log \mathbb{E}_{x, y \sim \text{features}}\left[e^{-2\Vert f(x)-f(y)\Vert _{2}^{2}}\right]. \tag{6} \end{equation*}",1WwP7Hi6DDmCCiyv3msXm19TrkK-x2m_O
2025,10.1109/TVCG.2025.3634646,11264023,J,Table,1,tvcg_2025_3634646_table_1.png,4,1197,2538,2212,2852,2352,3213,0.964,1,"Table 1: We evaluate the grammatical correctness of the generated counterfactuals using five datasets, covering five different domains for our pipeline. The average grammaticality rate is 97.2%.",1oR7wWkHcWKoW03f2PkCfL7_r1MRVq8Ap
2025,10.1109/TVCG.2025.3634645,11284783,J,Table,1,tvcg_2025_3634645_table_1.png,6,1202,289,2196,916,2352,3213,0.972,2,Table 1: Performance Comparison.,1zfGjrCE44gozcPuDeZBFdYL7YgWBX8f0
2025,10.1109/TVCG.2025.3634645,11284783,J,Table,2,tvcg_2025_3634645_table_2.png,7,159,2315,1143,2621,2352,3213,0.974,2,Table 2: Ablation Study Results.,1IynnaEf2ELwk8DXQRxZqpsxkwrUn2nSW
2025,10.1109/TVCG.2025.3634651,11273080,J,Equations,1,tvcg_2025_3634651_eq_1.png,3,1564,1624,2179,1729,2352,3213,0.944,14,\begin{equation*} \mathbf{d}_{ij}=\frac{\mathbf{c}_{j}-\mathbf{v}_{i}}{\Vert \mathbf{c}_{j}-\mathbf{v}_{i}\Vert}. \tag{1} \end{equation*},1NH8MzKb7DGf1gR0mKkKNeCjzi3sFCwNW
2025,10.1109/TVCG.2025.3634651,11273080,J,Equations,2,tvcg_2025_3634651_eq_2.png,3,1498,2772,2178,2830,2352,3213,0.905,14,"\begin{equation*} T_{i}= \text{ChatGPT} (I_{i}, \text{prompt}), \tag{2} \end{equation*}",1i6OAv4KxwTAYhspzFuiIp9vUY8nLWf-D
2025,10.1109/TVCG.2025.3634651,11273080,J,Equations,3,tvcg_2025_3634651_eq_3.png,4,343,1946,1140,2066,2352,3213,0.954,14,"\begin{equation*} L_{i2t} = -\frac{1}{P}\sum\limits_{i=1}^{P}\log\frac{\exp(\text{sim}(z_{i},t_{i})/\tau)}{\sum\nolimits_{j=1}^{P}\exp(\text{sim}(z_{i},t_{j})/\tau)}, \tag{3} \end{equation*}",1ksViQNu6hwfCQFh-Sd3dNVABiQ9jcmLL
2025,10.1109/TVCG.2025.3634651,11273080,J,Equations,4,tvcg_2025_3634651_eq_4.png,4,344,2268,1139,2387,2352,3213,0.954,14,"\begin{equation*} L_{t2i} = -\frac{1}{P}\sum\limits_{i=1}^{P}\log\frac{\exp(\text{sim}(t_{i},z_{i})/\tau)}{\sum\nolimits_{j=1}^{P}\exp(\text{sim}(t_{i},z_{j})/\tau)}. \tag{4} \end{equation*}",1fGjoPCR-OfCoToi6pS0sae3yjrCFN2Op
2025,10.1109/TVCG.2025.3634651,11273080,J,Equations,5,tvcg_2025_3634651_eq_5.png,4,448,2457,1140,2552,2352,3213,0.939,14,\begin{equation*} L_{\text{contrastive}}= \frac{1}{2}(L_{i2t}+L_{t2i}). \tag{5} \end{equation*},1lw87DTbnQ-RUV-ep98D2CqdabyoUrQpN
2025,10.1109/TVCG.2025.3634651,11273080,J,Equations,6,tvcg_2025_3634651_eq_6.png,4,1458,1327,2182,1390,2352,3213,0.915,14,\begin{equation*} B_{i}=\{b_{j}\ \vert\ b_{j}\ \text{is visible from}\ v_{i}\}. \tag{6} \end{equation*},11Xam0Y-1NAmB5BCGU2kjk_O-d5PTpx1-
2025,10.1109/TVCG.2025.3634651,11273080,J,Equations,7,tvcg_2025_3634651_eq_7.png,4,1558,1548,2181,1609,2352,3213,0.909,14,"\begin{equation*} \mathbf{p}_{ij}= \text{Proj} (b_{j},v_{i}), \tag{7} \end{equation*}",15lgzdp7_4Qldd5uKx3Pak99-DzvXo2LB
2025,10.1109/TVCG.2025.3634651,11273080,J,Equations,8,tvcg_2025_3634651_eq_8.png,4,1558,2380,2182,2444,2352,3213,0.921,14,"\begin{equation*} \mathbf{f}_{j}= \text{CNN}_{3D}(b_{j}), \tag{8} \end{equation*}",1YeZcxmIHYfM_K_P8mgeTe3fwO-MsCcRg
2025,10.1109/TVCG.2025.3634651,11273080,J,Equations,9,tvcg_2025_3634651_eq_9.png,4,1547,2686,2182,2752,2352,3213,0.917,14,"\begin{equation*} \mathbf{p}_{j}^{\ast}=\text{MLP}_{\text{pos}}(\mathbf{p}_{ij}), \tag{9} \end{equation*}",1Z3hTh8sPrJ0TfeTbZ07wLqUUfN7faTIj
2025,10.1109/TVCG.2025.3634651,11273080,J,Equations,10,tvcg_2025_3634651_eq_10.png,5,471,384,2179,466,2352,3213,0.918,14,"\begin{equation*} \mathbf{e}_{j}=\text{MLP}_{\text{fusion}}([\mathbf{f}_{j};\mathbf{p}_{j}^{\ast}]), \tag{10} \end{equation*}",1rzzLt7CRP7wxMphLuL0OSp7-RIgD0xgp
2025,10.1109/TVCG.2025.3634651,11273080,J,Equations,11,tvcg_2025_3634651_eq_11.png,5,450,778,1140,837,2352,3213,0.922,14,"\begin{equation*} \mathscr{L}_{\text{cosine}}=1-\cos(\hat{\mathbf{e}},\mathbf{e}_{\text{CLIP}}), \tag{11} \end{equation*}",13l8qF3nREfRS0uU6jo4fecElpnLh_sc7
2025,10.1109/TVCG.2025.3634651,11273080,J,Equations,12,tvcg_2025_3634651_eq_12.png,5,420,2596,1140,2664,2352,3213,0.931,14,"\begin{equation*} \mathscr{S},\mathscr{A}[-1,1]^{4}\times[d_{\min},d_{\max}]. \tag{12} \end{equation*}",1mrwU0jFE0RHhmb44rJ2GCrQ6BPU9p_Av
2025,10.1109/TVCG.2025.3634651,11273080,J,Equations,13,tvcg_2025_3634651_eq_13.png,5,1505,361,2179,462,2352,3213,0.943,14,"\begin{equation*} r_{t} = \cos(\hat{\mathbf{e}},\mathbf{g})=\frac{\hat{\mathbf{e}}\cdot \mathbf{g}}{\Vert\hat{\mathbf{e}}\Vert\Vert \mathbf{g}\Vert}, \tag{13} \end{equation*}",1lhipqwNzJT44DAAZL2bUFQCaP-sEn7Gb
2025,10.1109/TVCG.2025.3634651,11273080,J,Equations,14,tvcg_2025_3634651_eq_14.png,5,1252,811,2178,878,2352,3213,0.929,14,"\begin{equation*} L^{\text{PPO}}(\theta)=\mathbb{E}_{t} [\min (\rho_{t}(\theta)A_{t}, \text{clip} (\rho_{t}(\theta),1-\varepsilon, 1+\varepsilon)A_{t})], \tag{14} \end{equation*}",1DDXWTwixlJTmgBXWxnJEMNr-K4udy47r
2025,10.1109/TVCG.2025.3634651,11273080,J,Table,1,tvcg_2025_3634651_table_1.png,5,1227,2513,2142,2679,2352,3213,0.974,4,Table 1: Dataset specifications and block configurations.,1RFqESPXwGGBeH1RnRgTSaGuN0j5y1C3-
2025,10.1109/TVCG.2025.3634651,11273080,J,Table,2,tvcg_2025_3634651_table_2.png,6,318,937,976,1240,2352,3213,0.979,4,Table 2: Global hyperparameters used for CLIP fine-tuning.,1e6awMsgfgyEHsTkYC_2gHDCXI3qwujx8
2025,10.1109/TVCG.2025.3634651,11273080,J,Table,3,tvcg_2025_3634651_table_3.png,6,268,1578,1025,1798,2352,3213,0.977,4,Table 3: Training time for each component of our framework.,1Au7YRJbvJuv0UfVSWjSiFog7rQ5jGvgB
2025,10.1109/TVCG.2025.3634651,11273080,J,Table,4,tvcg_2025_3634651_table_4.png,6,1323,2172,2053,2337,2352,3213,0.972,4,Table 4: Performance of the CLIP model on three datasets before and after fine-tuning.,1tpSyl5wMXfgizqYGdoDHfGF1ftNt16MY
2025,10.1109/TVCG.2025.3634634,11262806,J,Equations,1,tvcg_2025_3634634_eq_1.png,3,317,1918,1179,2041,2352,3213,0.956,5,,1AJjwRIXXuVXf6oFK-mG5acYnbT2O432X
2025,10.1109/TVCG.2025.3634634,11262806,J,Equations,2,tvcg_2025_3634634_eq_2.png,3,1459,1501,2273,1625,2352,3213,0.953,5,,1xYS-D8z_L3HQb4etK_knZRvKTXdoWZ7k
2025,10.1109/TVCG.2025.3634634,11262806,J,Algorithms,1,tvcg_2025_3634634_alg_1.png,4,1174,1167,2234,1851,2352,3213,1.0,1,Algorithm 1 Early path termination heuristic,1X08-gcUNNUETWzmUfSl3MeWbkB7MTa7g
2025,10.1109/TVCG.2025.3634634,11262806,J,Equations,3,tvcg_2025_3634634_eq_3.png,5,484,2463,1179,2586,2352,3213,0.928,5,,1Nv5xenL6Wf_2dguSsN5-jFQE4UCRR0f8
2025,10.1109/TVCG.2025.3634634,11262806,J,Equations,4,tvcg_2025_3634634_eq_4.png,6,458,1792,1140,1900,2352,3213,0.924,5,,1eSHZa8U-JzbFVsvWYWZj7AMpCm1RxvxY
2025,10.1109/TVCG.2025.3634634,11262806,J,Table,1,tvcg_2025_3634634_table_1.png,7,117,1929,1181,2278,2352,3213,0.962,2,"Table 1: We use volume datasets from medical scans, CT scans, and scientific simulations to test our method. Data ranges in size and complexity.",1yKG_DFHYXf2aexl7kWKGJaOwXNxL_eXO
2025,10.1109/TVCG.2025.3634634,11262806,J,Table,2,tvcg_2025_3634634_table_2.png,8,74,390,2239,854,2352,3213,0.898,2,"Table 2: Frame timings of our method on different datasets captured from a screen-filling camera fly-through of 200 frames. We allowed for a 40-frame warm-up period to initialize the cache and show path tracing time (PT) for all four methods and splatting time (ST), inference time (IT), and optimization time (OT) for our method and NRC [33]. IT includes a composition pass to back-propagate and compose cached radiance. The notation $PT_{nee\ast}$ denotes NEE with the addition of our path termination heuristic and $PT_{\text{nee}\ast\ast}$ additionally adds path records and training sample collection for NRC [33]. All values were captured at $C=0.5$ with $N=300\mathrm{k}$ initial points. All timings are in milliseconds.",10jTXG-DDkOJNqQsaSti13yw6ZU0bc3UL
2025,10.1109/TVCG.2025.3634648,11261850,J,Equations,1,tvcg_2025_3634648_eq_1.png,3,1548,1581,2170,1644,2352,3213,0.911,12,"\begin{equation*} \mathscr{F}:\mathbb{R}^{3}\times \mathbb{R}\rightarrow \mathbb{R}, \tag{1} \end{equation*}",1NixeeWZa-GfJPCEHpUz0E9VNXzZA3-rF
2025,10.1109/TVCG.2025.3634648,11261850,J,Equations,2,tvcg_2025_3634648_eq_2.png,3,1586,1763,2170,1823,2352,3213,0.923,12,"\begin{equation*} \mathbf{v}=\mathscr{F}(\mathbf{x},\phi). \tag{2} \end{equation*}",1wSKEOxUlsJjDhG0gAjfFKALKorLU6TVI
2025,10.1109/TVCG.2025.3634648,11261850,J,Equations,3,tvcg_2025_3634648_eq_3.png,3,1527,2167,2170,2227,2352,3213,0.935,12,"\begin{equation*} \mathbf{x}_{0}=\mathbf{x}+f_{\text{def}}(\mathbf{x},\phi). \tag{3} \end{equation*}",1YqlVPQvgwBJGQo-sed0OQfRvvFYBLf09
2025,10.1109/TVCG.2025.3634648,11261850,J,Equations,4,tvcg_2025_3634648_eq_4.png,3,1443,2340,2170,2422,2352,3213,0.937,12,"\begin{equation*} \mathscr{F}(\mathbf{x},\phi)=f_{\text{ref}}\left(\mathbf{x}+f_{\text{def}}(\mathbf{x},\phi)\right). \tag{4} \end{equation*}",1Lff_WhsmDXpiPGA-QdY9FHL1kxS2DLE-
2025,10.1109/TVCG.2025.3634648,11261850,J,Equations,5,tvcg_2025_3634648_eq_5.png,4,356,987,1142,1089,2352,3213,0.932,12,"\begin{equation*} f_{\text{planes}}(\mathbf{x})=\prod\limits_{c\in\{xy,xz,yz\}} \text{Interp}\left(\mathbf{P}_{c},\pi_{c}(\mathbf{x})\right). \tag{5} \end{equation*}",1zOkg5c9AQE-8RHLDgp5cU4__iRx4RqvY
2025,10.1109/TVCG.2025.3634648,11261850,J,Equations,6,tvcg_2025_3634648_eq_6.png,4,465,1175,1142,1237,2352,3213,0.92,12,\begin{equation*} f_{\text{ref}}(\mathbf{x})=g_{\text{ref}}\left(f_{\text{planes}}(\mathbf{x})\right). \tag{6} \end{equation*},1p79Ppmzk_Ojv7vOhmf7iOGXyHF644Ml6
2025,10.1109/TVCG.2025.3634648,11261850,J,Equations,7,tvcg_2025_3634648_eq_7.png,4,401,1589,1141,1676,2352,3213,0.933,12,"\begin{equation*} f_{\text{planes}}(\mathbf{q})=\prod\limits_{c\in C} \text{Interp}\left(\mathbf{P}_{c},\pi_{c}(\mathbf{q})\right), \tag{7} \end{equation*}",1hquXIHC8LRujMc0XTiv2mW7-BP96T0a8
2025,10.1109/TVCG.2025.3634648,11261850,J,Equations,8,tvcg_2025_3634648_eq_8.png,4,443,1783,1142,1847,2352,3213,0.936,12,"\begin{equation*} f_{\text{def}}(\mathbf{x},\phi)=g_{\text{def}}\left(f_{\text{planes}}(\mathbf{q})\right). \tag{8} \end{equation*}",13aYUtDVlzRrh4Tpj9-89A8_RoYMXaZVl
2025,10.1109/TVCG.2025.3634648,11261850,J,Equations,9,tvcg_2025_3634648_eq_9.png,4,222,2677,1142,2736,2352,3213,0.715,12,"\begin{equation*} \mu(\mathbf{x},\phi_{\ell})=\mathscr{F}(\mathbf{x},\phi_{\ell})\quad (\text{interpreted as a attenuation value}). \tag{9} \end{equation*}",1Yar-D752gHstLpiVWuiDaJ8uHtcewTtw
2025,10.1109/TVCG.2025.3634648,11261850,J,Equations,10,tvcg_2025_3634648_eq_10.png,4,471,2803,1142,2906,2352,3213,0.932,12,"\begin{equation*} A= \int\nolimits_{s_{\text{near}}}^{s_{\text{far}}}\mu\left(\mathbf{r}(s),\phi_{\ell}\right)ds. \tag{10} \end{equation*}",1XfyydvZ11NVRPVqnz-RGdJw1MokKleDN
2025,10.1109/TVCG.2025.3634648,11261850,J,Equations,11,tvcg_2025_3634648_eq_11.png,4,1517,468,2176,586,2352,3213,0.933,12,"\begin{equation*} A \approx\sum\limits_{i=1}^{N}\mu(\mathbf{r}(s_{i}),\phi_{\ell})\delta_{i}, \tag{11} \end{equation*}",164w25d-qe98JWSvK36Cf8V-XOlOvox-s
2025,10.1109/TVCG.2025.3634648,11261850,J,Equations,12,tvcg_2025_3634648_eq_12.png,4,1404,745,2175,807,2352,3213,0.923,12,"\begin{equation*} \mathscr{L}=\mathscr{L}_{\text{MSE}}+\lambda_{1} \mathscr{L}_{\mathrm{D}-\text{SSIM}}+\lambda_{2} \mathscr{L}_{\text{TV}}, \tag{12} \end{equation*}",19Xs6P6F9BPhb4cyub1DkmMwFTCow4eG_
2025,10.1109/TVCG.2025.3634648,11261850,J,Table,1,tvcg_2025_3634648_table_1.png,4,1206,2119,2170,2386,2352,3213,0.979,6,Table 1: Comparison of simulation parameters for the three digital phantom datasets,1JzDHWE27bXadN1xCY_bG6bfGtl5RXjkY
2025,10.1109/TVCG.2025.3634648,11261850,J,Table,2,tvcg_2025_3634648_table_2.png,5,1211,1314,2165,1745,2352,3213,0.957,6,Table 2: Quantitative evaluation of dynamic tomographic reconstruction methods. VolMoVis outperforms FDK and SART across all metrics. Values are reported as mean(std).,1i201AP_GVBNI_up7d5kcAW-AmqZvLXgy
2025,10.1109/TVCG.2025.3634648,11261850,J,Table,3,tvcg_2025_3634648_table_3.png,5,1243,2688,2124,2901,2352,3213,0.966,6,Table 3: Quantitative results of dynamic tomographic reconstruction in the full respiration cycle. Values are reported as mean(std).,1j4VS7_VgR22EedU2kEI23YGLLzh5QpFR
2025,10.1109/TVCG.2025.3634648,11261850,J,Table,4,tvcg_2025_3634648_table_4.png,6,182,1673,1137,1976,2352,3213,0.967,6,Table 4: Quantitative results of dynamic tomographic reconstruction at different stages in the respiration cycle for dataset S-1. Values are reported as mean(std).,1N0VZHAsGKxgeV4xDpXsCyKlinDxhz0oA
2025,10.1109/TVCG.2025.3634648,11261850,J,Table,5,tvcg_2025_3634648_table_5.png,6,1210,1171,2165,1503,2352,3213,0.969,6,Table 5: Quantitative results of dynamic volume segmentation and tumor localization with VolMoVis. Values are reported as mean(std).,1VlTUraaf2BSYDFgXX6QT0jFSDVOiyufC
2025,10.1109/TVCG.2025.3634648,11261850,J,Table,6,tvcg_2025_3634648_table_6.png,7,1204,1360,2184,1748,2352,3213,0.959,6,Table 6: Comparison of inference time (in seconds) for VolMoVis with different settings at various volume sizes. (1) Only the deformation network is queried. (2) Both the deformation and reference networks are queried. (3) The deformation network based on frequency-based positional encoding (PE) with a deep large MLP is used.,11Iqo7KxzPN4v0tQ82i1Qmi7AaxrgAPmX
2025,10.1109/TVCG.2025.3634652,11269366,J,Equations,1,tvcg_2025_3634652_eq_1.png,4,411,1828,1144,1914,2352,3213,0.942,5,"\begin{equation*} \mathscr{L}_{\text{CDM}}=\mathbb{E}_{\mathbf{CI}_{0},\varepsilon,t}\left[\Vert\varepsilon-\varepsilon_{\theta}(\mathbf{CI}_{t},t,\mathbf{f})\Vert^{2}\right], \tag{1} \end{equation*}",1f6Lo92Zp8lkf9iQIwCqOwgqlOrv26YAk
2025,10.1109/TVCG.2025.3634652,11269366,J,Equations,2,tvcg_2025_3634652_eq_2.png,4,1530,246,2179,308,2352,3213,0.886,5,"\begin{equation*} \mathbf{S}_{p}=\mathbf{V}(\mathbf{R}_{p}\cdot \mathbf{l}_{q}+\mathbf{g}_{p}), \tag{2} \end{equation*}",1k4E9EcRaxXv4a5FzRA99mONYqamji9Gg
2025,10.1109/TVCG.2025.3634652,11269366,J,Equations,3,tvcg_2025_3634652_eq_3.png,4,1435,2850,2179,2934,2352,3213,0.945,5,"\begin{equation*} w_{i,j},\mathbf{p}_{i,j}= \text{CurveFitting} \left(\{\mathscr{C}_{p_{i}}^{3\mathbf{D}}\}\right), \tag{3} \end{equation*}",1Vk6qwEWhPnFSZtr1Hb6dCTMo1rbzsDmk
2025,10.1109/TVCG.2025.3634652,11269366,J,Equations,4,tvcg_2025_3634652_eq_4.png,5,344,454,1144,574,2352,3213,0.957,5,"\begin{equation*} \mathbf{S}(u,v)=\frac{\sum\nolimits_{i=0}^{n}\sum\nolimits_{j=0}^{m}N_{i,p}(u)N_{i,q}(v)w_{i,j}\mathbf{p}_{i,j}}{\sum\nolimits_{i=0}^{n}\sum\nolimits_{j=0}^{m}N_{i,p}(u)N_{j,q}(v)w_{i,j}}, \tag{4} \end{equation*}",1s_IIWDfGUO_xFMT_9OIyldBU7D5gsBIr
2025,10.1109/TVCG.2025.3634652,11269366,J,Equations,5,tvcg_2025_3634652_eq_5.png,5,510,1782,1143,1899,2352,3213,0.859,5,"\begin{align*} \nabla\cdot \boldsymbol{u} & =0,\\
(\boldsymbol{u}\cdot\nabla)\boldsymbol{u} & =-\nabla p+v\nabla^{2}\boldsymbol{u}, \tag{5} \end{align*}",1JhLWl56FrH7gOV-lVYFFhIyzsIXpDL-L
2025,10.1109/TVCG.2025.3634652,11269366,J,Table,1,tvcg_2025_3634652_table_1.png,5,1206,2215,2176,2547,2352,3213,0.96,4,"Table 1: Average CD, HD, and EMD for centerline generation on all test cases from the VMR and AVT datasets. For all tables in this paper, values are in millimeters (mm) as mean ± standard deviation, with the best results highlighted in bold.",1BO4D6KZ2dQkdJwJvgOO5W8SV01GZGqgY
2025,10.1109/TVCG.2025.3634652,11269366,J,Table,2,tvcg_2025_3634652_table_2.png,6,462,777,1856,1112,2352,3213,0.212,4,"Table 2: Average Dice, ASD, and HD for segmentation on all test cases from the VMR and AVT datasets.",1w7-lBt5PL7ybPyW1_lIXU-mcI-1ByNxU
2025,10.1109/TVCG.2025.3634652,11269366,J,Table,3,tvcg_2025_3634652_table_3.png,8,328,298,2029,1555,2352,3213,0.227,4,"Table 3: Average CD, HD, and EMD for contour point clouds on all test cases from the VMR and AVT datasets.",1cMsixx0t2NyPe9LmiHCK85ip5grqDYiA
2025,10.1109/TVCG.2025.3634652,11269366,J,Table,4,tvcg_2025_3634652_table_4.png,8,169,1928,1142,2267,2352,3213,0.915,4,"Table 4: Average CD, HD, and EMD for the constructed aorta meshes on all test cases from the VMR and AVT datasets.",1KF58OepmgC02FKoO6RLDvVH1ebo2em8L
2025,10.1109/TVCG.2025.3634643,11262779,J,Equations,1,tvcg_2025_3634643_eq_1.png,3,1548,1524,2183,1582,2352,3213,0.918,8,,1r71XvvtEjEKUikfhzOkHFoRsDR3C6Dkz
2025,10.1109/TVCG.2025.3634643,11262779,J,Equations,2,tvcg_2025_3634643_eq_2.png,3,1490,1636,2183,1738,2352,3213,0.935,8,,1zd0qg_X3cbxQfN1LSp0yjAjpRRll_fVN
2025,10.1109/TVCG.2025.3634643,11262779,J,Equations,3,tvcg_2025_3634643_eq_3.png,3,1248,1847,2183,1964,2352,3213,0.955,8,,1YVrHms5OzW3hYCFvXZme4r-9qHUN4mkl
2025,10.1109/TVCG.2025.3634643,11262779,J,Equations,4,tvcg_2025_3634643_eq_4.png,3,1457,2364,2183,2420,2352,3213,0.898,8,,1iOuxnh8APewAFBhlVaP_SP_Js-yh-Jgd
2025,10.1109/TVCG.2025.3634643,11262779,J,Equations,5,tvcg_2025_3634643_eq_5.png,3,1457,2415,2182,2471,2352,3213,0.888,8,,1q6H5oWE0d7dckePgulGYMmpiG4Bc79-p
2025,10.1109/TVCG.2025.3634643,11262779,J,Equations,6,tvcg_2025_3634643_eq_6.png,3,1460,2469,2183,2588,2352,3213,0.933,8,,1HmSq51rDe5MvvqzvGSFDgyN5dQrhCb0-
2025,10.1109/TVCG.2025.3634643,11262779,J,Equations,7,tvcg_2025_3634643_eq_7.png,4,473,1132,1143,1192,2352,3213,0.917,8,,1_n0XAHyjbyyvsJZsB8JVK63LRuODP8B0
2025,10.1109/TVCG.2025.3634643,11262779,J,Equations,8,tvcg_2025_3634643_eq_8.png,4,422,2010,1142,2070,2352,3213,0.93,8,,1wltMNviL0jns1lpQhv2JYP8JrA448S1p
2025,10.1109/TVCG.2025.3634643,11262779,J,Equations,9,tvcg_2025_3634643_eq_9.png,4,1418,1196,2182,1256,2352,3213,0.854,8,,14_mLaD4Tkq1Fb4XtOXIA__Y7LHT7SK_6
2025,10.1109/TVCG.2025.3634643,11262779,J,Equations,10,tvcg_2025_3634643_eq_10.png,4,1420,1249,2181,1306,2352,3213,0.769,8,,1zdvZJ2g0hlZa7phMooqCg0QHMB4YRpKG
2025,10.1109/TVCG.2025.3634643,11262779,J,Equations,11,tvcg_2025_3634643_eq_11.png,5,242,767,1142,829,2352,3213,0.907,8,,1A8_62voB3qZxSUrtu_QBmVQ7tcsOSDeX
2025,10.1109/TVCG.2025.3634643,11262779,J,Table,1,tvcg_2025_3634643_table_1.png,5,1209,1659,2183,1983,2352,3213,0.967,3,Table 1: The datasets and their settings for image-driven and text-driven NPSE. The rendering time is for DVR using ParaView.,1UPipZnwYslLHbbBePB1DIWs66sHdvp5o
2025,10.1109/TVCG.2025.3634643,11262779,J,Table,2,tvcg_2025_3634643_table_2.png,7,232,1857,1074,2073,2352,3213,0.956,3,"Table 2: Average editing time (min), model size (MB), mean and max rendering time (ms) across image-driven NPSE datasets. We also report the average number of primitives used by StyleSplat and TexGS-VolVis. The rendering resolution is $800 \times 800$.",1zSKFqZC9_7q6IDusmKAiQ1otcSRz11Wr
2025,10.1109/TVCG.2025.3634643,11262779,J,Table,3,tvcg_2025_3634643_table_3.png,8,172,2554,1138,2729,2352,3213,0.959,3,"Table 3: Average CLIP similarity and CLIP directional similarity, editing time (min), mean and max rendering time (ms), as well as model size (MB) for text-driven NPSE datasets. We also report the average number of primitives used by IG2G, DGE, and TexGS-VolVis. The rendering resolution is $512 \times 512$.",1iIdQbLRf0Uf_40yMFns7LYNTRwxZUfBW
2025,10.1109/TVCG.2025.3634629,11264377,J,Table,1,tvcg_2025_3634629_table_1.png,3,1209,1828,2275,2022,2352,3213,0.965,2,Table 1: Overview of the debate competition dataset,1sxILB7cbM3kAkzjZz6U1nwSXutVUQ2WL
2025,10.1109/TVCG.2025.3634629,11264377,J,Table,2,tvcg_2025_3634629_table_2.png,8,87,2357,1141,2683,2352,3213,0.926,2,Table 2: The tasks for participants to perform in our user interviews.,10ldv8g8w0PsojtNNRWbsZ5jMK6NE8OO5
2025,10.1109/TVCG.2025.3634653,11261391,J,Table,1,tvcg_2025_3634653_table_1.png,8,1260,315,2095,581,2352,3213,0.98,1,Table 1: Evaluation Procedure and Duration.,15WBanUC3VmcNwhBIXmjVepcohj2ah3Gl
2025,10.1109/TVCG.2025.3634640,11262796,J,Equations,1,tvcg_2025_3634640_eq_1.png,4,329,2478,1145,2552,2352,3213,0.847,10,,1W1xQUKSAWBxORRP7OMgZjCNBcubLJ8k_
2025,10.1109/TVCG.2025.3634640,11262796,J,Equations,2,tvcg_2025_3634640_eq_2.png,4,324,2557,1146,2646,2352,3213,0.829,10,,1AlVLo31yD4loCogGVxBdUkB7K7zqTouu
2025,10.1109/TVCG.2025.3634640,11262796,J,Equations,3,tvcg_2025_3634640_eq_3.png,4,1390,354,2179,524,2352,3213,0.742,10,,19d05p6SlUSh1PqSWti7NR-J1n9Jh6bqL
2025,10.1109/TVCG.2025.3634640,11262796,J,Equations,4,tvcg_2025_3634640_eq_4.png,4,1302,1214,2179,1336,2352,3213,0.948,10,,1WY3vcKBSyxs1Sl8X7v0pqj5LTGyrBy9F
2025,10.1109/TVCG.2025.3634640,11262796,J,Equations,5,tvcg_2025_3634640_eq_5.png,4,1569,2224,1805,2293,2352,3213,0.91,10,,1uzPfAVT3ZFdj3rUXFNxoUrC7yYVxHqkX
2025,10.1109/TVCG.2025.3634640,11262796,J,Equations,6,tvcg_2025_3634640_eq_6.png,5,496,740,1140,800,2352,3213,0.922,10,,1qiE3j8uAkwv7hOV8YAc8sJECc7bKEpsc
2025,10.1109/TVCG.2025.3634640,11262796,J,Equations,7,tvcg_2025_3634640_eq_7.png,5,333,1077,1140,1196,2352,3213,0.954,10,,1WCmMrmdZa6ynII5xL6aARL0FFuSpKQVq
2025,10.1109/TVCG.2025.3634640,11262796,J,Equations,8,tvcg_2025_3634640_eq_8.png,5,496,1444,1140,1533,2352,3213,0.933,10,,1OVLRV556jYKCXCxijtik53rsMKbYBT19
2025,10.1109/TVCG.2025.3634640,11262796,J,Equations,9,tvcg_2025_3634640_eq_9.png,5,1402,538,1980,606,2352,3213,0.923,10,,1nyJJaL95Z-S5rbyg3d4a5Q7Tswrg-kdJ
2025,10.1109/TVCG.2025.3634640,11262796,J,Equations,10,tvcg_2025_3634640_eq_10.png,6,463,616,1141,702,2352,3213,0.934,10,,1eubVjm1F8gp2B2rpcZboKVO1LVps8sI2
2025,10.1109/TVCG.2025.3634640,11262796,J,Equations,11,tvcg_2025_3634640_eq_11.png,6,425,1246,1141,1500,2352,3213,0.955,10,,1s_1oa25VsGXYaKHFnqT1fDMsOt6OrEW5
2025,10.1109/TVCG.2025.3634640,11262796,J,Table,1,tvcg_2025_3634640_table_1.png,6,424,2679,1905,2937,2352,3213,0.969,1,Table 1: Comparison of single and dual projection methods. The best result in each setting is in bold.,1he0MkRxp1Iwwd496XE9A_9BVRZJSuVyW
2025,10.1109/TVCG.2025.3634649,11261877,J,Table,1,tvcg_2025_3634649_table_1.png,5,147,154,1147,379,2352,3213,0.826,4,Table 1: Selection clause properties.,14Zfx0YRHuIwGWHWS7lzfRl2dYDDClaVG
2025,10.1109/TVCG.2025.3634649,11261877,J,Table,2,tvcg_2025_3634649_table_2.png,5,139,448,1155,678,2352,3213,0.773,4,Table 2: Selection clause metadata properties.,1uWxi5YZfQTR_1ORpP6oGwpCGNQr2-TWL
2025,10.1109/TVCG.2025.3634649,11261877,J,Equations,1,tvcg_2025_3634649_eq_1.png,5,333,2294,1178,2410,2352,3213,0.836,4,,1T6F2672BQE6ELN92hYZuPFtviCM4d4Sz
2025,10.1109/TVCG.2025.3634649,11261877,J,Equations,2,tvcg_2025_3634649_eq_2.png,5,200,2711,1179,2828,2352,3213,0.948,4,,1PxI_CHOgaY0LqKhx5jX6A_zjdkNbieLt
2025,10.1109/TVCG.2025.3634649,11261877,J,Table,3,tvcg_2025_3634649_table_3.png,5,1227,151,2247,463,2352,3213,0.934,4,"Table 3: Scale descriptor properties, used in interval clauses.",1zyO0NSFY0OZSoeVmp4yyAlChdoLpZeqZ
2025,10.1109/TVCG.2025.3634649,11261877,J,Table,4,tvcg_2025_3634649_table_4.png,6,107,2609,1116,2998,2352,3213,0.935,4,Table 4: Supported aggregate functions for pre-aggregated views.,1Lzp31BVzYRMv2gAULhBV-aEidX8DaUYp
2025,10.1109/TVCG.2025.3634649,11261877,J,Equations,3,tvcg_2025_3634649_eq_3.png,7,1427,1202,2056,1267,2352,3213,0.904,4,,1FGvBf5wGDAXHBTQuAWOrcc0223Qi_a5g
2025,10.1109/TVCG.2025.3634636,11298486,J,Equations,1,tvcg_2025_3634636_eq_1.png,4,1427,1729,1951,1793,2352,3213,0.924,6,"\begin{equation*} \Delta_{i,j}=s_{i}\mathcal{L}_{i,j}\mathcal{Q}_{j}, \qquad i\in\{1,\ldots,n_{a}\}, \end{equation*}",1Mx0EMc_nQ2NxMdtl941ap5DCiN2HXt1z
2025,10.1109/TVCG.2025.3634636,11298486,J,Equations,2,tvcg_2025_3634636_eq_2.png,4,1372,2098,1933,2164,2352,3213,0.915,6,"\begin{equation*} \mathcal{R}_{i,j,k}=\mathcal{R}_{i}^{0}+0.4\cdot(\alpha_{k}-10)\cdot \mathcal{A}_{h}\cdot\Delta_{i,j}, \end{equation*}",1prUSkeN5A6aSL6Ikw7ErIPI-JksV2pMk
2025,10.1109/TVCG.2025.3634636,11298486,J,Equations,3,tvcg_2025_3634636_eq_3.png,6,1393,660,2180,764,2352,3213,0.94,6,\begin{equation*} E(\phi_{i\rightarrow j}) = \sum\limits_{n\in \mathcal{N}(\rho_{i}^{\prime})} \Vert n-\phi_{i\rightarrow j}(n)\Vert _{2}.\tag{1} \end{equation*},1hdgqhtSr7nrjCxCfpMYobvbws5R1Yn52
2025,10.1109/TVCG.2025.3634636,11298486,J,Equations,4,tvcg_2025_3634636_eq_4.png,6,1455,946,1848,1037,2352,3213,0.763,6,"\begin{equation*} \phi_{\mathcal{N}_{i\rightarrow j}}= \underset{\phi_{i\rightarrow j}\in\Phi_{i\rightarrow j}}{\arg\min}\ E(\phi_{i\rightarrow j}), \end{equation*}",1RsPq6V97gO7ZXdIqovffMnr723dJsJnM
2025,10.1109/TVCG.2025.3634636,11298486,J,Equations,5,tvcg_2025_3634636_eq_5.png,6,1352,1427,1948,1552,2352,3213,0.812,6,"\begin{equation*} \phi_{\mathcal{A}_{i\rightarrow j}}(a_{i})=a_{j}\Longleftrightarrow\begin{cases}\phi_{\mathcal{N}_{i\rightarrow j}}(a_{i}^{1})=a_{j}^{k}\\ \phi_{\mathcal{N}_{i\rightarrow j}}(a_{i}^{2})=a_{j}^{l}\end{cases}, \end{equation*}",1PlEdfZ6GyzesSYQ9EiyXvRpXTkkKgFJj
2025,10.1109/TVCG.2025.3634636,11298486,J,Equations,6,tvcg_2025_3634636_eq_6.png,6,1326,2168,1977,2282,2352,3213,0.951,6,"\begin{equation*} \mathcal{O}(a) = \frac{1}{n}\sum\limits_{j\in[1,n]}\vert \{\phi_{\mathcal{A}_{i\rightarrow j}}\ \vert\ \phi_{\mathcal{A}_{i\rightarrow j}}(a)\neq\emptyset\}\vert. \end{equation*}",1ZTT_LDdt-3i2fA_mUy_sOLc4whiDixHD
2025,10.1109/TVCG.2025.3634637,11278795,J,Table,1,tvcg_2025_3634637_table_1.png,2,265,1215,1047,1414,2352,3213,0.977,7,Table 1: Topological relations in a tetrahedral mesh,1UXZ2rMR5WbMcPqbJmjhbmEFuvPU_oI-z
2025,10.1109/TVCG.2025.3634637,11278795,J,Algorithms,1,tvcg_2025_3634637_alg_1.png,6,168,2013,1144,2641,2352,3213,1.0,0,,1Q6DX-9qxDllleb3eIfxzsfxZzNEjoLZv
2025,10.1109/TVCG.2025.3634637,11278795,J,Algorithms,2,tvcg_2025_3634637_alg_2.png,6,1201,448,2178,1026,2352,3213,1.0,0,,1TKihk60mO4SFE5caH5yhvyJoVsdiFQez
2025,10.1109/TVCG.2025.3634637,11278795,J,Table,2,tvcg_2025_3634637_table_2.png,7,185,331,1126,660,2352,3213,0.951,7,"Table 2: Overview of the experimental datasets, including the number of vertices, edges, triangles, and tetrahedra.",1JirZIysDicoecuDOX0LNnS17iL0LcjoN
2025,10.1109/TVCG.2025.3634637,11278795,J,Table,3,tvcg_2025_3634637_table_3.png,8,1202,331,2180,884,2352,3213,0.978,7,Table 3: Time and memory usage when running critical points algorithm using different numbers of CPU threads on Stent dataset,18BMwV1Ub86QJTRaIXnkMsx1dlo3Rzxgb
2025,10.1109/TVCG.2025.3634637,11278795,J,Table,4,tvcg_2025_3634637_table_4.png,8,1202,1154,2179,1705,2352,3213,0.979,7,Table 4: Time and memory usage when running discrete gradient algorithm using different numbers of CPU threads on Stent dataset,1eSvRvKcZ6WgUZDP3RTFDzJ6VSCvSQMS4
2025,10.1109/TVCG.2025.3634637,11278795,J,Table,5,tvcg_2025_3634637_table_5.png,9,166,709,1140,1084,2352,3213,0.975,7,Table 5: Detailed breakdown of waiting time and corresponding percentages relative to total execution time for a single consumer thread running different algorithms on the Stent dataset,1E5NmPTJsCpXPfdwFsXrOzQzWh7HxR2G9
2025,10.1109/TVCG.2025.3634637,11278795,J,Table,6,tvcg_2025_3634637_table_6.png,9,167,2403,1140,2731,2352,3213,0.75,7,Table 6: Detailed breakdown of waiting time for running critical points algorithm with different consumer numbers on the Stent dataset,1rTmm522jJu_nQAkUgcbM1t7WS3Ct8sfa
2025,10.1109/TVCG.2025.3634637,11278795,J,Table,7,tvcg_2025_3634637_table_7.png,9,1199,330,2176,648,2352,3213,0.97,7,Table 7: Detailed breakdown of waiting time for running discrete gradient algorithm with different consumer numbers on the Stent dataset,1TP3mfKiz40EDaDoTM0U3056XQM4lknIn
2025,10.1109/TVCG.2025.3634655,11279991,J,Table,1,tvcg_2025_3634655_table_1.png,9,223,322,2091,968,2352,3213,0.982,1,Table 1: Performance summary of LLMs across visualization tasks.,1krUYI52xZDo3bfC7e-5XTvBCXGWTtg4A
2025,10.1109/TVCG.2025.3634627,11278560,J,Table,1,tvcg_2025_3634627_table_1.png,4,208,321,2153,1380,2352,3213,0.889,1,Table 1: Design Patterns for Multi-Agent Workflows supported in FLOWFORGE.,19UmMqGH_K6qGSPlDzWeh7i0bOQ95snQ7
2025,10.1109/TVCG.2025.3634642,11271070,J,Equations,1,tvcg_2025_3634642_eq_1.png,5,439,1508,909,1563,2352,3213,0.872,3,"\begin{equation*}\Delta V_{i}(x, y, z)=V_{i}(x, y, z)-\hat{V}(x, y, z)\end{equation*}",1mp6y9a_DF3-ICHA-f1gwDgPKu_gD10ZB
2025,10.1109/TVCG.2025.3634642,11271070,J,Equations,2,tvcg_2025_3634642_eq_2.png,5,1357,1235,1968,1333,2352,3213,0.945,3,"\begin{equation*}
l_{i}=\left\{\begin{array}{lll}
-1, & V_{i}(x, y, z) < \lambda_{s} & / * \text {low stress */ } \\
1, & V_{i}(x, y, z) \geq \lambda_{s} & / * \text { high stress */ }\end{array}\right.\end{equation*}",1z17I35XZdbIszdFH0bPeipa5yWmDsaVe
2025,10.1109/TVCG.2025.3634642,11271070,J,Equations,3,tvcg_2025_3634642_eq_3.png,5,1357,1549,1963,1646,2352,3213,0.942,3,"\begin{equation*}
l_{i}=\left\{\begin{array}{lll}
-1, & \Delta V_{i}(x, y, z) < 0 & / * \text { optimized */ } \\
1, & \Delta V_{i}(x, y, z) \geq 0 & / * \text { degraded */ }\end{array}\right.\end{equation*}",1wYxJY4znxGWTdbMh7c4H4HxGtrLN26_7
2025,10.1109/TVCG.2025.3634644,11279988,J,Table,1,tvcg_2025_3634644_table_1.png,5,1216,292,2170,548,2352,3213,0.664,1,Table 1: Combinations of specification scopes and expression modes. Modes of expression (how),1U1p1ti2wh04aTdvJBuVz5VaCfwwWGQy8
2025,10.1109/TVCG.2025.3634786,11267180,J,Equations,1,tvcg_2025_3634786_eq_1.png,6,1232,1264,2184,1369,2352,3213,0.788,2,,1lB6kJKfB95n4OfmvEJHaN440GRFdfq2n
2025,10.1109/TVCG.2025.3634786,11267180,J,Table,1,tvcg_2025_3634786_table_1.png,7,164,2260,1133,2602,2352,3213,0.973,1,Table 1: Bayes Factors (BF10) for our effects of interest.,1B0dBo6Ihw-End83RUIUyP17l0sx-CO78
2025,10.1109/TVCG.2025.3634798,11278522,J,Table,1,tvcg_2025_3634798_table_1.png,2,81,492,1152,802,2352,3213,0.965,3,"Table 1: Examples: one utterance, two speech acts, three cues.",1Gn0T-iQvzU4rIPo2eGOv6v36xSa2lCKx
2025,10.1109/TVCG.2025.3634798,11278522,J,Table,2,tvcg_2025_3634798_table_2.png,4,1172,1480,2222,1843,2352,3213,0.971,3,"Table 2: Coding categories, subcategory counts in parentheses.",1nj_KEv0GF_DmQX37J8q7Z-UUXQRhOTDD
2025,10.1109/TVCG.2025.3634798,11278522,J,Table,3,tvcg_2025_3634798_table_3.png,6,97,154,2227,664,2352,3213,0.973,3,"Table 3: Top-N Strategies by Task, where strategies are themes derived from clusters of speech acts sharing similar meanings.",10DeQ6OLAt8rKY_H4MtpHX4qtqSdD_IUj
2025,10.1109/TVCG.2025.3634789,11299422,J,Table,1,tvcg_2025_3634789_table_1.png,5,687,1285,1151,1705,2352,3213,0.97,3,Table 1: Origin of participants.,1tqoZI5Lzctozq-Fb57a5dBvUfQ4b1vmD
2025,10.1109/TVCG.2025.3634789,11299422,J,Table,2,tvcg_2025_3634789_table_2.png,7,172,355,1146,1082,2352,3213,0.796,3,Table 2: Multilinear regression model. The last two rows in the right column show the bias and the coefficient of determination for the model.,1dR75WxPv-IePzOKjDJWU2dRb4qUxhjRZ
2025,10.1109/TVCG.2025.3634789,11299422,J,Table,3,tvcg_2025_3634789_table_3.png,7,1211,1637,2162,2155,2352,3213,0.916,3,Table 3: Overview of results from t-tests comparing human feature extraction to GPT4o-mini features extraction. Features that GPT4o-mini were able to extract similarly to a human are highlighted in blue.,1ciVe0uN2uXrpcdSkYUzgLl2GMCgzH0rI
2025,10.1109/TVCG.2025.3634795,11262791,J,Table,1,tvcg_2025_3634795_table_1.png,3,250,248,2110,754,2352,3213,0.979,1,Table 1: Summary of key differences and similarities (highlighted in bold) between the prior empirical evaluation [1] and the present study.,1W0dbVDsa7K1cKqhP4QR5uK38eCcuTn_f
2025,10.1109/TVCG.2025.3634807,11261851,J,Table,1,tvcg_2025_3634807_table_1.png,6,1231,1365,2136,2196,2352,3213,0.977,1,"Table 1: Main effects of the ANOVA for each of our experiments with three factors: category number (CN), encoding type (Encoding), and visual complexity (VC). Significant effects are shown in bold.",1ZLM3BDGqIZ2EIWoF-OV1Icie3K0u5Uej
2025,10.1109/TVCG.2025.3634837,11261866,J,Equations,1,tvcg_2025_3634837_eq_1.png,4,1408,277,2236,409,2352,3213,0.949,1,"\begin{equation*}
customDist(e_{1}, e_{2})= \begin{cases}
0, & \text {if}\ e_{1}=e_{2} \\
1, & \text {if}\ e_{1} \neq e_{2}\end{cases}\tag{1}\end{equation*}",15x2mbzFgffq8H-OqRAJf6qLMHotx2WmW
2025,10.1109/TVCG.2025.3634808,11299834,J,Equations,1,tvcg_2025_3634808_eq_1.png,4,278,2609,1143,2670,2352,3213,0.927,5,"\begin{equation*}
s=(V_{s},E_{s}),E, =\{(v_{i},v_{i+1})\vert 0\leq i < k\}, V_{s}\subset V,E_{s}\subset E.\tag{1}\end{equation*}",1jUYdLeAdmk8kpq-psMcw8Vr3eIEvkgrI
2025,10.1109/TVCG.2025.3634808,11299834,J,Equations,2,tvcg_2025_3634808_eq_2.png,4,350,2801,1144,2863,2352,3213,0.916,5,"\begin{equation*}\forall v \in V_{s} \backslash\{v_{0}, v_{k}\}, \text{deg}(v)=2 \quad \text {and} \quad\vert V_{S}\vert \geq 2\tag{2}\end{equation*}",1P2N8_NG476fRoxvyNQQx6y1JQGfLCtjS
2025,10.1109/TVCG.2025.3634808,11299834,J,Equations,3,tvcg_2025_3634808_eq_3.png,4,1526,2232,2149,2298,2352,3213,0.912,5,"\begin{equation*}
E=\{(s_{l}^{n_{m}},s_{t}^{n_{m}}),\ldots\}.\tag{3}\end{equation*}",1dzHZ_dkF0Zkt91vvkmteupfUxFOvsRva
2025,10.1109/TVCG.2025.3634808,11299834,J,Equations,4,tvcg_2025_3634808_eq_4.png,4,1373,2406,2149,2471,2352,3213,0.615,5,"\begin{equation*}
A=\{(s_{l}^{n_{i}},s_{t}^{n_{j}})\vert c_{ij}\in C(s^{n_{i}})\wedge c_{ij}\in C(s^{n_{j}})\}.\tag{4}\end{equation*}",1q7ZIBYsMjXuZjqwGCyT-uiQ5GcRSej0A
2025,10.1109/TVCG.2025.3634808,11299834,J,Equations,5,tvcg_2025_3634808_eq_5.png,4,1574,2581,1773,2641,2352,3213,0.907,5,"\begin{equation*}
M\cong G^{\prime}\subseteq G,\end{equation*}",1sPGXkhaYRNhpZy5b6NmEzFU0vHWb69k_
2025,10.1109/TVCG.2025.3634791,11261397,J,Equations,1,tvcg_2025_3634791_eq_1.png,4,593,940,1140,994,2352,3213,0.899,4,"\begin{equation*}
A_{i j} \cdot {grad}_{i j}\tag{1}\end{equation*}",1R2y1sL0LC4Szi9xT5p8RmpXucQWrI5mT
2025,10.1109/TVCG.2025.3634791,11261397,J,Equations,2,tvcg_2025_3634791_eq_2.png,4,522,1462,1139,1529,2352,3213,0.93,4,"\begin{equation*}
F_{h, q}^{k}={softmax}(A_{h, q}^{k})\tag{2}\end{equation*}",1FYccC5MQx-ZHQ-hn8x1oKPcgQeVyT6Bh
2025,10.1109/TVCG.2025.3634791,11261397,J,Equations,3,tvcg_2025_3634791_eq_3.png,4,535,2101,1139,2213,2352,3213,0.938,4,"\begin{equation*}
y=\sum_{s=1}^{S} \underset{v}{\max }logit s_{v}^{s}\tag{3}\end{equation*}",1O40Ct37cS4vlWrN92nzAU6xMua6XrffK
2025,10.1109/TVCG.2025.3634791,11261397,J,Equations,4,tvcg_2025_3634791_eq_4.png,4,425,2579,1139,2696,2352,3213,0.746,4,"\begin{equation*}
L_{q}=\sum_{k=s t a r t}^{\text {end }} \sum_{h=1}^{H} F_{h, q}^{k} \odot {Re} L U(\frac{\partial y}{\partial F_{h, q}^{k}})\tag{4}\end{equation*}",1FcvmFhXgO1bYS2Bo9x6HtL5ceQuw_qcf
2025,10.1109/TVCG.2025.3634791,11261397,J,Algorithms,1,tvcg_2025_3634791_alg_1.png,4,1201,253,2130,920,2352,3213,1.0,1,Algorithm 1 Attention Guided CAM for QA,1bzXLFCdaylFHT3oz8uQniXiLvKn3wkEZ
2025,10.1109/TVCG.2025.3634791,11261397,J,Table,1,tvcg_2025_3634791_table_1.png,5,204,361,2098,881,2352,3213,0.978,1,"Table 1: Performance of VLMs on Mini-VLAT [46] and an independent test we created. In keeping with prior work [47], we show the average performance (% correct) across 10 runs. We use accuracy as a baseline to add context to our exploration of the model reasoning.",180u0XpxN56OmEwllWlR-AN5TKpiKTWFj
2025,10.1109/TVCG.2025.3634821,11293215,J,Table,1,tvcg_2025_3634821_table_1.png,4,196,247,2174,1204,2352,3213,0.98,1,Table 1: Characteristics of the 14 participants across different fields in academia and industry and the tools and data they use.,1sTHRAMFZ_4aqXCP95voPugjUOAj6oDNR
2025,10.1109/TVCG.2025.3634809,11278107,J,Table,1,tvcg_2025_3634809_table_1.png,9,179,295,1123,506,2352,3213,0.972,1,Table 1: Comparison of manual and LLM annotation statistics.,1E4pgJ-8o0bfnslSAMR7Yb3w_JSmqZWyF
2025,10.1109/TVCG.2025.3634843,11299421,J,Table,1,tvcg_2025_3634843_table_1.png,6,1396,1810,1976,2052,2352,3213,0.969,1,"Table 1: BDIViz matcher ensemble average Precision@k score comparison against individual matchers, across 10 different dataset to GDC matching tasks.",1Fd_0BcN0xuiRYa0g3042jjVo3NZj_ajC
2025,10.1109/TVCG.2025.3634875,11262809,J,Equations,1,tvcg_2025_3634875_eq_1.png,3,414,2234,905,2357,2352,3213,0.948,8,"\begin{equation*}
V=\bigcup_{s=1}^{k} V^{(s)}, \text { where } V^{(s)}=\{v_{i}^{(s)}\}. \end{equation*}",1A2Dohz40K0K40JITRBmuCx0050UfoUxK
2025,10.1109/TVCG.2025.3634875,11262809,J,Equations,2,tvcg_2025_3634875_eq_2.png,3,327,2483,995,2558,2352,3213,0.93,8,"\begin{equation*}
E=\{e\ \vert\ e=(v_{i}^{(p)}, v_{j}^{(q)}), \text{stage}(p) \neq \text{stage}(q)\},\end{equation*}",1mw6OhBdi6iGf6IVFpw1X466xawpCMy5G
2025,10.1109/TVCG.2025.3634875,11262809,J,Equations,3,tvcg_2025_3634875_eq_3.png,3,384,2837,941,2909,2352,3213,0.927,8,"\begin{equation*}
T_{c_{1} c_{2} \ldots c_{m+1}}=[c_{1}^{s_{a}} \xrightarrow{e_{1}} c_{2}^{s_{b}} \xrightarrow{e_{2}} \ldots \xrightarrow{e_{m}} c_{m+1}^{s_{c}}],\end{equation*}",1acquyT5h5EqI0OrKCjCn0yek_DelxWz2
2025,10.1109/TVCG.2025.3634875,11262809,J,Equations,4,tvcg_2025_3634875_eq_4.png,3,1420,1135,1959,1209,2352,3213,0.922,8,"\begin{equation*}
P_{c_{1}c_{2}c_{3}}=\{T_{c_{1}c_{2}c_{3}}^{(1)},T_{c_{1}c_{2}c_{3}}^{(2)},\cdots,\ T_{c_{1}c_{2}c_{3}}^{(n)}\},\end{equation*}",1b5jhkXNT-J-8f4_rWIuMLK7PqtyA8fRZ
2025,10.1109/TVCG.2025.3634875,11262809,J,Equations,5,tvcg_2025_3634875_eq_5.png,5,276,1801,1034,1863,2352,3213,0.84,8,"\begin{equation*}
w(u \rightarrow v)=\vert\{e \in E_{filtered}\ \vert\ src(e)=u \wedge d st(e)=v\}\vert,\end{equation*}",13QmdKylLAPkE6cXu3pkzlpHGu-CCTG2P
2025,10.1109/TVCG.2025.3634875,11262809,J,Equations,6,tvcg_2025_3634875_eq_6.png,5,1498,1036,1879,1158,2352,3213,0.94,8,"\begin{equation*}
d_{C_{1} \rightarrow C_{2}}=\frac{1}{\vert C_{1}\vert} \sum_{i=1}^{\vert C_{1}\vert} d_{p_{i} \rightarrow C_{2}}.\end{equation*}",1H_-9kCtDQ2wRCNEuCMIz-xyxxUFXqwf-
2025,10.1109/TVCG.2025.3634875,11262809,J,Equations,7,tvcg_2025_3634875_eq_7.png,5,1505,1265,1873,1371,2352,3213,0.943,8,"\begin{equation*}
D_{sym}=\frac{2}{d_{c_{2}\rightarrow c_{1}}+d_{c_{1}\rightarrow c_{2}}}.\end{equation*}",156EckHq9FwHjbSGZtwwbmvd70yookm1J
2025,10.1109/TVCG.2025.3634875,11262809,J,Equations,8,tvcg_2025_3634875_eq_8.png,5,1552,1791,1827,1912,2352,3213,0.939,8,"\begin{equation*}
R_{s t d}=\sqrt{\frac{\lambda_{2}}{\lambda_{1}+\lambda_{2}}},\end{equation*}",1UjDmLKeqiBKzGtlgu8Kf_Lr-yVOWey5N
2025,10.1109/TVCG.2025.3634875,11262809,J,Table,1,tvcg_2025_3634875_table_1.png,9,321,321,1978,609,2352,3213,0.975,1,Table 1: The evaluation results of our proposed model on five datasets and 5 runs.,10Uz1bmP8i-JZoMpFeDOE5gMBqTFUnsIZ
2025,10.1109/TVCG.2025.3634803,11261878,J,Equations,1,tvcg_2025_3634803_eq_1.png,4,1532,2043,1845,2100,2352,3213,0.896,2,"\begin{equation*}
e(F)=P(T=1\ \vert\ F),\end{equation*}",1QUd2yuZSTfXZ2Jv9JBdltjaiNZdb71sc
2025,10.1109/TVCG.2025.3634803,11261878,J,Equations,2,tvcg_2025_3634803_eq_2.png,5,356,488,954,554,2352,3213,0.93,2,"\begin{equation*}
h(t\vert X)=h_{0}(t)\cdot e^{(\beta_{1}X_{1}+\beta_{2}X_{2}+\ldots+\beta_{p}X_{p}+\beta_{T}T)},\end{equation*}",1fUOz10zR5ILnd_bEdVaS7hgJROQAOFLK
2025,10.1109/TVCG.2025.3634823,11262813,J,Equations,1,tvcg_2025_3634823_eq_1.png,4,395,1365,1141,1421,2352,3213,0.927,4,,1EaVF8_YN7ZXNFiwjeXIKaEV2xRJNRElC
2025,10.1109/TVCG.2025.3634823,11262813,J,Equations,2,tvcg_2025_3634823_eq_2.png,4,347,2341,1141,2453,2352,3213,0.942,4,,1qWsP-VJucnVDQ8EFcjHHzd4u3EQUe9fc
2025,10.1109/TVCG.2025.3634823,11262813,J,Equations,3,tvcg_2025_3634823_eq_3.png,4,267,2623,1141,2801,2352,3213,0.95,4,,1EqrVQurCKmRXb_nFh1yOigma79i2IxTt
2025,10.1109/TVCG.2025.3634823,11262813,J,Equations,4,tvcg_2025_3634823_eq_4.png,5,1458,2280,2167,2336,2352,3213,0.893,4,,13I3Uyhl6OuxJFEh54vhFNHlfHiAuHbwS
2025,10.1109/TVCG.2025.3634823,11262813,J,Equations,5,tvcg_2025_3634823_eq_5.png,5,1474,2330,2166,2383,2352,3213,0.863,4,,1YpkYSfXtkU3u1fv1mCBmZSdzwNemh-bN
2025,10.1109/TVCG.2025.3634823,11262813,J,Equations,6,tvcg_2025_3634823_eq_6.png,5,1428,2379,2167,2484,2352,3213,0.561,4,,1w85lMCi2jKvrzotBMIEWGStRpYqT73Fn
2025,10.1109/TVCG.2025.3634823,11262813,J,Table,1,tvcg_2025_3634823_table_1.png,6,1205,1806,2172,2887,2352,3213,0.927,1,"Table 1: Evaluation results of visualization techniques (columns) by participant group (rows) and visualization aspect (blocks). Each cell shows mean with standard deviation, color-coded from poor (red) through neutral (yellow) to excellent (green). The first five aspects assess subjective ratings, while the remaining five evaluate accuracy in identifying flow phenomena. The final two blocks compare changes in impingement zone (IZ) location and size without (I) and with (II) pressure-based color mapping. For visual clutter assessment, lower values are better.",1wHgM-HQHZfhww_X58pP2kgIrsyLvtAg8
2025,10.1109/TVCG.2025.3634833,11299479,J,Equations,1,tvcg_2025_3634833_eq_1.png,3,1436,2669,1932,2755,2352,3213,0.933,7,"\begin{equation*}\mathscr{L}_{M S E}=\mathbb{E}_{x_{0}, \varepsilon, t}\left[\Vert\varepsilon-\varepsilon_{\theta}(x_{t}, t)\Vert^{2}\right],\end{equation*}",1t-xDcHLjvoJtQEiFF3eqsD_f-nHU7-9x
2025,10.1109/TVCG.2025.3634833,11299479,J,Equations,2,tvcg_2025_3634833_eq_2.png,4,301,1530,1018,1645,2352,3213,0.954,7,"\begin{equation*}\mathscr{L}_{C R T}^{k, k^{\prime}}=-\log \frac{\text{Positive}(v_{k}^{n}, v_{k^{\prime}}^{n})}{\text{Positive}(v_{k}^{n}, v_{k^{\prime}}^{n})+\text{Negative}(v_{k}^{n}, v_{i}^{n^{\prime}})},\end{equation*}",1b9D4qqiLqBeC_OmafD55sSDxQP3B1n2M
2025,10.1109/TVCG.2025.3634833,11299479,J,Equations,3,tvcg_2025_3634833_eq_3.png,4,423,1912,893,1981,2352,3213,0.917,7,"\begin{equation*}
y^{\prime}=\mathscr{F}_{\text {seg }}([\hat{r}_{1}^{\prime}, \hat{r}_{2}^{\prime}, \ldots, \hat{r}_{t}^{\prime}, \ldots, \hat{r}_{T}^{\prime}]). \end{equation*}",1DcMd297lU72mC3xltDMQDoNGj349epmS
2025,10.1109/TVCG.2025.3634833,11299479,J,Equations,4,tvcg_2025_3634833_eq_4.png,4,476,2103,845,2207,2352,3213,0.928,7,"\begin{equation*}\mathscr{L}_{\text {Dice }}(y^{\prime}, y)=1-\frac{2 y^{\prime} \cdot y}{y^{\prime}+y}.\end{equation*}",1jJvWUlKr9XDCvSmHz0B-jyLmgQHIASUA
2025,10.1109/TVCG.2025.3634833,11299479,J,Algorithms,1,tvcg_2025_3634833_alg_1.png,4,1200,253,2165,1579,2352,3213,1.0,0,,1aI1dOgwYjz97Xgf6iHMwMue_Qaao7xFU
2025,10.1109/TVCG.2025.3634833,11299479,J,Equations,5,tvcg_2025_3634833_eq_5.png,4,1522,2024,1845,2112,2352,3213,0.913,7,\begin{equation*}\text {XTRatio }=\frac{X}{X+\text { TUM }}\end{equation*},1-6f99_V5auXsXWlFHPEeLlnGo_dQQxLJ
2025,10.1109/TVCG.2025.3634833,11299479,J,Equations,6,tvcg_2025_3634833_eq_6.png,5,583,1154,1144,1248,2352,3213,0.927,7,\begin{equation*}\mathrm{C}=\frac{4\pi A}{P^{2}}\tag{1}\end{equation*},1cqOAkFHqN4-7O7h6dtGj4HqLPNFYFQjN
2025,10.1109/TVCG.2025.3634833,11299479,J,Equations,7,tvcg_2025_3634833_eq_7.png,5,524,1547,1144,1647,2352,3213,0.942,7,\begin{equation*}\text{AR}=\frac{\text { Major Axis }}{\text { Minor Axis }}\tag{2}\end{equation*},1URRm6QTGe8WtmLxZx-3JyRIiaDjH-nfr
2025,10.1109/TVCG.2025.3634833,11299479,J,Table,1,tvcg_2025_3634833_table_1.png,8,1344,1768,2024,2018,2352,3213,0.952,1,Table 1: Computation time of pythology image deconstruction.,1hTP1ngqid9oBP9dh3UYxpvBJu_QWTPp6
2025,10.1109/TVCG.2025.3634818,11281530,J,Equations,1,tvcg_2025_3634818_eq_1.png,4,383,1142,1141,1249,2352,3213,0.628,7,"\begin{align*}
T_{h, i} & =T_{h, i-1}+\phi(T_{t, i-1}) \\
T_{t, i} & =\eta(T_{h, i})+T_{t, i-1} \odot exp (\rho(T_{h, i})),\tag{1}\end{align*}",1OYaEbOZPNnb1tF9uvgk0qOaqEgdr4Xxd
2025,10.1109/TVCG.2025.3634818,11281530,J,Equations,2,tvcg_2025_3634818_eq_2.png,4,358,1987,1141,2102,2352,3213,0.893,7,"\begin{align*}
& \hat{T}_{t, i-1}=(\hat{T}_{t, i}-\eta(\hat{T}_{h, i})) \odot exp (-\rho(\hat{T}_{h, i})) \\
& \hat{T}_{h, i-1}=\hat{T}_{h, i}-\phi(\hat{T}_{t, i-1}). \tag{2}\end{align*}",1_Lh2ZKVc5zPxTixXGsuU1b-QMOxenrxu
2025,10.1109/TVCG.2025.3634818,11281530,J,Equations,3,tvcg_2025_3634818_eq_3.png,4,1443,2469,2210,2553,2352,3213,0.939,7,"\begin{equation*}\mathscr{L}_{\text {anchor }}=\left\Vert\hat{I}_{a}-R s_{[H, W]}(I_{a}^{[c_{x}, c_{y}, s_{x}, s_{y}]})\right\Vert_{1},\tag{3}\end{equation*}",1MdTWSmYA_mCSd128_s8cxImMWZAUO1YJ
2025,10.1109/TVCG.2025.3634818,11281530,J,Equations,4,tvcg_2025_3634818_eq_4.png,5,259,672,1140,822,2352,3213,0.949,7,"\begin{align*}\hat{c}_{x}, \hat{c}_{y}, \hat{s}_{x}, \hat{s}_{y} & =\arg \min _{c_{x}, c_{y} \atop{s_{x}, s_{y}}}(\Vert\hat{I}_{a}-I_{a}^{\prime}\Vert_{1}+\lambda \cdot(1-sim(\hat{I}_{a}, I_{a}^{\prime}))), \\
I_{a}^{\prime} & =R s_{[H, W]}(I_{a}^{[c_{x}, c_{y}, s_{x}, s_{y}]}),\tag{4}\end{align*}",13K4tpWRqFujaZSZ_VPhxgcOOlyVIwV-h
2025,10.1109/TVCG.2025.3634818,11281530,J,Equations,5,tvcg_2025_3634818_eq_5.png,5,1281,1041,2208,1097,2352,3213,0.934,7,"\begin{equation*}\mathscr{L}_{steg}=\lambda_{1} \cdot\Vert I_{h}-I_{s}\Vert_{1}+\lambda_{2} \cdot(1-sim(I_{h}, I_{s}))+\lambda_{3} \cdot lpips(I_{h}, I_{s}),\tag{5}\end{equation*}",1hWZ0-PK7zs5sQ0zAfg9nqHtZTwZtd4iN
2025,10.1109/TVCG.2025.3634818,11281530,J,Equations,6,tvcg_2025_3634818_eq_6.png,5,1533,1241,2207,1298,2352,3213,0.927,7,"\begin{equation*}\mathscr{L}_{data }=\lambda_{4} \cdot B C E(\hat{I}_{b}, I_{b}),\tag{6}\end{equation*}",1KtegrLnEJSHsBFxVXbZ5O924BgnWOjU0
2025,10.1109/TVCG.2025.3634818,11281530,J,Equations,7,tvcg_2025_3634818_eq_7.png,5,1408,1621,2207,1679,2352,3213,0.933,7,"\begin{equation*}\mathscr{L}_{total}=\mathscr{L}_{steg}+\lambda_{crop} \cdot \mathscr{L}_{data}+\lambda_{5} \cdot \mathscr{L}_{anchor},\tag{7}\end{equation*}",16z8GuourSOQ1hOkIr9ucdsY-83okrIs7
2025,10.1109/TVCG.2025.3634818,11281530,J,Table,1,tvcg_2025_3634818_table_1.png,7,1247,849,2158,1231,2352,3213,0.95,7,Table 1: Data embedding quality compared with cat.A and cat.B methods under different levels of local tampering. Here EdG. represents EditGuard and the numbers in the parentheses indicate the embedding capacity in bit. The embedding capacity of the methods in the upper part is 324 bits.,1ydbn_YV9kiVxQrzLLyIPdLL46d_yHJfl
2025,10.1109/TVCG.2025.3634818,11281530,J,Table,2,tvcg_2025_3634818_table_2.png,8,180,892,1089,1064,2352,3213,0.95,7,Table 2: Decoding accuracy of VisGuard and WAM under cropping.,10ooslRFWVtv8973w01q74lkJ1tvk_NMM
2025,10.1109/TVCG.2025.3634818,11281530,J,Table,3,tvcg_2025_3634818_table_3.png,8,1220,1816,2182,2106,2352,3213,0.964,7,"Table 3: Data embedding and retrieval performance under image retouching and quality degradation. Here σ and δ represent the Gaussian noise deviation and JPEG compression quality, respectively. Mixed indicates random noise combinations implemented with the distortion simulation module.",17X3C3Y04jTb22V4B-hkt2ffuLb0pNbfD
2025,10.1109/TVCG.2025.3634818,11281530,J,Table,4,tvcg_2025_3634818_table_4.png,9,194,351,2115,654,2352,3213,0.886,7,"Table 4: Upper part: stego image quality and data decoding accuracy under different tampering levels of models trained with different RDT scales under 324 bits' capacity. Note that Ours w/o RDT is equivalent to Ours RDT(18, 18, 1, 1). Middle part: ablation results of IIB module. Lower part: model performance without FEN and anchor embedding, respectively. Our full model is highlighted with bold font.",1yyC3kS2QrqRj7pGrQy6yyiCWL3TP9zF-
2025,10.1109/TVCG.2025.3634818,11281530,J,Table,5,tvcg_2025_3634818_table_5.png,9,183,690,1087,989,2352,3213,0.425,7,Table 5: Security evaluation against different steganalysis methods.,1x8yutqy16sGKwwCpvGVZaW9iayd1RyAl
2025,10.1109/TVCG.2025.3634818,11281530,J,Table,6,tvcg_2025_3634818_table_6.png,9,181,1020,1088,1247,2352,3213,0.42,7,"Table 6: Performance of cat.A methods trained with RDT(18, 18, 2, 2).",1K2Xr-HNFxPykhqkzjhygwoSKIFzS0QXk
2025,10.1109/TVCG.2025.3634818,11281530,J,Table,7,tvcg_2025_3634818_table_7.png,9,1249,1823,2156,1912,2352,3213,0.957,7,Table 7: Embedding capacity measured by BPP (bit per pixel) [76] of different steganography-based methods. Here EdG. represents EditGuard.,1Qk3UrblQ4ucmvL_haCfos6q27Q-YN0pc
2025,10.1109/TVCG.2025.3642509,11300824,J,Table,1,tvcg_2025_3642509_table_1.png,3,163,320,1146,1035,2352,3213,0.977,2,Table 1: Summary of participants' characteristics,1fZyNztlLhS0MQTA4CTkz9yszjjQHJfLJ
2025,10.1109/TVCG.2025.3642509,11300824,J,Equations,1,tvcg_2025_3642509_eq_1.png,6,1442,2687,2179,2749,2352,3213,0.932,9,\begin{equation*}\mathbf{P}_{t}=W_{t}^{(2)}(\text{ReLU}(W_{t}^{(1)}\mathbf{E}_{t}+b_{t}^{(1)}))+b_{t}^{(2)}\tag{1}\end{equation*},1x9eRGH2-kytUzhZkkraMPJ-Mn1wSsdj6
2025,10.1109/TVCG.2025.3642509,11300824,J,Equations,2,tvcg_2025_3642509_eq_2.png,7,202,1835,1146,1931,2352,3213,0.941,9,"\begin{equation*}\mathbf{E}_{T \leftarrow v}=\text{MultiHeadAttn}(\mathbf{E}_{T}, \mathbf{E}_{v}^{\prime}, \mathbf{E}_{v}^{\prime})=\text{softmax}\left(\frac{\mathbf{E}_{T} W_{q}(\mathbf{E}_{v}^{\prime} W_{k})^{\top}}{\sqrt{d}}\right) \mathbf{E}_{v}^{\prime} W_{v}\tag{2}\end{equation*}",1aZlhhQ4a9JN6vU702nWdAQMLAtuLXUwp
2025,10.1109/TVCG.2025.3642509,11300824,J,Equations,3,tvcg_2025_3642509_eq_3.png,7,484,2433,1146,2493,2352,3213,0.913,9,\begin{equation*}\mathbf{g}=\sigma(W_{g}\left[\mathbf{E}_{T \leftarrow v}^{\prime} \oplus \mathbf{E}_{v \leftarrow T}^{\prime}\right])\tag{3}\end{equation*},10Y8lUE7rwO1TXIydXgQ89thkqzuhoa7W
2025,10.1109/TVCG.2025.3642509,11300824,J,Equations,4,tvcg_2025_3642509_eq_4.png,7,458,2653,1146,2710,2352,3213,0.912,9,\begin{equation*}\mathbf{E}_u=\mathbf{g} \odot \mathbf{E}_{T \leftarrow v}^{\prime}+(1-\mathbf{g}) \odot \mathbf{E}_{v \leftarrow T}^{\prime}\tag{4}\end{equation*},1B_9yT9OvaMj_CL-4y2mbymFjYRWDFRDX
2025,10.1109/TVCG.2025.3642509,11300824,J,Equations,5,tvcg_2025_3642509_eq_5.png,7,1337,2261,2178,2372,2352,3213,0.947,9,"\begin{equation*}\mathcal{L}\mathrm{F}_{t}=\frac{1}{m}\sum_{i=1}^{m}\sum_{j=1}^{k_{t}}\left[l(\alpha_{t})\cdot(1-p_{c_{t}})^{\gamma_{t}}\cdot\ CE(\sigma(p_{t_{ij}}),s_{t_{ij}})\right]\tag{5}\end{equation*}",1UX5eSjeOS8zscBZgdjyTuW2ft9mky3kW
2025,10.1109/TVCG.2025.3642509,11300824,J,Equations,6,tvcg_2025_3642509_eq_6.png,7,1486,2732,2178,2835,2352,3213,0.94,9,"\begin{equation*}
p_{c_t}= \begin{cases}\sigma(p_{t_{i j}}), & \text { if } s_{t_{i j}}=1, \\
1-\sigma(p_{t_{i j}}) & \text {otherwise}\end{cases}\tag{6}\end{equation*}",1CnCqhv_v1ISwE8UNHhxipxoOyXwK1DOs
2025,10.1109/TVCG.2025.3642509,11300824,J,Table,2,tvcg_2025_3642509_table_2.png,8,338,319,2024,856,2352,3213,0.981,2,Table 2: The performance of baseline methods and our model,1F8I20y5zlWrx5LPa8dUycXSNX3oW98Rm
2025,10.1109/TVCG.2025.3642509,11300824,J,Equations,7,tvcg_2025_3642509_eq_7.png,8,339,1103,1144,1207,2352,3213,0.92,9,\begin{equation*}\mathcal{L}_{\mathrm{C}}=\sum_{i=1}^{k_{e}-1}\left[t_{i} \cdot \log \sigma(h_{i})+(1-t_{i}) \cdot \log (1-\sigma(h_{i}))\right]\tag{7}\end{equation*},1JvYXR8xtP7MvPfEknPCLUEcT0bNgqa6h
2025,10.1109/TVCG.2025.3642509,11300824,J,Equations,8,tvcg_2025_3642509_eq_8.png,8,380,1350,1143,1450,2352,3213,0.942,9,"\begin{equation*}
t_{i}=\begin{cases}
1, & \text { if } i \leq j, \\
0, & \text { otherwise }\end{cases} \quad \forall i \in\{1,2, \ldots, k_{e}-1\}\tag{8}\end{equation*}",13xuOQogmZnE4vuKqZdY4kjWDM3I-KhTe
2025,10.1109/TVCG.2025.3642509,11300824,J,Equations,9,tvcg_2025_3642509_eq_9.png,8,509,1533,1144,1591,2352,3213,0.933,9,\begin{equation*}\mathcal{L}=\mathcal{L}_{\mathrm{F}_{t}}+\mathcal{L}_{\mathrm{F}_{v}}+\mu \mathcal{L}_{\mathrm{C}}\tag{9}\end{equation*},1JfhUh8I7HTiaBR-7hQV7cKLl5-5q9e9-
2025,10.1109/TVCG.2025.3634790,11266968,J,Table,1,tvcg_2025_3634790_table_1.png,5,212,257,2159,2403,2352,3213,0.945,1,"Table 1: The 52 corpus examples grouped according to the 4 strategies, coded by the hierarchical dimensions of the design space. The Count subdimension uses the format total: simultaneous: separate to display its three components. Abbreviations: P = presentation; A = analysis; T = technique that does not specify whether it is intended for use in presentation or analysis contexts; init. = initialize; assoc. = association; cont. = continuous; disc. = discrete; inf. = infinite. z/p = zoom/pan.",1E4JeWYY3liBrR23cqX-AOr82SHBlCPeS
2025,10.1109/TVCG.2025.3634783,11261413,J,Table,1,tvcg_2025_3634783_table_1.png,8,75,243,1125,592,2352,3213,0.73,3,"Table 1: The terms used in our card-sort exercise, for the 30 questions. Old words (striked), and new words after the talk-aloud exercise.",1iS_Md_25OxO_KMf_YDSV14DoeU5zimVq
2025,10.1109/TVCG.2025.3634783,11261413,J,Table,2,tvcg_2025_3634783_table_2.png,8,1175,246,2183,532,2352,3213,0.974,3,Table 2: The internal-correlation of 30 users (N=30) users completing the categories on six different visualisations. Time taken for G2 (N=30)).,1Lb_xaqR0QdwxbSSWqQArr8mw9q53a96z
2025,10.1109/TVCG.2025.3634783,11261413,J,Table,3,tvcg_2025_3634783_table_3.png,8,1171,704,2203,1225,2352,3213,0.97,3,"Table 3: Time taken for each visualisation. Independent samples t-test results show p-value at significance level a=0.05, associative mean and SD for each visualisation.",1x7ltm5gYBTyCTCGzjoeY71ENWuaZH58b
2025,10.1109/TVCG.2025.3634792,11262703,J,Table,1,tvcg_2025_3634792_table_1.png,3,146,1052,1143,1959,2352,3213,0.979,1,"Table 1: The authors' initials in alphabetical order along with self-reported (at the time of the interviews) years of experience in visualization literacy visualization research and professional experience, assessment design experience, and other prior work related to visualization literacy.",1YAHUNnyYDEvWsbXqMPnFpgn7WP3zLhPq
2025,10.1109/TVCG.2025.3634815,11270014,J,Equations,1,tvcg_2025_3634815_eq_1.png,4,1363,1593,2185,1653,2352,3213,0.927,3,"\begin{equation*}
\mathrm{S}=0.598+1.216 \cdot \mathrm{V}-2.619 \cdot \mathrm{V}^{2}+1.708 \cdot \mathrm{V}^{3}\tag{1}\end{equation*}",1xwV2yqM7b_c9GHzVWXFYoNxj_sVBDTtE
2025,10.1109/TVCG.2025.3634815,11270014,J,Equations,2,tvcg_2025_3634815_eq_2.png,4,1253,1922,2185,1985,2352,3213,0.928,3,\begin{equation*}\mathrm{C}=0.112+1.267 \cdot \mathrm{V}-4.852 \cdot \mathrm{V}^{2}+7.989 \cdot \mathrm{V}^{3}-4.046 \cdot \mathrm{V}^{4}\tag{2}\end{equation*},1Uxt83y2mJtjtg-Flw4joWyPzY664Gmon
2025,10.1109/TVCG.2025.3634815,11270014,J,Table,1,tvcg_2025_3634815_table_1.png,5,1206,1210,2174,1572,2352,3213,0.938,2,"Table 1: Average metrics by accuracy and literacy groups. Coverage reflects the wideness of attention maps. IoU is computed for within-group pairs $\left(\text{IoU}{ }_{\text {Pair }}\right)$ or with specific chart elements (title, labels, legend). Bold indicates significance (p<0.001, pairwise t-tests). SGL's IoU with labels and legend was not significant (p>0.05).",12jXPIzW7x5xm2ZqV_NXuVMGSQQZ4o9QU
2025,10.1109/TVCG.2025.3634815,11270014,J,Table,2,tvcg_2025_3634815_table_2.png,7,1210,249,2176,606,2352,3213,0.969,2,"Table 2: Model performance comparison on five metrics with pretrained weights or trained version with our dataset for TranSalNet (TSN) and VisSalFormer (VSF). All metrics for Lit2Sal with all literacy levels have significant differences (p < 0.001 except KL-D: 0.0016, AUC: 0.0022) compared to the VSF model (literacy-trained) based on pairwise t-tests.",1zi_7hj-3qhUwQ12n0_ExftLcy-qvbN3D
2025,10.1109/TVCG.2025.3634815,11270014,J,Equations,3,tvcg_2025_3634815_eq_3.png,9,439,1456,1140,1556,2352,3213,0.949,3,\begin{equation*}\mathbf{I G}(\mathbf{V})=\mathbf{V} \int_{0}^{1} \nabla_{\mathbf{V}} F(\alpha \mathbf{V}) d \alpha\tag{3}\end{equation*},1Hxh4r6HGkjzQ7LFUXSxVUo52tuGmnB9Z
2025,10.1109/TVCG.2025.3634817,11261864,J,Table,1,tvcg_2025_3634817_table_1.png,5,1198,716,2180,1044,2352,3213,0.972,1,Table 1: An overview of mean pre- and post-test correctness scores.,1RAaMF5606Wdt91W3VWSyhwOydD82Lf6e
2025,10.1109/TVCG.2025.3634813,11261841,J,Table,1,tvcg_2025_3634813_table_1.png,5,1300,320,2082,669,2352,3213,0.971,5,Table 1: VLAT results for modified visualizations with different prompting,1_UiqwvNxujK5TYCYNadvuL-sz7MIyM8r
2025,10.1109/TVCG.2025.3634813,11261841,J,Table,2,tvcg_2025_3634813_table_2.png,5,1244,1056,2139,1294,2352,3213,0.976,5,Table 2: Score Improvement of Generic to Charts-of-Thought prompting,1TDZwWE9HYL6yAs-wzEk_GG7v_vL4U8P_
2025,10.1109/TVCG.2025.3634813,11261841,J,Table,3,tvcg_2025_3634813_table_3.png,6,1273,1779,2108,2148,2352,3213,0.95,5,Table 3: Results on original VLAT visualizations using CoT prompting,1W5vDvSbmXVGB4IX2az9JKosiOtg0VCG3
2025,10.1109/TVCG.2025.3634813,11261841,J,Table,4,tvcg_2025_3634813_table_4.png,7,218,495,1092,867,2352,3213,0.975,5,Table 4: Original VLAT Results by Question Difficulty,1wVb5yq0QZVS3aAKE82OuIVxh0bHE8zCr
2025,10.1109/TVCG.2025.3634813,11261841,J,Table,5,tvcg_2025_3634813_table_5.png,8,1233,588,2141,917,2352,3213,0.968,5,Table 5: Claude-3.7-sonnet and GPT-4's performance on various analytical tasks within the CQA dataset,15d8FOSER8U-UyGnGdGc-PYVNLXicfaDh
2021,10.1109/VIS49827.2021.9623306,9623306,C,Equations,1,vis_2021_9623306_eq_1.png,2,1368,2464,2330,2571,2550,3300,0.699,5,,1BtZIg1OHlvN5dFioyHYhnfZ_4vJdjoz_
2021,10.1109/VIS49827.2021.9623306,9623306,C,Equations,2,vis_2021_9623306_eq_2.png,3,492,487,1230,616,2550,3300,0.942,5,,1c9smm3CIBHoCoYnSI2zLzFg7B1wkR0QN
2021,10.1109/VIS49827.2021.9623306,9623306,C,Equations,3,vis_2021_9623306_eq_3.png,3,479,1055,1230,1165,2550,3300,0.947,5,,1xKN1m8nawJHCgMb2xx6YBBFd26PO7JTI
2021,10.1109/VIS49827.2021.9623306,9623306,C,Equations,4,vis_2021_9623306_eq_4.png,3,368,2204,1230,2432,2550,3300,0.95,5,,1aKoyBUueCEDtQ6Sa21VLbt4VFsAJRrfP
2021,10.1109/VIS49827.2021.9623306,9623306,C,Algorithms,1,vis_2021_9623306_alg_1.png,3,1316,1159,2333,1619,2550,3300,1.0,1,Algorithm 1 Elimination operation,1CfVRPy6NDuWO0Ri-9k1sjTQ1vDlg5KPX
2021,10.1109/VIS49827.2021.9623303,9623303,C,Table,1,vis_2021_9623303_table_1.png,2,1555,294,2001,496,2550,3300,0.761,1,,18u2K3aRqgKuLnIku0pRH2Kl_hy4KwFpP
2021,10.1109/VIS49827.2021.9623303,9623303,C,Table,2,vis_2021_9623303_table_2.png,4,324,213,2217,403,2550,3300,0.961,1,,1DHICDN4NRTaQYrxFSMT9KqlWYmJVgXpA
2021,10.1109/VIS49827.2021.9623323,9623323,C,Equations,1,vis_2021_9623323_eq_1.png,1,1619,1098,2331,1218,2550,3300,0.934,3,\begin{equation*}f(x)=\frac{1}{n \sigma} \sum_{i=1}^{n} K\left(\frac{x-x_{i}}{\sigma}\right) \tag{1}\end{equation*},1vLMi9u8TLHqPsnTnz0sTQFHGP2GVZshR
2021,10.1109/VIS49827.2021.9623323,9623323,C,Equations,2,vis_2021_9623323_eq_2.png,2,475,2468,1229,2591,2550,3300,0.945,3,\begin{equation*}h_{K}(x)=\frac{1}{\sqrt{2\pi\sigma^{2}}}\sum_{k=1}^{K}\alpha_{k}e^{-x\lambda_{k}/\sigma} \tag{2}\end{equation*},15ITfwhR7ObqAjXN7DO-IDyfDc1RW57J9
2021,10.1109/VIS49827.2021.9623323,9623323,C,Equations,3,vis_2021_9623323_eq_3.png,2,355,2803,1093,2911,2550,3300,0.947,3,"\begin{align*}&\alpha_{1}=0.84+i1.8675,\alpha_{3}=-0.34015-i0.1299\\ & \quad \lambda_{1}=1.783+i0.6318,\lambda_{3}=1.723+i1.997 \end{align*}",1DCyrkkwwhPSXaMlyknqz3G7yvZFTnbI1
2021,10.1109/VIS49827.2021.9623285,9623285,C,Equations,1,vis_2021_9623285_eq_1.png,3,570,2335,1230,2459,2550,3300,0.926,1,\begin{equation*}A T E=\frac{1}{N} \sum_{i=1}^{M} n_{i} \cdot b_{i} \tag{1}\end{equation*},1Cp5Cr_0Z0J1O5uDWxDGRdXfWgl6jRplR
2021,10.1109/VIS49827.2021.9623289,9623289,C,Equations,1,vis_2021_9623289_eq_1.png,2,372,2451,1231,2587,2550,3300,0.951,1,\begin{equation*}L_{\mathrm{KLIEP}}=\frac{1}{n_{\mathrm{te}}} \sum_{j=1}^{n_{\mathrm{te}}} r\left(d_{j}^{\mathrm{te}}\right)-\frac{1}{n_{\mathrm{tr}}} \sum_{i=1}^{n_{\mathrm{tr}}} \ln \left(r\left(d_{i}^{\mathrm{tr}}\right)\right) \tag{1}\end{equation*},1__VuCcx4os9iYFpSUZAEr4J22TdVEsfl
2021,10.1109/VIS49827.2021.9623289,9623289,C,Table,1,vis_2021_9623289_table_1.png,4,216,1615,1236,1888,2550,3300,0.969,3,"Table 1 The Number of Participants Discovering Each Shift For All Conditions, Higher Is Better. the Best Performing Method For Each Condition Are Highlighted In Bold.",1eBf8EzIozK2n4oi6bbpequ6qSbd2qiax
2021,10.1109/VIS49827.2021.9623289,9623289,C,Table,2,vis_2021_9623289_table_2.png,4,214,2057,1230,2434,2550,3300,0.974,3,Table 2 A Table of P-Values For A Comparison Between A Pair of Conditions From the User Study. Bolded Numbers Are Statistically Significant At $p \lt 0.05$ (One-Tailed Fisher’S Exact Test).,1d_lKLRJWux1jt-2Cf_P4zsWW14_3LcEC
2021,10.1109/VIS49827.2021.9623289,9623289,C,Table,3,vis_2021_9623289_table_3.png,4,228,2599,1216,2915,2550,3300,0.972,3,"Table 3 Average Precision (P), Recall (R) and False Positive Rate (FP) By Condition. the Arrows Indicate Whether Higher Or Lower Is Better.",18fO5pTokIBWBlEn3_YaZwKDc-18Rw9c6
2021,10.1109/VIS49827.2021.9623282,9623282,C,Equations,1,vis_2021_9623282_eq_1.png,2,1356,920,1787,982,2550,3300,0.904,4,,18WInEt21Y-jutEp4kEXSZijydIyObkDn
2021,10.1109/VIS49827.2021.9623282,9623282,C,Table,1,vis_2021_9623282_table_1.png,3,347,1945,1090,2206,2550,3300,0.967,1,Table 1 Performance Results For Study 1.,1ma-0U3hCwy3ibnMnChU4uRO5nBor2h0o
2021,10.1109/VIS49827.2021.9623282,9623282,C,Equations,2,vis_2021_9623282_eq_2.png,4,355,1658,1229,1719,2550,3300,0.844,4,,1O8PbBT2BF3OtS7mD6CC0MPVogAEYULf4
2021,10.1109/VIS49827.2021.9623282,9623282,C,Equations,3,vis_2021_9623282_eq_3.png,4,486,1714,1099,1772,2550,3300,0.667,4,,1Sb732S9iFtrSkPDr4o5d4Ka2MEAxHhaM
2021,10.1109/VIS49827.2021.9623282,9623282,C,Equations,4,vis_2021_9623282_eq_4.png,4,343,1786,1229,1905,2550,3300,0.905,4,,1OfQBFdJT2i1pDODeukkRNp1A_YaET_lU
2021,10.1109/VIS49827.2021.9623282,9623282,C,Equations,5,vis_2021_9623282_eq_5.png,4,356,2743,1230,2861,2550,3300,0.9,4,,1iiJcAOpxccgTw6Gw0pXlxOUDxrBdPxmQ
2021,10.1109/VIS49827.2021.9623314,9623314,C,Table,1,vis_2021_9623314_table_1.png,3,214,1047,1244,1566,2550,3300,0.952,1,Table 1 Commonly-Cited Factors Affecting Novice Color Palette Choice.,1w811AGq9fBM7RPmNxGyVVDEHJJIMnLWr
2021,10.1109/VIS49827.2021.9623301,9623301,C,Table,1,vis_2021_9623301_table_1.png,4,214,1295,1230,1596,2550,3300,0.97,1,"Table 1 Suggested Bin Sizes From Different Mathematical Models Based On the Number of Samples In the Data Set. Apart From Sturge’S Formula Almost All Models Overestimate the Number of Bins Needed For 1,000 Samples and Above.",1z2w8IMocAJLXqM7fTRWMDouack6kfcrw
2021,10.1109/VIS49827.2021.9623297,9623297,C,Table,1,vis_2021_9623297_table_1.png,2,214,207,1241,937,2550,3300,0.975,1,"Table 1 : Self-Reported Characteristics of Our Participants: Job Title, Years of Experience, Highest Degree (Bachelor’S, Master’S, Or Doctoral Degree), and Gender.",1fD2Tc8Lm67h8IiorhgtSxPKYZtjI7o3Z
2021,10.1109/VIS49827.2021.9623298,9623298,C,Algorithms,1,vis_2021_9623298_alg_1.png,2,1316,1377,2333,2258,2550,3300,1.0,0,,1wTjZ5clX37n5-mmLKl2lKKCKfvdelhs5
2021,10.1109/VIS49827.2021.9623298,9623298,C,Algorithms,2,vis_2021_9623298_alg_2.png,3,216,2195,1233,3007,2550,3300,1.0,0,,1FRCsCRBSucLjFtfrn5JBQfvDRXPy9oGZ
2021,10.1109/VIS49827.2021.9623298,9623298,C,Table,1,vis_2021_9623298_table_1.png,4,1295,503,2323,1075,2550,3300,0.974,1,"Table 1 Rendering Times and Memory Usage For Various Scenes, with Emission+Absorption (E+A) Vs. with All Effects (AO, Volumetric Shadows, Gradient Shading). GPU Memory Measured with Nvidia-Smi Is Reported For the Tet20 Memory Layout (For the Smaller Data Sets Those Numbers Include A Slight Bias For Constant Overhead From the Desktop Environment). For Impact We Deactivate Shadows and AO For Lack of A Surface Mesh.",1j1pa85alTZ6fny5pY1ze_FOuCvOXYpin
2021,10.1109/VIS49827.2021.9623310,9623310,C,Equations,1,vis_2021_9623310_eq_1.png,1,502,1347,1231,1412,2550,3300,0.916,17,"\begin{equation*}\mathbf{v}(\mathbf{x}) \times \mathbf{w}(\mathbf{x})=\mathbf{0}\ \text { or }\ \mathbf{v}=\lambda \mathbf{w}, \tag{1}\end{equation*}",1DwS7-2gfaZK6-7maY4tadZxJSRGbJnlK
2021,10.1109/VIS49827.2021.9623310,9623310,C,Equations,2,vis_2021_9623310_eq_2.png,1,1341,1240,2331,1408,2550,3300,0.947,17,"\begin{equation*}\begin{pmatrix} v_{0x} & v_{1x} & v_{2x}\\ v_{0y} & v_{1y} & v_{2y}\\ v_{0z} & v_{1z} & v_{2z} \end{pmatrix}\begin{pmatrix} \mu_{0}\\ \mu_{1}\\ \mu_{2} \end{pmatrix}=\lambda \begin{pmatrix} w_{0x} & w_{1x} & w_{2x}\\ w_{0y} & w_{1y} & w_{2y}\\ w_{0z} & w_{1z} & w_{2z} \end{pmatrix}\begin{pmatrix} \mu_{0}\\ \mu_{1}\\ \mu_{2} \end{pmatrix}, \tag{2}\end{equation*}",1bnySRIePxobuUyfjUZM-CMH0WqScwJ6L
2021,10.1109/VIS49827.2021.9623310,9623310,C,Equations,3,vis_2021_9623310_eq_3.png,1,1585,1870,2330,1940,2550,3300,0.919,17,"\begin{equation*}\operatorname{det}(\mathbf{A})\lambda ^{3}+\cdot\lambda ^{2}+\cdot\lambda +\operatorname{det}(\mathbf{B}), \tag{3}\end{equation*}",16f0wUXbn3MjHq8lTZAaL36JeLgdkJVA-
2021,10.1109/VIS49827.2021.9623310,9623310,C,Equations,4,vis_2021_9623310_eq_4.png,2,406,1637,1230,1784,2550,3300,0.957,17,"\begin{align*}\mathbf{v}(\mathbf{x})=&\mu_{0}\mathbf{v}_{0}+\mu_{1}\mathbf{v}_{1}+\mu_{2}\mathbf{v}_{2}+\mu_{3}\mathbf{v}_{2} \\\mathbf{w}(\mathbf{x})=&\mu_{0}\mathbf{w}_{0}+\mu_{1}\mathbf{w}_{1}+\mu_{2}\mathbf{w}_{2}+\mu_{3}\mathbf{w}_{2}\\ 1=&\mu_{0}+\mu_{1}+\mu_{2}+\mu_{3}, \tag{4}\end{align*}",1EyptoXJLbCgfHBa_sOgJCvlvm1A4AmtE
2021,10.1109/VIS49827.2021.9623310,9623310,C,Equations,5,vis_2021_9623310_eq_5.png,2,222,2041,1290,2227,2550,3300,0.946,17,"\begin{equation*}\begin{pmatrix} v_{0x} & v_{1x} & v_{2x} & v_{3x}\\ v_{0y} & v_{1y} & v_{2y} & v_{3y}\\ v_{0z} & v_{\mathrm{l}z} & v_{2z} & v_{3z} \end{pmatrix}\begin{pmatrix} \mu_{0}\\ \mu_{1}\\ \mu_{2}\\ \mu_{3} \end{pmatrix}=\lambda \begin{pmatrix} w_{0x} & w_{1x} & w_{2x} & w_{3x}\\ w_{0y} & w_{1y} & w_{2y} & w_{3y}\\ w_{0z} & w_{\mathrm{l}z} & w_{2z} & w_{3z} \end{pmatrix}\begin{pmatrix} \mu_{0}\\ \mu_{1}\\ \mu_{2}\\ \mu_{3} \end{pmatrix}\ ,\tag{5}\end{equation*}",1ojs76myfmp9og86g9BFbkdhRlBA-9LNb
2021,10.1109/VIS49827.2021.9623310,9623310,C,Equations,6,vis_2021_9623310_eq_6.png,2,233,2447,1230,2764,2550,3300,0.95,17,"\begin{align*}&\begin{pmatrix}
v_{0 x}-v_{3 x} & v_{1 x}-v_{3 x} & v_{2 x}-v_{3 x} \\
v_{0 y}-v_{3 y} & v_{1 y}-v_{3 y} & v_{2 y}-v_{3 y} \\
v_{0 z}-v_{3 z} & v_{1 z}-v_{3 z} & v_{2 z}-v_{3 z}
\end{pmatrix}\begin{pmatrix}
\mu_{0} \\
\mu_{1} \\
\mu_{2}
\end{pmatrix}+\begin{pmatrix}
v_{3 x} \\
v_{3 y} \\
v_{3 z}
\end{pmatrix}\\&=\lambda \left[\begin{pmatrix}
w_{0 x}-w_{3 x} & w_{1 x}-w_{3 x} & w_{2 x}-w_{3 x} \\
w_{0 y}-w_{3 y} & w_{1 y}-w_{3 y} & w_{2 y}-w_{3 y} \\
w_{0 z}-w_{3 z} & w_{1 z}-w_{3 z} & w_{2 z}-w_{3 z}
\end{pmatrix}\begin{pmatrix}
\mu_{0} \\
\mu_{1} \\
\mu_{2}
\end{pmatrix}+\begin{pmatrix}
w_{3 x} \\
w_{3 y} \\
w_{3 z}
\end{pmatrix}\right] . \tag{6}\end{align*}",1WA7cFASwFSM-dkQRHqHLTg1R3Rub6NEj
2021,10.1109/VIS49827.2021.9623310,9623310,C,Equations,7,vis_2021_9623310_eq_7.png,2,543,2960,1230,3020,2550,3300,0.927,17,"\begin{equation*}\mathbf{A}\mu + a = \lambda (\mathbf{B}\mu + b), \tag{7}\end{equation*}",1025hnIC8zHSCYtYu511rWXxbF1d1AXdN
2021,10.1109/VIS49827.2021.9623310,9623310,C,Equations,8,vis_2021_9623310_eq_8.png,2,1613,606,2331,670,2550,3300,0.923,17,\begin{equation*}(\mathbf{A}-\lambda \mathbf{B}) \boldsymbol{\mu}=-(\mathbf{a}-\lambda \mathbf{b}). \tag{8}\end{equation*},16-PPJwXQBo1mYUtnJ_MLcRybL7GKgrfm
2021,10.1109/VIS49827.2021.9623310,9623310,C,Equations,9,vis_2021_9623310_eq_9.png,2,1413,798,2331,862,2550,3300,0.937,17,"\begin{equation*}\operatorname{adj}(\mathbf{A}-\lambda \mathbf{B})(\mathbf{A}-\lambda \mathbf{B}) \boldsymbol{\mu}=-\operatorname{adj}(\mathbf{A}-\lambda \mathbf{B})(\mathbf{a}-\lambda \mathbf{b}), \tag{9}\end{equation*}",1cYEd5h-_UmsxhhSNoIe_bDbsq1jfvjfz
2021,10.1109/VIS49827.2021.9623310,9623310,C,Equations,10,vis_2021_9623310_eq_10.png,2,1488,1073,2331,1136,2550,3300,0.914,17,\begin{equation*}\operatorname{det}(\mathbf{A}-\lambda \mathbf{B}) \boldsymbol{\mu}=-\operatorname{adj}(\mathbf{A}-\lambda \mathbf{B})(\mathbf{a}-\lambda \mathbf{b}). \tag{10}\end{equation*},1Qi8sgh8Y6I7pkNJRGqO6cMl8BMPQM8HB
2021,10.1109/VIS49827.2021.9623310,9623310,C,Equations,11,vis_2021_9623310_eq_11.png,2,1641,1391,2332,1546,2550,3300,0.94,17,\begin{equation*}\begin{cases}\mu_{0}=P_{0}(\lambda )/Q(\lambda ) \\ \mu_{1}=P_{1}(\lambda )/Q(\lambda ) \\ \mu_{2}=P_{2}(\lambda )/Q(\lambda ) \end{cases} \tag{11}\end{equation*},1CvPtLtv1DZz9h2b3kZWjpFtmFK4mfL-8
2021,10.1109/VIS49827.2021.9623310,9623310,C,Equations,12,vis_2021_9623310_eq_12.png,2,1311,1672,2321,1792,2550,3300,0.818,17,\begin{equation*}\mu_{3}=1-\mu_{0}-\mu_{1}-\mu_{2}=\frac {Q(\lambda )-P_{0}(\lambda )-P_{1}(\lambda )-P_{2}(\lambda )}{Q(\lambda )}=\frac {P_{3}(\lambda )} {Q(\lambda )}\tag{12}\end{equation*},1SxDLzEZ-8q_7FEzTj5406_gO8CvkYpYB
2021,10.1109/VIS49827.2021.9623310,9623310,C,Equations,13,vis_2021_9623310_eq_13.png,2,1314,2130,2346,2468,2550,3300,0.962,17,"\begin{align*}&Q(\lambda )=\operatorname{det}(\mathbf{A}-\lambda \mathbf{B})=\left|\begin{array}{lll}
a_{00}-b_{00} \lambda & a_{01}-b_{01} \lambda & a_{02}-b_{02} \lambda \\
a_{10}-b_{10} \lambda & a_{11}-b_{11} \lambda & a_{12}-b_{12} \lambda \\
a_{20}-b_{20} \lambda & a_{21}-b_{21} \lambda & a_{22}-b_{22} \lambda 
\end{array}\right|\\&=-\operatorname{det}(\mathbf{B}) \lambda ^{3}+\left(\left|\begin{array}{lll}
a_{00} & b_{01} & b_{02} \\
a_{10} & b_{11} & b_{12} \\
a_{20} & b_{21} & b_{22}
\end{array}\right|+\left|\begin{array}{lll}
b_{00} & a_{01} & b_{02} \\
b_{10} & a_{11} & b_{12} \\
b_{20} & a_{21} & b_{22}
\end{array}\right|+\left|\begin{array}{lll}
b_{00} & b_{01} & a_{02} \\
b_{10} & b_{11} & a_{12} \\
b_{20} & b_{21} & a_{22}
\end{array}\right|\right) \lambda ^{2}
\\&-\left(\begin{array}{lll}
\left.\left|\begin{array}{lll}
a_{00} & a_{01} & b_{02} \\
a_{10} & a_{11} & b_{12} \\
a_{20} & a_{21} & b_{22}
\end{array}\right|+\left|\begin{array}{lll}
a_{00} & b_{01} & a_{02} \\
a_{10} & b_{11} & a_{12} \\
a_{20} & b_{21} & a_{22}
\end{array}\right|+\left|\begin{array}{lll}
b_{00} & a_{01} & a_{02} \\
b_{10} & a_{11} & a_{12} \\
b_{20} & a_{21} & a_{22}
\end{array}\right|\right) \lambda +\operatorname{det}(\mathbf{A})
\end{array}\right., \tag{13}\end{align*}",1cm6HyxrEnucXyE4kB6bOO8LDqlCmWts0
2021,10.1109/VIS49827.2021.9623310,9623310,C,Equations,14,vis_2021_9623310_eq_14.png,3,222,441,1237,747,2550,3300,0.932,17,\begin{align*}&{\mathrm {adj}} \left(\mathbf{A}-\lambda \mathbf{B}\right)\\&=\left(\begin{array}{ccc}+|\begin{array}{ll}a_{11}-b_{11}\lambda &a_{12}-b_{12}\lambda \\a_{21}-b_{21}\lambda &a_{22}-b_{22}\lambda \end{array}|-|\begin{array}{cc}a_{01}-b_{01}\lambda &a_{02}-b_{02}\lambda \\a_{21}-b_{21}\lambda &a_{22}-b_{22}\lambda \end{array}|+|\begin{array}{cc}a_{01}-b_{01}\lambda &a_{02}-b_{02}\lambda \\a_{11}-b_{11}\lambda &a_{12}-b_{12}\lambda \end{array}|\\-|\begin{array}{lll}a_{10}-b_{10}\lambda &a_{12}-b_{12}\lambda \\a_{20}-b_{20}\lambda &a_{22}-b_{22}\lambda \end{array}|+|\begin{array}{ll}a_{00}-b_{00}\lambda &a_{02}-b_{02}\lambda \\a_{20}-b_{20}\lambda &a_{22}-b_{22}\lambda \end{array}|-|\begin{array}{ll}a_{00}-b_{00}\lambda &a_{02}-b_{02}\lambda \\a_{10}-b_{10}\lambda &a_{12}-b_{12}\lambda \end{array}|\\+|\begin{array}{lll}a_{10}-b_{10}\lambda &a_{11}-b_{11}\lambda \\a_{20}-b_{20}\lambda &a_{21}-b_{21}\lambda \end{array}|-|\begin{array}{ll}a_{00}-b_{00}\lambda &a_{01}-b_{01}\lambda \\a_{20}-b_{20}\lambda &a_{21}-b_{21}\lambda \end{array}|+|\begin{array}{ll}a_{00}-b_{00}\lambda &a_{01}-b_{01}\lambda \\a_{10}-b_{10}\lambda &a_{11}-b_{11}\lambda \end{array}|\end{array}\right);\tag{14}\end{align*},1-VcmeaR9Wzy-ZLd2wSiNU1GB9UwdKMjV
2021,10.1109/VIS49827.2021.9623310,9623310,C,Equations,15,vis_2021_9623310_eq_15.png,3,515,1985,1230,2178,2550,3300,0.948,17,\begin{equation*}\begin{cases} 0\leq P_{0}(\lambda )/Q(\lambda )\leq 1\\ 0\leq P_{1}(\lambda )/Q(\lambda )\leq 1\\ 0\leq P_{2}(\lambda )/Q(\lambda )\leq 1\\ 0\leq P_{3}(\lambda )/Q(\lambda )\leq 1 \end{cases} \tag{15}\end{equation*},12H78DnQ8ADidRF1TTG61nos2SMVg110D
2021,10.1109/VIS49827.2021.9623310,9623310,C,Equations,16,vis_2021_9623310_eq_16.png,3,358,2269,1230,2464,2550,3300,0.959,17,"\begin{align*}
P_{0}(\lambda) / Q(\lambda) \geq 0 & \left(Q(\lambda)-P_{0}(\lambda)\right) / Q(\lambda) \geq 0 \\
P_{1}(\lambda) / Q(\lambda) \geq 0 & \left(Q(\lambda)-P_{1}(\lambda)\right) / Q(\lambda) \geq 0 \\
P_{2}(\lambda) / Q(\lambda) \geq 0 & \left(Q(\lambda)-P_{2}(\lambda)\right) / Q(\lambda) \geq 0 \\
P_{3}(\lambda) / Q(\lambda) \geq 0 & \left(Q(\lambda)-P_{3}(\lambda)\right) / Q(\lambda) \geq 0. \tag{16}\end{align*}",1tYXGtJAKEbHGTnOtvzGFil4fz8DL4OT2
2021,10.1109/VIS49827.2021.9623310,9623310,C,Equations,17,vis_2021_9623310_eq_17.png,3,1493,1533,2330,1651,2550,3300,0.954,17,\begin{equation*}\lim_{\lambda \rightarrow\infty}\frac{P(\lambda )}{Q(\lambda )}=\lim_{\lambda \rightarrow-\infty}\frac{P(\lambda )}{Q(\lambda )}=\lim_{\lambda \rightarrow+\infty}\frac{P(\lambda )}{Q(\lambda )}. \tag{17}\end{equation*},1xhJqFL8IMHUYPFylNgfRMydrVgVO125g
2021,10.1109/VIS49827.2021.9623307,9623307,C,Table,1,vis_2021_9623307_table_1.png,2,1413,1514,2236,1997,2550,3300,0.974,1,TABLE 1 Categories of Figure Units and Respective Percentages Collected From Related Research Papers.,13uTqeRmKiAft64Y0dn9nsMLMnUp6sh8_
2021,10.1109/VIS49827.2021.9623307,9623307,C,Equations,1,vis_2021_9623307_eq_1.png,3,490,2841,1231,2909,2550,3300,0.919,2,\begin{equation*}c=\sqrt{r^{2}+R^{2}-2rR\cdot\cos\theta} \tag{1}\end{equation*},1EJSR1eHVuar370aNKosqMAfwSas2MCWI
2021,10.1109/VIS49827.2021.9623307,9623307,C,Equations,2,vis_2021_9623307_eq_2.png,4,567,1097,1231,1159,2550,3300,0.918,2,\begin{equation*}r=R\cdot\cos(|\Phi-\phi|) \tag{2}\end{equation*},1M5UKApQx2hwQHxmaytF0l1itq2Ue6H-g
2021,10.1109/VIS49827.2021.9623319,9623319,C,Table,1,vis_2021_9623319_table_1.png,3,303,776,1146,1109,2550,3300,0.723,3,Table 1 P-Values From ANOVA In First and Second Pilot Studies.,1YLUXDSvHs2MMisfiCehrnFJFaS0xABld
2021,10.1109/VIS49827.2021.9623319,9623319,C,Table,2,vis_2021_9623319_table_2.png,4,517,1293,932,1465,2550,3300,0.941,3,Table 2 Results of ANOVA Tests In the Third Study.,13D0sttkF6KJcmEblgH_EMnpWhfYp2hxw
2021,10.1109/VIS49827.2021.9623319,9623319,C,Table,3,vis_2021_9623319_table_3.png,4,300,2561,1153,2893,2550,3300,0.974,3,Table 3 Results of Kolmogorov-Smirnov Test Comparing Distribution of Interaction Wait Lengths In Third Study Task 1.,1A-Mxdsbf84Z9CECu9i1bZEkSSUXVyBlN
2021,10.1109/VIS49827.2021.9623272,9623272,C,Table,1,vis_2021_9623272_table_1.png,2,1364,1282,2281,1546,2550,3300,0.935,1,Table 1 Data Structure Used In the Analysis of WDS Simulations.,1a8BDQWbJcFfCByAE9TUqzJCINlXFV896
2021,10.1109/VIS49827.2021.9623317,9623317,C,Equations,1,vis_2021_9623317_eq_1.png,3,1702,2047,2331,2153,2550,3300,0.602,1,\begin{equation*}\frac{\text {phenotype}+\alpha}{\text {total}+\alpha+\beta} \tag{1}\end{equation*},1PbyxNv_iveqW6vQoIGOKUyRQn1PqZFCa
2021,10.1109/VIS49827.2021.9623317,9623317,C,Table,1,vis_2021_9623317_table_1.png,4,222,418,1232,815,2550,3300,0.978,1,"Table 1 : Average Time (In Seconds) Domain Experts Needed To Complete Tasks For Each Tool. Improvement of Time (In %) of CPAW Vs. CPA 3.0. Tasks 2-4 Consisted of Multiple Sub-Tasks with Fetching, Classifying, Training and Evaluating, Which Required More Time Than Other Tasks.",118bLWmlpJ1o2TWoMtDq7AuN7nqOmzlJj
2021,10.1109/VIS49827.2021.9623324,9623324,C,Algorithms,1,vis_2021_9623324_alg_1.png,3,216,2071,1233,2954,2550,3300,1.0,0,,1xBFR1UttnWdIzlpMyVQb1ZFtkzyBhKV1
2021,10.1109/VIS49827.2021.9623324,9623324,C,Equations,1,vis_2021_9623324_eq_1.png,3,1466,2099,2330,2159,2550,3300,0.829,1,\begin{equation*}\text { confidence score }=P_{\text {area }} * 0.65+P_{\text {points }} * 0.35 \tag{1}\end{equation*},1B6Wa3p1VpEwXH6h7fnvrcYKEBi54Liry
2021,10.1109/VIS49827.2021.9623296,9623296,C,Table,1,vis_2021_9623296_table_1.png,4,312,1371,1136,2023,2550,3300,0.974,1,Table 1 : Graph and Layout Properties For Each Participant In Our Study.,1YMP_fUxl4l6cSYYClMnSbrXhha6B0Kf-
2021,10.1109/VIS49827.2021.9623291,9623291,C,Equations,1,vis_2021_9623291_eq_1.png,2,1382,1509,2266,1572,2550,3300,0.911,5,"\begin{equation*}Animation:=\left\{\left(k_{1}, k_{2}, \ldots, k_{N}\right),\left(g_{1 \rightarrow 2}, g_{2 \rightarrow 3}, \ldots, g_{N \rightarrow N-1}\right)\right\}\end{equation*}",13GQDimAYcIVXkkMHU3nXoDCPa89KNECs
2021,10.1109/VIS49827.2021.9623291,9623291,C,Equations,2,vis_2021_9623291_eq_2.png,3,341,2492,1106,2556,2550,3300,0.829,5,"\begin{equation*}Anim.Recom: \left\{\left(k_{1}, k_{2}, \ldots, k_{N}\right), M\right\} \rightarrow\left(H_{1}, H_{2}, \ldots\right)\end{equation*}",1D5E7aZcBL9PG7GGmzX1d8FqQR5mXT_kx
2021,10.1109/VIS49827.2021.9623291,9623291,C,Equations,3,vis_2021_9623291_eq_3.png,3,482,2789,966,2863,2550,3300,0.926,5,"\begin{equation*}G_{i \rightarrow i+1}=\left(g_{i \rightarrow i+1}^{1}, g_{i \rightarrow i+1}^{2}, \ldots\right)\end{equation*}",1ERtrt6pz878lWP4wxu_0vz-WvcTVtVxE
2021,10.1109/VIS49827.2021.9623291,9623291,C,Equations,4,vis_2021_9623291_eq_4.png,3,1357,1725,2287,1893,2550,3300,0.931,5,"\begin{align*}
&\text { Candidates }=\left\{H_{i} \mid \forall i, \sum_{j} \text { stage }\left(g_{j \rightarrow j+1}^{i}\right)=M\right. \\
&\left.\qquad \& H_{i} \in G_{1 \rightarrow 2} \times G_{2 \rightarrow 3} \times \ldots \times G_{N-1 \rightarrow N+1}\right\}
\end{align*}",1aMfWFJ0MpyZg-FvNnHaotki3W9aFlYBi
2021,10.1109/VIS49827.2021.9623291,9623291,C,Equations,5,vis_2021_9623291_eq_5.png,3,1476,2036,2170,2139,2550,3300,0.916,5,\begin{equation*}f_{\mathrm{total~ complexity }}\left(H_{i}\right)=\sum_{j=1} f_{\mathrm{complexity }}\left(g_{j \rightarrow j+1}^{i}\right)\end{equation*},1l5ps6mzlzgmofJyxlycff-nBcLrlcllp
2022,10.1109/VIS54862.2022.00013,9973221,C,Table,1,vis_2022_00013_table_1.png,2,257,2694,1243,2959,2550,3300,0.972,1,"Table 1: Requirement assessment for effective visualization of large time series, applied to popular open source libraries",1B8rwN0nZIhCY3mjaOsVeotYqdjndG9GP
2022,10.1109/VIS54862.2022.00016,9973197,C,Table,1,vis_2022_00016_table_1.png,2,1378,1451,2197,1742,2550,3300,0.978,4,Table 1: Number and % of figures with the specified number of lines,1Bf_lxBdTAgjsuc-InaaMyA01LijORpXl
2022,10.1109/VIS54862.2022.00016,9973197,C,Table,2,vis_2022_00016_table_2.png,3,289,460,1219,845,2550,3300,0.951,4,"Table 2: Average, mode, and maximum number of words and number of references to axis values for individual line and overall chart de-scriptions. The minimum number of words was 3 while the minimum number of axis value references was 0 for all description types",1yNYc_sW4Rne42f1HNtwDya1p5PtGfa7e
2022,10.1109/VIS54862.2022.00016,9973197,C,Table,3,vis_2022_00016_table_3.png,3,1313,1440,2261,1795,2550,3300,0.972,4,Table 3: Accuracy of the line count prediction model on the FigureQA and LineCap datasets when trained with the full FigureQA dataset and a sub-sample of the FigureQA dataset,1TRkXjGKz9DvY48FGVqEauD8StPAi82l7
2022,10.1109/VIS54862.2022.00016,9973197,C,Table,4,vis_2022_00016_table_4.png,4,315,1574,1194,1922,2550,3300,0.958,4,Table 4: The caption generation model's performance on the test split of LineCap. Accuracy is reported for a sub-sample of 100 figures. All scores are reported when the ground-truth line count number is used in the caption generation model. Scores that use the predicted line count number are in the supplementary materials,1gVW3qnbw0hWX5-k8X_3yBjYtZr_fLih1
2022,10.1109/VIS54862.2022.00017,9973198,C,Table,1,vis_2022_00017_table_1.png,3,1382,342,2194,842,2550,3300,0.972,1,Table 1: Results of the quantitative evaluation,1NwwHD_GyvZLVGB5qt8_tG1uH_pJ2CJqk
2022,10.1109/VIS54862.2022.00023,9973212,C,Table,1,vis_2022_00023_table_1.png,2,1297,2736,2272,2992,2550,3300,0.972,2,Table 1: Comparing three active learning strategies for three analytic goals. The evaluation metrics are described in Section 3.2,1wGzItiLLK8dIcdVcfNot9pbXNAns2H1d
2022,10.1109/VIS54862.2022.00023,9973212,C,Table,2,vis_2022_00023_table_2.png,4,345,345,2210,854,2550,3300,0.982,2,Table 2: The results of two-sample t-tests on the metrics discussed in Section 4.4,1N3VjZnvCTh_J6mnIxdeeApEAwlhZKHSd
2022,10.1109/VIS54862.2022.00024,9973230,C,Equations,1,vis_2022_00024_eq_1.png,2,632,1494,1243,1566,2550,3300,0.909,9,"\begin{equation*}arg \min _Y C(X, Y)\tag{1}\end{equation*}",1rIG4ciG5WmHWt0iJaYs3VKZTjEu24q6k
2022,10.1109/VIS54862.2022.00024,9973230,C,Equations,2,vis_2022_00024_eq_2.png,2,276,1991,1243,2112,2550,3300,0.954,9,"\begin{equation*}
p_{i j}=\frac{p_{j \mid i}+p_{i \mid j}}{2}, \quad p_{j \mid i}=\frac{exp \left(-\left\Vert x_i-x_j\right\Vert^2 / 2 \sigma_i^2\right)}{\sum_{k !=i} exp \left(-\left\Vert x_i-x_k\right\Vert^2 / 2 \sigma_i^2\right)},\tag{2}\end{equation*}",1m3Kwsmo_hMQAngi49x5ovqQ77kvxgOSO
2022,10.1109/VIS54862.2022.00024,9973230,C,Equations,3,vis_2022_00024_eq_3.png,2,429,2347,1242,2463,2550,3300,0.915,9,"\begin{equation*}
q_{i j}=\frac{w_{i j}}{\sum_k \sum_l w_{k l}}, \quad w_{i j}=\frac{1}{1+\left\vert y_i-y_j\right\vert_2^2}. \tag{3}\end{equation*}",13_lv6p0jvSMp3RPNvWLjDLueacNaKK7d
2022,10.1109/VIS54862.2022.00024,9973230,C,Equations,4,vis_2022_00024_eq_4.png,2,482,2579,1242,2688,2550,3300,0.942,9,"\begin{equation*}
C=K L(P \vert Q)=\sum_i \sum_j p_{i j} log \frac{p_{i j}}{q_{i j}}.\tag{4}\end{equation*}",1wb6vNae2wztwR5VzcMVMoTTg0xyPyIBs
2022,10.1109/VIS54862.2022.00024,9973230,C,Equations,5,vis_2022_00024_eq_5.png,2,501,2806,1243,2929,2550,3300,0.925,9,\begin{equation*}\frac{\partial C}{\partial y_i}=4 \sum_j \frac{\left(p_{i j}-q_{i j}\right)\left(y_i-y_j\right)}{1+\left\Vert y_i-y_j\right\Vert_2^2} \text {. }\tag{5}\end{equation*},1y406IkdmMGEeRosr6lse0Eb7ZwQJkZ-4
2022,10.1109/VIS54862.2022.00024,9973230,C,Equations,6,vis_2022_00024_eq_6.png,2,1627,1115,2277,1188,2550,3300,0.923,9,"\begin{equation*}
arg \min _\theta C\left(X, f_\theta(X)\right).\tag{6}\end{equation*}",1qCeft5V_LuR3B4ch1A0S3FVIMU_Umrvk
2022,10.1109/VIS54862.2022.00024,9973230,C,Equations,7,vis_2022_00024_eq_7.png,2,1458,1317,2277,1433,2550,3300,0.951,9,"\begin{equation*}\frac{\partial C\left(X, f_\theta(X)\right)}{\partial \theta}=\sum_i \frac{\partial C\left(x_i, f_\theta\left(x_i\right)\right)}{\partial f_\theta\left(x_i\right)} \frac{\partial f_\theta\left(x_i\right)}{\partial \theta},\tag{7}\end{equation*}",138yTU2ntG5A48SoMY6Wlmz7FM7Cd9eH1
2022,10.1109/VIS54862.2022.00024,9973230,C,Equations,8,vis_2022_00024_eq_8.png,2,1407,1582,2277,1703,2550,3300,0.947,9,\begin{equation*}\frac{\partial C}{\partial \theta}=4 \sum_i \sum_j \frac{\left(p_{i j}-q_{i j}\right)\left(f_\theta\left(x_i\right)-f_\theta\left(x_j\right)\right)}{\left.1+\Vert f_\theta\left(x_i\right)\right)-f_\theta\left(x_j\right) \Vert_2^2} \frac{\partial f_\theta\left(x_i\right)}{\partial \theta}.\tag{8}\end{equation*},10wBXs6SO152XEl9Ai1I6b_V7DRrEx8Jq
2022,10.1109/VIS54862.2022.00024,9973230,C,Equations,9,vis_2022_00024_eq_9.png,3,556,1800,1242,1858,2550,3300,0.93,9,\begin{equation*}\mu=(M_{t}+M_{c}+M_{NH})/3.\tag{9}\end{equation*},1ndLHJx93rlSuIkCtEKHPFmvX2VMSRXYL
2022,10.1109/VIS54862.2022.00024,9973230,C,Table,1,vis_2022_00024_table_1.png,4,295,1091,2274,1924,2550,3300,0.84,1,"Table 1: (Top and middle) The numbers show the quality (Equation 9) of embeddings generated by the baselines and our method. Each method is given the best parameter that can work well on each dataset (top) and on all datasets (middle), respectively. We highlight the best quality in bold fonts. (Bottom) Timing statistics in seconds. Each number is the average of multiple runs using the grid search parameters (Section 4.4)",1l7q2YIGKO5P7XW1Ns7CNFz0GfGs9jz4O
2022,10.1109/VIS54862.2022.00025,9973206,C,Equations,1,vis_2022_00025_eq_1.png,1,1522,2340,2276,2422,2550,3300,0.935,7,"\begin{equation*}\rho_i=\min _{j \in \mathscr{N}_i}\left\{d\left(x_i, x_j\right) \mid d\left(x_i, x_j\right)>0\right\}.\tag{1}\end{equation*}",1II8D9Op7bL5yfZw-dHKty4yoRnhUmUiF
2022,10.1109/VIS54862.2022.00025,9973206,C,Equations,2,vis_2022_00025_eq_2.png,1,1434,2498,2276,2601,2550,3300,0.939,7,"\begin{equation*}\sum_{j \in \mathscr{N}_i} \exp \left(-\max \left(0, d\left(x_i, x_j\right)-\rho_i\right) / \sigma_i\right)=\log _2(k).\tag{2}\end{equation*}",16s-JDKKP9S72y5DXmJ5JXkK8vbWVbxTv
2022,10.1109/VIS54862.2022.00025,9973206,C,Equations,3,vis_2022_00025_eq_3.png,1,1495,2683,2276,2747,2550,3300,0.93,7,"\begin{equation*}
v_{j \mid i}=\exp \left(-\max \left(0, d\left(x_i, x_j\right)-\rho_i\right) / \sigma_i\right),\tag{3}\end{equation*}",1LunAiR65W2Bl22Wxe357pM9AG8JFqHMF
2022,10.1109/VIS54862.2022.00025,9973206,C,Equations,4,vis_2022_00025_eq_4.png,2,274,429,1224,533,2550,3300,0.941,7,"\begin{equation*}
C E=\sum_{i \neq j}\left[v_{i j} \cdot \log \left(v_{i j} / w_{i j}\right)-\left(1-v_{i j}\right) \cdot \log \left(\left(1-v_{i j}\right) /\left(1-w_{i j}\right)\right)\right],\tag{4}\end{equation*}",1ytGgV6zzgYij6Lk14sJFbIrgKNhLqXiL
2022,10.1109/VIS54862.2022.00025,9973206,C,Equations,5,vis_2022_00025_eq_5.png,2,493,769,1239,909,2550,3300,0.953,7,"\begin{equation*}\displaystyle \frac{CE^{+}}{y_{i}}=\frac{-2abd_{ij}^{2(b-1)}}{1+ad_{ij}^{2b}}v_{ij}(y_{i}-y_{j}),\tag{5}\end{equation*}",1XiSqX1lETrv9cDgt4fIoIhYJIr7kI9qe
2022,10.1109/VIS54862.2022.00025,9973206,C,Equations,6,vis_2022_00025_eq_6.png,2,409,988,1239,1111,2550,3300,0.956,7,\begin{equation*}\frac{C E^{-}}{y_i}=\frac{2 b}{(\varepsilon+d_{i j}^2)(1+a d_{i j}^{2 b})}(1-v_{i j})(y_i-y_j). \tag{6}\end{equation*},1Ib0QssL4dK70re0H_PzYEbI53GTiYPX0
2022,10.1109/VIS54862.2022.00025,9973206,C,Equations,7,vis_2022_00025_eq_7.png,2,348,1468,1239,1596,2550,3300,0.953,7,"\begin{equation*}
O=\sum_{(i, j) \in E} v_{i j}(\log (w_{i j})+\sum_{k=1}^M E_{j_k \sim P_n(j)} \gamma \log (1-w_{i j_k})).\tag{7}\end{equation*}",1eI61rouu-AKLeFRe88HeTI4Ca1rVpaCo
2022,10.1109/VIS54862.2022.00025,9973206,C,Table,1,vis_2022_00025_table_1.png,4,371,289,2183,1513,2550,3300,0.975,1,"Table 1: Quantitative results of UMATO and six baseline algorithms. The hyperparameters of the DR algorithms are chosen to minimize KL0.1. The best one is bold and underlined, and the runner-up is bold. Only the first four digits are shown for conciseness",1pJaEurjVs0D6_26jbo06LkLroC5ScUPt
2022,10.1109/VIS54862.2022.00030,9973209,C,Table,1,vis_2022_00030_table_1.png,3,264,418,1235,707,2550,3300,0.962,1,Table 1: Proposed layout designs (refer to Figure 1) and their layout factors categorized based on perception (see section 3.1) and content (see section 3.2),1VMH6voOb41EwkwzrMSP_s9D4GYM_jKDA
2022,10.1109/VIS54862.2022.00034,9973199,C,Equations,1,vis_2022_00034_eq_1.png,3,258,2366,1241,2468,2550,3300,0.933,1,\begin{equation*}\text { range size }=\frac{\left({ Exp }_{max }-{Exp}_{min }\right) \cdot 10+\left({ Mant }_{max }-{ Mant }_{min }\right)}{10}\tag{1}\end{equation*},1cr0iiWEZxRHOnBtWWzp-Ikkj5LFVtCIA
2022,10.1109/VIS54862.2022.00034,9973199,C,Table,1,vis_2022_00034_table_1.png,3,1297,291,2270,524,2550,3300,0.952,3,Table 1: P-values of the pairwise $\chi^{2}$-test for extrema reading,1jGtTygff60mbmoCzCj0cDClnBXu3X6Pt
2022,10.1109/VIS54862.2022.00034,9973199,C,Table,2,vis_2022_00034_table_2.png,3,1297,632,2272,868,2550,3300,0.96,3,Table 2: P-values of the pairwise wilcoxon-test for value reading,1o1VKXaidRDqTEcx1GrJibzz51MBoKcda
2022,10.1109/VIS54862.2022.00034,9973199,C,Table,3,vis_2022_00034_table_3.png,4,243,1632,1224,1867,2550,3300,0.962,3,Table 3: P-values of the pairwise fisher-test for value comparison,19qrx-xlbslA1hmVpKtNF8zL3VtoUSsAc
2022,10.1109/VIS54862.2022.00035,9973193,C,Equations,1,vis_2022_00035_eq_1.png,3,593,522,1239,586,2550,3300,0.924,4,\begin{equation*}\lambda: D \subset Z^3 \mapsto L \subset Z\tag{1}\end{equation*},1nMRuAVYutPNdAIi7LUIem3Fub2ZNLbp2
2022,10.1109/VIS54862.2022.00035,9973193,C,Equations,2,vis_2022_00035_eq_2.png,3,587,840,2276,908,2550,3300,0.912,4,\begin{equation*}\phi:L\subset Z\rightarrow R^{S}\times Z^{N}\tag{2}\end{equation*},1TeSW6cHZXA0MurjfE-ExpYVakSdxQagl
2022,10.1109/VIS54862.2022.00035,9973193,C,Equations,3,vis_2022_00035_eq_3.png,3,1572,820,2276,944,2550,3300,0.69,4,"\begin{equation*}\delta(\mathbf{x})=\frac{1}{N} \sum_{k=1}^N K\left(\frac{\mathbf{x}-\mathbf{x}_{\mathbf{k}}}{h}\right),\tag{3}\end{equation*}",1Bh64mdGPHtLc7FOPMxEaDYI5yav64j0C
2022,10.1109/VIS54862.2022.00035,9973193,C,Equations,4,vis_2022_00035_eq_4.png,3,1632,1113,2275,1220,2550,3300,0.93,4,"\begin{equation*}
K(\mathbf{x})=\frac{1}{\sqrt{2 \pi}} e^{-\frac{\mathbf{x}^{T}{\mathbf{x}}}{2}}. \tag{4}\end{equation*}",1Go-fG7sFj2ZxbMenxaium1DH2NpBLVPy
2022,10.1109/VIS54862.2022.00036,9973207,C,Equations,1,vis_2022_00036_eq_1.png,2,618,844,1241,899,2550,3300,0.924,10,,1a6zD8_4R4Cv3tKGYuKZG7PDQtUNVpci3
2022,10.1109/VIS54862.2022.00036,9973207,C,Equations,2,vis_2022_00036_eq_2.png,2,511,1713,1241,1826,2550,3300,0.946,10,,1V-UkOaX8sRTGNR9M0OmKe4FkvJeMkNwy
2022,10.1109/VIS54862.2022.00036,9973207,C,Equations,3,vis_2022_00036_eq_3.png,2,518,2000,2276,2112,2550,3300,0.95,10,,1JtJTdYpUjjGCuSOmgtklbFwUYMS1QZdI
2022,10.1109/VIS54862.2022.00036,9973207,C,Equations,4,vis_2022_00036_eq_4.png,2,664,2249,2276,2330,2550,3300,0.928,10,,1nOV7d8Yik1oPGMbpAXCHchj2XKxzyX59
2022,10.1109/VIS54862.2022.00036,9973207,C,Equations,5,vis_2022_00036_eq_5.png,2,453,2414,1241,2506,2550,3300,0.929,10,,1PnP63pVCl5WJsdlNwbrdk2JOCZ5FDDc7
2022,10.1109/VIS54862.2022.00036,9973207,C,Equations,6,vis_2022_00036_eq_6.png,2,512,2503,1242,2600,2550,3300,0.921,10,,1sSgTSj1PRGMIEG2JiyUEfSeQE4ybJ-wq
2022,10.1109/VIS54862.2022.00036,9973207,C,Equations,7,vis_2022_00036_eq_7.png,2,424,2751,1242,2852,2550,3300,0.734,10,,12Po1ih2PM_g0kRH2QZ7BA0N5TZOSz5ti
2022,10.1109/VIS54862.2022.00036,9973207,C,Equations,8,vis_2022_00036_eq_8.png,2,647,2914,1243,2973,2550,3300,0.904,10,,1G9JY0qf3t70myZY_aAlmdzJlmNjQm8pE
2022,10.1109/VIS54862.2022.00036,9973207,C,Equations,9,vis_2022_00036_eq_9.png,2,1550,2003,2276,2099,2550,3300,0.937,10,,11S5FbNHxHYkvrTBmcWsSMfwyaEwEc1Ke
2022,10.1109/VIS54862.2022.00036,9973207,C,Equations,10,vis_2022_00036_eq_10.png,2,1513,2250,2276,2353,2550,3300,0.95,10,,1nppJdxFxve1Q1zGwpcezMe-dVfo0kQOz
2022,10.1109/VIS54862.2022.00036,9973207,C,Equations,11,vis_2022_00036_eq_11.png,2,1683,2560,2277,2652,2550,3300,0.937,10,,1FhhB1cxcTYG9gPTM6xaxWZicaMeDiDyI
2022,10.1109/VIS54862.2022.00036,9973207,C,Equations,12,vis_2022_00036_eq_12.png,2,1517,2652,2277,2753,2550,3300,0.947,10,,11EFAxe26CvJ88FE5ijHmhyQXQ3Mg5ymO
2022,10.1109/VIS54862.2022.00037,9973196,C,Equations,1,vis_2022_00037_eq_1.png,2,229,958,1217,1071,2550,3300,0.941,5,"\begin{equation*}
f_{ {insert }}(\tau+1)=\sum_{f_i(\tau) \in N\left(f_{{insert }}(\tau)\right)} w_i\left(f_i(\tau+1)-f_i(\tau)\right)+f_{{insert }}(\tau),\tag{1}\end{equation*}",1u3-igzHQzAWfDEzQebc2RNGZ0dwCE87h
2022,10.1109/VIS54862.2022.00037,9973196,C,Equations,2,vis_2022_00037_eq_2.png,2,414,2255,1231,2381,2550,3300,0.951,5,"\begin{equation*}
C(u)=\displaystyle \sum_{i=0}^{n-1}B_{i, k}(u)P_{i},\ u\in[t_{0},t_{n+k-1}],\tag{2}\end{equation*}",1jZgyB7_hT5gcOjKa_uKInH54cDRaVsGX
2022,10.1109/VIS54862.2022.00037,9973196,C,Equations,3,vis_2022_00037_eq_3.png,2,276,2670,1230,2910,2550,3300,0.955,5,"\begin{align*}
B_{i, 1}(u) & = \begin{cases}1, & \text { if } t_i \leq u< t_{i+1} \\
0, & \text { otherwise }\end{cases}, \\
B_{i, k}(u) & =\frac{u-t_i}{t_{i+k-1}-t_i} B_{i, k-1}(u)+\frac{t_{i+k}-u}{t_{i+k}-t_{i+1}} B_{i+1, k-1}(u). \tag{3}\end{align*}",1n-UPzHlmC36SoSc3mVadlzZa9gHpRt4D
2022,10.1109/VIS54862.2022.00037,9973196,C,Equations,4,vis_2022_00037_eq_4.png,2,1622,637,2331,762,2550,3300,0.935,5,\begin{equation*}\displaystyle \mathop{\arg\min}_{P}\sum_{0}^{m-1}\Vert \rho_{i}-C(u_{i})\Vert_{2}\tag{4}\end{equation*},1Exgq8nQ_7JUsgU0hcJGEm6v5k4v1ae1j
2022,10.1109/VIS54862.2022.00037,9973196,C,Equations,5,vis_2022_00037_eq_5.png,3,264,2654,1229,3025,2550,3300,0.925,5,"\begin{align*}
t_r & =\sum_i w_i \cdot t_{i, d_i}, \\
P_{r-\lfloor k / 2\rfloor} & =\sum_i w_i(P_{i, d_i-\lfloor k / 2\rfloor}-C_i(u))+\rho, \\
t_{r+1} & =\sum_i w_i(t_{i, d_i+1}-t_{i, d_i})+t_r, \\
P_{r-\lfloor k / 2\rfloor+1} & =\sum_i w_i(P_{i, d_i-\lfloor k / 2\rfloor+1}-P_{i, d_i-\lfloor k / 2\rfloor})+P_{r-\lfloor k / 2\rfloor},\\\tag{5}\end{align*}",1aA5TU1uPB1S3ioVzMWEw8UvSREFwfXrC
2022,10.1109/VIS54862.2022.00037,9973196,C,Table,1,vis_2022_00037_table_1.png,4,1314,1074,2342,1380,2550,3300,0.977,1,Table 1: B-spline approximation time and control points interpolation time under the conditions of different numbers of control points. The ratio shows the computation time compared to the baseline method,1brZXgBu3L63qjX1FX2W1WKGWCSVByCfz
2022,10.1109/VIS54862.2022.00038,9973214,C,Equations,1,vis_2022_00038_eq_1.png,2,1672,1952,2274,2041,2550,3300,0.939,2,"\begin{equation*}\displaystyle \hat{p}_{\text{type}}:=\frac{c_{\text{type}}}{m},\tag{1}\end{equation*}",1tc2yJ8rsjNc_CGAcjR4mVskMY5Lk9o41
2022,10.1109/VIS54862.2022.00038,9973214,C,Equations,2,vis_2022_00038_eq_2.png,2,1320,2494,2274,2623,2550,3300,0.92,2,"\begin{align*}
{\left[p_{\text {type }}^{\text {lower }}, p_{\text {type }}^{\text {upper }}\right]:=} & {\left[B\left(\alpha / 2; 1 / 2+c_{\text {type }}, 1 / 2+m-c_{\text {type }}\right),\right.} \tag{2}\\
& \left.B\left(1-\alpha / 2; 1 / 2+c_{\text {type }}, 1 / 2+m-c_{\text {type }}\right)\right],\end{align*}",1fSsoMigghjx5GOQ5KcFtPI4lWfOp9g7M
2022,10.1109/VIS54862.2022.00040,9973217,C,Equations,1,vis_2022_00040_eq_1.png,2,1477,1258,2264,1373,2550,3300,0.947,2,"\begin{equation*}
C \hat{o v}_{i, j}=\frac{1}{M-1} \sum_{m=1}^M\left(y_i^m-\hat{\mu}_i\right)\left(y_j^m-\hat{\mu}_j\right)\tag{1}\end{equation*}",1NOUmCndxKr3FinUtZt-U8RDhda8ysUeL
2022,10.1109/VIS54862.2022.00040,9973217,C,Equations,2,vis_2022_00040_eq_2.png,3,392,293,1240,419,2550,3300,0.809,2,"\begin{align*}
&Training_{-}Sample =\left[\hat{\mu_0}, \hat{\mu_1}, \hat{\mu_2}, \hat{\mu_3}, \sigma_0^2, \sigma_1^2, \sigma_2^2, \sigma_3^2\right.,\tag{2}\\
&\ \left.{Cov}_{0,1}, {Cov}_{0,2}, {Cov}_{0,3}, \hat{C o v}_{1,2}, \hat{C o v}_{1,3}, \hat{C o v}_{2,3}, s, p\right]\end{align*}",1vphbBYSL7jhw3c2mGg_B7dN4r-K_gZZj
2023,10.1109/VIS54172.2023.00013,10360915,C,Table,1,vis_2023_00013_table_1.png,2,1296,420,2265,735,2550,3300,0.975,1,"Table 1 Overview of Time Series Data Point Selection Algorithms, Where $N$ Denotes the Time Series Length, and $n_{out}$ Represents the Aggregation Output Size. We Included the Minmaxlttb Algorithm For Comparison.",1cGrw_xGQntee6rKPPsNko9Ob2ovWeZLu
2023,10.1109/VIS54172.2023.00014,10360907,C,Table,1,vis_2023_00014_table_1.png,2,1299,2328,2267,2936,2550,3300,0.976,1,TABLE I The Proposed Trust Dimensions. We Are Informed By the Overlaps In How Trust Is Categorized In the Literature.,1n1sAkKNuw8JoNRtnj1atEQoTT6NQ6_WP
2023,10.1109/VIS54172.2023.00016,10360918,C,Table,1,vis_2023_00016_table_1.png,3,289,379,1134,663,2550,3300,0.896,1,Table I A Table Showing the Different Stimuli and their Associated Data Type and Task Types.,1gnnmieMejg4H2vklCCyGSLM2aw1UHhDt
2023,10.1109/VIS54172.2023.00017,10360892,C,Equations,1,vis_2023_00017_eq_1.png,2,303,1598,1237,1666,2550,3300,0.931,5,"\begin{equation*}\mathscr{C}=\mathscr{C}\left(p_{1}, p_{2}\right):=\left\{C \in \mathbb{R}_{+}^{n_{1} \times n_{2}} \mid C 1_{n_{2}}=p_{1}, C^{T} \mathbf{1}_{n_{1}}=p_{2}\right\}, \tag{1}\end{equation*}",17QlBUPFhiTN_pGjOq3r6tU33pGyhFv95
2023,10.1109/VIS54172.2023.00017,10360892,C,Equations,2,vis_2023_00017_eq_2.png,2,468,2141,1236,2241,2550,3300,0.946,5,"\begin{equation*}d_{q}^{W}\left(G_{1}, G_{2}\right)^{q}=\min _{C \in \mathscr{C}} \sum_{i, j} d_{A}\left(a_{i}, b_{j}\right)^{q} C_{i, j} \tag{2}\end{equation*}",1JFiAFrRFm64vW7JkgCutN3L4r8gnuq3h
2023,10.1109/VIS54172.2023.00017,10360892,C,Equations,3,vis_2023_00017_eq_3.png,2,354,2434,1237,2538,2550,3300,0.948,5,"\begin{equation*}d_{q}^{G W}\left(G_{1}, G_{2}\right)^{q}=\min _{C \in \mathscr{C}} \sum_{i, j, k, l}\left|W_{1}\left(i, k\right)-W_{2}\left(j, l\right)\right|^{q} C_{i, j} C_{k, l} \tag{3}\end{equation*}",1I2OBUsceGmOvweZXm_iwG0UHp-9HgR-0
2023,10.1109/VIS54172.2023.00017,10360892,C,Equations,4,vis_2023_00017_eq_4.png,2,353,2773,1152,2937,2550,3300,0.946,5,"\begin{align*} d_{q, \alpha}^{F G W}\left(G_{1}, G_{2}\right)^{q}= & \min _{C \in \mathscr{C}} \sum_{i, j, k, l}\left[\left(1-\alpha\right) d_{A}\left(a_{i}, b_{j}\right)^{q}\right. \\ & \left.\left.+\alpha \mid W_{1}\left(i, k\right)-W_{2}\left(j, l\right)\right)\left.\right|^{q}\right] C_{i, j} C_{k, l} . \tag{4}\end{align*}",1AMmnp-3fpaGAafkiS7mR-m4Q1ZMf12Gf
2023,10.1109/VIS54172.2023.00017,10360892,C,Equations,5,vis_2023_00017_eq_5.png,2,1351,691,2270,820,2550,3300,0.937,5,"\begin{align*} & \mathscr{C}_{m}=\mathscr{C}_{m}\left(p_{1}, p_{2}\right) \\ & :=\left\{C \in \mathbb{R}_{+}^{n_{1} \times n_{2}} \mid C \mathbf{1}_{n_{2}} \leq p_{1}, C^{T} \mathbf{1}_{n_{1}} \leq p_{2}, \mathbf{1}_{n_{1}}^{T} C \mathbf{1}_{n_{2}}=m\right\} . \tag{5}\end{align*}",1f-B1GN_JjUjzRWUm6Bk_oibJXGT2biaj
2023,10.1109/VIS54172.2023.00017,10360892,C,Table,1,vis_2023_00017_table_1.png,4,1308,1344,2260,1590,2550,3300,0.968,1,"Table I : Test Accuracy and F1-Score For Knn Classifiers (K = 3) Using the Wasserstein, Gw, and Fgw Distances.",1mAlH1xRSYTkVSQJJ4oT6SrGD4jCMrFjO
2023,10.1109/VIS54172.2023.00018,10360924,C,Equations,1,vis_2023_00018_eq_1.png,2,536,2286,969,2414,2550,3300,0.504,1,\begin{align*}& sup _{\mathcal{G}}\left(g\right)=\left\|\left\{G_{i} \mid g \subseteq G_{i}\right\}\right\| \\& \mathcal{F}=\left\{g \mid sup _{\mathcal{G}}\left(g\right) \geq { minsup }\right\}\end{align*},16LHxkrtT66d2d59fuH9xTMExbtjtzqar
2023,10.1109/VIS54172.2023.00018,10360924,C,Algorithms,1,vis_2023_00018_alg_1.png,2,1301,297,2268,814,2550,3300,1.0,0,,1e04_I_5nZkjqGPOYZXrhMWijeMhG1ej1
2023,10.1109/VIS54172.2023.00020,10360878,C,Equations,1,vis_2023_00020_eq_1.png,2,467,2668,1236,2753,2550,3300,0.932,6,"\begin{equation*}V_{h}=\max_{\forall m\in M}\left(I\left(m,h\right)\right)-\min_{\forall m\in M}\left(I\left(m,h\right)\right), \tag{1}\end{equation*}",1yylWNDJdpY_d_8ql_6D_v1WUUaRm81i2
2023,10.1109/VIS54172.2023.00020,10360878,C,Equations,2,vis_2023_00020_eq_2.png,2,1605,289,2268,429,2550,3300,0.945,6,\begin{equation*}f\left(h\right)=\left(\frac{V_{h}}{\max\left(V_{h}\right)}\right)^{P}. \tag{2}\end{equation*},16r3OjnIdpksP6hqzgn0Xlevsy3U71M1x
2023,10.1109/VIS54172.2023.00020,10360878,C,Equations,3,vis_2023_00020_eq_3.png,2,1581,1932,2267,2072,2550,3300,0.955,6,\begin{equation*}f\left(h\right)=\left(\frac{V_{h}}{\max\left(V_{h}\right)}2^{L_{h}}\right)^{P} \tag{3}\end{equation*},1bozLIp6rxsFYMz5bWeYYBX4lCl9tkezb
2023,10.1109/VIS54172.2023.00020,10360878,C,Equations,4,vis_2023_00020_eq_4.png,2,1659,2388,2267,2508,2550,3300,0.941,6,"\begin{equation*}F\left(h\right)=\sum_{i=0}^{h}f\left(i\right), \tag{4}\end{equation*}",1AMtZS4-9IuExiuAd2VunkYP1A44OfFSX
2023,10.1109/VIS54172.2023.00020,10360878,C,Equations,5,vis_2023_00020_eq_5.png,3,534,2643,1238,2723,2550,3300,0.938,6,"\begin{equation*}i=\min_{\forall m\in M}\left(i_{m}\right),j=\max_{\forall m\in M}\left(j_{m}\right) \tag{5}\end{equation*}",1Ex2v6sTfBKLxr5TUft5L05nnLMVi4Ofw
2023,10.1109/VIS54172.2023.00020,10360878,C,Equations,6,vis_2023_00020_eq_6.png,3,387,2779,1237,2861,2550,3300,0.923,6,"\begin{equation*}V_{a}=\max_{\forall m\in M}\left(\text{~A}\left(m,a\right)\right)-\min_{\forall m\in M}\left(\text{~A}\left(m,a\right)\right)\forall a\in\left[i,j\right] \tag{6}\end{equation*}",1UMLvJ0g6WLDRX9NNSG8iBkNY8DDj0R94
2023,10.1109/VIS54172.2023.00020,10360878,C,Table,1,vis_2023_00020_table_1.png,4,425,1175,1072,1479,2550,3300,0.979,1,Table 1 Execution Times For the CUDA Kernels From Fig. 2 and the Data Set From Fig. 1.,1XYgghUZacVayJMG5sApa52VtKrJs-taR
2023,10.1109/VIS54172.2023.00022,10360932,C,Table,1,vis_2023_00022_table_1.png,2,261,334,1242,468,2550,3300,0.955,2,Table 1 Statistics of the Subset of MAG Data Related To Visualization,1cu9AwPuEXzl4t7mG4Z8_ObTakq3pZsUw
2023,10.1109/VIS54172.2023.00022,10360932,C,Table,2,vis_2023_00022_table_2.png,2,1363,334,2171,515,2550,3300,0.971,2,Table 2 Statistics of GF Graphs For Top-1000 Visualization Scholars,1NYtlIs4UmJBSxZbK-mhq0l3Qb8-D_T_E
2023,10.1109/VIS54172.2023.00023,10360926,C,Equations,1,vis_2023_00023_eq_1.png,2,435,1722,1237,1840,2550,3300,0.931,4,"\begin{equation*}\Psi_{t_{0}}^{t_{0}+\tau}\left(\mathbf{x}_{0}\right):=\prod_{i=N-1}^{0} \exp \left(\nabla \mathbf{v}\left(p\left(i \Delta_{t}\right), i \Delta_{t}\right) \Delta_{t}\right) \tag{1}\end{equation*}",17nFhMpS8S6IUrsXmoKJlAHpr35Jhl3Cp
2023,10.1109/VIS54172.2023.00023,10360926,C,Equations,2,vis_2023_00023_eq_2.png,2,510,2480,1237,2595,2550,3300,0.94,4,\begin{equation*}K L\left(\xi_{1} \mid \xi_{2}\right)=\sum_{x \in X} \xi_{1}\left(x\right) \log \frac{\xi_{1}\left(x\right)}{\xi_{2}\left(x\right)} \tag{2}\end{equation*},1A20MXBBz1AxVLKfZYh1nkpUkmFKbvpbr
2023,10.1109/VIS54172.2023.00023,10360926,C,Equations,3,vis_2023_00023_eq_3.png,2,1475,387,2267,484,2550,3300,0.95,4,"\begin{equation*}J S D\left(\xi_{1}, \xi_{2}\right)=\frac{1}{2} K L\left(\xi_{1} \mid m\right)+\frac{1}{2} K L\left(\xi_{2} \mid m\right), \tag{3}\end{equation*}",1E-9-xkmYhGwF7uvIfR2NtJSi13SbfKBR
2023,10.1109/VIS54172.2023.00023,10360926,C,Equations,4,vis_2023_00023_eq_4.png,2,1422,2861,2266,2955,2550,3300,0.939,4,\begin{equation*}E_{2} \approx \frac{1}{2}\left[\Delta_{t} \nabla_{0}+\Delta_{t} \nabla_{1}+\Delta_{t} \nabla_{0}^{T}+\Delta_{t} \nabla_{1}^{T}\right]=\varepsilon_{0}+\varepsilon_{1} \tag{4}\end{equation*},1G5SpIs6znzjn5rmYklGj4txHZNuxwRlY
2023,10.1109/VIS54172.2023.00024,10360937,C,Table,1,vis_2023_00024_table_1.png,2,277,1912,1232,2114,2550,3300,0.968,2,Table 1 Patient Cases and Reconstructions. M/F: Male/Female.,18bOw5vNHvCpnkm7F9pFxOb8v81zc3BEf
2023,10.1109/VIS54172.2023.00024,10360937,C,Equations,1,vis_2023_00024_eq_1.png,3,1326,1287,2267,1388,2550,3300,0.947,1,"\begin{equation*}L_{o}\left(x, \omega_{o}\right)=L_{e}\left(x, \omega_{o}\right)+\int_{\Omega} f_{r}\left(x, \omega_{i}, \omega_{o}\right) L_{i}\left(x, \omega_{i}\right)|\cos \theta| \mathrm{d} \omega_{i}, \tag{1}\end{equation*}",1UXsNXQdBGkDzscOMvj8MdS1c7QhBBG3s
2023,10.1109/VIS54172.2023.00024,10360937,C,Table,2,vis_2023_00024_table_2.png,4,369,382,2172,643,2550,3300,0.977,2,Table 2 Likert’S Scale Evaluation of Cinematic Renderings Across All Cardiac Structures and Characteristics From the Commercial and Open-Source Solutions.,1LJPecjvZh6iXMAGUez7DLLlm2ne50hvX
2023,10.1109/VIS54172.2023.00026,10360916,C,Equations,1,vis_2023_00026_eq_1.png,2,501,2301,672,2350,2550,3300,0.772,1,\begin{equation*}c=1-J_{m} \tag{1}\end{equation*},1HzvIRb3yvI-DFFRH2JTHSDHbu_EI9QGy
2023,10.1109/VIS54172.2023.00027,10360890,C,Table,1,vis_2023_00027_table_1.png,2,387,291,2134,921,2550,3300,0.86,1,"Table I We Observe Significant Overlaps In How Insights Are Categorized In the Literature. Observed Categories Are Colored and Labeled By the Source of the Insight: the Data, External Domain Knowledge, Social Structure, Or the Visualization Interface Itself.",1pKct6N9gK2qKwr5nIsu_j_k1Zv3Ciok-
2023,10.1109/VIS54172.2023.00029,10360921,C,Table,1,vis_2023_00029_table_1.png,2,281,420,1232,840,2550,3300,0.973,1,"Table I The Background of Nine Interview Participants. the Order of Visualization Tools Reflects the Frequency of Use, Where the First Tool Is the Primary Tool For the Corresponding Participant.",1_1bfbei9_l13sH8cN_EcNS_jmfwSqZf7
2023,10.1109/VIS54172.2023.00030,10360899,C,Equations,1,vis_2023_00030_eq_1.png,3,619,1178,885,1245,2550,3300,0.882,2,\begin{equation*}\left|\mu_{i}^{a}-\mu_{i}^{b}\right| \geq \sigma_{\text {avg }}\end{equation*},1b9CJiHXnYuy2UC_SZ4Nj0SlBlPkd3ldH
2023,10.1109/VIS54172.2023.00030,10360899,C,Equations,2,vis_2023_00030_eq_2.png,3,582,1415,924,1529,2550,3300,0.929,2,\begin{equation*}\sigma_{\text {avg}}=\sqrt{\frac{\sum\left(d_{i}-\mu_{d}\right)^{2}}{N}}\end{equation*},1ulaP2OqoiV21sfE4NyU8tuw8s8IuYYwT
2023,10.1109/VIS54172.2023.00031,10360908,C,Table,1,vis_2023_00031_table_1.png,3,1343,1279,2224,1482,2550,3300,0.962,1,"TABLE I Performance of the Detection Model When Testing On A Holdout Set of 8069 Images. P: Precision, R: Recall.",1E6wsbUUA2pB6p0Qs8Xwz1yCl_ExLpM9a
2023,10.1109/VIS54172.2023.00032,10360891,C,Equations,1,vis_2023_00032_eq_1.png,2,437,2132,1237,2207,2550,3300,0.904,10,,19y6bBCpbgYe6vy1-AfR6fEXaeGMMSEz5
2023,10.1109/VIS54172.2023.00032,10360891,C,Equations,2,vis_2023_00032_eq_2.png,2,479,2363,1237,2426,2550,3300,0.884,10,,1wJA1pw4m4tL0E21QvFQTaCgZGs95aDy0
2023,10.1109/VIS54172.2023.00032,10360891,C,Equations,3,vis_2023_00032_eq_3.png,2,1378,1770,2267,1880,2550,3300,0.89,10,,14cfmS5CLsFjFyn8pWKIO6Dd87E53S6bm
2023,10.1109/VIS54172.2023.00032,10360891,C,Equations,4,vis_2023_00032_eq_4.png,3,591,1408,1236,1510,2550,3300,0.942,10,,107gZarKAj3lSEfOnN5nhH3H0GeR-jSWI
2023,10.1109/VIS54172.2023.00032,10360891,C,Equations,5,vis_2023_00032_eq_5.png,3,1582,1316,2266,1417,2550,3300,0.939,10,,1htpaXjmNqHPiamnBo2JuHux0FeGlxnZ7
2023,10.1109/VIS54172.2023.00032,10360891,C,Equations,6,vis_2023_00032_eq_6.png,3,1563,1843,2265,1906,2550,3300,0.837,10,,17GuoJB7MN9BMegH9-MWc_8jaiXk8yHfT
2023,10.1109/VIS54172.2023.00032,10360891,C,Equations,7,vis_2023_00032_eq_7.png,3,1498,1900,2265,1959,2550,3300,0.598,10,,1wkQFV_yI8PfzY9SgSoSdRZ2sicsUjXG4
2023,10.1109/VIS54172.2023.00032,10360891,C,Equations,8,vis_2023_00032_eq_8.png,3,1678,2755,2266,2828,2550,3300,0.82,10,,1x05NkSoHzfPevEPFuuzA-MBT3DTmBG2E
2023,10.1109/VIS54172.2023.00032,10360891,C,Equations,9,vis_2023_00032_eq_9.png,3,1498,2861,2266,2969,2550,3300,0.939,10,,1bhneDbN6epnErxyoJR6O7HqlQfu3m3Xy
2023,10.1109/VIS54172.2023.00033,10360912,C,Table,1,vis_2023_00033_table_1.png,3,212,960,1241,1483,2550,3300,0.972,2,Table 1 The List of Features Used For the Classification of Vast Paper Words/Phrases Into Application Domain and Non-Domain Entries.,1MoAMq24ZQPanNxViPpeUSfF9kjsn9TzW
2023,10.1109/VIS54172.2023.00033,10360912,C,Table,2,vis_2023_00033_table_2.png,3,1315,993,2322,1409,2550,3300,0.957,2,"Table 2 Performance of the Proposed Machine Learning Pipeline, with Alternatives On Learning Algorithm, Word Embedding, and the Use of Unlabeled Dataset.",11gT0KUJyU9vr8MkdN_znVDb-DFQkf-o0
2023,10.1109/VIS54172.2023.00034,10360922,C,Equations,1,vis_2023_00034_eq_1.png,3,1393,1302,2269,1363,2550,3300,0.929,1,"\begin{equation*}P_{C l}\left(\mathbf{r}, \mathbf{c}\right)=\left\{\left(v_1, \ldots, v_s\right) \in\left\{v_1, \ldots, v_q\right\} \mid s \leq q, \delta\left(v_i\right) \geq \theta\right\} \tag{1}\end{equation*}",1KCc-T5z5iAi0FtieNusKybrbsdiZdqPv
2023,10.1109/VIS54172.2023.00036,10360887,C,Table,1,vis_2023_00036_table_1.png,2,1297,341,2269,809,2550,3300,0.976,1,Table 1 List of Experiment Tasks T1: Identify and T2: Explore,1YEvr8n0CI0p2pRFF6dFyb3ofaeLcZ4uk
2023,10.1109/VIS54172.2023.00036,10360887,C,Equations,1,vis_2023_00036_eq_1.png,2,1496,993,2267,1096,2550,3300,0.949,1,\begin{equation*}P\left(s \mid deMoivre \right)=1-\left(2 \cdot \int_{0}^{\left|Z_{s}\right|} \phi\left(x\right) d x\right) \tag{1}\end{equation*},1TGzyOq_KdQJkp0o2X09BTicrLjKJsvph
2023,10.1109/VIS54172.2023.00039,10360894,C,Table,1,vis_2023_00039_table_1.png,3,1298,294,2281,437,2550,3300,0.93,2,"Table I Coefficient For Linear Model Fits. Note the Difference Between Single Encoding and Mixed Encoding Slopes and Intercepts, Suggesting Differences In Performance Across these Conditions, Both P<0.001.",18uMF8FmWVan-JIwjVl0XcBUuldRIYdwt
2023,10.1109/VIS54172.2023.00039,10360894,C,Table,2,vis_2023_00039_table_2.png,3,1329,601,2236,703,2550,3300,0.927,2,"Table II To Statistically Compare Mixed Versus Single Encodings, Jnd Values Were Combined In A Single Model with Encoding Type As An Independent Variable. Results Show Encoding Is A Significant Factor (P<0.001).",1iUU4bN_4KLCujccDt_ozwHsKsDftykyc
2023,10.1109/VIS54172.2023.00039,10360894,C,Equations,1,vis_2023_00039_eq_1.png,4,520,1641,987,1701,2550,3300,0.87,2,"\begin{equation*}v {ad just}_{i,d}\,= \quad v {base}_{i}\, \pm 0 . 5 \ast {JND}i,d\end{equation*}",1bzPtqLV2805IWT6F5HeVoN4QjOv7sQzp
2023,10.1109/VIS54172.2023.00039,10360894,C,Equations,2,vis_2023_00039_eq_2.png,4,515,1945,988,2085,2550,3300,0.798,2,"\begin{equation*}yi,d,c^{=}\beta 1 ,c^{+}\beta 2 ,cv {ad just}_{i,d,c}\,^{+}\varepsilon i \varepsilon _{i}\,\sim \quad N\left( 0 ,\sigma_{c}^{2}\right)\end{equation*}",1h4V8ETJd3xsgG05VCyTytwJYH-0vuDBo
2023,10.1109/VIS54172.2023.00040,10360880,C,Table,1,vis_2023_00040_table_1.png,2,1337,1930,2226,2655,2550,3300,0.964,1,"Table 1 Analytical KPIs List Covering Three Main Aspects Guiding Dashboard Design. Codes For Each KPI (eg., A1) Refer to Specific Charts in Dashboard.",1PlTsBsBidjoVMjBzPgRURxfMDRZW8l8t
2023,10.1109/VIS54172.2023.00021,10360914,C,Algorithms,1,vis_2023_00021_alg_1.png,3,270,1678,1237,2393,2550,3300,1.0,0,,1_AtylxTtk7dMiqeOSTJ57wk4Jh6-gZXB
2023,10.1109/VIS54172.2023.00021,10360914,C,Table,1,vis_2023_00021_table_1.png,4,285,1126,1223,1888,2550,3300,0.979,1,"TABLE I Evaluation of Case (I) with Total Time Consisting of Time For Creation of Additional Bvh If Available, Intersection Time, and Extraction Time In Ms, Number of Intersection Tests (Nit), and Ratio True Positives Vs. All Positives (Tpap). All Values Are Averages, and Bold Are the Best Values.",1PFCg551ATTfFczgWoKHjUXGAChTyNbwx
2023,10.1109/VIS54172.2023.00043,10360896,C,Table,1,vis_2023_00043_table_1.png,4,347,366,2203,1408,2550,3300,0.976,1,Table 1 The Table Shows the Number of Participants (Out of 10) and their Levels of Confidence and Easiness While Performing Each Task.,1VAkNVz98jShtcL1b_UA6q5z7xmova9gv
2023,10.1109/VIS54172.2023.00047,10360936,C,Equations,1,vis_2023_00047_eq_1.png,2,564,2413,940,2487,2550,3300,0.886,1,"\begin{equation*}\varphi\left(t, \tau\right)=2 \pi \cdot \frac{\left(t-t_{0}\right) \bmod \tau}{\tau}\end{equation*}",1EZQv2NBn0xAaIeLcSXctMguYIe9R7a-o
2023,10.1109/VIS54172.2023.00047,10360936,C,Table,1,vis_2023_00047_table_1.png,2,1340,469,2229,1141,2550,3300,0.631,1,"Table 1 Example Phase Histograms Alongside the Two Quality Measures Used: Shannon Entropy [28] and Von Mises Vector Strength [36]. For the Vector Strength, the Distribution of the Data Points On the Unit Circle (Blue) and their Barycenter (Red) Are Also Visualized.",1dNXOc9TKgzTL3Js2AIn9awsh2LkFN2K-
2023,10.1109/VIS54172.2023.00048,10360886,C,Table,1,vis_2023_00048_table_1.png,2,268,294,2251,1109,2550,3300,0.759,1,Table 1 The Overview of the Distortion Measures Provided By Zadu (Row) and their Publicly Available Implementations (Column). the Publicized Implementations That Fully Implement the Corresponding Measures Are Highlighted In Red Background and Circle. the Ones That Implement Only Half of the Pair of Measures Are Highlighted In Light Red Background and Triangle.,1M2Yzs9hfoNLh_b7HJ27FbrFHrZa67eCs
2023,10.1109/VIS54172.2023.00049,10360934,C,Table,1,vis_2023_00049_table_1.png,4,314,2036,1186,2223,2550,3300,0.96,1,Table 1 Averages and Stdev of Results. TI: Timepool; BS: Baseline,1GGXEVtfJsA5DGeAAdJtNatuchm4_ChQl
2023,10.1109/VIS54172.2023.00050,10360901,C,Table,1,vis_2023_00050_table_1.png,3,310,318,2193,987,2550,3300,0.975,2,,1rn3oXy8LzWWGbBI3u6u7wMMh_0ql1f8T
2023,10.1109/VIS54172.2023.00053,10360889,C,Equations,1,vis_2023_00053_eq_1.png,3,368,2543,1237,2658,2550,3300,0.958,3,"\begin{equation*}D\left(\mathbf{d}_{j}, \mathbf{d}_{k}\right)=\frac{1}{N} \sum_{n=1}^{N}\left\|\mathbf{f}_{G}\left(\mathbf{w}_{n}+\alpha \mathbf{d}_{j}\right)-\mathbf{f}_{G}\left(\mathbf{w}_{n}+\alpha \mathbf{d}_{k}\right)\right\|, \tag{1}\end{equation*}",1nzaW99kMkpuUDU2_ShidjX0cuMvVxcVy
2023,10.1109/VIS54172.2023.00053,10360889,C,Equations,2,vis_2023_00053_eq_2.png,3,1429,680,2267,742,2550,3300,0.908,3,"\begin{equation*}\mathscr{W}\left(S_{D}, \mathbf{w}\right):=\left\{\left\|\mathbf{f}_{G}\left(\mathbf{w}\right)-\mathbf{f}_{G}\left(\mathbf{w}+\alpha \mathbf{d}\right)\right\| \mid \mathbf{d} \in S_{D}\right\}. \tag{2}\end{equation*}",1SPDoieHcC0QbHKnDjFkHh4HGZ1AOKsa4
2023,10.1109/VIS54172.2023.00053,10360889,C,Equations,3,vis_2023_00053_eq_3.png,3,1430,949,2267,1013,2550,3300,0.898,3,"\begin{equation*}\mathscr{W}\left(S_{C}, \mathbf{d}\right):=\left\{\left\|\mathbf{f}_{G}\left(\mathbf{w}\right)-\mathbf{f}_{G}\left(\mathbf{w}+\alpha \mathbf{d}\right)\right\| \mid \mathbf{w} \in S_{C}\right\}, \tag{3}\end{equation*}",1KX31wkfcKlNDZmG5ZRF21909NRHVITOb
2023,10.1109/VIS54172.2023.00057,10360881,C,Equations,1,vis_2023_00057_eq_1.png,2,470,2125,1240,2247,2550,3300,0.953,2,"\begin{equation*}\begin{array}{r}
q=[s, \mathbf{v}], \quad q^{-1}=[s,-\mathbf{v}], \quad q^{-1}=q^* \\
q=[s, x \mathbf{i}+y \mathbf{j}+z \mathbf{k}] \quad s, v, x, y, z \in R
\end{array} \tag{1}\end{equation*}",1iRLFcvy-vp0kdI59jFrchX1IHC_RuHeN
2023,10.1109/VIS54172.2023.00057,10360881,C,Equations,2,vis_2023_00057_eq_2.png,2,1610,1438,2267,1539,2550,3300,0.938,2,"\begin{equation*}q=\left[\cos \left(\frac{\theta}{2}\right), \sin \left(\frac{\theta}{2}\right) \mathbf{v}\right] \tag{2}\end{equation*}",1g8GzyUZAyH7jXbqmv4U-2XsyiHHBRCJF
2023,10.1109/VIS54172.2023.00058,10360884,C,Equations,1,vis_2023_00058_eq_1.png,2,1598,1139,2264,1250,2550,3300,0.94,1,"\begin{equation*}\frac{\exp \left(-d\left(f\left(x_{i}\right), p_{k}\right)\right)}{\sum_{k^{\prime}} \exp \left(-d\left(f\left(x_{i}\right), p_{k^{\prime}}\right)\right)} \tag{1}\end{equation*}",1C0EyMx7EWSCsBKkmNSsiYezhz5YDNAPg
2023,10.1109/VIS54172.2023.00058,10360884,C,Table,1,vis_2023_00058_table_1.png,3,1301,384,2259,567,2550,3300,0.959,2,Table 1 Visualization Metrics For Multiple Dr Methods Averaged Over 3 Local Usage Scenarios Showing That PCA is Most Performant.,1-k_87Pr4K0XZ7gHc_viCKsGY3J198tHy
2023,10.1109/VIS54172.2023.00058,10360884,C,Table,2,vis_2023_00058_table_2.png,3,1302,726,2260,915,2550,3300,0.966,2,Table 2 Visualization Metric Comparisons Across Multiple Usage Scenarios Using 2-D PCA As the Dr Technique; All Local Scenarios Are Better Or On Par with Global Visualizations.,16qkSUMLGZFWJhtw_jwi0BJ3-3DalBGoe
2024,10.1109/VIS55277.2024.00073,10771111,C,Algorithms,1,vis_2024_00073_alg_1.png,3,1316,230,2333,1688,2550,3300,1.0,0,,1_fzjAiaFUpU-IECKAZeX8BsxM_ELFItW
2024,10.1109/VIS55277.2024.00013,10771085,C,Table,1,vis_2024_00013_table_1.png,3,226,214,2325,698,2550,3300,0.914,1,"Table 1: The types, purpose, and explanation components of steps. See §3.3 for the example of each.",181ucX4w0BCn9oVqPTavP1zZMshYUiMLM
2024,10.1109/VIS55277.2024.00014,10771145,C,Equations,1,vis_2024_00014_eq_1.png,2,1650,1176,2333,1239,2550,3300,0.893,14,,1-QtiiJftkEq-NuYKuv6sMqscwW03gBGD
2024,10.1109/VIS55277.2024.00014,10771145,C,Equations,2,vis_2024_00014_eq_2.png,2,1646,1312,2333,1377,2550,3300,0.676,14,,104Il30ki-MCBUUmo4i8mmWEz7fxnGvc5
2024,10.1109/VIS55277.2024.00014,10771145,C,Equations,3,vis_2024_00014_eq_3.png,2,1540,1580,2333,1652,2550,3300,0.932,14,,1-SLLP2GERvRY8WJV02Kh_ty9KijfEDEX
2024,10.1109/VIS55277.2024.00014,10771145,C,Equations,4,vis_2024_00014_eq_4.png,2,1648,1876,2332,1935,2550,3300,0.923,14,,1RZSsKLt5MwatTbvdlPbS0xtHxUovaM8J
2024,10.1109/VIS55277.2024.00014,10771145,C,Equations,5,vis_2024_00014_eq_5.png,2,1619,2720,2333,2786,2550,3300,0.914,14,,1lAH3yn6Vdzr2sFOc_yuhKM19Uv4GUrjW
2024,10.1109/VIS55277.2024.00014,10771145,C,Equations,6,vis_2024_00014_eq_6.png,2,1323,2906,2320,2977,2550,3300,0.918,14,,1ICIWd-x349wLGKTyNA8jvZPky2BNRfyI
2024,10.1109/VIS55277.2024.00014,10771145,C,Equations,7,vis_2024_00014_eq_7.png,3,435,225,1233,286,2550,3300,0.646,14,,1im4tzAvKxNrDJi3bXSaqMwQsDrnJnGAZ
2024,10.1109/VIS55277.2024.00014,10771145,C,Equations,8,vis_2024_00014_eq_8.png,3,573,740,1233,805,2550,3300,0.921,14,,1tlRov8a7w2nV6KLkaWW79pLyuvd9xhdL
2024,10.1109/VIS55277.2024.00014,10771145,C,Equations,9,vis_2024_00014_eq_9.png,3,514,894,1232,961,2550,3300,0.912,14,,1aYRmMB9EC8HUR09wk64Xvwc9UCack1E8
2024,10.1109/VIS55277.2024.00014,10771145,C,Equations,10,vis_2024_00014_eq_10.png,3,539,1055,1232,1126,2550,3300,0.626,14,,19xjdFS75nRsaoCHvhNPYSQkgovCq4j8Z
2024,10.1109/VIS55277.2024.00014,10771145,C,Equations,11,vis_2024_00014_eq_11.png,3,570,1229,1233,1291,2550,3300,0.914,14,,1ISgQCWQMCzxTXJsr_WoFxAh9fesx61G-
2024,10.1109/VIS55277.2024.00014,10771145,C,Equations,12,vis_2024_00014_eq_12.png,3,550,1371,1232,1433,2550,3300,0.884,14,,1Fcql1G4y3NcGPSAyqZAJsq1549j-qSVR
2024,10.1109/VIS55277.2024.00014,10771145,C,Equations,13,vis_2024_00014_eq_13.png,3,573,1539,1233,1603,2550,3300,0.915,14,,1Ffwkllgv-J3Re1nOP6qiPL8tO1ezroBN
2024,10.1109/VIS55277.2024.00014,10771145,C,Equations,14,vis_2024_00014_eq_14.png,3,404,1776,1232,1851,2550,3300,0.926,14,,1IQAwPJNH0AD0js72DWbqIiHQZAd4BfcR
2024,10.1109/VIS55277.2024.00014,10771145,C,Equations,15,vis_2024_00014_eq_15.png,3,297,2021,1232,2267,2550,3300,0.963,14,,1QDiLo6iDaETxCz78ZtVJ-5Yihd-ZCqYj
2024,10.1109/VIS55277.2024.00014,10771145,C,Table,1,vis_2024_00014_table_1.png,3,222,2837,1231,3004,2550,3300,0.971,3,"Table 1: The resolution and total sampled images of each dataset. ""# st"" denotes the number of timesteps we subsample from the dataset.",1dBv6prVbP_rSrEVMhu32Iy4aVkIGU6Qc
2024,10.1109/VIS55277.2024.00014,10771145,C,Table,2,vis_2024_00014_table_2.png,3,1319,337,2331,715,2550,3300,0.942,3,"Table 2: Average PSNR (dB) and LPIPS, BPP, and total ET (hours) DT (seconds). Each case has 24360 images with a resolution of 1024 × 1024. The best ones are highlighted in bold.",1uq0wXl6f-PQ6j0tExFThk0GwK6OV8vim
2024,10.1109/VIS55277.2024.00014,10771145,C,Table,3,vis_2024_00014_table_3.png,4,338,507,1101,692,2550,3300,0.933,3,"Table 3: Average PSNR (dB) and LPIPS, BPP, and total ET (hours) DT (seconds) of ECSIC, its varying modifications, and FCNR on the tornado IR dataset.",1eJCkRiSxnCGQZVgqeayt4UacSZ9jMGL2
2024,10.1109/VIS55277.2024.00017,10771084,C,Table,1,vis_2024_00017_table_1.png,2,1319,296,2322,445,2550,3300,0.873,3,,1ZElggEMp05p1k2x2yPEMEoAPt9YOMYY8
2024,10.1109/VIS55277.2024.00018,10771112,C,Equations,1,vis_2024_00018_eq_1.png,1,1708,2958,2330,3021,2550,3300,0.912,3,"\begin{equation*}{\mathbf{y}}\sim {N_q}(0,\Phi )\tag{1}\end{equation*}",1bYQ2_2do34UnGE9PcftBZqH5KinmhGch
2024,10.1109/VIS55277.2024.00018,10771112,C,Equations,2,vis_2024_00018_eq_2.png,2,587,300,1230,360,2550,3300,0.914,3,\begin{equation*}{\mathbf{x}} = \Lambda {\mathbf{y}} + \mu + \varepsilon \tag{2}\end{equation*},1Kj6SgTovCCc7jJ5ks-M3aMK2vNzhWZhI
2024,10.1109/VIS55277.2024.00018,10771112,C,Equations,3,vis_2024_00018_eq_3.png,2,524,650,1230,718,2550,3300,0.928,3,"\begin{equation*}{\mathbf{x}}\sim {N_p}\left( {{\mathbf{\mu }},{\mathbf{\Lambda }}\Phi {\Lambda ^T} + \Psi } \right).\tag{3}\end{equation*}",1J-iq0B-eEPP9_E3MWBPgBn7rR9W7ygDm
2024,10.1109/VIS55277.2024.00020,10771129,C,Table,1,vis_2024_00020_table_1.png,2,211,213,2334,825,2550,3300,0.975,2,Table 1: Alt-text template and examples of each component.,1IZuBueiBao9gwbzKdPiHGDkxc0zoimJy
2024,10.1109/VIS55277.2024.00020,10771129,C,Table,2,vis_2024_00020_table_2.png,3,211,215,1234,1075,2550,3300,0.978,2,Table 2: List of all shortcut keys and their associated behaviors.,1wRQeq2QK2bMl2HNGyj--BmRDMnJRiWRf
2024,10.1109/VIS55277.2024.00021,10771107,C,Equations,1,vis_2024_00021_eq_1.png,3,355,2134,1230,2357,2550,3300,0.818,1,\begin{equation*}\begin{array}{l} {\text{response}}\sim {\text{before/after}} \times {\text{chart type}} \\ \quad \quad \quad \quad \quad + {\text{before}}/{\text{ffter}} \times {\text{race}} \times {\text{disease}} \\ \quad \quad \quad \quad \quad + {\text{ before/after}} \times {\text{group label}} \\ \quad \quad \quad \quad \quad + {\text{question}} + {\text{politics}} + {\text{age}} + (1\mid {\text{ID}}) \\ \end{array} \tag{1}\end{equation*},1Vw2f-zrkscbDSbmbYOSOQS45qDUgJwsk
2024,10.1109/VIS55277.2024.00021,10771107,C,Table,1,vis_2024_00021_table_1.png,3,1310,1887,2350,2393,2550,3300,0.959,1,"Table 1: Significant differences in estimated marginal means for the post hoc comparisons (shown in Figure 2). Values for $\color{Melon}{\mathbf{bars}}$ and $\color{RoyalBlue}{\mathbf{geo}}{\text{ - }}{\mathbf{emph}}$ show the differences in participants’ responses before and after seeing either stimulus. The diff-in-diff column shows the significant interaction coefficients for before/after × chart type. Stars indicate p-values where ∗ ≤ 0.05, ∗∗ ≤ 0.01, ∗ ∗ ∗ ≤ 0.001.",1vDls0Fqvm6hu1yh3n8jyydYr3zhfExoJ
2024,10.1109/VIS55277.2024.00022,10771120,C,Equations,1,vis_2024_00022_eq_1.png,1,1596,1947,2330,2062,2550,3300,0.948,1,\begin{equation*}{I_i} = \frac{{{z_i} \cdot la{g_i}}}{{n - 1}} = \frac{{{z_i} \cdot \sum\nolimits_j^n {W_{ij}^\prime } \cdot {z_j}}}{{n - 1}}\tag{1}\end{equation*},1RmcGetI4RXUA9UOMZuTEGFoyXk_9lVQb
2024,10.1109/VIS55277.2024.00025,10771123,C,Table,1,vis_2024_00025_table_1.png,3,213,307,2333,973,2550,3300,0.98,1,"Table 1: Overview of workshop details, listing the participant groups, locations, focused chart types, and the number of comics produced in each workshop. In total, 105 participants created 40 comics. For the difference between workshop type A and B, see Figure 2.",1MtYmmZ2a4RW31xrycT9RR2YXnlosvhKf
2024,10.1109/VIS55277.2024.00026,10771139,C,Equations,1,vis_2024_00026_eq_1.png,2,1363,1674,2331,1779,2550,3300,0.95,1,"\begin{equation*} \mathop {\arg \min }\limits_w \sum\limits_{i < j \leq N} {{{\left( {{{\operatorname{dist} }_L}\left( {{y_i},{y_j}} \right) - {{\operatorname{dist} }_H}\left( {M\left( {{x_i},w} \right),M\left( {{x_j},w} \right)} \right)} \right)}^2}} \tag{1}\end{equation*}",1Y4kVohBk5jNXW8tYm7SSm0eHl0ACBWlW
2024,10.1109/VIS55277.2024.00029,10771149,C,Table,1,vis_2024_00029_table_1.png,4,195,344,2339,1364,2550,3300,0.979,1,"Table 1: Summary statistics of our test dataset and the experiment results with GPT-4o mini (), GTP-4o (), and GPT-4V (). From left to right, we report the misleader names, numbers of positive and negative samples, and AUC scores for four experiment setups. In addition to the results for each misleader, we also report the aggregate AUC scores. The highest AUC scores for each row are highlighted in bold. Scores equal to or less than 0.5 are marked with underlines.",1GXbRpaohcOAc70i9Fmz1R2ltQ7CSIgMa
2024,10.1109/VIS55277.2024.00031,10771088,C,Table,1,vis_2024_00031_table_1.png,4,211,214,1234,721,2550,3300,0.972,1,Table 1: Questions we walked through with participants during the demonstration of LinkQ. More details in Section 5.,13zqjh1cnCKCoc3in3654MTornnmVh_Vp
2024,10.1109/VIS55277.2024.00032,10771142,C,Table,1,vis_2024_00032_table_1.png,3,214,269,2334,1442,2550,3300,0.985,1,Table 1: List of issues identified in the visualizations generated by GPT-4 [1].,10Z_bdpmaT5R4ZESlkxkyekfwRLTXWLsp
2024,10.1109/VIS55277.2024.00033,10771094,C,Table,1,vis_2024_00033_table_1.png,3,1312,214,2331,1607,2550,3300,0.965,1,"Table 1: The performance of the LLM on low-level visual analytic tasks across different chart types and difficulty levels. The percentage scores indicate the Exact Match scores between the LLM’s output and the ground truth answer key. ""N/A"" indicates that the task was not tested for a particular chart type due to its inapplicability.",107LV0LygqkaK9tQ-PRS_vLu3HaWYGH6M
2024,10.1109/VIS55277.2024.00036,10771124,C,Algorithms,1,vis_2024_00036_alg_1.png,2,1285,1920,2345,2465,2550,3300,1.0,0,,1tfi3dYUDqfBSJSZ5nXJlTZanZqmyWuML
2024,10.1109/VIS55277.2024.00036,10771124,C,Algorithms,2,vis_2024_00036_alg_2.png,3,191,2330,1251,2791,2550,3300,1.0,0,,1zfiS0tUCjxILoII9mFJkfo-nCjr46fso
2024,10.1109/VIS55277.2024.00039,10771106,C,Equations,1,vis_2024_00039_eq_1.png,2,1516,681,2331,747,2550,3300,0.923,6,"\begin{equation*}t(x,y) = (x,y) + t(x,y;d) - t\left({x,y;{d_0}}\right),\tag{1}\end{equation*}",1ySyinx7VsB5DCXsUSFrgXuEm8KZB_wGl
2024,10.1109/VIS55277.2024.00039,10771106,C,Equations,2,vis_2024_00039_eq_2.png,2,1430,825,2331,1070,2550,3300,0.957,6,"\begin{align*}& t(x,y;d) = \left({\alpha \cdot{q_1}(x,y)\quad + \beta \cdot{q_2}(x,y)\quad + } \right. \\ & \begin{array}{lll} {\gamma \cdot{q_3}(x,y)}&{ + \delta \cdot{q_4}(x,y)}& + \\ {{\alpha _t}\cdot (x,1)}&{ + {\beta _t}\cdot (1,y)}& + \\ {{\gamma _t}\cdot (x,0)}&{\left. { + {\delta _t}\cdot (0,y)}\right)/(2C)}&{} \end{array}\tag{2}\end{align*}",1dbT585o9OEnQB3DqlemIqaB2oY3CCONe
2024,10.1109/VIS55277.2024.00039,10771106,C,Equations,3,vis_2024_00039_eq_3.png,3,363,1135,1230,1255,2550,3300,0.952,6,"\begin{equation*}t\left({{{\mathbf{x}}_u}}\right) = {{\mathbf{x}}_u} + \sum\limits_i {{q_i}} \left({{{\mathbf{x}}_u}}\right)\cdot\left({\frac{{{s_i}\left({{{\mathbf{x}}_u}}\right)}}{n} - \frac{{\left| {{{\mathcal{S}}_i}\left({{{\mathbf{x}}_u}}\right)} \right|}}{{|{\mathcal{S}}|}}}\right),\tag{3}\end{equation*}",1NGqUuraVOTA72D49WWcYanfnIQCL_dmX
2024,10.1109/VIS55277.2024.00039,10771106,C,Equations,4,vis_2024_00039_eq_4.png,3,400,2728,1229,2852,2550,3300,0.953,6,"\begin{equation*} \left. {{L^2}(y) = \frac{{\left\| {\mathcal{S}} \right\|}}{{{n^2}\pi }}\sum\limits_{u \ne v} {{w_{uv}}} \cdot{\text{I}}\left({\left\| {{{\mathbf{x}}_u} - {{\mathbf{x}}_v}} \right.}\right)\left\| { < y} \right.}\right),\tag{4}\end{equation*}",1YpN0B1mrez5WjXQewERsLH8xvPM5iI8V
2024,10.1109/VIS55277.2024.00039,10771106,C,Equations,5,vis_2024_00039_eq_5.png,3,1431,1131,2217,1288,2550,3300,0.946,6,"\begin{equation*}\cancel{\int\limits_0^{0.5}} {|L(y) - y|{\text{d}}y \approx \frac{1}{{10}}\sum\limits_{i = 1, \ldots ,10} | L(0.05\cdot i) - 0.05\cdot i|,} \end{equation*}",1wJu2XU3AO_K5RghYU89yH7xeQox02GXM
2024,10.1109/VIS55277.2024.00039,10771106,C,Equations,6,vis_2024_00039_eq_6.png,3,1671,2919,1973,3029,2550,3300,0.922,6,\begin{equation*}{\text{sparsity}} = \sum\limits_u {\frac{{{h_u}}}{{|{\mathcal{S}}|}}} .\end{equation*},1t_J-AlPv1LrzNn2Dm4B-4J7uqAHwd7nM
2024,10.1109/VIS55277.2024.00040,10771096,C,Equations,1,vis_2024_00040_eq_1.png,2,326,1528,1229,1665,2550,3300,0.955,3,,1PIvd_2ZNd1E3EBz2WcnOQvdIIIxbIW8c
2024,10.1109/VIS55277.2024.00040,10771096,C,Equations,2,vis_2024_00040_eq_2.png,2,254,1903,1229,2081,2550,3300,0.945,3,,156uffKSazaxMOyp-yeQ3rgguBq53voQY
2024,10.1109/VIS55277.2024.00040,10771096,C,Algorithms,1,vis_2024_00040_alg_1.png,2,1316,218,2333,796,2550,3300,1.0,0,,1C2M7VkJD3hq6MtcOrIN_n_hS3oGiaJw5
2024,10.1109/VIS55277.2024.00040,10771096,C,Algorithms,2,vis_2024_00040_alg_2.png,2,1316,780,2333,1333,2550,3300,1.0,0,,1LQubEUzDwwvHfP72UZq5unE-IFeOc-FP
2024,10.1109/VIS55277.2024.00040,10771096,C,Algorithms,3,vis_2024_00040_alg_3.png,2,1316,1317,2333,1912,2550,3300,1.0,0,,11-IUePfDLMkU2l3hQk0OkhUc1Q6ZMaiE
2024,10.1109/VIS55277.2024.00040,10771096,C,Table,1,vis_2024_00040_table_1.png,3,221,386,2312,765,2550,3300,0.973,4,,1YxEehLp6TS3iaLWgZCTJSKik88uSGkq-
2024,10.1109/VIS55277.2024.00040,10771096,C,Equations,3,vis_2024_00040_eq_3.png,3,531,1116,1229,1235,2550,3300,0.942,3,,1IYgUcIEq1FbuchlJVcyit4iJn4KCVqIb
2024,10.1109/VIS55277.2024.00040,10771096,C,Equations,4,vis_2024_00040_eq_4.png,3,423,1249,1230,1368,2550,3300,0.911,3,,1zbvk3mmyUTYm5TrWByVxP4EyHD8ozAb7
2024,10.1109/VIS55277.2024.00042,10771087,C,Equations,1,vis_2024_00042_eq_1.png,2,1576,1035,2331,1120,2550,3300,0.935,1,"\begin{equation*}D\prime (x,y,z) = \mathop {\min }\limits^{p \in S} \left({PD{M_p}(x,y,z)}\right)\tag{1}\end{equation*}",1IXhW1yRn-xp0p5gPjr5Zme42jpospiwB
2024,10.1109/VIS55277.2024.00042,10771087,C,Table,1,vis_2024_00042_table_1.png,3,217,378,2322,1419,2550,3300,0.984,1,"Table 1: Comparison of time required to compute the acceleration structure used for ESS of the original approach [1] compared to our approach with different numbers of intensity partitions. For each dataset, we report timings for the different TFs used (TFs are those from Figure 3).",1GAwDWlfs5u4snFnsvoRx9cv-OlJWbrPP
2021,10.1109/TVCG.2021.3114773,9552242,J,Equations,1,tvcg_2021_3114773_eq_1.png,3,1374,1273,2188,1391,2352,3213,0.942,8,"\begin{equation*}\sum\limits_{i=1}^{n}(i-\min\limits_{j < i\wedge\rho(j, i)\in E}j)=\sum\limits_{i=1}^{n}\max\limits_{j < i\wedge \rho(j, i)\in E} \lambda(\rho(j),\rho(i))\end{equation*}",1tmBiIuvUSYHJfF7Oq1N5CG-17AWQ1_7g
2021,10.1109/TVCG.2021.3114773,9552242,J,Equations,2,tvcg_2021_3114773_eq_2.png,3,1513,1484,2053,1599,2352,3213,0.95,8,"\begin{equation*}\sum\limits_{u\in V}\sum\limits_{(u, v)\in E}\lambda(u, v)=\sum\limits_{(u, v)\in E}\lambda(u, v)\end{equation*}",1LcNaSytHCJ4ZV2F8lLKn_IXyp1PQMdBz
2021,10.1109/TVCG.2021.3114773,9552242,J,Table,1,tvcg_2021_3114773_table_1.png,4,74,290,1145,874,2352,3213,0.977,2,"Table 1. Metrics for the patterns and anti-patterns in Figure 3. For the first three metrics lower is better, while for the Moran's $I$ higher is better.",1OefEOsIeEj_gcG5q-xlB-zYB7Ys4M53_
2021,10.1109/TVCG.2021.3114773,9552242,J,Equations,3,tvcg_2021_3114773_eq_3.png,4,232,2478,984,2541,2352,3213,0.872,8,"\begin{equation*}I(G,\rho)=c_{B}(G)\cdot B(G,\rho)+c_{W}(G)\cdot W(G,\rho)-1\end{equation*}",1LBRcPHH3SEk7AVTbCHXZ8k9qj8edTQAp
2021,10.1109/TVCG.2021.3114773,9552242,J,Equations,4,tvcg_2021_3114773_eq_4.png,4,1405,958,1999,1081,2352,3213,0.945,8,\begin{equation*}I= \frac{r}{t}\cdot\frac{\sum\nolimits_{a=1}^{r}\sum\nolimits_{b=1}^{r}T_{ab}(x_{a}-\overline{x})(x_{b}-\overline{x})}{\sum\nolimits_{a=1}^{r}(x_{a}-\overline{x})^{2}}\end{equation*},1PG6sG5aPczoQE4qdACEbjKx33C0zMbV-
2021,10.1109/TVCG.2021.3114773,9552242,J,Equations,5,tvcg_2021_3114773_eq_5.png,4,1347,1397,2059,1525,2352,3213,0.938,8,\begin{equation*}I= \frac{n^{2}}{t}\cdot\frac{\sum\nolimits_{a=1}^{r}\sum\nolimits_{b=1}^{r}T_{ab}(x_{a}n^{2}-m)(x_{b}n^{2}-m)}{\sum\nolimits_{i=1}^{r}(x_{a}n^{2}-m)^{2}}.\end{equation*},107W-Zqu3jsPMFIELeWft15hcetJaOMLJ
2021,10.1109/TVCG.2021.3114773,9552242,J,Equations,6,tvcg_2021_3114773_eq_6.png,5,138,269,1153,495,2352,3213,0.876,8,"\begin{align*}
I&= \frac{n^{2}}{4n(n-1)}\cdot\frac{2B\cdot(n^{2}-m)^{2}+2W\cdot(-m)^{2}+2D\cdot(n^{2}-m)(-m)}{m(n^{2}-m)^{2}+(n^{2}-m)(-m)^{2}}\\
&= \frac{1}{2n(n-1)m(n^{2}-m)}\cdot(B\cdot(n^{2}-m)^{2}+W\cdot m^{2}-D\cdot(n^{2}-m)m)
\end{align*}",1rNR4fzCwewgZMncsibLsW-s5byjtN52O
2021,10.1109/TVCG.2021.3114773,9552242,J,Equations,7,tvcg_2021_3114773_eq_7.png,5,294,698,999,856,2352,3213,0.939,8,"\begin{align*}
I&=B \cdot\frac{n}{2(n-1)m}+W\cdot\frac{n}{2(n-1)(n^{2}-m)}-1\\
&= c_{B}\cdot B+ c_{W}\cdot W-1\end{align*}",1CW4Oa1l-4JpAjjv5Y6Sk6Q63bn0fsvNW
2021,10.1109/TVCG.2021.3114773,9552242,J,Equations,8,tvcg_2021_3114773_eq_8.png,5,334,1545,962,1669,2352,3213,0.954,8,"\begin{equation*}I(G,\rho)=-1+2 \sum\limits_{i=1}^{n-1}s(G,\rho(i),\rho(i+1))\end{equation*}",1gOphJyptWVTRyBjbJX80kD21DzLXW9zc
2021,10.1109/TVCG.2021.3114773,9552242,J,Table,2,tvcg_2021_3114773_table_2.png,7,1209,411,2275,687,2352,3213,0.969,2,"Table 2. Overview of datasets. $k$: number of graphs in collection; $n$: number of vertices in each graph: $m$: number of black cells in the matrix; $\Delta$: number of changing edges between graphs. $m$ and $\Delta$ are given as a percentage of the number of cells in the matrix ($n^{2}$), and we provide the mean $\mu$ and standard deviation $\sigma$.",13MURsOKuYVqSaNPIJiokCdxHXxl1aOsi
2021,10.1109/TVCG.2021.3114860,9555491,J,Table,1,tvcg_2021_3114860_table_1.png,4,86,146,2221,705,2352,3213,0.836,1,"Table 1. All relations specified in terms of our model. The lower case letters: $g, c, d$ and $v$ represent equalities (1) or inequalities (0) between chart groupings, channels, data mappings and visual outputs, and the specifications are predicate logic expressions operating primarily on these (lower case) equalities or inequalities. The uniqueness quantifier on $\exists!D$ indicates that there exists exactly one data mapping that satisfies a certain condition, for example being unmapped (= 0) for (b). For the partial redundancy relation, $D1\in D2$ signifies that all data shown by one view ($D1$) is also shown by the other view. ($D2$)",1zJZEienJ3YIQSDWMLtIeVK4ilR6TsxZv
2021,10.1109/TVCG.2021.3114826,9552449,J,Equations,1,tvcg_2021_3114826_eq_1.png,4,389,3003,1137,3071,2352,3213,0.917,3,"\begin{equation*}
 f(\mathcal{I}^{+}) > f(\mathcal{I}^{-}),\forall\langle \mathcal{I}^{+},\mathcal{I}^{-}\rangle
\tag{1}
\end{equation*}",1r1_a4L6-jLTutT-TxTg1nNV9gRz0LbVd
2021,10.1109/TVCG.2021.3114826,9552449,J,Equations,2,tvcg_2021_3114826_eq_2.png,4,1415,1983,2233,2049,2352,3213,0.92,3,"\begin{equation*}
L(\mathcal{S}^{+},\mathcal{S}^{-})= max(0,m+\mathcal{S}^{+}-\mathcal{S}^{-}),
\tag{2}
\end{equation*}",1WVG1QCBfi5OCOU-DZ9ye5LWF7qDIoNNV
2021,10.1109/TVCG.2021.3114826,9552449,J,Equations,3,tvcg_2021_3114826_eq_3.png,5,464,1429,1176,1491,2352,3213,0.922,3,"\begin{equation*}
\mathcal{S}(d,v)=\mathcal{S}(d)\times \mathcal{P}(v)
\tag{3}
\end{equation*}",1f-ldDw-_WBNfWcZ24QD0_C37zlBrnivH
2021,10.1109/TVCG.2021.3114826,9552449,J,Table,1,tvcg_2021_3114826_table_1.png,7,237,286,1057,458,2352,3213,0.972,1,Table 1. Model performance in terms of the ranking accuracy on pairs (%) through monte-carlo cross-validation averaged for 10 runs with an 80–20 training-testing split ratio.,1Okk2uNEoyXhWmQjWqxVXEtOUo8SeydiL
2021,10.1109/TVCG.2021.3114856,9585700,J,Table,1,tvcg_2021_3114856_table_1.png,4,120,2254,1098,2547,2352,3213,0.958,1,Table 1. The frequencies of different combinations of text blocks. Tick marks in the same column indicate the combination of text types.,16umluxPpeFlFFLenY6p7uGCZUPYrziJl
2021,10.1109/TVCG.2021.3114863,9552844,J,Equations,1,tvcg_2021_3114863_eq_1.png,3,564,2026,1177,2082,2352,3213,0.904,7,"\begin{equation*}
\mathbf{h}+\mathbf{r}\approx \mathbf{t},
\tag{1}
\end{equation*}",1EF2DUn2ixeygjTLdJZlpnwJVCXPDP1uY
2021,10.1109/TVCG.2021.3114863,9552844,J,Equations,2,tvcg_2021_3114863_eq_2.png,3,425,2209,1176,2274,2352,3213,0.937,7,"\begin{equation*}
g(h,r,t)=-\Vert \mathbf{h}+\mathbf{r}-\mathbf{t}\Vert _{1/2},
\tag{2}
\end{equation*}",1qxgS_X5frj05LUbkgurgrx9ikHla-Jsu
2021,10.1109/TVCG.2021.3114863,9552844,J,Equations,3,tvcg_2021_3114863_eq_3.png,3,294,2458,1175,2563,2352,3213,0.923,7,"\begin{equation*}
L=\sum_{(h^{\prime}, r, t^{\prime}) \in S^{\prime}} \text{ReLU}(\gamma+g(h^{\prime}, r, t^{\prime})-g(h, r, t)),
\tag{3}
\end{equation*}",1z3mVAuLjTMQrBoAc-7kO6xPACE1NtZ3G
2021,10.1109/TVCG.2021.3114863,9552844,J,Table,1,tvcg_2021_3114863_table_1.png,4,1181,326,2222,1274,2352,3213,0.98,3,Table 1. This table shows the definition of relations and their related entities. The first section presents $\mathbb{R}_{D\rightarrow V}$ and $\mathbb{E}_{V}$ The second section of the table illustrates $\mathbb{R}_{CF\rightarrow D}$ and $\mathbb{E}_{CF}$. The third section shows $\mathbb{R}_{DF\rightarrow D}$ and $\mathbb{E}_{DF}$ IQR is the interquartile range and std is the standard deviation.,1gC2ncChqd0TSiSXYRjSMQeCNG-rjeIpf
2021,10.1109/TVCG.2021.3114863,9552844,J,Equations,4,tvcg_2021_3114863_eq_4.png,4,1378,1965,2233,2088,2352,3213,0.951,7,"\begin{equation*}
w(h^{\prime},r,t^{\prime})=\frac{\exp(\alpha g(h^{\prime},r,t^{\prime}))}{\Sigma_{(h_{i}^{\prime},r,t_{i}^{\prime})\in S^{\prime}}\exp(\alpha g(h_{i},r,t_{i}^{\prime}))},
\tag{4}
\end{equation*}",1Zv-jnH4yUDuY_06AUsa_2oyTdMVrncAu
2021,10.1109/TVCG.2021.3114863,9552844,J,Equations,5,tvcg_2021_3114863_eq_5.png,4,1319,2330,2233,2497,2352,3213,0.954,7,"\begin{align*}
L=&-\log \sigma(\gamma+g(h, r, t)) \\
&-\sum_{(h^{\prime}, r, t^{\prime}) \in S^{\prime}} w(h^{\prime}, r, t^{\prime}) \log \sigma(-g(h^{\prime}, r, t^{\prime})-\gamma),
\tag{5}
\end{align*}",12F4yDT0yRLFfiTAF6tysMJMWjp6UUeXf
2021,10.1109/TVCG.2021.3114863,9552844,J,Equations,6,tvcg_2021_3114863_eq_6.png,5,374,1198,1175,1265,2352,3213,0.923,7,"\begin{equation*}
g_{f_{i} \rightarrow v_{n}}=-\Vert\mathbf{f}_{i}+\mathbf{r}_{j}+\mathbf{r}_{\text {target }}-\mathbf{v}_{n}\Vert,
\tag{6}
\end{equation*}",1RnRCCLCjFLgs2geP3U4XtXCGPnDAxNJn
2021,10.1109/TVCG.2021.3114863,9552844,J,Equations,7,tvcg_2021_3114863_eq_7.png,5,327,1482,1176,1605,2352,3213,0.95,7,"\begin{equation*}
g(d_{new}, r_{target}, v_{n})=\frac{1}{\vert F_{new}\vert} \sum_{f_{i} \in F_{new}} g_{f_{i} \rightarrow v_{n}}.
\tag{7}
\end{equation*}",1tn8YUsqvsH4MLkK4-VnajHjY8rQChy7q
2021,10.1109/TVCG.2021.3114863,9552844,J,Table,2,tvcg_2021_3114863_table_2.png,6,287,2791,925,3043,2352,3213,0.973,3,"Table 2. This table shows the result of our quantitative evaluation on embedding learning methods. The best results are in bold. Overall, transe-adv outperforms others. Among all metrics, a smaller MR indi-cates better performance while larger accuracy and hits@2 are better.",1asxHFP3P02qHmZtYwAQx9vyL4uSIv2XC
2021,10.1109/TVCG.2021.3114863,9552844,J,Table,3,tvcg_2021_3114863_table_3.png,7,1212,663,2272,925,2352,3213,0.971,3,Table 3. This table shows the five rules of the lowest scores. Most of the rules of low scores are related to the names of columns.,1w_5ObaOmZDexfQYCTaJp-ZuzKFHMt1-Z
2021,10.1109/TVCG.2021.3114804,9552878,J,Table,1,tvcg_2021_3114804_table_1.png,5,126,250,2253,1468,2352,3213,0.986,1,Table 1. Action space of VizLinter,12_7wQJs1nJdlOF7oOq1PUwkM1GSGVUPL
2021,10.1109/TVCG.2021.3114804,9552878,J,Equations,1,tvcg_2021_3114804_eq_1.png,5,449,2068,2270,2182,2352,3213,0.942,6,,1e0SFQXFdwRgVSZil9bkZEGpw_OejZYQ3
2021,10.1109/TVCG.2021.3114804,9552878,J,Equations,2,tvcg_2021_3114804_eq_2.png,5,449,2661,1177,2774,2352,3213,0.947,6,,1uZmvSsP4mLc3DNDOpF3so1eYpTD3GRUu
2021,10.1109/TVCG.2021.3114804,9552878,J,Equations,3,tvcg_2021_3114804_eq_3.png,5,1471,1793,2270,1854,2352,3213,0.922,6,,11uFYMD1NhlLXmnfDEs5L0SsxrZ7vMjhV
2021,10.1109/TVCG.2021.3114804,9552878,J,Equations,4,tvcg_2021_3114804_eq_4.png,5,1433,2072,2270,2132,2352,3213,0.916,6,,1yZ-d5eTwFC22cVxUvQ1u47pQymIxkUF8
2021,10.1109/TVCG.2021.3114804,9552878,J,Equations,5,tvcg_2021_3114804_eq_5.png,5,1243,2696,2270,2820,2352,3213,0.792,6,,1gwcFuteQr645gMye2aoB80k_k8Ck5H3Y
2021,10.1109/TVCG.2021.3114804,9552878,J,Equations,6,tvcg_2021_3114804_eq_6.png,5,1242,2822,2270,2942,2352,3213,0.948,6,,15aPhLpO_YEdwSiscGjQsc59cLcQmQZwO
2021,10.1109/TVCG.2021.3114804,9552878,J,Equations,7,tvcg_2021_3114804_eq_7.png,5,1424,2942,2270,3002,2352,3213,0.767,6,,15MIIgIOmvDbXPiZIg6wu8DGO0XIBYELK
2021,10.1109/TVCG.2021.3114804,9552878,J,Equations,8,tvcg_2021_3114804_eq_8.png,5,1426,2999,2270,3097,2352,3213,0.932,6,,1epYEdavwT6hbHD9izDnKUI8LLZEUgUE6
2021,10.1109/TVCG.2021.3114804,9552878,J,Algorithms,1,tvcg_2021_3114804_alg_1.png,6,80,212,1140,841,2352,3213,1.0,1,Algorithm 1: Update Candidate Actions of Each Rule,1SL0fzwmMru0YplLCoNbO22XhUd5kF51x
2021,10.1109/TVCG.2021.3114848,9617561,J,Equations,1,tvcg_2021_3114848_eq_1.png,4,1252,1180,2131,1257,2352,3213,0.535,7,,1KCbTRo2DeLFlmeTaVat4UwQF79gIcw5p
2021,10.1109/TVCG.2021.3114848,9617561,J,Equations,2,tvcg_2021_3114848_eq_2.png,4,1255,1507,2087,1583,2352,3213,0.78,7,,1kU_7ZDHvbSZyxeBdeVKAAliZxwRaYUDk
2021,10.1109/TVCG.2021.3114848,9617561,J,Equations,3,tvcg_2021_3114848_eq_3.png,4,1255,1914,2215,1987,2352,3213,0.758,7,,1xxP3H8BHwA5_iCMbIQL7RALA4b3nSHJO
2021,10.1109/TVCG.2021.3114848,9617561,J,Equations,4,tvcg_2021_3114848_eq_4.png,4,1372,2848,2039,2922,2352,3213,0.912,7,,10HPLiA03bd6UdjSAU1S0cYxxUdzZtPeY
2021,10.1109/TVCG.2021.3114848,9617561,J,Equations,5,tvcg_2021_3114848_eq_5.png,5,1377,2656,2107,2773,2352,3213,0.939,7,,1ppHn27wvavj_nYLR82HjZvFEDBoD1yAV
2021,10.1109/TVCG.2021.3114848,9617561,J,Equations,6,tvcg_2021_3114848_eq_6.png,6,196,1695,1027,1805,2352,3213,0.888,7,,1fFctwdzJEaoUiAtk3LsZBH2jJNIopkoV
2021,10.1109/TVCG.2021.3114815,9552857,J,Equations,1,tvcg_2021_3114815_eq_1.png,4,410,319,1137,392,2352,3213,0.937,4,,1qmn3Jw6MSCmBHPU9st-GddJorOLPkaP0
2021,10.1109/TVCG.2021.3114815,9552857,J,Equations,2,tvcg_2021_3114815_eq_2.png,4,441,786,1137,856,2352,3213,0.926,4,,1P8aS7oFbr2hAQn8S_Yb9Yxn96mp62oTz
2021,10.1109/TVCG.2021.3114815,9552857,J,Equations,3,tvcg_2021_3114815_eq_3.png,4,279,972,1137,1098,2352,3213,0.943,4,,1whrq6EdkBq2L_pAJqzHSXkwkZdAU-Wlg
2021,10.1109/TVCG.2021.3114815,9552857,J,Equations,4,tvcg_2021_3114815_eq_4.png,4,281,1116,1138,1373,2352,3213,0.954,4,,1El-eBPIDv9aoPZ6rFzyCe7ZvYozIF1DX
2021,10.1109/TVCG.2021.3114815,9552857,J,Equations,5,tvcg_2021_3114815_eq_5.png,4,383,1474,1137,1551,2352,3213,0.932,4,,1sL2LK0iaP6TSVbIc5AjNWEYjL5awYvaP
2021,10.1109/TVCG.2021.3114815,9552857,J,Table,1,tvcg_2021_3114815_table_1.png,4,107,2118,1097,2421,2352,3213,0.979,6,Table 1: Variables and dimension of each data set.,1JpVXxNyVBgOW1YsFG2fEuWO4GNHnKyoQ
2021,10.1109/TVCG.2021.3114815,9552857,J,Algorithms,1,tvcg_2021_3114815_alg_1.png,4,1174,199,2234,1207,2352,3213,1.0,0,,1AK_eVeLIyohNnOlnfDJg5xnb8F9rOKqp
2021,10.1109/TVCG.2021.3114815,9552857,J,Table,2,tvcg_2021_3114815_table_2.png,5,241,2070,2122,2615,2352,3213,0.963,6,"Table 2: Average PSNR (dB), SSIM, and training time (in seconds). The best ones are highlighted in bold (same for other tables in the paper).",1kJfOkh1UWZKlSh030D1WR9EX-L03ZVBu
2021,10.1109/TVCG.2021.3114815,9552857,J,Table,3,tvcg_2021_3114815_table_3.png,7,140,244,1141,551,2352,3213,0.977,6,Table 3: Average IS values at chosen isovalues.,1hndCnBBMV9brDuMyRhuZyJOf3VjJpEVu
2021,10.1109/TVCG.2021.3114815,9552857,J,Table,4,tvcg_2021_3114815_table_4.png,7,176,1381,1121,1695,2352,3213,0.898,6,Table 4: Comparison of TTHRESH and STNet. Top: Average SSIM under the same PSNR of 36.84 dB. Bottom: Average PSNR (dB) and SSIM under the same compression ratio of 206.74×.,1j3gZ6Y62vCoPrAjp51269M8KQ2vf17b3
2021,10.1109/TVCG.2021.3114815,9552857,J,Table,5,tvcg_2021_3114815_table_5.png,7,1298,2418,2164,2726,2352,3213,0.98,6,Table 5: Average PSNR (dB) and SSIM for ensemble and multivariate data sets.,1bhBISroFNopHs1xntxzzBggQje1ftF1z
2021,10.1109/TVCG.2021.3114815,9552857,J,Table,6,tvcg_2021_3114815_table_6.png,9,180,245,1094,713,2352,3213,0.962,6,Table 6: Average PSNR (dB) and SSIM under different settings.,1UpExQR58bh7Z9HkoL_5fz1BVrfk-40b0
2021,10.1109/TVCG.2021.3115565,9556604,J,Equations,1,tvcg_2021_3115565_eq_1.png,2,438,1642,1136,1710,2352,3213,0.926,40,,1zDiNNSBXK68Rx2ezKu0Vt-w8HEeIJzjG
2021,10.1109/TVCG.2021.3115565,9556604,J,Equations,2,tvcg_2021_3115565_eq_2.png,2,205,1820,1136,1884,2352,3213,0.937,40,,1vj7kF_h39hyEFbb29T3vJIT-VJ_LcXuk
2021,10.1109/TVCG.2021.3115565,9556604,J,Equations,3,tvcg_2021_3115565_eq_3.png,3,1616,2202,2270,2264,2352,3213,0.92,40,,1wJxvUTeUOekWaAPErALhiHiWmMJ_Za2B
2021,10.1109/TVCG.2021.3115565,9556604,J,Equations,4,tvcg_2021_3115565_eq_4.png,3,1614,2638,2270,2701,2352,3213,0.917,40,,1KzMGCzCDmkLkwxv8jmgZL59AbFjfMgth
2021,10.1109/TVCG.2021.3115565,9556604,J,Equations,5,tvcg_2021_3115565_eq_5.png,4,368,2026,1136,2126,2352,3213,0.951,40,,1AISMHhlcXFhpUjMHAjfRYEKhu7tljhzP
2021,10.1109/TVCG.2021.3115565,9556604,J,Equations,6,tvcg_2021_3115565_eq_6.png,4,478,2772,1138,2837,2352,3213,0.926,40,,1_fKhxm4s4vEnFpW425w-lN-FGmP-dixi
2021,10.1109/TVCG.2021.3115565,9556604,J,Equations,7,tvcg_2021_3115565_eq_7.png,4,406,2939,1138,3046,2352,3213,0.947,40,,13Ej8-HwEmrmogTDbThwj1JVB8fIfi6bn
2021,10.1109/TVCG.2021.3115565,9556604,J,Equations,8,tvcg_2021_3115565_eq_8.png,4,1232,944,2233,1068,2352,3213,0.957,40,,1oVXkE2tvxvaJMXSDu0PgnSgqVUIqc1ad
2021,10.1109/TVCG.2021.3115565,9556604,J,Equations,9,tvcg_2021_3115565_eq_9.png,4,1378,1284,2233,1400,2352,3213,0.942,40,,1S3A2GH7RSShYs1UASAxh-9gLXHumWYHJ
2021,10.1109/TVCG.2021.3115565,9556604,J,Equations,10,tvcg_2021_3115565_eq_10.png,4,1577,1491,2233,1556,2352,3213,0.924,40,,1HlkegkOktWR_umjHMznrQDzNjmsemFac
2021,10.1109/TVCG.2021.3115565,9556604,J,Equations,11,tvcg_2021_3115565_eq_11.png,4,1204,2483,2199,2805,2352,3213,0.641,40,,109aI6of7PCNMSMoHXHLs_5B5Mgi8x5PE
2021,10.1109/TVCG.2021.3115565,9556604,J,Equations,12,tvcg_2021_3115565_eq_12.png,5,369,1048,1175,1165,2352,3213,0.938,40,,1zmalj2IFov9B1SGyKu8vK9Rz8Ee3Ib8H
2021,10.1109/TVCG.2021.3115565,9556604,J,Equations,13,tvcg_2021_3115565_eq_13.png,5,345,2181,2271,2250,2352,3213,0.936,40,,1ZIFOzkYNUNiYcHKrKLHpkVZoA52F9e8d
2021,10.1109/TVCG.2021.3115565,9556604,J,Equations,14,tvcg_2021_3115565_eq_14.png,5,281,2401,1176,2508,2352,3213,0.954,40,,1NI2CxHVrfA6CBYXWL2vlL_PwGaZrqGlv
2021,10.1109/TVCG.2021.3115565,9556604,J,Equations,15,tvcg_2021_3115565_eq_15.png,5,1470,1000,2270,1079,2352,3213,0.923,40,,1-YlNPYzAHLSq-YRPHSAVyYoG7WKJcZD2
2021,10.1109/TVCG.2021.3115565,9556604,J,Equations,16,tvcg_2021_3115565_eq_16.png,5,1585,1585,2270,1689,2352,3213,0.935,40,,1ONAU-Rpm2-1R8kTAvemm4ZANy1KLUmX1
2021,10.1109/TVCG.2021.3115565,9556604,J,Equations,17,tvcg_2021_3115565_eq_17.png,5,1226,2153,2271,2274,2352,3213,0.95,40,,1cDW-DL_0SDLqmftO3-LSFKimnpycmrhT
2021,10.1109/TVCG.2021.3115565,9556604,J,Equations,18,tvcg_2021_3115565_eq_18.png,5,1271,2874,2270,2945,2352,3213,0.92,40,,1alLX_62qFAoSd_SBIp57_iWllVlZ8mUt
2021,10.1109/TVCG.2021.3115565,9556604,J,Equations,19,tvcg_2021_3115565_eq_19.png,6,94,840,1137,957,2352,3213,0.939,40,,1DjLkNvbKtgH3Opjn8Cad4E18jWd2rIf_
2021,10.1109/TVCG.2021.3115565,9556604,J,Equations,20,tvcg_2021_3115565_eq_20.png,6,406,1094,1137,1173,2352,3213,0.933,40,,1OwytCRtqLUGOAOpfBNj3npgRDOTommVw
2021,10.1109/TVCG.2021.3115565,9556604,J,Equations,21,tvcg_2021_3115565_eq_21.png,6,121,1267,2233,1433,2352,3213,0.955,40,,1Z-7wU2rYqMWf7ZZKaILlxpThLcCFguIP
2021,10.1109/TVCG.2021.3115565,9556604,J,Equations,22,tvcg_2021_3115565_eq_22.png,6,141,2167,1136,2303,2352,3213,0.95,40,,1VGh6VrGsE58Tgmp23H17ZQCITz52USIa
2021,10.1109/TVCG.2021.3115565,9556604,J,Equations,23,tvcg_2021_3115565_eq_23.png,6,300,2776,2233,2971,2352,3213,0.96,40,,1BNBjktil__fcpb3TU1S3-kJ4mR3HTx3I
2021,10.1109/TVCG.2021.3115565,9556604,J,Equations,24,tvcg_2021_3115565_eq_24.png,6,1344,1335,2233,1400,2352,3213,0.906,40,,1NozqfuqppCsQxtck50s9542mOr11oFZS
2021,10.1109/TVCG.2021.3115565,9556604,J,Equations,25,tvcg_2021_3115565_eq_25.png,6,1310,1867,2233,2090,2352,3213,0.962,40,,1GnGf6p5BE_IMwPQzqHZ3YJzVNQVeLd_k
2021,10.1109/TVCG.2021.3115565,9556604,J,Equations,26,tvcg_2021_3115565_eq_26.png,6,1454,2607,2233,2723,2352,3213,0.949,40,,1C1XDubCyXnBGRa5mQTjrtNuy7TPPZm2K
2021,10.1109/TVCG.2021.3115565,9556604,J,Equations,27,tvcg_2021_3115565_eq_27.png,6,1393,2807,2233,2913,2352,3213,0.921,40,,19Gs-v5YIS6YxWdzuLbFFhPdb7hJVWdF9
2021,10.1109/TVCG.2021.3115565,9556604,J,Equations,28,tvcg_2021_3115565_eq_28.png,6,1237,2994,2233,3098,2352,3213,0.926,40,,1e-UsXLvCfmHaNSam8G7Ox3bQuoU_PY4H
2021,10.1109/TVCG.2021.3115565,9556604,J,Equations,29,tvcg_2021_3115565_eq_29.png,7,519,899,1176,968,2352,3213,0.93,40,,116TseUvrMdwQ9Sht3hRCUc6kRBMxsJyY
2021,10.1109/TVCG.2021.3115565,9556604,J,Equations,30,tvcg_2021_3115565_eq_30.png,7,475,1057,1176,1130,2352,3213,0.927,40,,1haZ37ivj4y9vaKvaiydRztO1AEmIMXz1
2021,10.1109/TVCG.2021.3115565,9556604,J,Equations,31,tvcg_2021_3115565_eq_31.png,7,508,1386,1175,1451,2352,3213,0.924,40,,1eEt5FIYnE_fHeJF6kSg6Hw2WwATC2CV3
2021,10.1109/TVCG.2021.3115565,9556604,J,Equations,32,tvcg_2021_3115565_eq_32.png,7,341,1623,1175,1689,2352,3213,0.922,40,,1iK6U4cZtFpWIvGKPzICgJKDzyk32FOhC
2021,10.1109/TVCG.2021.3115565,9556604,J,Equations,33,tvcg_2021_3115565_eq_33.png,7,470,1829,1176,1899,2352,3213,0.875,40,,1KAUyvAoBPygUye_kL5u5-3XqVX5jBpA6
2021,10.1109/TVCG.2021.3115565,9556604,J,Equations,34,tvcg_2021_3115565_eq_34.png,7,266,2156,1175,2245,2352,3213,0.932,40,,1GRiHttxq9J8rpIVB0VjP5MBVpp7bIADG
2021,10.1109/TVCG.2021.3115565,9556604,J,Equations,35,tvcg_2021_3115565_eq_35.png,7,303,2391,1176,2615,2352,3213,0.959,40,,1p2vx_K9_hegNrDauZImGtHQo22GMBi59
2021,10.1109/TVCG.2021.3115565,9556604,J,Equations,36,tvcg_2021_3115565_eq_36.png,7,199,2701,1175,2954,2352,3213,0.964,40,,1V5lrtxz_DGQPLhDWOxvWRTYBEFvbyjGT
2021,10.1109/TVCG.2021.3115565,9556604,J,Equations,37,tvcg_2021_3115565_eq_37.png,7,1650,1665,2270,1719,2352,3213,0.908,40,,1c_k08pncw6JiPxLSBOyw4e_VJ0ltEjig
2021,10.1109/TVCG.2021.3115565,9556604,J,Equations,38,tvcg_2021_3115565_eq_38.png,8,397,325,1137,426,2352,3213,0.933,40,,1RZgXjxL2PLui0XGwJae_E4rM447Wfhw8
2021,10.1109/TVCG.2021.3115565,9556604,J,Equations,39,tvcg_2021_3115565_eq_39.png,8,371,2330,1137,2402,2352,3213,0.931,40,,1SO1Qt0A7aRTrRL-clf1eNFky0bIeezaQ
2021,10.1109/TVCG.2021.3115565,9556604,J,Table,1,tvcg_2021_3115565_table_1.png,8,1172,284,2252,640,2352,3213,0.975,1,"Table 1. Performance. Left half: path line integration, vertex throughput. Right half: observer world line integration, sample throughput.",1371VEcI99nVEwlXRh7FWdXd6l9bHJ-es
2021,10.1109/TVCG.2021.3114756,9556579,J,Equations,1,tvcg_2021_3114756_eq_1.png,4,1449,1839,2272,1980,2352,3213,0.881,14,,1em7QYrztNDVFp7eQfpxPQ0MPo3ruE6Sc
2021,10.1109/TVCG.2021.3114756,9556579,J,Equations,2,tvcg_2021_3114756_eq_2.png,4,1510,2393,2271,2511,2352,3213,0.692,14,,1ZWCeftKvz9YXMzOJhwmw8cExXzxtNGea
2021,10.1109/TVCG.2021.3114756,9556579,J,Equations,3,tvcg_2021_3114756_eq_3.png,5,404,647,1184,769,2352,3213,0.879,14,,1VE7zRfy9-Lwy4eLpGRmowPuAGHetsIRh
2021,10.1109/TVCG.2021.3114756,9556579,J,Equations,4,tvcg_2021_3114756_eq_4.png,5,256,823,1041,887,2352,3213,0.822,14,,1Ax1zrC17O5UwXQP0oBotA0Fbng-ZDFWL
2021,10.1109/TVCG.2021.3114756,9556579,J,Equations,5,tvcg_2021_3114756_eq_5.png,5,350,2050,1185,2494,2352,3213,0.517,14,,1GO29I7qJWgpbYyQB7juNBIsgucNA0igg
2021,10.1109/TVCG.2021.3114756,9556579,J,Equations,6,tvcg_2021_3114756_eq_6.png,5,1451,690,2033,756,2352,3213,0.787,14,,1ms7IrxkvuCBMZRbiaxAZ8xu3HBWt9B_d
2021,10.1109/TVCG.2021.3114756,9556579,J,Equations,7,tvcg_2021_3114756_eq_7.png,5,1370,2375,2243,2511,2352,3213,0.884,14,,1iNtwb6eaJhTHOpvQ4mu_7QnvePEvW3yh
2021,10.1109/TVCG.2021.3114756,9556579,J,Equations,8,tvcg_2021_3114756_eq_8.png,6,278,199,1176,475,2352,3213,0.943,14,,1CGoppC3j6gWYmttUUuMvvurozxu6gVfA
2021,10.1109/TVCG.2021.3114756,9556579,J,Equations,9,tvcg_2021_3114756_eq_9.png,6,381,1692,1175,1812,2352,3213,0.465,14,,1LclyVu5HaE0ZEw8AP5XPbRaPoUtK8U_B
2021,10.1109/TVCG.2021.3114756,9556579,J,Equations,10,tvcg_2021_3114756_eq_10.png,6,1595,1048,2271,1109,2352,3213,0.457,14,,17oXPwSlx7_7qCgFRPgQE6yNJLdEQYabN
2021,10.1109/TVCG.2021.3114756,9556579,J,Equations,11,tvcg_2021_3114756_eq_11.png,7,379,2662,1184,2803,2352,3213,0.626,14,,1kWA7ylGSLMTsza8vkFDk8PsI9n3uZZpG
2021,10.1109/TVCG.2021.3114756,9556579,J,Equations,12,tvcg_2021_3114756_eq_12.png,7,1565,786,2279,858,2352,3213,0.798,14,,1UC1-J5hykfBNgESZX58nZBVYOdZ3pQPP
2021,10.1109/TVCG.2021.3114756,9556579,J,Equations,13,tvcg_2021_3114756_eq_13.png,7,1545,857,2279,922,2352,3213,0.848,14,,1gS5COeQWDzIJ0Hw0Wxpf-wysRNBOHegX
2021,10.1109/TVCG.2021.3114756,9556579,J,Equations,14,tvcg_2021_3114756_eq_14.png,7,1406,920,2078,979,2352,3213,0.445,14,,1OtOjvhABrYA7Q7AG41yIQat-9K5KCwLt
2021,10.1109/TVCG.2021.3114756,9556579,J,Equations,15,tvcg_2021_3114756_eq_15.png,7,1541,1800,2279,1943,2352,3213,0.926,14,,1hA9zYuY9b-moPz-FOLaqjoqWjbV_HshD
2021,10.1109/TVCG.2021.3114756,9556579,J,Equations,16,tvcg_2021_3114756_eq_16.png,7,1391,1952,2094,2014,2352,3213,0.803,14,,1kKI4w6Thd6xljfQFf3fJs_ink8e5RtbS
2021,10.1109/TVCG.2021.3114756,9556579,J,Equations,17,tvcg_2021_3114756_eq_17.png,8,214,554,1146,663,2352,3213,0.791,14,,1t1q_fssZcTtT2PQnxmlYuDV6vrO2u_xN
2021,10.1109/TVCG.2021.3114850,9552229,J,Equations,1,tvcg_2021_3114850_eq_1.png,2,456,2776,1137,2837,2352,3213,0.914,6,"\begin{equation*}
r=cAr+(1-c)t,
\tag{1}
\end{equation*}",1UEPW2e_BEoPw2UwDNoJVvvsKUy6kMsUx
2021,10.1109/TVCG.2021.3114850,9552229,J,Equations,2,tvcg_2021_3114850_eq_2.png,4,445,1421,1136,1484,2352,3213,0.915,6,"\begin{equation*}
r=cQr+(1-c)Pt
\tag{2}
\end{equation*}",1dc25ccJLSH562dqxf_1N7uqxbigt7FLr
2021,10.1109/TVCG.2021.3114850,9552229,J,Equations,3,tvcg_2021_3114850_eq_3.png,4,181,1575,1137,1756,2352,3213,0.955,6,"\begin{equation*}
P_{ij}=\begin{cases}
\frac{1}{\delta_{j}},\ \text{if}\ \text{directed edge}\ (j,\ i)\in E \\
\frac{1}{N},\ \text{if}\delta_{j}=0 \qquad\qquad\qquad\qquad, Q_{ij}=\frac{s_{ij}}{\sum\nolimits_{k\in V^{S}kj}}\\
0,\ \text{otherwise}
\end{cases}
\tag{3}
\end{equation*}",1-GuOdPLG5vl0Aqt9DaYy-H_FH4hT9GN6
2021,10.1109/TVCG.2021.3114850,9552229,J,Equations,4,tvcg_2021_3114850_eq_4.png,4,473,1933,1136,2009,2352,3213,0.924,6,"\begin{equation*}
s_{ij}=e^{-\gamma\Vert x_{i}-x_{j}\Vert _{2}^{2}}
\tag{4}
\end{equation*}",1IdI29f3bU-9Xu1G2cqrvue_32uXeJ6z2
2021,10.1109/TVCG.2021.3114850,9552229,J,Equations,5,tvcg_2021_3114850_eq_5.png,4,269,2579,1136,2674,2352,3213,0.933,6,"\begin{equation*}
Y^{\ast}=\mathop{\arg\min}_{Y} =\Vert Y-\bar{Y}\Vert _{F}^{2}+\alpha Tr(Y^{T}L_{S}Y)
\tag{5}
\end{equation*}",1XYuVZN-qeijui2ZHpK0t9B7AmD2KXyVm
2021,10.1109/TVCG.2021.3114850,9552229,J,Algorithms,1,tvcg_2021_3114850_alg_1.png,5,1211,156,2271,612,2352,3213,1.0,1,Algorithm 1 Clustering Similar Ranking Scores,1dYt1En8_7JH1HDsYSXzkZgC7AMaUXkB7
2021,10.1109/TVCG.2021.3114850,9552229,J,Equations,6,tvcg_2021_3114850_eq_6.png,5,1561,2824,2271,2924,2352,3213,0.936,6,"\begin{equation*}
\Delta_{g}=\frac{1}{n} \sum\nolimits_{v\in V_{s},v\in g}(r_{v}^{\prime}-r_{v}),
\tag{6}
\end{equation*}",1LUcVlYSLKRqC3pfpyLGQSSoX3STcLA_Y
2021,10.1109/TVCG.2021.3114836,9555810,J,Equations,1,tvcg_2021_3114836_eq_1.png,5,1488,1248,1993,1368,2352,3213,0.941,1,"\begin{equation*}
\underset{\theta}{argmax}\quad \frac{\Delta\mu/\mu(\boldsymbol{v})+\Delta\sigma/\sigma(\boldsymbol{v})}{\vert \boldsymbol{v}_{a}\vert +\vert \boldsymbol{V}_{seq}\vert^{2}}
\end{equation*}",1fOmZRsKNEqM_FrgjU4Bm5wwZWIH1y68I
2021,10.1109/TVCG.2021.3114788,9552900,J,Table,1,tvcg_2021_3114788_table_1.png,2,1174,2504,2277,3101,2352,3213,0.968,4,Table 1. Terminology and main concepts used in this paper.,1gSSdUW1pQKLfz4yClGrLoyAGuA6diQWr
2021,10.1109/TVCG.2021.3114788,9552900,J,Equations,1,tvcg_2021_3114788_eq_1.png,4,1411,697,2233,799,2352,3213,0.944,22,,1F3Isv498gv7g4FxdEG4mTU8TP1nc3q5d
2021,10.1109/TVCG.2021.3114788,9552900,J,Equations,2,tvcg_2021_3114788_eq_2.png,4,1555,968,2233,1030,2352,3213,0.92,22,,1t4lfE86XUhc_QsoYwqFSDKlxZOgahMhu
2021,10.1109/TVCG.2021.3114788,9552900,J,Equations,3,tvcg_2021_3114788_eq_3.png,4,1365,1500,2233,1567,2352,3213,0.897,22,,1bC1_kNQs3AHqJG0fw4Ou0DVmfxVOqYPf
2021,10.1109/TVCG.2021.3114788,9552900,J,Equations,4,tvcg_2021_3114788_eq_4.png,4,1365,1564,2233,1671,2352,3213,0.942,22,,1sG3FUjlsDwIXdbrJAltOVAJxDHth2ah7
2021,10.1109/TVCG.2021.3114788,9552900,J,Equations,5,tvcg_2021_3114788_eq_5.png,4,1387,2000,2233,2114,2352,3213,0.92,22,,1dhckUtwMCNRnWAA5KC0_noSZ45ArAheC
2021,10.1109/TVCG.2021.3114788,9552900,J,Equations,6,tvcg_2021_3114788_eq_6.png,5,210,599,1177,706,2352,3213,0.909,22,,1GXOqrnhKMbiKyrLkH4KxP9xM-cQ3rgUa
2021,10.1109/TVCG.2021.3114788,9552900,J,Equations,7,tvcg_2021_3114788_eq_7.png,5,250,1625,1176,1692,2352,3213,0.939,22,,1yJkPQE575dMnadcB1SnEnZVsa1poVNzO
2021,10.1109/TVCG.2021.3114788,9552900,J,Equations,8,tvcg_2021_3114788_eq_8.png,5,202,1833,1176,1956,2352,3213,0.942,22,,1Fydwu1ob-TzdarvFh5Mn8uZKfE8T6G3K
2021,10.1109/TVCG.2021.3114788,9552900,J,Equations,9,tvcg_2021_3114788_eq_9.png,5,1332,1751,2270,1853,2352,3213,0.93,22,,1GevemKnv6nvvm88dfY24lSRVtA20xuYI
2021,10.1109/TVCG.2021.3114788,9552900,J,Equations,10,tvcg_2021_3114788_eq_10.png,5,1537,1972,2271,2085,2352,3213,0.945,22,,1I4iGIATI-WEJs2FanZj5G_MFD7Y3eiBq
2021,10.1109/TVCG.2021.3114788,9552900,J,Algorithms,1,tvcg_2021_3114788_alg_1.png,5,1211,2278,2271,3087,2352,3213,1.0,1,Algorithm 1: Double-Buffered Depth Confidence Updates,16lUi7DPDv3-KTo2IOOvZUsFEbflkEz9l
2021,10.1109/TVCG.2021.3114788,9552900,J,Equations,11,tvcg_2021_3114788_eq_11.png,6,448,1069,2233,1143,2352,3213,0.655,22,,19XP35iZilC0nCd5-HvnV7x2eIpyxeTU7
2021,10.1109/TVCG.2021.3114788,9552900,J,Equations,12,tvcg_2021_3114788_eq_12.png,6,447,1312,1137,1374,2352,3213,0.936,22,,1YJhzXsMhYJWQ0DSpRCh-Y7213sGhQ96-
2021,10.1109/TVCG.2021.3114788,9552900,J,Equations,13,tvcg_2021_3114788_eq_13.png,6,492,1627,1137,1739,2352,3213,0.939,22,,1ZWMzpwwNBy3oJbEhe1cIc5HgW9k-02en
2021,10.1109/TVCG.2021.3114788,9552900,J,Equations,14,tvcg_2021_3114788_eq_14.png,6,438,1957,1138,2021,2352,3213,0.928,22,,1sjNYfmPTodACoiV2R-0QyY28B1XioO8a
2021,10.1109/TVCG.2021.3114788,9552900,J,Equations,15,tvcg_2021_3114788_eq_15.png,6,346,2189,1137,2306,2352,3213,0.934,22,,16z1eng0eE4q6fCC_DiJ-Xpw7bdUvLXmw
2021,10.1109/TVCG.2021.3114788,9552900,J,Equations,16,tvcg_2021_3114788_eq_16.png,6,285,2592,1137,2685,2352,3213,0.929,22,,1MMvpaEPvzZ0A_FrOpOdg-fu8-Hs4c6b-
2021,10.1109/TVCG.2021.3114788,9552900,J,Equations,17,tvcg_2021_3114788_eq_17.png,6,336,2904,2233,2992,2352,3213,0.94,22,,1fvZta_qPHEMttS8mLEkbrTGqyuBjIiFO
2021,10.1109/TVCG.2021.3114788,9552900,J,Equations,18,tvcg_2021_3114788_eq_18.png,6,1528,660,2233,771,2352,3213,0.922,22,,1XjvvKbu0EJULuaEAZ-a0S-jQ65q5tZrV
2021,10.1109/TVCG.2021.3114788,9552900,J,Equations,19,tvcg_2021_3114788_eq_19.png,6,1421,875,2233,983,2352,3213,0.944,22,,1pAuDnxNK3eVBSr1SEuxoeZIP57453MCN
2021,10.1109/TVCG.2021.3114788,9552900,J,Equations,20,tvcg_2021_3114788_eq_20.png,6,1240,1050,2233,1140,2352,3213,0.931,22,,1wQnST3Ryylkk204WPuobGVaKNKIbp4PZ
2021,10.1109/TVCG.2021.3114788,9552900,J,Equations,21,tvcg_2021_3114788_eq_21.png,6,1304,2662,2233,2806,2352,3213,0.929,22,,1a_xypzrsNFWE1vaEBM8bPfZ8WD_Rnr1x
2021,10.1109/TVCG.2021.3114788,9552900,J,Equations,22,tvcg_2021_3114788_eq_22.png,6,1476,2883,2233,3004,2352,3213,0.944,22,,1qxzpUShl6Pz2VdfDIhCIcYG8Xz4k4D92
2021,10.1109/TVCG.2021.3114788,9552900,J,Equations,23,tvcg_2021_3114788_eq_23.png,7,320,1693,1175,1840,2352,3213,0.952,22,,1SpXWy_8_C1mnQxHFtQ_js6AkqTFw3ik4
2021,10.1109/TVCG.2021.3114788,9552900,J,Table,2,tvcg_2021_3114788_table_2.png,8,138,2923,1068,3106,2352,3213,0.938,4,Table 2. Data sets used for evaluation. (See the appendixes for more.),1mPcu5Mna6n0J02_u1--7yX0J6Mq-zuJb
2021,10.1109/TVCG.2021.3114788,9552900,J,Table,3,tvcg_2021_3114788_table_3.png,9,115,363,1185,853,2352,3213,0.949,4,Table 3. Rendering performance. Average rendering speed for different data set/view (v) combinations: Averaged over the whole culling process (dc); after occlusion convergence (ac); without occlusion culling (w/o c). Confidence threshold $C_{occ}=0.95$; rendering budget $b=2$ meshlets/node.,142Gm-r_R6YNNEC5JureJqBfKgX5cl6ED
2021,10.1109/TVCG.2021.3114788,9552900,J,Table,4,tvcg_2021_3114788_table_4.png,9,115,1038,1172,1525,2352,3213,0.95,4,Table 4. Culling efficiency. Percentage of culled meshlets (c) and number of samples (smp) required for culling convergence. (Column “random” uses 50:50 sample acceptance for comparison only.) confidence threshold $C_{occ}=0.95$; rendering budget $b=2$ meshlets per node.,1uOSN2WvPmlkv1q1ku2LoX5PA-WEa8f9z
2021,10.1109/TVCG.2021.3114854,9552249,J,Equations,1,tvcg_2021_3114854_eq_1.png,4,1347,1835,2232,1898,2352,3213,0.926,5,"\begin{equation*}
\mathrm{S}=\mathrm{S}_{3}-\mathrm{S}_{1}-(\mathrm{S}_{2}-\mathrm{S}_{0})=\mathrm{S}_{0}-\mathrm{S}_{1}-\mathrm{S}_{2}+\mathrm{S}_{3},
\tag{1}
\end{equation*}",1tY7zT6GLeoRBkQiUxuJGWSU_e1DMeXRi
2021,10.1109/TVCG.2021.3114854,9552249,J,Equations,2,tvcg_2021_3114854_eq_2.png,4,1443,2217,2232,2279,2352,3213,0.932,5,"\begin{equation*}
\mathrm{S}=\mathrm{S}_{0}-\mathrm{S}_{1}-\mathrm{S}_{2}+\mathrm{S}_{3}-\mathrm{S}_{4}+\mathrm{S}_{5}.
\tag{2}
\end{equation*}",1SQIx-JxaoPeikxGd3c5AeM_M1VO8qRMR
2021,10.1109/TVCG.2021.3114854,9552249,J,Equations,3,tvcg_2021_3114854_eq_3.png,4,1443,2553,2232,2617,2352,3213,0.926,5,"\begin{equation*}
\mathrm{S}=\mathrm{S}_{0}-\mathrm{S}_{1}-\mathrm{S}_{2}+\mathrm{S}_{3}-\mathrm{S}_{6}+\mathrm{S}_{7}.
\tag{3}
\end{equation*}",1MHJaqhkvWIGtzArRmSJfWwAVY_GgMT1K
2021,10.1109/TVCG.2021.3114854,9552249,J,Equations,4,tvcg_2021_3114854_eq_4.png,4,1326,2975,2232,3039,2352,3213,0.875,5,"\begin{equation*}
\mathrm{S}=\mathrm{S}_{0}-\mathrm{S}_{1}-\mathrm{S}_{2}+\mathrm{S}_{3}-\mathrm{S}_{4}+\mathrm{S}_{5}-\mathrm{S}_{6}+\mathrm{S}_{7}+\mathrm{S}_{8}.
\tag{4}
\end{equation*}",1swMHrpQOiBCY7yiFFLIuZL09pXbHVWcU
2021,10.1109/TVCG.2021.3114854,9552249,J,Equations,5,tvcg_2021_3114854_eq_5.png,6,187,2352,1137,2422,2352,3213,0.771,5,"\begin{equation*}
C=(\lceil\min(x_{p},x_{c_{1}})\rceil-\lfloor x_{c_{0}}\rfloor)\cdot(\lceil\min(y_{p},y_{c_{1}})\rceil-\lfloor y_{c_{0}}\rfloor).
\tag{5}
\end{equation*}",1w-peUNJ8xrRFX-DqDsryIDj19KZEO1PO
2021,10.1109/TVCG.2021.3114765,9552433,J,Equations,1,tvcg_2021_3114765_eq_1.png,3,235,2597,1176,2765,2352,3213,0.842,12,,1mZoKotJFIuc3nKwG_qujshbzcHagJQpG
2021,10.1109/TVCG.2021.3114765,9552433,J,Equations,2,tvcg_2021_3114765_eq_2.png,3,913,2653,1176,2717,2352,3213,0.436,12,,1A_QK-pCJPHx_lI-sLi1Xa2D7zNRtsGXk
2021,10.1109/TVCG.2021.3114765,9552433,J,Equations,3,tvcg_2021_3114765_eq_3.png,3,244,2761,1177,2865,2352,3213,0.75,12,,1yLYVPh_AFzjyPf4cfl2HfsbA1oJJGsxo
2021,10.1109/TVCG.2021.3114765,9552433,J,Equations,4,tvcg_2021_3114765_eq_4.png,3,1392,246,2272,432,2352,3213,0.952,12,,1qyUlnf5Od6d81_qQV4gqOzSyIqQ1cAym
2021,10.1109/TVCG.2021.3114765,9552433,J,Equations,5,tvcg_2021_3114765_eq_5.png,3,1399,703,2271,817,2352,3213,0.892,12,,1mqp5DklTM3_tpOzoBJ9jzmqonkwnwE4O
2021,10.1109/TVCG.2021.3114765,9552433,J,Equations,6,tvcg_2021_3114765_eq_6.png,3,1367,815,2271,937,2352,3213,0.954,12,,1Uvi-E4cu88DyFNObUA-X5tIL96X4rWMN
2021,10.1109/TVCG.2021.3114765,9552433,J,Equations,7,tvcg_2021_3114765_eq_7.png,3,1450,1296,2031,1430,2352,3213,0.953,12,,1jRlDnoOTaWdAJusRMEK4Ld5WRNY85DQ3
2021,10.1109/TVCG.2021.3114765,9552433,J,Equations,8,tvcg_2021_3114765_eq_8.png,3,1533,2840,1948,2906,2352,3213,0.924,12,,124vFirGHCjt30DGc14L0b4XhoOaiRcjb
2021,10.1109/TVCG.2021.3114765,9552433,J,Equations,9,tvcg_2021_3114765_eq_9.png,5,254,2717,1176,2828,2352,3213,0.951,12,,1pDSniw8PwMuvKp0vEVWJtfm1OiUw9W0d
2021,10.1109/TVCG.2021.3114765,9552433,J,Equations,10,tvcg_2021_3114765_eq_10.png,5,1624,418,2271,485,2352,3213,0.919,12,,1NmvjO7HL0JlRrO2gkrkCzp9cbX9MCNbB
2021,10.1109/TVCG.2021.3114765,9552433,J,Equations,11,tvcg_2021_3114765_eq_11.png,5,1525,1094,2271,1230,2352,3213,0.951,12,,10tV7YnBW7gZjMTaTdjwEXRLLsrDscjmZ
2021,10.1109/TVCG.2021.3114765,9552433,J,Equations,12,tvcg_2021_3114765_eq_12.png,5,1366,1486,2123,1731,2352,3213,0.96,12,,13DYsx3EvAxi3a-lI_ftqlLPdg54d8JHK
2021,10.1109/TVCG.2021.3114765,9552433,J,Equations,13,tvcg_2021_3114765_eq_13.png,5,1352,1944,2131,2186,2352,3213,0.96,12,,1KkY2vA1QeuxsTLSRkOuLm0r0MBcxfxbg
2021,10.1109/TVCG.2021.3114765,9552433,J,Equations,14,tvcg_2021_3114765_eq_14.png,6,211,659,1030,851,2352,3213,0.952,12,,1Nslzhpr9K6y5-hDN-YJLOhO1-AmcvF2v
2021,10.1109/TVCG.2021.3114765,9552433,J,Equations,15,tvcg_2021_3114765_eq_15.png,6,369,1156,1137,1275,2352,3213,0.952,12,,1keKa8cZFFxpK0POWluqXjIhG-BdNURYR
2021,10.1109/TVCG.2021.3114765,9552433,J,Table,1,tvcg_2021_3114765_table_1.png,7,122,206,1176,427,2352,3213,0.973,2,Table 1. Averaged local coherence error,1RWKLYuCUDv6XvXSZs0281zdffVgC7Zwv
2021,10.1109/TVCG.2021.3114765,9552433,J,Table,2,tvcg_2021_3114765_table_2.png,7,122,524,1176,757,2352,3213,0.97,2,Table 2. Quantitative measurement for projection fidelity,15TeAXg-OJsGw_bIyZXrdVrJOBV_x-XKn
2021,10.1109/TVCG.2021.3114759,9552233,J,Equations,1,tvcg_2021_3114759_eq_1.png,3,1514,2144,2271,2247,2352,3213,0.938,11,"\begin{equation*}
E_{PR}=\sum_{\Gamma}P^{2}(\Gamma)-C_{\vert \Gamma\vert }\cdot A(\Gamma)
\tag{1}
\end{equation*}",15iudadSUm2knq_haAAGGISaZ1okiRnmv
2021,10.1109/TVCG.2021.3114759,9552233,J,Equations,2,tvcg_2021_3114759_eq_2.png,4,447,508,1138,603,2352,3213,0.924,11,"\begin{equation*}
E_{PA}=\sum_{e}(l(e)-1)^{2}
\tag{2}
\end{equation*}",1I1la_jyOJIniK6GH2w6ZofySnZL-yo72
2021,10.1109/TVCG.2021.3114759,9552233,J,Equations,3,tvcg_2021_3114759_eq_3.png,4,270,1697,1136,1763,2352,3213,0.914,11,"\begin{equation*}
E_{PS}(\Gamma_{1},\Gamma_{2})=f(d(\Gamma_{1},\Gamma_{2})-d_{0}(\vert \Gamma_{1}\vert, \ \vert \Gamma_{2}\vert))
\tag{3}
\end{equation*}",17CBxiOUVRDBZ8edaRQ7Xmyugc9qvvXng
2021,10.1109/TVCG.2021.3114759,9552233,J,Equations,4,tvcg_2021_3114759_eq_4.png,4,266,2457,1138,2524,2352,3213,0.887,11,"\begin{equation*}
E_{PS}(\Gamma_{1},\Gamma_{2})=f(a(\Gamma_{1},\Gamma_{2})-a_{0}(\vert \Gamma_{1}\vert, \vert \Gamma_{2}\vert)).
\tag{4}
\end{equation*}",17ySXBpM6JYpvrF8i5iWmOhlanutSxyYw
2021,10.1109/TVCG.2021.3114759,9552233,J,Equations,5,tvcg_2021_3114759_eq_5.png,4,265,2798,1137,2867,2352,3213,0.922,11,"\begin{equation*}
E_{PS}(\Gamma_{1},\Gamma_{2})=f(d(\Gamma_{1},\Gamma_{2})-d_{1}(\vert \Gamma_{1}\vert, \ \vert \Gamma_{2}\vert)).
\tag{5}
\end{equation*}",14ntUWwTA1iicXJZVOvnJ2fcfnQqq8o8Q
2021,10.1109/TVCG.2021.3114759,9552233,J,Equations,6,tvcg_2021_3114759_eq_6.png,4,1515,1327,2233,1435,2352,3213,0.931,11,"\begin{equation*}
E_{PS}=\sum_{\Gamma_{1},\Gamma_{2}}E_{PS}(\Gamma_{1},\Gamma_{2})
\tag{6}
\end{equation*}",19ERUCQKwkwba45o2K_W35Ud6aZEbXK24
2021,10.1109/TVCG.2021.3114759,9552233,J,Equations,7,tvcg_2021_3114759_eq_7.png,4,1497,2405,2233,2509,2352,3213,0.942,11,"\begin{equation*}
E_{PS}(\Gamma_{1},\Gamma_{2})=\frac{w}{d(\Gamma_{1},\Gamma_{2})^{2}}
\tag{7}
\end{equation*}",1QntQ7a2_eJeAGldKnRjRTFD7ZMRwhptv
2021,10.1109/TVCG.2021.3114759,9552233,J,Equations,8,tvcg_2021_3114759_eq_8.png,4,1374,2853,2233,2959,2352,3213,0.946,11,"\begin{equation*}
E_{PS(monogons)}=\sum_{\Gamma_{1}\in R_{1},\Gamma_{1}\cap\Gamma_{2}\neq\emptyset}E_{PS}(\Gamma_{1}, \Gamma_{2})
\tag{8}
\end{equation*}",1gkH7XGb2OzO3qCWgUtmgo7XOplwqPDB9
2021,10.1109/TVCG.2021.3114759,9552233,J,Equations,9,tvcg_2021_3114759_eq_9.png,5,411,1595,1177,1729,2352,3213,0.956,11,"\begin{equation*}
\mu(\Gamma_{0};\Gamma_{1})=\sum_{i=1}^{\vert \Gamma_{0}\vert }\left(s_{i}-\frac{\vert \Gamma_{1}\vert }{\vert \Gamma_{0}\vert }\right)^{2}
\tag{9}
\end{equation*}",1XxC6Ee05WLdvXAu3PFtF51YBfqXjz2Ey
2021,10.1109/TVCG.2021.3114759,9552233,J,Equations,10,tvcg_2021_3114759_eq_10.png,5,156,2024,1176,2129,2352,3213,0.942,11,"\begin{equation*}
E_{Pl}=\sum_{\Gamma_{1},\Gamma_{2}}\mu(\Gamma_{1}\cap\Gamma_{2};\Gamma_{1})+\mu(\Gamma_{1}\cap\Gamma_{2};\Gamma_{2})+E_{PR}(\Gamma_{1}\cap\Gamma_{2})
\tag{10}
\end{equation*}",1t_Gr2uVMmyhjolQhTJYC5frY-NeRW-JV
2021,10.1109/TVCG.2021.3114759,9552233,J,Equations,11,tvcg_2021_3114759_eq_11.png,6,358,2636,1137,2734,2352,3213,0.925,11,"\begin{equation*}
E_{DD}=\sum_{v_{i}\Leftarrow V}(O(Dual(v_{i}))-v_{i})^{2}.
\tag{11}
\end{equation*}",1SRnj65sOEJSvfOX2xmHMsEjueKoJDDMx
2021,10.1109/TVCG.2021.3114822,9552211,J,Table,1,tvcg_2021_3114822_table_1.png,6,1244,252,2168,617,2352,3213,0.979,1,Table 1. Usage statistics of various functions in CoUX.,1vLlEMJpauvtVK9l3e5SFx2HEZK0Rfjb-
2021,10.1109/TVCG.2021.3114959,9555646,J,Table,1,tvcg_2021_3114959_table_1.png,6,300,147,2012,1042,2352,3213,0.984,1,"Table 1. The 20 participants and their self-reported characteristics: job title, location, job context, years of experience, highest degree (bachelor‘s-b, master's-m and doctoral-d) and gender.",1WJNfwjr-ViqcgbcVYYiG0qOfcador74u
2021,10.1109/TVCG.2021.3114830,9555457,J,Table,1,tvcg_2021_3114830_table_1.png,5,105,233,2260,769,2352,3213,0.983,1,Table 1: Interview study participants,1JmDaDbd4Z1MIx6uxuw5ZY92POjFjnsuz
2024,10.1109/VIS55277.2024.00044,10771092,C,Table,1,vis_2024_00044_table_1.png,4,227,306,2323,681,2550,3300,0.981,1,"Table 1: Performance of Different Volume Rendering Techniques Across Various Datasets. All values are the average milliseconds for end-to-end frame rendering time. For the Fully immersive ray-caster we show the effects of early ray termination (ERT), illumination and foveation.",166bWv7Ba7O3I8lr8Q4g2psZyDaPoNMBu
2024,10.1109/VIS55277.2024.00045,10771132,C,Table,1,vis_2024_00045_table_1.png,2,1322,1531,2325,1918,2550,3300,0.977,5,"Table 1: Datasets, spatial resolutions, and surface information.",10upgxKnwMT1Cxakc4pwsKQf9yf4731y6
2024,10.1109/VIS55277.2024.00045,10771132,C,Table,2,vis_2024_00045_table_2.png,2,1421,1999,2225,2508,2550,3300,0.967,5,Table 2: Training details of the three groups of methods.,1GFhWRknkhsIn0XkILEDEwz83XZwAtH7R
2024,10.1109/VIS55277.2024.00045,10771132,C,Equations,1,vis_2024_00045_eq_1.png,2,1450,2748,2333,2858,2550,3300,0.955,1,"\begin{equation*}{d_{{\text{CD}}}}(S,\hat S) = \sum\limits_{v \in S} {\mathop {\min }\limits_{\hat v \in \hat S} } \left\| {v - \hat v} \right\|_2^2 + \sum\limits_{\hat v \in \hat S} {\mathop {\min }\limits_{v \in S} } \left\| {\hat v - v} \right\|_2^2.\tag{1}\end{equation*}",104wyD0EX59JjXLjpI68ZNmtUOsWu8kxv
2024,10.1109/VIS55277.2024.00045,10771132,C,Table,3,vis_2024_00045_table_3.png,3,226,1479,1228,1915,2550,3300,0.971,5,"Table 3: Comparison of NeuS vs. NeRF methods. Average PSNR (dB) and LPIPS across all synthesized views, CD between the reconstructed and GT surfaces, training time (TT, in hours), and model size (MS, in MB). The best ones are highlighted in bold.",1-D-wieYpIyLSVKHVVkvNYyT3df66rZ0o
2024,10.1109/VIS55277.2024.00045,10771132,C,Table,4,vis_2024_00045_table_4.png,3,1321,2081,2326,2491,2550,3300,0.974,5,Table 4: Comparison of neural implicit closed surface methods.,1nJjfWxgWuemxaJ3TJASR-B74GDrjslkI
2024,10.1109/VIS55277.2024.00045,10771132,C,Table,5,vis_2024_00045_table_5.png,4,219,2085,1230,2501,2550,3300,0.973,5,Table 5: Comparison of neural implicit open surface methods.,1ckLRhGx06hyTnzEkR5zuP0AvnDnvAzfX
2024,10.1109/VIS55277.2024.00047,10771134,C,Equations,1,vis_2024_00047_eq_1.png,2,365,2517,1229,2625,2550,3300,0.949,4,,1PAk9GLFNPJtp01khNfd2JZDAU6bABp5Q
2024,10.1109/VIS55277.2024.00047,10771134,C,Equations,2,vis_2024_00047_eq_2.png,2,427,2918,1230,3031,2550,3300,0.831,4,,1XnOJKDfmgOxjFZ-_FnyelzQoItfauq3k
2024,10.1109/VIS55277.2024.00047,10771134,C,Equations,3,vis_2024_00047_eq_3.png,2,1342,326,2331,450,2550,3300,0.868,4,,1BAjpGnRM2eJMUSZHXJwXJ00uLKIpH3M0
2024,10.1109/VIS55277.2024.00047,10771134,C,Equations,4,vis_2024_00047_eq_4.png,2,1344,448,2331,563,2550,3300,0.919,4,,1ZkY8A-G7HEaLH78uravISJ12geiApikY
2024,10.1109/VIS55277.2024.00047,10771134,C,Algorithms,1,vis_2024_00047_alg_1.png,3,216,230,1233,897,2550,3300,1.0,0,,1kbUDUdEwtrOZshly_-endtJygsWMcsKk
2024,10.1109/VIS55277.2024.00047,10771134,C,Equations,5,vis_2024_00047_eq_5.png,3,231,2155,1229,2220,2550,3300,0.908,4,,1nl6Mf3nIglaAy-C6U2lJ9sai2sTuoBCv
2024,10.1109/VIS55277.2024.00051,10771114,C,Equations,1,vis_2024_00051_eq_1.png,2,1565,2581,2330,2699,2550,3300,0.943,1,"\begin{equation*}I(x,y) = I(\vec u) = \sum\limits_{i = 1}^m {{\omega _i}} F{\left( {{2^{i - 1}}\cdot\vec u} \right)^k}\tag{1}\end{equation*}",1PGeTVnQS6SI6YmW_caQCEJNLU7QBa9Ow
2024,10.1109/VIS55277.2024.00052,10771150,C,Table,1,vis_2024_00052_table_1.png,4,1332,213,2316,560,2550,3300,0.971,1,Table 1: Good configurations of Tree Colors. Application theme and analysis focus can be independently combined to yield eight different configurations. Luminance and chroma are given as intervals starting at the top of the hierarchy.,1fvjOuup4gSRCrQP85j-L8PJngMux16k8
2024,10.1109/VIS55277.2024.00054,10771089,C,Table,1,vis_2024_00054_table_1.png,3,212,380,2334,916,2550,3300,0.969,2,Table 1: The number of participants who indicated a change in valence (emotional response) across different visualization conditions and participant assignments encoded with a heatmap representation where lighter colors correspond to lower values and vice versa. Change is measured by the difference between the post-condition valence and the pre-condition valence. Negative values represent negative changes in emotion and vice versa.,1c5gaBabrkJI6kx5geOqzqLNaAGE01l7M
2024,10.1109/VIS55277.2024.00054,10771089,C,Table,2,vis_2024_00054_table_2.png,3,1317,1286,2320,1717,2550,3300,0.936,2,Table 2: The number of participants who indicated a change in attitude towards gun control across different visualization conditions and participant assignments encoded with a heatmap representation where lighter colors correspond to lower values and vice versa. Change is measured by the difference between the post-condition attitude and the pre-condition attitude. Positive values represent changes in attitude towards stricter gun laws and vice versa.,1ptLWUeQogqqlKbZsW-kfJwOu2vsZGfBk
2024,10.1109/VIS55277.2024.00058,10771109,C,Table,1,vis_2024_00058_table_1.png,2,1338,479,2300,924,2550,3300,0.971,2,"Table 1: Overview of the sources, number of articles, visualizations, and topic covered in our sample.",11T76NdJ1yQXTxPpHYKzxpOwtbXrriJms
2024,10.1109/VIS55277.2024.00058,10771109,C,Table,2,vis_2024_00058_table_2.png,3,220,297,2334,1213,2550,3300,0.777,2,"Table 2: Overview of the code book for the chart, textual, and source components.",1fsF6voIc7KV6JTzJKc0BJavUIbCiYBh2
2024,10.1109/VIS55277.2024.00059,10771148,C,Table,1,vis_2024_00059_table_1.png,3,211,389,1236,988,2550,3300,0.979,1,"Table 1: Semantic levels for data analysis, with preferred modalities and examples at each level. Higher levels refer to higher-level semantic abstraction and knowledge integration. The ˜Text on Level 1 modality indicates that text is often used to present individual data values but is typically not used for data presentation.",1UT15ofUlh2jRqigyPrjJ2yIQO336q2O6
2024,10.1109/VIS55277.2024.00061,10771151,C,Table,1,vis_2024_00061_table_1.png,2,1326,653,2305,1051,2550,3300,0.963,1,"Table 1: For question-answering (QA), our fine-tuning scheme for T5-Large is 57.54% accurate, which increases to 67.54% with a model 17 times larger (GPT-3) on $Q_{temp}^{test}$; for visual explanation generation (VEG), our fine-tuning scheme for T5 is 99.02% accurate, much higher than vision-based GPT-4 (63.01%). When evaluating on $Q_{nat}^{test}$, performance ranges from a 1.5% gain (T5 on QA) to a 28.4% loss (GPT-3 on QA).",1w_NPWFk_hNIends5fE7aGUY2lOKZ-n0B
2024,10.1109/VIS55277.2024.00063,10771128,C,Table,1,vis_2024_00063_table_1.png,2,213,335,2374,1295,2550,3300,0.983,1,"Table 1: Summary of visual annotation techniques outlined in Rahman et al. [32], extrapolated to physicalizations and sonifications. Examples of annotation techniques for sonifications and physicalizations are identified from close readings of case studies (see Sec. 3.1).",1SVbIHq0urPh27jYJHum8uElBpsYHMjzk
2024,10.1109/VIS55277.2024.00064,10771081,C,Algorithms,1,vis_2024_00064_alg_1.png,3,1316,218,2333,780,2550,3300,1.0,0,,1qCVJGjgGC4s9S0QSX435Sdogs5FPuNUQ
2024,10.1109/VIS55277.2024.00066,10771086,C,Table,1,vis_2024_00066_table_1.png,3,235,339,1208,786,2550,3300,0.966,2,Table 1. Contrast ratios for 10 color schemes. The color was used as the baseline with the lowest contrast ratio is denoted by ♠.,1NHa2agS-mM4HU2FLieGU6KHFmGmIIrQA
2024,10.1109/VIS55277.2024.00066,10771086,C,Table,2,vis_2024_00066_table_2.png,4,262,417,1182,1229,2550,3300,0.974,2,"Table 2. User study results on different combinations of color palette. Accuracy pairs and Response Time pairs that passed the T-Test are denoted by †(p-value = 0.001), ♢(p-value = 0.020), ♡(p-value = 0.029), △(p-value = 0.024), and ♣(p-value < 0.001).",1ITKkj3LPHUgOZIciD9NDamPbq8flBX1Y
2024,10.1109/VIS55277.2024.00068,10771104,C,Equations,1,vis_2024_00068_eq_1.png,2,1471,382,2334,518,2550,3300,0.942,3,\begin{equation*}{b_{ij}} = \begin{cases} { - \frac{{\partial \left({{d_{ij}}}\right)}}{{\partial t}}}&{{\text{ if }}\frac{{\partial \left({{d_{ij}}}\right)}}{{\partial t}} \leq 0}\qquad {{\text{ (convergence) }}} \\ 0&{{\text{ otherwise }}}\qquad {{\text{ (divergence) }}} \end{cases}\tag{1}\end{equation*},1NCIVEZTm28KXCxqFM4Ea2xlsc8og_URV
2024,10.1109/VIS55277.2024.00068,10771104,C,Equations,2,vis_2024_00068_eq_2.png,2,1465,948,2333,1104,2550,3300,0.927,3,\begin{equation*}{s_{ij}} = \begin{cases} {\frac{{\sqrt {\left({h_{{\text{sep}}}^2 + v_{{\text{sep}}}^2}\right)} }}{{{d_{{\text{CPA}}}}}}}&{{\text{ if }}i{\text{ and }}j{\text{ are in a conflict }}} \\ 1&{{\text{ otherwise }}} \end{cases}\tag{2}\end{equation*},1lTJY60J8MUQkNZcvWHMIsx-eMpsj01NH
2024,10.1109/VIS55277.2024.00068,10771104,C,Equations,3,vis_2024_00068_eq_3.png,2,1480,1701,2334,1936,2550,3300,0.952,3,"\begin{equation*}C = \left[ {\begin{array}{ccccc} 0&{{c_{1,2}}}& \ldots &{{c_{1,n - 1}}}&{{c_{1,n}}} \\ {{c_{2,1}}}&0& \ldots &{{c_{2,n - 1}}}&{{c_{2,n}}} \\ \vdots & \vdots & \ddots & \vdots & \vdots \\ {{c_{n - 1,1}}}&{{c_{n - 1,2}}}& \ldots &0&{{c_{n - 1,n}}} \\ {{c_{n,1}}}&{{c_{n,2}}}& \ldots &{{c_{n,n - 1}}}&0 \end{array}} \right]\tag{3}\end{equation*}",1nWVS4e5XWqQbf2uCOZdYLnd1cm-sL6xT
2024,10.1109/VIS55277.2024.00070,10771117,C,Equations,1,vis_2024_00070_eq_1.png,3,1626,1057,2331,1184,2550,3300,0.932,1,"\begin{equation*} {R_1}\begin{cases} { < 0.25}&{ \to {\text{Split,}}} \\ { \geq 0.25}&{ \to {\text{!Split,}}} \end{cases}\tag{1}\end{equation*}",1e6v91Rshr2TmPl5CyADvtHlR2ZI4XPXc
2024,10.1109/VIS55277.2024.00074,10771126,C,Table,1,vis_2024_00074_table_1.png,3,1323,1221,2316,1961,2550,3300,0.977,1,"Table 1: Categories, subcategories, and example papers",1Zs31BAkarWF1rMCdKhEYSAmFLZNWR8kP
2024,10.1109/VIS55277.2024.00075,10771083,C,Table,1,vis_2024_00075_table_1.png,3,1322,2760,2318,3008,2550,3300,0.968,1,"Table 1: Performance of Our Framework. For CSNG construction, the parameters are K=60 for KNN, R=10% dataset bounds diagonal for RBN. Louvain resolution is 1. Due to size constraint the Plume dataset’s segments were merged together by a ratio of 4:1.",1bSnxlOwiW1J-YWVFXT_xca330OwP8wQb
2025,10.1109/VIS60296.2025.00005,11298851,C,Equations,1,vis_2025_00005_eq_1.png,2,548,1152,1240,1237,2550,3300,0.905,2,"\begin{equation*}\mathop {\operatorname{argmax} }\limits_{a \in A} \sum\limits_{\omega \in \Omega } u (\omega ,a)\pi (\omega |s)\tag{1}\end{equation*}",1FHUj9MAOOg0wQiVTnMx8YWHEe9BW8m_k
2025,10.1109/VIS60296.2025.00005,11298851,C,Equations,2,vis_2025_00005_eq_2.png,2,1546,1783,2273,1893,2550,3300,0.939,2,"\begin{equation*}\mathop {\operatorname{argmax} }\limits_{{a_1}, \ldots {a_N} \in A} \sum\limits_{i = 1}^N {\sum\limits_{\omega \in \Omega } u } \left( {\omega ,{a_i}} \right){\pi _i}\left( {\omega |s} \right)\tag{2}\end{equation*}",1ld_HaMGNeJqrajgYB3knlnqau196sIN7
2025,10.1109/VIS60296.2025.00006,11298756,C,Table,1,vis_2025_00006_table_1.png,3,315,339,1192,645,2550,3300,0.979,2,Table 1: Taxonomy of misleading chart designs we evaluated.,19IiBScEvKd5x21cHyRSItFyrx6X-68Qy
2025,10.1109/VIS60296.2025.00006,11298756,C,Table,2,vis_2025_00006_table_2.png,4,362,390,2196,869,2550,3300,0.957,2,"Table 2: Results of the Wilcoxon signed-rank test comparing original and misleading chart pairs. Here, p < 0.05 (in bold font) demonstrates that the model is significantly influenced by the misleading chart design, and the corresponding z value indicates the magnitude of this effect.",1UgDMdPfmfxAQtYykoCzyTXwYvzrdhKWy
2025,10.1109/VIS60296.2025.00009,11298764,C,Table,1,vis_2025_00009_table_1.png,2,248,633,1246,1578,2550,3300,0.975,1,"Table 1: This table presents the human-AI collaboration patterns and the applied generative AI techniques in our collected tools. The collaborators’ roles are shown in abbreviation: , , , are the creator, assistant, optimizer, and reviewer roles performed by humans; , , , are the corresponding roles by AI. The techniques are denoted with the icons: * refers to LLMs and # refers to text-to-image models.",14wR3WCRi3HsOAIBF5pE1CvihD5aIFjAY
2025,10.1109/VIS60296.2025.00010,11298758,C,Table,1,vis_2025_00010_table_1.png,2,1303,294,2269,775,2550,3300,0.967,4,Table 1: All the coordinates and size mentioned above are described using a uniform value where the size is set to 1000. The color is represented in HSL color space and uniformized to [0] - [20] range.,1-u8rLDjET3l8TD1xbimY0V0nvY2RDwQ0
2025,10.1109/VIS60296.2025.00010,11298758,C,Table,2,vis_2025_00010_table_2.png,3,1372,1128,2200,1606,2550,3300,0.969,4,"Table 2: Accuracy is reported as the percentage of predictions with deviations of less than 5%, 10%, and 20% of ground truth values. Qwen-VL did not benefit from SimVec, likely due to its limited ability to accurately localize chart elements, which may have introduced additional computational burden during training.",1KC0l9FK7gfvC4BO2DoPsZb48SmKPAq2P
2025,10.1109/VIS60296.2025.00010,11298758,C,Table,3,vis_2025_00010_table_3.png,4,433,378,2101,622,2550,3300,0.976,4,"Table 3: Percentage of answers that have a difference rate under 5%, 10%, and 20%. The best performance is achieved by MiniCPM fine-tuned with chain-of-thought supervision and SimVec.",1VpNSGINt47o7vXb-1qBHhgf0uEPZTPXI
2025,10.1109/VIS60296.2025.00010,11298758,C,Table,4,vis_2025_00010_table_4.png,4,370,1976,1133,2219,2550,3300,0.969,4,Table 4: Reconstruction Quality for Different Chart Types. The distance unit is 1/1000 of the image size.,1K4CKFBfa6PE50gGspCCIh1ryx-2SMhLv
2025,10.1109/VIS60296.2025.00011,11298904,C,Table,1,vis_2025_00011_table_1.png,2,261,336,2291,985,2550,3300,0.981,1,Table 1: Taxonomy of instance-based analysis based on instance difficulty and model correctness.,1iCdbjUVKyDH2BGuqMnvFnqwWdK0VzDhM
2025,10.1109/VIS60296.2025.00014,11298767,C,Equations,1,vis_2025_00014_eq_1.png,4,561,2100,947,2186,2550,3300,0.918,2,"\begin{equation*}\operatorname{Ind} \left({{M_i}}\right) = \mathop {\min }\limits_{j \ne i} \left({1 - {R_{i,j}}}\right),\end{equation*}",19vR3saVrbEa4ylTXNZbJREzPc1cTzOtQ
2025,10.1109/VIS60296.2025.00014,11298767,C,Equations,2,vis_2025_00014_eq_2.png,4,625,2381,884,2499,2550,3300,0.941,2,\begin{equation*}D = \sum\limits_{i = 1}^k {\operatorname{Ind} } \left({{M_i}}\right).\end{equation*},1-bCRHc_m0WZS-fOLJe7PC5fZHMc2WcHs
2025,10.1109/VIS60296.2025.00016,11298833,C,Table,1,vis_2025_00016_table_1.png,2,1316,2035,2335,2428,2550,3300,0.965,1,"Table 1: Criteria for judging if an LVLM response is a ""success."" We classify if responses (1) enumerate clusters, (2) detect a parabolic trend, and (3) identify the correct outlier.",1je-4RnUY_-ZqYuLFv02dVwYgY0B9tStx
2025,10.1109/VIS60296.2025.00017,11298747,C,Equations,1,vis_2025_00017_eq_1.png,2,1490,1117,2089,1240,2550,3300,0.705,1,"\begin{equation*}{\text{Influence }}\left({{t_i}}\right) = \sum\limits_{\ell = 1}^L {\frac{1}{H}} \sum\limits_{h = 1}^H {{{\operatorname{Attn} }^{(\ell ,h)}}} \left({{t_g},{t_i}}\right)\end{equation*}",1FAyJ0QfXDMSlJCPrLDrkT-DCFIwV8kqt
2025,10.1109/VIS60296.2025.00019,11298875,C,Equations,1,vis_2025_00019_eq_1.png,2,534,565,1230,679,2550,3300,0.937,6,\begin{equation*}\mu ({\mathbf{T}}) = 3\sqrt 6 \det \frac{{\det ({\mathbf{A}})}}{{{{\left\| {\mathbf{A}} \right\|}^3}}}\tag{1}\end{equation*},1wfmg4to8t0n5AaxSfIscGS37hIwGd-Xp
2025,10.1109/VIS60296.2025.00019,11298875,C,Equations,2,vis_2025_00019_eq_2.png,2,1626,1154,2330,1224,2550,3300,0.927,6,\begin{equation*}{\mathcal{M}_t} = \{ {\mathbf{x}}|\mu (\overline {\mathbf{T}} (x)) = t\}.\tag{2}\end{equation*},1zDvwyERc8Sr4yhXeKRH3OOr3nkCJYxfb
2025,10.1109/VIS60296.2025.00019,11298875,C,Equations,3,vis_2025_00019_eq_3.png,2,1530,2924,2331,3032,2550,3300,0.947,6,\begin{equation*}{{\mathbf{\tilde p}}_c} = {{\mathbf{p}}_0} + \frac{2}{{1 + {e^{\left( { - 10d\left( {{{\mathbf{p}}_c}} \right)} \right)}}}}\cdot\left( {{{\mathbf{p}}_c} - {{\mathbf{p}}_0}} \right).\tag{3}\end{equation*},1n7k41qakJyDqqd37SEg49WOanSGXfI4e
2025,10.1109/VIS60296.2025.00019,11298875,C,Equations,4,vis_2025_00019_eq_4.png,3,487,1219,1229,1283,2550,3300,0.925,6,\begin{equation*}f({\mathbf{x}}) = P\left( {t - {\varepsilon _l} \leq X \leq t + {\varepsilon _u}} \right)\tag{4}\end{equation*},10GI4POe4U_tJ5RPEXoFX6LIq0TWNGHVU
2025,10.1109/VIS60296.2025.00019,11298875,C,Equations,5,vis_2025_00019_eq_5.png,3,418,1498,1229,1609,2550,3300,0.719,6,\begin{equation*}{z_l} = \frac{{\left( {t - {\varepsilon _l}} \right) - \bar \mu }}{\sigma }{\text{ and }}{z_u} = \frac{{\left( {t + {\varepsilon _u}} \right) - \bar \mu }}{\sigma }\tag{5}\end{equation*},1heYM8QW9aDy6OvrWQ8F38N_etBL-idAz
2025,10.1109/VIS60296.2025.00019,11298875,C,Equations,6,vis_2025_00019_eq_6.png,3,431,1693,1230,1819,2550,3300,0.954,6,\begin{equation*}f({\mathbf{x}}) = \frac{1}{2}\left[ {\operatorname{erf} \left( {\frac{{{z_u}}}{{\sqrt 2 }}} \right) - \operatorname{erf} \left( {\frac{{{z_l}}}{{\sqrt 2 }}} \right)} \right].\tag{6}\end{equation*},1pGS42kzR0Z8jPeI7OUGNtHn6siTQkVax
2025,10.1109/VIS60296.2025.00020,11298779,C,Equations,1,vis_2025_00020_eq_1.png,2,364,2286,1243,2402,2550,3300,0.956,3,,1Yh4RwGRSI_W2VbTekfFgpu-WdRuKHG-n
2025,10.1109/VIS60296.2025.00020,11298779,C,Equations,2,vis_2025_00020_eq_2.png,2,445,2502,1242,2612,2550,3300,0.936,3,,1QiVWej0gqpmmBURHKTdUQ9C16boFPRu0
2025,10.1109/VIS60296.2025.00020,11298779,C,Equations,3,vis_2025_00020_eq_3.png,2,1426,290,2274,419,2550,3300,0.912,3,,1TmIm8e54g7-GBrd-TWHk5oOkz-8lViwU
2025,10.1109/VIS60296.2025.00020,11298779,C,Equations,4,vis_2025_00020_eq_4.png,2,1448,422,2274,547,2550,3300,0.929,3,,1QyQwk2uVD4GXmpk77kheN3ANq_mqgiyM
2025,10.1109/VIS60296.2025.00022,11298837,C,Table,1,vis_2025_00022_table_1.png,3,1319,489,2256,817,2550,3300,0.969,2,"Table 1: Results of the pairwise comparison results. The value on each cell indicates that the visualization stimulus on that row was preferred by that many participants against the visualization on that column. The color and bold indicate results for ""Novice|${\color{Green}\mathbf{Expert}}$.",1EpFz8tmCMRacN2dsRUDxPPk98mQdzt5P
2025,10.1109/VIS60296.2025.00022,11298837,C,Table,2,vis_2025_00022_table_2.png,3,1296,2677,2280,2969,2550,3300,0.961,2,"Table 2: Ranking and statistical significance results of pairwise comparison stage of the user study. The consistency score ζ = 1 for all cases. All D values show significance; $D \geq {\chi ^2}(4,0.05) \approx 9.448$ for DNovice,Expert and DCombined ≥ ${\chi ^2}(9,0.05) = 16.919.$ Groupings show significance according to the multiple comparisons test.",16YoJqX-IlNWzHR70HwL5nNBkCMez0tEO
2025,10.1109/VIS60296.2025.00024,11298866,C,Equations,1,vis_2025_00024_eq_1.png,2,457,2733,1242,2848,2550,3300,0.926,10,,1chYztXMSaXPfYuZCgLeJ51Kc6bcp1coh
2025,10.1109/VIS60296.2025.00024,11298866,C,Equations,2,vis_2025_00024_eq_2.png,2,1361,550,2202,611,2550,3300,0.879,10,,1sbCs8B6RinGxZwiJlqYVD9TLn4fdx-PO
2025,10.1109/VIS60296.2025.00024,11298866,C,Equations,3,vis_2025_00024_eq_3.png,3,321,2466,1188,2583,2550,3300,0.951,10,,1-8bVu_Rl4vneKUq5tmV3gngSMharMZHd
2025,10.1109/VIS60296.2025.00024,11298866,C,Equations,4,vis_2025_00024_eq_4.png,3,538,2828,971,2947,2550,3300,0.881,10,,1xpQEKRMjIfWmf7J2O8SlLyHlmaRhKIxn
2025,10.1109/VIS60296.2025.00024,11298866,C,Equations,5,vis_2025_00024_eq_5.png,3,1451,339,2118,461,2550,3300,0.879,10,,1SuUzmQjk4fxr4CDlOFNN6fSH1Nzoe9-r
2025,10.1109/VIS60296.2025.00024,11298866,C,Equations,6,vis_2025_00024_eq_6.png,3,1300,605,2269,674,2550,3300,0.562,10,,1uIi-12jkErKstNvASOHKu5lXrBJToDA6
2025,10.1109/VIS60296.2025.00024,11298866,C,Equations,7,vis_2025_00024_eq_7.png,3,1364,847,2209,1083,2550,3300,0.933,10,,10D2bFqHw_aUO8oOUlgvQ3jhXBM5n6PN7
2025,10.1109/VIS60296.2025.00024,11298866,C,Equations,8,vis_2025_00024_eq_8.png,3,1472,1546,2098,1720,2550,3300,0.947,10,,1Fvy0ZUH1TwZmiMoI_3L3992b3L1P92_U
2025,10.1109/VIS60296.2025.00024,11298866,C,Equations,9,vis_2025_00024_eq_9.png,3,1589,2012,1983,2107,2550,3300,0.922,10,,1itByUC61-TSoHQA5BuSDVTcAyDb2k6Xb
2025,10.1109/VIS60296.2025.00024,11298866,C,Equations,10,vis_2025_00024_eq_10.png,3,1598,2425,1975,2524,2550,3300,0.926,10,,1WIvKzwijRrtZHE8NtWbrm8IIuH8JcmZb
2025,10.1109/VIS60296.2025.00024,11298866,C,Equations,11,vis_2025_00024_eq_11.png,4,389,1525,1239,1623,2550,3300,0.902,10,,1gp2_KqjOy3ScYjxxj3tZMBTK7rA-vKJD
2025,10.1109/VIS60296.2025.00026,11298836,C,Table,1,vis_2025_00026_table_1.png,2,1324,1389,2237,1721,2550,3300,0.971,2,Table 1: Predefined variables used in bar chart generation.,1Ccx9tYtXk27Mjcx3F8nRn9bj5Pn2HvlS
2025,10.1109/VIS60296.2025.00026,11298836,C,Equations,1,vis_2025_00026_eq_1.png,3,608,1716,1242,1773,2550,3300,0.913,2,"\begin{equation*}{C_{ij}} = - \operatorname{IoU} \left({{r_i},{d_j}}\right)\tag{1}\end{equation*}",1cgVFTcobktyVWg3bBQiPwJ_qYETocGft
2025,10.1109/VIS60296.2025.00026,11298836,C,Table,2,vis_2025_00026_table_2.png,3,1296,291,2277,1011,2550,3300,0.98,2,"Table 2: Evaluation results for the generated images. The Match Align, and Rank columns show the percentage of images meeting each criterion, and Success indicates those satisfying all three.",1IZXhM6KaiTOHuovgbXTQrMD4PCEZY_Bc
2025,10.1109/VIS60296.2025.00026,11298836,C,Equations,2,vis_2025_00026_eq_2.png,3,1446,1332,2274,1410,2550,3300,0.938,2,"\begin{equation*}e_i^{{\text{top}}} = \left| {y_{{r_i}}^{{\text{top}}} - y_{{d_i}}^{{\text{top}}}} \right|,\quad e_i^{{\text{bot}}} = \left| {y_{{r_i}}^{{\text{bot}}} - y_{{d_i}}^{{\text{bot}}}} \right|\tag{2}\end{equation*}",116P-x7lD5eQp7XdAkQqv3sQHp7ci2Xti
2025,10.1109/VIS60296.2025.00028,11298909,C,Table,1,vis_2025_00028_table_1.png,4,262,346,1245,504,2550,3300,0.952,1,Table 1: Mean expert feedback scores (out of 5).,16oEaOJOOwZlbV4zPsn5Pqr3a1Fmlr0To
2025,10.1109/VIS60296.2025.00029,11298769,C,Equations,1,vis_2025_00029_eq_1.png,2,299,1578,1116,1637,2550,3300,0.644,2,,1TVo3wxy7nr5JMb7b8s220G6n_HmbydVP
2025,10.1109/VIS60296.2025.00029,11298769,C,Equations,2,vis_2025_00029_eq_2.png,2,1457,1939,2113,2062,2550,3300,0.939,2,,161bUPnQNYAbjoiQQ13grDt-aRO2J4wOM
2025,10.1109/VIS60296.2025.00029,11298769,C,Equations,3,vis_2025_00029_eq_3.png,2,1539,2415,2034,2479,2550,3300,0.881,2,,1SmsTGdI4MO2OIKyTAWwnUCCji2Zf-o1X
2025,10.1109/VIS60296.2025.00029,11298769,C,Table,1,vis_2025_00029_table_1.png,3,400,407,2113,1521,2550,3300,0.776,3,,1IgjeQ9OwVypSmMYx6dMRnabeHF2rBYqi
2025,10.1109/VIS60296.2025.00029,11298769,C,Table,2,vis_2025_00029_table_2.png,3,282,2331,1227,2859,2550,3300,0.949,3,,1a8A7ynA_WzHqsYNBV2sy2f_aRcNqhzX5
2025,10.1109/VIS60296.2025.00030,11298750,C,Algorithms,1,vis_2025_00030_alg_1.png,2,273,296,1062,668,2550,3300,1.0,0,,1x_Ci6W6APciFDdQl83I4zAqNvvIB4l4x
2025,10.1109/VIS60296.2025.00030,11298750,C,Equations,1,vis_2025_00030_eq_1.png,2,526,1913,976,1975,2550,3300,0.912,3,"\begin{equation*}{\Delta _{{\text{MSE}}}}\left({{x_a},{x_p}}\right) < {\Delta _{{\text{MSE}}}}\left({{x_a},{x_n}}\right),\end{equation*}",10VXuzsGic7qDepGtj8r5tVlactmeMPdP
2025,10.1109/VIS60296.2025.00030,11298750,C,Equations,2,vis_2025_00030_eq_2.png,2,337,2184,1162,2355,2550,3300,0.947,3,"\begin{equation*}E({\mathbf{a}}): = \frac{1}{{\left\| T \right\|}}\sum\limits_{\left({{x_a},{x_p},{x_n}}\right) \in T} {\begin{cases} {1,}&{{\text{ if }}{\Delta _{{\text{LPIPS}}}}\left({{\mathbf{a}}\left({{x_a}}\right),{\mathbf{a}}\left({{x_p}}\right)}\right)} \\ {}&{\left. { < {\Delta _{{\text{LPIPS}}}}\left({{\mathbf{a}}\left({{x_a}}\right),{\mathbf{a}}\left({{x_n}}\right)}\right)}\right)} \\ {0,}&{{\text{ otherwise}}{\text{. }}} \end{cases}} \end{equation*}",1OahA92pOLwQ2zPoGKJg0x4JCC6p3GY5S
2025,10.1109/VIS60296.2025.00030,11298750,C,Equations,3,vis_2025_00030_eq_3.png,2,1502,1541,2069,1622,2550,3300,0.915,3,\begin{equation*}{{\mathbf{a}}^{\ast}} \leftarrow \mathop {\arg \max }\limits_{{\mathbf{a}} \in {{\mathbf{A}}^{\ast}}} E({\mathbf{a}})\quad {\text{ s}}{\text{.t}}{\text{. }}{{\mathbf{a}}_{\left\| \square \right\|}} \leq \left\| \square \right\|.\end{equation*},1-w-L4Y8SXk5SXJWj64WPUg-MTbIyZ1sg
2025,10.1109/VIS60296.2025.00031,11298746,C,Equations,1,vis_2025_00031_eq_1.png,2,1459,1507,2275,1623,2550,3300,0.931,1,\begin{equation*}{\mathbf{t}}\left({{{\mathbf{x}}_u}}\right) = \sum\limits_{l = 1}^m {{{\mathbf{q}}_l}} \left({{{\mathbf{x}}_u}}\right)\cdot\left({{s_l}\left({{{\mathbf{x}}_u}}\right)/n - \left| {{{\mathcal{S}}_l}\left({{{\mathbf{x}}_u}}\right)} \right|/|{\mathcal{S}}|}\right).\tag{1}\end{equation*},1MXF-M378ZhRROcukOmhkPOVE8PUzuQxc
2025,10.1109/VIS60296.2025.00032,11298743,C,Equations,1,vis_2025_00032_eq_1.png,3,1489,1775,2061,2128,2550,3300,0.944,2,"\begin{align*}& O{O^x} = \sum\limits_{i,j}^N {\begin{cases} 1&{{\text{ if }}\quad {x_i} > {x_j} \wedge x_i^\prime < x_j^\prime } \\ 0&{{\text{ otherwise }}} \end{cases}} \\ & O{O^y} = \sum\limits_{i,j}^N {\begin{cases} 1&{{\text{ if }}\quad {y_i} > {y_j} \wedge y_i^\prime < y_j^\prime } \\ 0&{{\text{ otherwise }}} \end{cases}} \\ & OO = 1 - \frac{1}{{N(N - 1)}}\left({O{O^x} + O{O^y}}\right),\end{align*}",10nJa3qJxWoIzjO5YmvPHxcHfEl5nsLfy
2025,10.1109/VIS60296.2025.00032,11298743,C,Equations,2,vis_2025_00032_eq_2.png,3,1488,2380,2091,2530,2550,3300,0.946,2,"\begin{equation*}CC = \sum\limits_{i = 1}^N {\sum\limits_{j = 1}^N {\frac{{\left({\delta _{i,j}^{\mathbf{Y}} - \overline {{\delta ^{\mathbf{Y}}}} }\right)\cdot\left({\delta _{i,j}^{\mathbf{X}} - \overline {{\delta ^{\mathbf{X}}}} }\right)}}{{{\sigma _X}\cdot{\sigma _Y}}}} } ,\end{equation*}",19UdKH-83_KJI-2eec7-sBWBKE_ZPVoBA
2025,10.1109/VIS60296.2025.00033,11298778,C,Equations,1,vis_2025_00033_eq_1.png,3,495,2420,1009,2485,2550,3300,0.706,3,,194UEkUgYLIj3aF-oKi5fRV52dFyuTjhl
2025,10.1109/VIS60296.2025.00034,11298771,C,Table,1,vis_2025_00034_table_1.png,3,323,292,1195,907,2550,3300,0.972,1,"Table 1: Retargeting errors by type and prevalence (%) for both LLM baseline and pipeline approaches, normalized by rendered charts.",1pCTSt6vKi-vkl2HCkXg8Oq7vLujSBK1K
2025,10.1109/VIS60296.2025.00042,11298890,C,Equations,1,vis_2025_00042_eq_1.png,2,464,1920,1047,1983,2550,3300,0.826,1,"\begin{equation*}{F_{ij}} = k(i,j) \cdot \left({{d_{{\text{ideal}}}}(i,j) - {d_{{\text{current}}}}(i,j)}\right)\end{equation*}",1GoqAmIyNNP7ttqvG4uZktrvfVhHs1ORn
2025,10.1109/VIS60296.2025.00043,11298780,C,Table,1,vis_2025_00043_table_1.png,4,1397,308,2273,607,2550,3300,0.972,1,"Table 1: Model runtime comparison of FlowPy [3] vs weBIGeo, in-cluding speedup factor of weBIGeo over FlowPy.",12puEYz99IamhdSIR0z9BPRtkJ4b40mQj
2025,10.1109/VIS60296.2025.00044,11298759,C,Table,1,vis_2025_00044_table_1.png,4,244,309,2315,872,2550,3300,0.877,1,"Table 1: A feature comparison of Embedding Atlas against other popular embedding visualization tools. Legend: denotes a tool fully satisfies the feature, whereas denotes a tool partially satisfies the feature.",13a3KYtJzxlOzicO4HLsnaScsUhxSGNfJ
2025,10.1109/VIS60296.2025.00045,11298871,C,Equations,1,vis_2025_00045_eq_1.png,2,1386,2370,2280,2543,2550,3300,0.933,2,"\begin{align*}& {{\mathcal{C}}({\mathbf{x}}) = \arg \mathop {\min }\limits_{{c_1}, \ldots ,{c_k}} \frac{1}{k}\sum\limits_{i = 1}^k {\operatorname{yloss} } \left({f\left({{c_i}}\right),y}\right) + \frac{{{\lambda _1}}}{k}\sum\limits_{i = 1}^k {\operatorname{dist} } \left({{c_i},{\mathbf{x}}}\right)} \\ & { - {\lambda _2}\,{\text{dpp}}\_{\text{diversity}}\left({{c_1}, \ldots ,{c_k}}\right)} \tag{1}\end{align*}",1eqsywrP9iRdQA0LP42WP8w8P-5002N7o
2025,10.1109/VIS60296.2025.00045,11298871,C,Equations,2,vis_2025_00045_eq_2.png,3,385,1866,1242,2001,2550,3300,0.943,2,"\begin{equation*}CA(G,\tau ) = \left\{ {a \in A\left| {\left({\frac{1}{{|G|}}\sum\limits_{c \in G} {{{\mathbf{1}}_{{x_c}[a] - c[a] \ne 0}}} }\right) \geq \tau } \right.} \right\}\tag{2}\end{equation*}",1RD7yn6S2ma8eUiv_9dSN-MLtFZMF0Osj
2025,10.1109/VIS60296.2025.00045,11298871,C,Table,1,vis_2025_00045_table_1.png,4,297,292,1212,633,2550,3300,0.968,1,Table 1: Summary of results for post-activity Likert-scale questions on ease of use (1-5: very difficult to very easy).,1oOkcwqCI-CTwknrALpA4He-3yeGEKjSP
2025,10.1109/VIS60296.2025.00047,11298754,C,Equations,1,vis_2025_00047_eq_1.png,2,522,2752,1239,2877,2550,3300,0.929,3,"\begin{equation*}C = \arg {\min _C}\sum\limits_{i = 1}^K {\sum\limits_{{\mathbf{x}} \in {C_i}} {{{\left\| {{\mathbf{x}} - {\mu _i}} \right\|}^2}} } ,\tag{1}\end{equation*}",1sUAcKxvxnuRzI3q44jQwV3oQdjbNJOFE
2025,10.1109/VIS60296.2025.00047,11298754,C,Equations,2,vis_2025_00047_eq_2.png,3,432,590,1240,707,2550,3300,0.941,3,"\begin{equation*}\begin{array}{l} {{\mathbf{h}}_0} = {\mathbf{PE}}([x,y,z,t]), \\ {{\mathbf{y}}_j} = {\mathbf{LF}}{{\mathbf{E}}_j}\left( {{\mathbf{GFE}}\left( {{{\mathbf{h}}_0}} \right)} \right),j \in \{ 1,2, \cdots ,M\} , \\ \end{array} \tag{2}\end{equation*}",1b8xVFyYiznpYkbcKDG-_TqTvYDC-lALL
2025,10.1109/VIS60296.2025.00047,11298754,C,Equations,3,vis_2025_00047_eq_3.png,3,432,986,1239,1049,2550,3300,0.929,3,"\begin{equation*}{\mathbf{F}}{{\mathbf{E}}_l} = \psi \left( {{{\mathbf{W}}_l}{{\mathbf{h}}_{l - 1}} + {{\mathbf{b}}_l}} \right),\quad l \in \{ 1,2, \cdots ,N\} ,\tag{3}\end{equation*}",1GZijt_6pseQsT2SSX0ZjmyHI5Uv-6NQZ
2025,10.1109/VIS60296.2025.00047,11298754,C,Table,1,vis_2025_00047_table_1.png,3,1445,419,2127,598,2550,3300,0.983,4,"Table 1: Experimental datasets overview. ρ and t denote the number of spatial coordinates per timestep and the number of timesteps, respectively.",16Tiy0J9-c7M2BUZgEeTa3QTDby-iTRLu
2025,10.1109/VIS60296.2025.00047,11298754,C,Table,2,vis_2025_00047_table_2.png,3,1306,794,2265,1269,2550,3300,0.976,4,"Table 2: Quantitative comparison of data encoding results. Size indicates the model’s weight, and for our method, it refers to the total size summed over all clusters. CoordNetB means our branched network, which is without meta-learning and clustering.",1_tsYrig7vsZ1UUn-ALFUTN6Vh65AmZ92
2025,10.1109/VIS60296.2025.00047,11298754,C,Table,3,vis_2025_00047_table_3.png,3,1485,2578,2090,2978,2550,3300,0.979,4,Table 3: Quantitative comparison of data compression results. We evaluated under identical PSNR and CR settings to ensure a fair comparison. CR refers to the compression ratio.,183TvJ2JQo_gJyl8EXziLLDK4jN7l99yL
2025,10.1109/VIS60296.2025.00047,11298754,C,Table,4,vis_2025_00047_table_4.png,4,390,1950,1115,2097,2550,3300,0.964,4,Table 4: Ablation study results for residual-based re-clustering. This experiment is conducted on the ROCOM dataset.,1xG7DXU3UNX-ZCAmzko4o4p99SDAWP75O
2025,10.1109/VIS60296.2025.00048,11298755,C,Table,1,vis_2025_00048_table_1.png,2,1322,1872,2256,2215,2550,3300,0.971,1,"Table 1: ART evaluation tasks (following the framework of Di Bartolomeo et al. [11]), descriptions, and example questions.",1GSJbqvOJipW1jb9PZKBzIjkRtC1Ypfl-
2025,10.1109/VIS60296.2025.00050,11298795,C,Table,1,vis_2025_00050_table_1.png,4,264,342,1245,944,2550,3300,0.979,2,Table 1: Percent Coverage of Component by GoG Across Vis Types,1nLqihzRZhLvX_u7pIwum6XtMrWr3v518
2025,10.1109/VIS60296.2025.00050,11298795,C,Table,2,vis_2025_00050_table_2.png,4,1330,343,2240,911,2550,3300,0.974,2,Table 2: Percentage of isolated instances of each component.,1Lh2N2mRwzwGzJeGsSssM1R0LahXjX2jD
2025,10.1109/VIS60296.2025.00051,11298742,C,Table,1,vis_2025_00051_table_1.png,4,1342,1012,2229,1196,2550,3300,0.943,1,Table 1: Average percentage change (±σ) of metrics across visualizations and dataset sizes relative to no optimizations.,1PgBrZO1CXG510dhxnWi98eiHes-de_3q
2025,10.1109/VIS60296.2025.00052,11298820,C,Table,1,vis_2025_00052_table_1.png,3,1367,955,2267,1586,2550,3300,0.978,1,Table 1: Distribution of accepted QAR triples across visualization concepts.,1QItFZ-QE0DSY1v_TqtOzhMWfug-y0xHr
2025,10.1109/VIS60296.2025.00053,11298828,C,Table,1,vis_2025_00053_table_1.png,4,1302,419,2274,1024,2550,3300,0.935,1,"Table 1: We implemented a trio of example charts with annotations across eight other tools. We give lines of code required for just the annotation (Ann.), as well as coding of several qualitative properties.",193n-pFea9w7Kd-3lIp3R0bApk1U96eq-
2025,10.1109/VIS60296.2025.00057,11298721,C,Table,1,vis_2025_00057_table_1.png,3,312,284,2251,1624,2550,3300,0.784,1,Table 1: Characterizing Data Humanism: conceptual foundations and example visualizations. Sources shows key references used to define the principles; Examples points to visualizations that the principle aligns with.,1sdciakOZIUvYKRvgZtZvyl6iEzcAIXKJ
2025,10.1109/VIS60296.2025.00059,11298819,C,Table,1,vis_2025_00059_table_1.png,1,357,790,2206,1492,2550,3300,0.96,1,"Table 1: To concretize decision-support claims and inform downstream visualization design, we propose a framework of 15 situational variables that help describe key properties and conditions of a decision problem that are relevant for visualization support.",1z3CKebsG7M_YUxY2bigC1-44EHoznEMA
2025,10.1109/VIS60296.2025.00064,11298785,C,Table,1,vis_2025_00064_table_1.png,2,251,2583,1241,2960,2550,3300,0.973,3,"Table 1. Mean image comparison scores for surface mesh scenes. Lower Butteraugli and FLIP values indicate more similarity, higher MS-SSIM values indicate more similarity. Note DLSS scores progressively worsen as rendering resolution decreases from 66% to 33%.",1MvA9QxZhg-ahQpBlgCx1wnX67fbGCjwH
2025,10.1109/VIS60296.2025.00064,11298785,C,Table,2,vis_2025_00064_table_2.png,2,1304,2591,2280,2970,2550,3300,0.971,3,"Table 2. Percentage of screen pixels in significant hue and luminance artifacts clusters, for surface mesh scenes (compared with SSAA). Lower percentages indicate fewer visual artifacts.",1hh8RndHobh8VfBEAMCzTzR--9vbShhx7
2025,10.1109/VIS60296.2025.00064,11298785,C,Table,3,vis_2025_00064_table_3.png,3,1302,2424,2284,2803,2550,3300,0.971,3,"Table 3. Mean image comparison scores for point cloud scenes. Note the extreme values across all metrics, indicating that point cloud representations are fundamentally altered by AA/DLSS methods.",1_eQq7DkDMBo0oYKIMgB-z_6Uf3wzWaKX
2025,10.1109/VIS60296.2025.00065,11298716,C,Equations,1,vis_2025_00065_eq_1.png,2,489,2575,1243,2633,2550,3300,0.891,5,\begin{equation*}{\hat \varepsilon _{{\text{CFG}}}} = {\hat \varepsilon _{{\text{uncond}}}} + w \cdot \left( {{{\hat \varepsilon }_{{\text{cond}}}} - {{\hat \varepsilon }_{{\text{uncond}}}}} \right)\tag{1}\end{equation*},12WT9_h4HkFsxRZKJtnLE12YS5WBTOJ5_
2025,10.1109/VIS60296.2025.00065,11298716,C,Equations,2,vis_2025_00065_eq_2.png,2,1530,798,2278,919,2550,3300,0.939,5,"\begin{equation*} {{\mathbf{x}}_{{\text{noisy}}}} = \begin{cases} {{{\mathbf{x}}_{{\text{clean}}}}}&{{\text{where}}\,{\mathbf{M}} > 0.5} \\ {{{\mathbf{x}}_{{\text{noisy}}}}}&{{\text{otherwise}}} \end{cases}\tag{2}\end{equation*}",1w_PbRPDc2ShO0ZoL97Uj0C3jnkNZa1_2
2025,10.1109/VIS60296.2025.00065,11298716,C,Equations,3,vis_2025_00065_eq_3.png,2,1534,1074,2277,1135,2550,3300,0.926,5,\begin{equation*}\mathcal{L} = {\left\| {\hat \varepsilon \cdot (1 - {\mathbf{M}}) - \varepsilon \cdot (1 - {\mathbf{M}})} \right\|^2}\tag{3}\end{equation*},143xPK8GBlgS9KHeyhEVQSOnvVynoovXt
2025,10.1109/VIS60296.2025.00065,11298716,C,Equations,4,vis_2025_00065_eq_4.png,2,1302,2246,2263,2343,2550,3300,0.472,5,"\begin{equation*}{{\mathbf{x}}_{t - 1}} = {\mathbf{M}} \odot {{\mathbf{x}}_{{\text{masked}}}} + (1 - {\mathbf{M}}) \odot \operatorname{Scheduler} \left( {{{\mathbf{x}}_t},t,\hat \varepsilon } \right)\tag{4}\end{equation*}",1-eXMGWun_Cuo865ltLezEcC1b1nIYjfs
2025,10.1109/VIS60296.2025.00065,11298716,C,Equations,5,vis_2025_00065_eq_5.png,3,359,1921,1241,2004,2550,3300,0.942,5,"\begin{equation*}E = \iint \mu \left( {u_x^2 + u_y^2 + v_x^2 + v_y^2} \right) + \psi (x,y){\left| {{\mathbf{v}} - {{\mathbf{v}}_0}} \right|^2}dxdy\tag{5}\end{equation*}",1hDSrQcVM52ZZ9-5_jlBqfWHlF9zP2ZPB
2025,10.1109/VIS60296.2025.00065,11298716,C,Table,1,vis_2025_00065_table_1.png,4,289,1767,1214,2059,2550,3300,0.974,1,Table 1: Quantitative comparison across all datasets. Lower values indicate better performance.,17Z_7bm2AMglB70Nugm27lbt6Vr35PhcS
2025,10.1109/VIS60296.2025.00066,11298784,C,Table,1,vis_2025_00066_table_1.png,3,500,1339,2066,1712,2550,3300,0.976,2,"Table 1: Group Comparisons of AttrakDiff and Loyalty Intentions (One-Way ANOVA Results). *p < .05, **p < .01, ***p < .001.",1V-X-tejx4sa3Y8DXQqPe_69h4zg871bd
2025,10.1109/VIS60296.2025.00066,11298784,C,Table,2,vis_2025_00066_table_2.png,3,343,2343,1169,2562,2550,3300,0.973,2,Table 2: Post-Hoc Comparisons of HQ-S Scores Between Groups (Tukey HSD with Cohen’s d),1xnn7hhy-Z3_zaceX1whtsoIYaZfGaAO1
2025,10.1109/VIS60296.2025.00067,11298825,C,Equations,1,vis_2025_00067_eq_1.png,3,1426,1817,2273,1932,2550,3300,0.951,2,"\begin{equation*}S = \sum\limits_{i = 1}^n {{w_{dist}}} *distance{\left({{p_1},{p_2}}\right)^2} + {w_{dir}}*\left| {{{\vec d}_1} \cdot {{\vec d}_2}} \right|\tag{1}\end{equation*}",1Sig0MxWVVwHS0aIYgxrrE2fAALqqOvFY
2025,10.1109/VIS60296.2025.00067,11298825,C,Equations,2,vis_2025_00067_eq_2.png,3,1296,2619,2272,2731,2550,3300,0.938,2,"\begin{equation*}S = \sum\limits_{i = 1}^n {\left({{w_{dist}}*distance{{\left({{p_1},{p_2}}\right)}^2} + {w_{dir}}*\left| {{{\vec d}_1} \cdot {{\vec d}_2}} \right|}\right)} + {w_{len}}*\left| {{l_1} - {l_2}} \right|\tag{2}\end{equation*}",1LZL_3FV6j1U0wsmJdTv581Tg9CsML1Ru
2025,10.1109/VIS60296.2025.00068,11298888,C,Table,1,vis_2025_00068_table_1.png,2,1298,345,2280,919,2550,3300,0.955,1,Table 1: Dimensions and Components of Chart Annotations,1-t89-UpSE1nIilcCyqlOJ6iiSoCh38rj
2025,10.1109/VIS60296.2025.00068,11298888,C,Equations,1,vis_2025_00068_eq_1.png,3,457,1940,1242,1997,2550,3300,0.913,10,,1UvlSwL-obswfKKfKmQeE_fwAhIFW2yIq
2025,10.1109/VIS60296.2025.00068,11298888,C,Equations,2,vis_2025_00068_eq_2.png,3,335,2149,1243,2208,2550,3300,0.923,10,,1byf7kOgXoLDWHWoHN65nbREUsULyL8Pt
2025,10.1109/VIS60296.2025.00068,11298888,C,Equations,3,vis_2025_00068_eq_3.png,3,450,2630,1241,2688,2550,3300,0.927,10,,1iIIBD4hBt3r0oHSMazzpb9EJdwmyfrUH
2025,10.1109/VIS60296.2025.00068,11298888,C,Equations,4,vis_2025_00068_eq_4.png,3,569,2913,2277,2983,2550,3300,0.894,10,,17LF4mACKDbSZ9NRte1cC7GYGQXUaAu_1
2025,10.1109/VIS60296.2025.00068,11298888,C,Equations,5,vis_2025_00068_eq_5.png,3,1603,2929,2277,2985,2550,3300,0.892,10,,16M70ucev7t9u5j_Ic-68-M3e-ziBZBC3
2025,10.1109/VIS60296.2025.00068,11298888,C,Equations,6,vis_2025_00068_eq_6.png,4,478,909,1241,969,2550,3300,0.912,10,,19sQ2XkDPOSSDci87kNvCs0HGDidS_jP2
2025,10.1109/VIS60296.2025.00068,11298888,C,Equations,7,vis_2025_00068_eq_7.png,4,539,989,1240,1045,2550,3300,0.895,10,,195IxNE4MncIRCnKvwh2W0TdhfG3mQHsl
2025,10.1109/VIS60296.2025.00068,11298888,C,Equations,8,vis_2025_00068_eq_8.png,4,326,1350,1241,1408,2550,3300,0.904,10,,1069ng6W48DPJ6uerDP3loOBviP8y0I6q
2025,10.1109/VIS60296.2025.00068,11298888,C,Equations,9,vis_2025_00068_eq_9.png,4,484,1429,1241,1486,2550,3300,0.91,10,,1dDQw4ECFUHooGg8-fA24i8s_-ZmMrEpS
2025,10.1109/VIS60296.2025.00068,11298888,C,Equations,10,vis_2025_00068_eq_10.png,4,603,1637,1241,1694,2550,3300,0.922,10,,1iRoBCEPq822t7127YjUFQ2oDu7jbBPb4
2025,10.1109/VIS60296.2025.00068,11298888,C,Equations,11,vis_2025_00068_eq_11.png,4,548,2347,1241,2404,2550,3300,0.916,10,,18xClXydqgPpEUnbLu14CBUdzwbzIQapi
2025,10.1109/VIS60296.2025.00068,11298888,C,Equations,12,vis_2025_00068_eq_12.png,4,549,2414,1241,2469,2550,3300,0.915,10,,1uRI4zhYiUAiVSqAfcGrcrSpSV2MCD8j_
2025,10.1109/VIS60296.2025.00068,11298888,C,Equations,13,vis_2025_00068_eq_13.png,4,671,2483,1242,2535,2550,3300,0.911,10,,1qKFbJB9_824mY_OskPoCCGum9tZqUFN_
2025,10.1109/VIS60296.2025.00069,11298798,C,Equations,1,vis_2025_00069_eq_1.png,3,634,1700,877,1759,2550,3300,0.809,1,\begin{equation*}c = A(t)*p*m\end{equation*},19e0aH_nJPapjGtB2DSnEVGZ8v-fo_RUy
2025,10.1109/VIS60296.2025.00072,11298894,C,Table,1,vis_2025_00072_table_1.png,4,1313,365,2255,708,2550,3300,0.969,1,"Table 1: Task Completion Time (Mean (Std), seconds)",1lOJ-OjilE7uIU6m76N0IB7k9v3jQtI-F
2025,10.1109/VIS60296.2025.00075,11298911,C,Equations,1,vis_2025_00075_eq_1.png,3,554,1301,1242,1415,2550,3300,0.94,1,\begin{equation*}p \mapsto p + \frac{1}{{{\sum _{j \in J}}{w_j}}}\sum\limits_{j \in J} {{w_j}} {\tilde v_j}\tag{1}\end{equation*},1UV7zOTighaQb_wTCtnXQ15X00YxHfCjb
2025,10.1109/VIS60296.2025.00077,11298768,C,Table,1,vis_2025_00077_table_1.png,4,319,1729,1190,2033,2550,3300,0.975,2,"Table 1: Frame rate and scene population time, depending on the number of geometry instances rendered in the scene. The scene population time is only required once during scene initialization.",1ewlgqKiMZADE16asBLyiAr1afenDS44c
2025,10.1109/VIS60296.2025.00077,11298768,C,Table,2,vis_2025_00077_table_2.png,4,1294,1309,2292,1654,2550,3300,0.976,2,"Table 2: Annotation times for 2D, VR and Deep Learning tracking.",15yRtpSVvm_8FcjkNbpcVgHmYVWJvVHZS
2025,10.1109/VIS60296.2025.00079,11298733,C,Table,1,vis_2025_00079_table_1.png,3,267,344,2295,736,2550,3300,0.974,2,Table 1: Types of questions used in the study to assess participants’ impressions of faculty profiles.,1GtgtUahCLMvgRg3P-vN7R9SZyNib_G1k
2025,10.1109/VIS60296.2025.00079,11298733,C,Table,2,vis_2025_00079_table_2.png,3,1309,879,2267,1026,2550,3300,0.345,2,Table 2: Correlation between factors and willingness to work.,1IAAMZFnyeConoxOYHzDECacssuW6K2Sz
2025,10.1109/VIS60296.2025.00079,11298733,C,Equations,1,vis_2025_00079_eq_1.png,3,1518,2739,2273,2843,2550,3300,0.95,1,"\begin{equation*}Norm.\,EMD = \frac{{EMD}}{{Max\,Possible\,EMD}}\tag{1}\end{equation*}",1V9CKneNpu67wyp53XO8IynP8HIWJaIUW
2025,10.1109/VIS60296.2025.00082,11298896,C,Equations,1,vis_2025_00082_eq_1.png,2,1332,2882,2267,2971,2550,3300,0.897,2,,1fsyR_4L_CzX1tbyJTkwOWSkYhUMNfvL_
2025,10.1109/VIS60296.2025.00082,11298896,C,Equations,2,vis_2025_00082_eq_2.png,3,266,1022,805,1087,2550,3300,0.879,2,,1u9xDYH0IeU0Brqks15vHUWzioSDXRytQ
2025,10.1109/VIS60296.2025.00082,11298896,C,Equations,3,vis_2025_00082_eq_3.png,3,267,1138,793,1221,2550,3300,0.813,2,,1RgacyGp2ZZpjV0uaS1n_1S2Asnl1R1W2
2025,10.1109/VIS60296.2025.00082,11298896,C,Equations,4,vis_2025_00082_eq_4.png,3,275,1271,1012,1371,2550,3300,0.669,2,,1pIW9Kyy0s-m9JkuywB_VG8-Np77294WL
2025,10.1109/VIS60296.2025.00085,11298846,C,Equations,1,vis_2025_00085_eq_1.png,3,1428,2472,2274,2528,2550,3300,0.867,1,\begin{equation*}errors{\sim} 0 + shape:direction + (1\mid participant)\tag{1}\end{equation*},1GOvjcCNEBz7ddmO4U3hcVsX5gpSHW35P
2021,10.1109/TVCG.2021.3114796,9552893,J,Table,1,tvcg_2021_3114796_table_1.png,4,1306,1305,2104,1505,2352,3213,0.919,2,"Table 1: Diel syntax for creating tables. an event table stores the history of an event. developers can access the table with two additional columns maintained by diel: timestep (logic time of the event) and timestamp (wall-clock time of the event). an event view is a named sql query (view) that spans the local and server databases. the system appends new view evaluation results to the event view, annotated with the timestep of the corresponding event table entry tracked by diel, request_timestep, as well as the timestep caused by the new event. developers access these views similar to how they access event tables. an output is a view whose results, after each timestep, are evaluated and passed to the rendering function bound via the bindoutput api. these three key constructs, output, event and timesteps augment sql with reactive semantics for non-blocking interactive visualizations.",1EV0wx-3oUSMgtF0TOQ3qeuxtDw7gnHxy
2021,10.1109/TVCG.2021.3114796,9552893,J,Table,2,tvcg_2021_3114796_table_2.png,4,1179,2124,2228,2284,2352,3213,0.953,2,"Table 2: DIEL javascript apis to interface with the frontend. newevent takes in events from the developer, e.g., user's selection. bindoutput binds the outputs to a rendering function specified by the developer that takes a table and renders a visualization.",10a0qKB9W4sswAsikdIa1OoU88fuvVl8W
2021,10.1109/TVCG.2021.3114858,9552879,J,Equations,1,tvcg_2021_3114858_eq_1.png,4,1472,300,2233,417,2352,3213,0.943,6,,1BudDAHiPCv8CzPDZ5d4fUM5rpZjbuuVX
2021,10.1109/TVCG.2021.3114858,9552879,J,Equations,2,tvcg_2021_3114858_eq_2.png,4,1352,2965,2233,3079,2352,3213,0.946,6,,1E-jmJQMaU48sglCYuHhxFPo7ZoQR6mDW
2021,10.1109/TVCG.2021.3114858,9552879,J,Equations,3,tvcg_2021_3114858_eq_3.png,5,1525,204,2271,316,2352,3213,0.927,6,,1bwEvouSArrT8hMqrSKg4mNDq2WP-x3Aj
2021,10.1109/TVCG.2021.3114858,9552879,J,Equations,4,tvcg_2021_3114858_eq_4.png,5,1245,1780,2239,2036,2352,3213,0.943,6,,1IKCT7cqnwkIulICz-Nn9BUCw3VWmo4a7
2021,10.1109/TVCG.2021.3114858,9552879,J,Equations,5,tvcg_2021_3114858_eq_5.png,5,1384,2238,2271,2365,2352,3213,0.951,6,,11VfaScybUnJh_5lqFz6FegdYg3Yp-64N
2021,10.1109/TVCG.2021.3114858,9552879,J,Equations,6,tvcg_2021_3114858_eq_6.png,5,1382,2404,2271,2531,2352,3213,0.952,6,,1cEghnJUhtinw9omNs9BIzgQjvVOglfMM
2021,10.1109/TVCG.2021.3114858,9552879,J,Equations,7,tvcg_2021_3114858_eq_7.png,5,1457,2675,2271,2790,2352,3213,0.937,6,,1kKBmuRHOq_KzmL6SniSO7b8sdxtng0YB
2021,10.1109/TVCG.2021.3114832,9552436,J,Equations,1,tvcg_2021_3114832_eq_1.png,4,1225,1807,2232,1914,2352,3213,0.946,1,"\begin{equation*}
L(S, P)=\alpha\vert P\vert+\beta \sum_{p_{i} \in P} \text { usage }\left(p_{i}\right)+\gamma \sum_{s_{i} \in S} { single_{-}values }\left(s_{i}\right),
\tag{1}
\end{equation*}",1XOtfVNHLc66RK1LlLzTLXY-1QMgYRVfF
2021,10.1109/TVCG.2021.3114832,9552436,J,Table,1,tvcg_2021_3114832_table_1.png,7,173,444,1118,906,2352,3213,0.951,1,"Table 1. The results of the quantitative experiments. We generated 5 synthetic datasets (d1 to d5) and collected two real-world datasets (dt and db), varying in terms of the number of sequences (s), the length of each sequence (|si|), the number of attributes (|a|), and the number of optional values of each attribute (|vk|). After running the algorithm, we recorded the runtime (t), the number of mined tactics (|t|), and the number of planted tactics detected (|ptd|, only for synthetic datasets).",1ChpkGIV9uhtlAe3WR63b2G4YH3vY98pm
2021,10.1109/TVCG.2021.3114878,9557224,J,Equations,1,tvcg_2021_3114878_eq_1.png,3,1297,1866,2186,1941,2352,3213,0.917,2,"\begin{equation*}
T_{i}^{p g}=t^{c}-t_{i}^{s}, T_{i}^{w g}=t^{c}-t_{i}^{e}, T_{i}^{p d}=t_{i}^{e}-t_{i}^{s}, T_{i}^{b d}=t_{i+1}^{s}-t_{i}^{e}
\end{equation*}",1qagpbirfyUuWC3PLTgz53AFiFu9f7JMy
2021,10.1109/TVCG.2021.3114878,9557224,J,Equations,2,tvcg_2021_3114878_eq_2.png,6,1587,2207,2233,2331,2352,3213,0.905,2,"\begin{equation*}
p_{i}=\sum_{j=1}^{m} w_{j} v_{i j}
\tag{1}
\end{equation*}",1osuYUjgnYss8MZcLutpA_T8W5geFV5_I
2021,10.1109/TVCG.2021.3114777,9597616,J,Table,1,tvcg_2021_3114777_table_1.png,4,116,275,2265,1140,2352,3213,0.986,1,Table 1: Evaluation factor with its description and criteria,17ss8uh6mt-Ln7vS4wRH5yUyk9eto1cca
2021,10.1109/TVCG.2021.3114687,9555492,J,Equations,1,tvcg_2021_3114687_eq_1.png,7,1380,1609,2104,1733,2352,3213,0.941,1,"\begin{equation*}rank(\mathscr{I})= \sum\limits_{(c, cl)\in Cl_{cur}\cap Cl_{db}(\mathscr{I})} d_{min}(c,\mathscr{I}).\end{equation*}",1xCLkd0P8_jzyl1zgOSmbkxXuHHZ_QC87
2021,10.1109/TVCG.2021.3114760,9552192,J,Table,1,tvcg_2021_3114760_table_1.png,3,116,318,2291,1175,2352,3213,0.829,1,"Table 1. Aspects of presenting data across interviewees (* = we conducted a joint retrospective interview for colleagues P05 and P06). Multiple frequencies may correspond with different scenarios and/or presentations to different audiences. Colors indicate participation across the two studies: = retrospective, = design probe. Scenario abbreviations: Jam session, Semi-improvised performance, Recital.",1kdeC7Rcu7Jf_O88dMCMSgKKRXkSiwtfm
2021,10.1109/TVCG.2021.3114824,9552187,J,Equations,1,tvcg_2021_3114824_eq_1.png,3,450,1619,838,1730,2352,3213,0.941,9,,1-deEnBFMInVDQjdwvUA0k1PMIOHCCUSB
2021,10.1109/TVCG.2021.3114824,9552187,J,Equations,2,tvcg_2021_3114824_eq_2.png,4,224,1840,993,1954,2352,3213,0.942,9,,1FHpTnoXXhptGi4k8rkEMVpu2A2jeZDkD
2021,10.1109/TVCG.2021.3114824,9552187,J,Algorithms,1,tvcg_2021_3114824_alg_1.png,4,1174,199,2234,2022,2352,3213,1.0,0,,1kXRI74m6gHX3YwuLFhadEgCT6TjmDY9P
2021,10.1109/TVCG.2021.3114824,9552187,J,Equations,3,tvcg_2021_3114824_eq_3.png,5,155,2420,515,2476,2352,3213,0.689,9,,1L0JqHS-Y82TMQUuX3YzJ1RV22Dz8I-rE
2021,10.1109/TVCG.2021.3114824,9552187,J,Equations,4,tvcg_2021_3114824_eq_4.png,5,165,2470,1136,2533,2352,3213,0.621,9,,1DMK8yDQJOIo5rVPBS4PMLV3i1Pqb_pqA
2021,10.1109/TVCG.2021.3114824,9552187,J,Equations,5,tvcg_2021_3114824_eq_5.png,6,1429,1972,1972,2090,2352,3213,0.951,9,,1z-x63NufUi4uKLwAT0g9terDxja1yOTb
2021,10.1109/TVCG.2021.3114824,9552187,J,Equations,6,tvcg_2021_3114824_eq_6.png,6,1431,2381,1973,2502,2352,3213,0.953,9,,12aRUFJhbrTdnqV1pjSjHnUiOPD4tOCYu
2021,10.1109/TVCG.2021.3114824,9552187,J,Equations,7,tvcg_2021_3114824_eq_7.png,7,116,1882,1178,2002,2352,3213,0.807,9,,108prP0f0D4GAqEDtw2FVWUEo9-4gvMvv
2021,10.1109/TVCG.2021.3114824,9552187,J,Equations,8,tvcg_2021_3114824_eq_8.png,7,120,2251,1169,2375,2352,3213,0.917,9,,1c88C4C7Zwp3nMee6ZY1Pv_tNhRY1y4mF
2021,10.1109/TVCG.2021.3114824,9552187,J,Equations,9,tvcg_2021_3114824_eq_9.png,7,217,2793,1073,3017,2352,3213,0.905,9,,1AkKrKwHAeA5fekJKBKLhxl0lXhuKxVQ2
2021,10.1109/TVCG.2021.3114824,9552187,J,Equations,10,tvcg_2021_3114824_eq_10.png,7,1264,1194,2235,1353,2352,3213,0.83,9,,1750r8caMuEKXeVYGPVpWy4O4cthK7iVT
2021,10.1109/TVCG.2021.3114824,9552187,J,Equations,11,tvcg_2021_3114824_eq_11.png,7,1264,1403,2050,1462,2352,3213,0.729,9,,1UWUNDtq8UKCdkoIsBey2IuM6C1U5G04T
2021,10.1109/TVCG.2021.3114874,9552881,J,Table,1,tvcg_2021_3114874_table_1.png,5,113,248,1176,571,2352,3213,0.98,1,Table 1. Analysis of variance.,1P5o1poV6PJNi8nZHovrSY1Eq94I8xRI7
2021,10.1109/TVCG.2021.3114874,9552881,J,Equations,1,tvcg_2021_3114874_eq_1.png,5,1314,783,2270,846,2352,3213,0.913,2,"\begin{equation*}JND_{i, c}=\beta_{c, 0}+\beta_{c, 1}Distance_{i}+\beta_{c, 2}Intensity_{i}+u_{k}+\varepsilon_{i}\tag{1}\end{equation*}",1dIMEPrZFiUfi8oEoUwXcCxjERVzM_iyt
2021,10.1109/TVCG.2021.3114874,9552881,J,Equations,2,tvcg_2021_3114874_eq_2.png,5,1255,1880,2270,1943,2352,3213,0.853,2,"\begin{equation*}\log(JND_{i, c})=\beta_{c, 0}+\beta_{c, 1}Distance_{i}+\beta_{c, 2}Intensity_{i}+u_{k}+\varepsilon_{i}\tag{2}\end{equation*}",187kylSVlHpW8FQ36JubEStReFmRoxTnr
2021,10.1109/TVCG.2021.3114837,9552218,J,Table,1,tvcg_2021_3114837_table_1.png,8,84,2643,1137,2877,2352,3213,0.961,1,Table 1. Lost cargo segmentation performance after training on data with shadow augmentation. *-b are baseline models trained without shadow augmentation and *-sa are models trained with shadow augmentations. Numbers in parentheses are standard deviations. The table shows iou accuracy for each semantic segmentation class.,1posJ4w2cGuZA2p3r887q2rcAOcVy3LSN
2021,10.1109/TVCG.2021.3114865,9552923,J,Equations,1,tvcg_2021_3114865_eq_1.png,3,473,2183,1177,2302,2352,3213,0.67,9,"\begin{equation*}
f(x)=\frac{1}{n}\sum_{i=1}^{n}K_{r}(x,p_{i})
\tag{1}
\end{equation*}",1xxqixc_8_6XyMsVNnON0EhWMiFQjySEO
2021,10.1109/TVCG.2021.3114865,9552923,J,Equations,2,tvcg_2021_3114865_eq_2.png,3,290,3001,1175,3074,2352,3213,0.9,9,"\begin{equation*}
L_{r}\left(\mathbf{x}, \mathbf{p}_{i}, \mathbf{p}_{i+1}\right)=L_{r}^{1 D}(\mu, p_{i}, p_{i+1}) \cdot N_{r}(\vert\mathbf{x}-\boldsymbol{\mu}\vert)
\tag{2}
\end{equation*}",1UdfzoWoU6dh-3O7iSMFJEOKMIM3UcB50
2021,10.1109/TVCG.2021.3114865,9552923,J,Equations,3,tvcg_2021_3114865_eq_3.png,3,1353,1400,2271,1519,2352,3213,0.955,9,"\begin{equation*}
L_{r}^{1 D}\left(\mu, p_{i}, p_{i+1}\right)=\frac{\text{CDF}_{r}\left(\mu, p_{i}\right)-\text{CDF}_{r}\left(\mu, p_{i+1}\right)}{\left\vert p_{i+1}-p_{i}\right\vert}
\tag{3}
\end{equation*}",1og-F90tRnTezYKY3FOnwdcQT3YXjUJzV
2021,10.1109/TVCG.2021.3114865,9552923,J,Equations,4,tvcg_2021_3114865_eq_4.png,3,1473,1609,2270,1721,2352,3213,0.947,9,"\begin{equation*}
\text{CDF}_{r}\left(\mu, p_{i}\right)=\int_{p_{i}}^{\mu} N_{r}\left(\left\vert t-p_{i}\right\vert\right) d t.
\tag{4}
\end{equation*}",1S29-yBhjVbsnB76co6B8Wi7rIUFUdtO-
2021,10.1109/TVCG.2021.3114865,9552923,J,Equations,5,tvcg_2021_3114865_eq_5.png,5,1596,2436,2271,2550,2352,3213,0.933,9,"\begin{equation*}
\rho_{i}=\frac{1}{\mathrm{~L}_{i}} \sum_{k} \rho\left(\mathbf{x}_{i, k}\right)
\tag{5}
\end{equation*}",1x-2A-b2bXHvG2b19iHTS7BcmAHoTE4Wt
2021,10.1109/TVCG.2021.3114865,9552923,J,Equations,6,tvcg_2021_3114865_eq_6.png,5,1490,2742,2270,2858,2352,3213,0.859,9,"\begin{equation*}
\beta_{i, j}=\frac{1}{\mathrm{~L}_{i, j}} \sum_{k}\left\vert\kappa\left(\mathbf{x}_{i, k}\right)-\kappa\left(\mathbf{x}_{j, k}\right)\right\vert
\tag{6}
\end{equation*}",1prURr4RxW7smUMoNRkqzZ3UsOHIzS_0t
2021,10.1109/TVCG.2021.3114865,9552923,J,Equations,7,tvcg_2021_3114865_eq_7.png,6,1576,2336,2233,2400,2352,3213,0.91,9,"\begin{equation*}
v_{t}=\mathbf{T}_{t}+\beta \mathbf{W}_{t},
\tag{7}
\end{equation*}",1T9se7-fu5Vw7jao3G6eQirkLn9FpMkp0
2021,10.1109/TVCG.2021.3114865,9552923,J,Equations,8,tvcg_2021_3114865_eq_8.png,7,422,2493,872,2609,2352,3213,0.927,9,"\begin{equation*}
line \ recall(L R)=\frac{\vert\hat{\Omega} \cap \Omega\vert}{\vert\Omega\vert},
\end{equation*}",1pOhuIvyHafRBUE1iCA8PA_rmI28oPz2-
2021,10.1109/TVCG.2021.3114865,9552923,J,Equations,9,tvcg_2021_3114865_eq_9.png,7,396,2790,898,2912,2352,3213,0.742,9,"\begin{equation*}
{line} \ {precision}(L P)=\frac{\vert\hat{\Omega} \cap \Omega\vert}{\vert\hat{\Omega}\vert},
\end{equation*}",1gIuGiCxzC7IjFIDN26GMfeRfSkif-UQv
2021,10.1109/TVCG.2021.3114770,9555469,J,Table,1,tvcg_2021_3114770_table_1.png,3,1221,242,2251,439,2352,3213,0.972,4,,1mI7yBEAcuzhM7Skqy3pZCCN0qK8jJUfN
2021,10.1109/TVCG.2021.3114770,9555469,J,Table,2,tvcg_2021_3114770_table_2.png,5,237,245,2141,749,2352,3213,0.977,4,,1DDx2W_ldYl2HBuIz12figc1D9BufDBiC
2021,10.1109/TVCG.2021.3114770,9555469,J,Table,3,tvcg_2021_3114770_table_3.png,8,96,396,1117,1035,2352,3213,0.912,4,,1yyNwK4F7ykUJFD25uBa_31-VxLdP9eR_
2022,10.1109/TVCG.2022.3209457,9904455,J,Table,1,tvcg_2022_3209457_table_1.png,5,1762,2268,2227,2679,2352,3213,0.912,3,,1tlAVUIPCLMP6-7XD19pLkIG4wflPIiLr
2022,10.1109/TVCG.2022.3209457,9904455,J,Table,2,tvcg_2022_3209457_table_2.png,6,111,152,2260,704,2352,3213,0.972,3,,1RT-GU_wDzOOA2DnmG0pgpv9m8b6RWoHy
2022,10.1109/TVCG.2022.3209457,9904455,J,Table,3,tvcg_2022_3209457_table_3.png,6,1228,929,2236,1377,2352,3213,0.522,3,,1pc02rffGXTKkt7xqhWak8csekbEO1_7v
2022,10.1109/TVCG.2022.3209457,9904455,J,Table,4,tvcg_2022_3209457_table_4.png,8,109,151,2259,570,2352,3213,0.981,3,,1mTdqainOQUeIYxyDOEQbk4Rc0Q7YYVuf
2022,10.1109/TVCG.2022.3209432,9912348,J,Table,1,tvcg_2022_3209432_table_1.png,3,116,205,2250,989,2352,3213,0.985,1,Table 1. Task types.,1Cd28miNPd1xZ060pfEvKWmhK_Jj2CkkV
2022,10.1109/TVCG.2022.3209403,9912645,J,Equations,1,tvcg_2022_3209403_eq_1.png,4,386,1702,1137,1826,2352,3213,0.95,1,"\begin{equation*}s(N, M, R)=\frac{\log N+\log M}{\frac{1}{M}\sum\nolimits_{i=1}^{M}r_{i}}.\tag{1}\end{equation*}",16BffNKBtZ8Ro8XIFBxlibOtZNQmCYPW9
2022,10.1109/TVCG.2022.3209434,9904486,J,Table,1,tvcg_2022_3209434_table_1.png,4,171,207,2197,832,2352,3213,0.968,1,Table 1. Molecular features about drug compounds that participants focus on during drug target selection,1m5DqYXRyVfFC0qJivYMUFdxwXnoWhTdw
2022,10.1109/TVCG.2022.3209461,9903596,J,Table,1,tvcg_2022_3209461_table_1.png,4,74,1793,1145,2275,2352,3213,0.971,5,Table 1. Interaction types and parameters,1ChO-HKnOsm2VkAMkcSsP3T_me-CfuTlb
2022,10.1109/TVCG.2022.3209461,9903596,J,Equations,1,tvcg_2022_3209461_eq_1.png,5,1209,1329,2290,1510,2352,3213,0.784,1,"\begin{gather*}DoD=Entropy\ of\ interactions^{\prime}\ distribution\ of\ each\ Interaction\ Type\tag{1}\\
DoI=\frac{\# Predictions\ that\ within\ the\ insight\ ful\ data\ area}{\# Predicting\ results}\tag{2}\end{gather*}",1E700p_MuW9DhZwwamX0i341NfaA8Z8Dg
2022,10.1109/TVCG.2022.3209461,9903596,J,Table,2,tvcg_2022_3209461_table_2.png,6,83,2402,1150,2841,2352,3213,0.973,5,Table 2. Interaction types,12D2_DnEAlOP9uiL897oKl5To1g8eaqBo
2022,10.1109/TVCG.2022.3209461,9903596,J,Table,3,tvcg_2022_3209461_table_3.png,6,1178,471,2226,744,2352,3213,0.978,5,Table 3. The visual states of each view type,1YElCE_QfQB_zzmWN-FMrFNjRvVnFBVP6
2022,10.1109/TVCG.2022.3209461,9903596,J,Table,4,tvcg_2022_3209461_table_4.png,7,119,236,2266,511,2352,3213,0.975,5,Table 4. Model performance,1wYzCwHeC0QREZiRet4RHRGttasjwz0Aa
2022,10.1109/TVCG.2022.3209461,9903596,J,Table,5,tvcg_2022_3209461_table_5.png,7,119,570,1186,840,2352,3213,0.364,5,"Table 5. Impacts on DoD, Dol and accuracy of filters and model updating",1uboJXR70MNl8sVRlwtWjK-GMkRW-5IJ6
2022,10.1109/TVCG.2022.3209378,9904770,J,Equations,1,tvcg_2022_3209378_eq_1.png,4,1336,1980,2262,2087,2352,3213,0.941,1,"\begin{equation*}
P=\frac{\Sigma(\text{Permuted Data Matches}\geq\text{Actual Matches})}{\#\ \text{of Permutations}}\tag{1}
\end{equation*}",1zKC3qG8u2G3dJ3wBJVanxxoBNh80jTmp
2022,10.1109/TVCG.2022.3209385,9908529,J,Equations,1,tvcg_2022_3209385_eq_1.png,3,474,1451,1174,1513,2352,3213,0.89,4,,1DQhPAJwaqydMhm3llznW5Lv_fXdJM8RR
2022,10.1109/TVCG.2022.3209385,9908529,J,Equations,2,tvcg_2022_3209385_eq_2.png,3,277,1507,1174,1565,2352,3213,0.747,4,,1h1wIUnQUONJ8XLcc3NdsykHqi00yuYMr
2022,10.1109/TVCG.2022.3209385,9908529,J,Equations,3,tvcg_2022_3209385_eq_3.png,3,535,2996,1176,3056,2352,3213,0.914,4,,1UVlukWHAF6MaWaMHUDRUXpqhG52-xzKU
2022,10.1109/TVCG.2022.3209385,9908529,J,Equations,4,tvcg_2022_3209385_eq_4.png,4,478,1353,1136,1406,2352,3213,0.912,4,,1iSiPbHaCWrstwJ3pq8_BlZQxYfPEr-Xe
2022,10.1109/TVCG.2022.3209385,9908529,J,Equations,5,tvcg_2022_3209385_eq_5.png,4,478,1409,1136,1460,2352,3213,0.9,4,,1ytzaxT8J-XiF6Ik0nq6qat5scwH1Ts0j
2022,10.1109/TVCG.2022.3209369,9914804,J,Table,1,tvcg_2022_3209369_table_1.png,2,1171,194,2238,925,2352,3213,0.978,1,Table 1. Techniques common to interaction and animation taxonomies.,1mjYP56HtJxhdTbJygpirx8EXY1QgPmGJ
2022,10.1109/TVCG.2022.3209429,9904443,J,Equations,1,tvcg_2022_3209429_eq_1.png,3,1573,902,2271,1020,2352,3213,0.914,5,,1nPLgmUWa19T396-NXGE68CqRTMf64uYh
2022,10.1109/TVCG.2022.3209429,9904443,J,Equations,2,tvcg_2022_3209429_eq_2.png,4,466,1030,1138,1105,2352,3213,0.928,5,,1fJ8aWGUPulm3mib8Ey9QzqPF0sitOAyT
2022,10.1109/TVCG.2022.3209429,9904443,J,Equations,3,tvcg_2022_3209429_eq_3.png,4,463,1104,1137,1180,2352,3213,0.912,5,,1S0lAVj-f7fe_TKGBZdirL8VZHn3sQ-hR
2022,10.1109/TVCG.2022.3209429,9904443,J,Equations,4,tvcg_2022_3209429_eq_4.png,4,306,1294,1137,1370,2352,3213,0.941,5,,1sMgwxckRfrRqdQvUcExp3yqRYro9tQ62
2022,10.1109/TVCG.2022.3209429,9904443,J,Equations,5,tvcg_2022_3209429_eq_5.png,4,261,1651,1137,1750,2352,3213,0.952,5,,1j-V9azzOYlClMUWcwnMAs80uoKT2i26e
2022,10.1109/TVCG.2022.3209429,9904443,J,Equations,6,tvcg_2022_3209429_eq_6.png,4,379,2868,1137,2959,2352,3213,0.941,5,,1fiTntLZj7HOlDYjGbDUYAYyaeD-1tFsZ
2022,10.1109/TVCG.2022.3209429,9904443,J,Algorithms,1,tvcg_2022_3209429_alg_1.png,5,117,168,1177,1209,2352,3213,1.0,0,,1XnAb8ohmLMNYsJ2c45v4L4jCRkII8xUd
2022,10.1109/TVCG.2022.3209429,9904443,J,Algorithms,2,tvcg_2022_3209429_alg_2.png,6,80,1793,1140,2609,2352,3213,1.0,0,,1_-CGy5WIv-uyidPbfpI4nusQZRn0uv_l
2022,10.1109/TVCG.2022.3209404,9908550,J,Equations,1,tvcg_2022_3209404_eq_1.png,5,328,2544,1146,2687,2352,3213,0.954,1,"\begin{equation*}\underset{\pi\in\Pi_{N_{i}}}{\text{minimize}}\quad\sum\limits_{j=1}^{N_{i}}\sum\limits_{x_{\pi(l)}\in \Gamma(x_{\pi(j)})}d(a_{j},a_{l}).\tag{1}\end{equation*}",14HHYa92IytYlZwVKPuZ4GYcvfsJbQn6e
2022,10.1109/TVCG.2022.3209404,9908550,J,Table,1,tvcg_2022_3209404_table_1.png,8,128,726,1142,1171,2352,3213,0.964,2,Table 1: Comparison of the generalization ability between the NAS-searched architecture and the principle-based architecture.,1blmK75l_6FfSxy4x33nri0A0iqfPFcR9
2022,10.1109/TVCG.2022.3209404,9908550,J,Table,2,tvcg_2022_3209404_table_2.png,8,1231,275,2236,533,2352,3213,0.974,2,"Table 2: Comparison of the search space, computation cost and accuracy on NASNet and NAS-bench-301.",1HRPtTOG2fNA-wmuYYkyhoYvaOdGusxQv
2022,10.1109/TVCG.2022.3209361,9904460,J,Equations,1,tvcg_2022_3209361_eq_1.png,4,1318,1837,2232,1892,2352,3213,0.793,1,\begin{equation*}individualPathFitness =ValidationAccuracy-\alpha\tag{1}\end{equation*},1d9Tb384EhzUmoc58ptc-GZqdq4LukIHO
2022,10.1109/TVCG.2022.3209361,9904460,J,Algorithms,1,tvcg_2022_3209361_alg_1.png,6,80,1441,1140,2917,2352,3213,1.0,0,,1dnrI6hXCvvd4WCugik9qqkw6mryiOw63
2022,10.1109/TVCG.2022.3209361,9904460,J,Table,1,tvcg_2022_3209361_table_1.png,8,95,317,2214,1003,2352,3213,0.986,3,,1e-LIfOITOgWCSNUYhWeJL-v-l49sKdh7
2022,10.1109/TVCG.2022.3209361,9904460,J,Table,2,tvcg_2022_3209361_table_2.png,8,177,1208,2133,1794,2352,3213,0.969,3,,1xSFfkwIGGIXZDh3LVsjC-NEuHg8ZhBCh
2022,10.1109/TVCG.2022.3209425,9904448,J,Table,1,tvcg_2022_3209425_table_1.png,7,152,2620,1139,2953,2352,3213,0.973,3,Table 1. Four conditions for counterbalancing the orders of two interfaces in our within-subject design,1Cdc9Z5ef5wtZfuPM1FS5uChlR9OcY0CC
2022,10.1109/TVCG.2022.3209425,9904448,J,Table,2,tvcg_2022_3209425_table_2.png,7,1223,160,2252,629,2352,3213,0.829,3,Table 2. Seven tasks designed to evaluate several grouping and searching tasks used in ML analysis,1FT_x5L9cCU3cDvah0wtsfiZ_oeNfMOXN
2022,10.1109/TVCG.2022.3209425,9904448,J,Table,3,tvcg_2022_3209425_table_3.png,8,1184,154,2211,689,2352,3213,0.978,3,"Table 3. Participants' average ratings for the two visualizations. Dendromap outscored t-SNE-grid in 8 out of 10 questions. Bold indicates higher average ratings. * and ○ indicate 95% and 90% statistical significance in one-sided wilcoxon signed-rank tests, respectively.",1_0IsgIXNlSZp4OQamq7mL3Tg179SJcA0
2022,10.1109/TVCG.2022.3209359,9904428,J,Table,1,tvcg_2022_3209359_table_1.png,5,397,151,1995,672,2352,3213,0.972,2,"Table 1. Summary of three attributes of a flicker effect that determine whether it is considered a photosensitive hazard [26]. All three thresholds (size, frequency, and color) must be exceeded for a flicker to be considered seizure-inducing.",1BFzqjehZ-Pi_TLte5PajM5zPGgWKOQiT
2022,10.1109/TVCG.2022.3209359,9904428,J,Table,2,tvcg_2022_3209359_table_2.png,9,121,150,2268,670,2352,3213,0.984,2,"Table 2. We applied the color analysis method described in Section 5 to ten case studies from our blocks subset and identified five visualizations that were originally mislabelled as accessible in the preliminary analysis. JSON specifications and accessibility results for each visualization, along with all data collected during preliminary and detailed 3) are available at https://osf.io/8kzmg/. Full metadata for the preliminary dataset and the blocks subset are additionally available at https://airtable.com/shrrbuna0dz0a3h19. Blocks dataset ids are listed in parentheses.",1fEuVyTDHWgykR7GVzSlToq9TGp05GPRM
2022,10.1109/TVCG.2022.3209472,9904490,J,Table,1,tvcg_2022_3209472_table_1.png,2,118,293,2198,1658,2352,3213,0.98,3,,1GbhBFpOLsfV8EA0uvZ2Yb3ZA54yX9Wbv
2022,10.1109/TVCG.2022.3209472,9904490,J,Table,2,tvcg_2022_3209472_table_2.png,4,1214,291,2184,785,2352,3213,0.971,3,,1JTmTbLNzDYr8enF0LbUNvel_o5bBrhUH
2022,10.1109/TVCG.2022.3209386,9904446,J,Table,1,tvcg_2022_3209386_table_1.png,4,1555,187,2246,922,2352,3213,0.763,1,,1FB2aTYVr_ukrYTqgzMtPBMumZ0AKb4Rc
2022,10.1109/TVCG.2022.3209386,9904446,J,Table,2,tvcg_2022_3209386_table_2.png,6,258,211,2115,1116,2352,3213,0.967,1,,1lwGZZvip1NEEae8Qo28LhuWh1LLKvdYP
2022,10.1109/TVCG.2022.3209475,9904883,J,Table,1,tvcg_2022_3209475_table_1.png,4,110,247,1162,798,2352,3213,0.95,1,Table 1. Linked and embedded layouts have different values in design space dimensions of the ethereal planes framework [22].,1HoF0V8ytcW7_MtqEZrGlUkGXGCEWSpLG
2022,10.1109/TVCG.2022.3209475,9904883,J,Equations,1,tvcg_2022_3209475_eq_1.png,5,314,2417,1147,2542,2352,3213,0.95,2,"\begin{equation*}
\omega_{vr}\sum\limits_{i=1}^{N}\overrightarrow{F}(v_{i},r_{i})+\omega_{vu}\sum\limits_{i=1}^{N}\overrightarrow{F}(v_{i},u)=0. \tag{1}
\end{equation*}",1TcXa2F8Z3kgStCtxK0puXUhmf6DFVTWA
2022,10.1109/TVCG.2022.3209475,9904883,J,Equations,2,tvcg_2022_3209475_eq_2.png,5,1392,816,2241,1068,2352,3213,0.953,2,"\begin{align*}
\omega_{vr}\sum\limits_{i = 1}^{N} K(\psi_{all}- \psi_{r_{i}})+ \omega_{vu}\sum\limits_{i = 1}^{N} K \psi_{all} & =0, \\
\sum\limits_{i = 1}^{N}((\omega_{vr}+ \omega_{vu}) \psi_{all}- \omega_{vr} \psi_{r_{i}}) & =0. \tag{2}
\end{align*}",1IKCAXociQNZWP3rb2cImu7YqCHFrDSZx
2022,10.1109/TVCG.2022.3209433,9903598,J,Equations,1,tvcg_2022_3209433_eq_1.png,4,505,1675,1167,1736,2352,3213,0.911,1,\begin{equation*}d_{v}=\alpha D_{r}+\beta d_{s}\tag{1}\end{equation*},19guIVT2p29JrtEI1em8GiSf9poOCaRBf
2022,10.1109/TVCG.2022.3209433,9903598,J,Table,1,tvcg_2022_3209433_table_1.png,6,1251,2821,2216,3018,2352,3213,0.97,1,Table 1. Ranking of each condition with best and highlights. Worst,1VbHUKXUEkNTYBKYLbRwHxFs_AgFOMsAJ
2022,10.1109/TVCG.2022.3209498,9903564,J,Equations,1,tvcg_2022_3209498_eq_1.png,3,1548,2101,2270,2176,2352,3213,0.93,8,"\begin{equation*}
P_{f}(u, v)=e^{-0.5(f_{x}^{2}+f_{y}^{2})\sigma} \tag{1}
\end{equation*}",1VrMD8Ni3RNnJE_UpSnT2TV4Sfz4Z3eyM
2022,10.1109/TVCG.2022.3209498,9903564,J,Equations,2,tvcg_2022_3209498_eq_2.png,3,1416,2324,2270,2391,2352,3213,0.643,8,"\begin{equation*}
\tau(u, v)=(1-P_{b}(u, v))\cdot P_{f}(u, v)+P_{b}(u, v) \tag{2}
\end{equation*}",1xCW1fMnLyp3qPtT3JfFAYMwknO-u-zk9
2022,10.1109/TVCG.2022.3209498,9903564,J,Equations,3,tvcg_2022_3209498_eq_3.png,4,393,580,1137,711,2352,3213,0.941,8,"\begin{equation*}
C_{max}= \frac{1}{h\cdot w}\sum\limits_{u=0,v=0}^{h, w}\tau(u, v) \tag{3}
\end{equation*}",108HxFSWj3k6zm8ZUXEpqvzrzyMcYuzKU
2022,10.1109/TVCG.2022.3209498,9903564,J,Equations,4,tvcg_2022_3209498_eq_4.png,5,515,2347,1176,2410,2352,3213,0.905,8,"\begin{equation*}
L=\lambda_{s}L_{s}+\lambda_{t}L_{t} \tag{4}
\end{equation*}",18wcqgtHNx1DF-PhTxL2mxVBRBmS364h5
2022,10.1109/TVCG.2022.3209498,9903564,J,Equations,5,tvcg_2022_3209498_eq_5.png,5,264,2806,1176,2869,2352,3213,0.923,8,"\begin{equation*}
L_{s}=\lambda_{1}LPIPS+\lambda_{2}L_{1}\quad \text{and}\quad L_{t}=\lambda_{3}L_{1}+\lambda_{4}OF \tag{5}
\end{equation*}",1rPzMTrwR8WiymFVr5U7MkwKLsY4ZIGU8
2022,10.1109/TVCG.2022.3209498,9903564,J,Equations,6,tvcg_2022_3209498_eq_6.png,5,1234,1826,2248,1947,2352,3213,0.792,8,"\begin{equation*}
L_{s}(y_{g},y_{p})= \sum\limits_{i=0}^{t}(1-e^{-0.5i})\cdot(\lambda_{1} LPIPS (y_{g_{i}},y_{p_{i}})+\lambda_{2}\Vert y_{p_{i}}-y_{g_{i}}\Vert_{1})\tag {6}
\end{equation*}",155r873pZ7aX5vzqfHXX1K5kCCZoHB8eU
2022,10.1109/TVCG.2022.3209498,9903564,J,Equations,7,tvcg_2022_3209498_eq_7.png,5,1360,2826,2271,3081,2352,3213,0.961,8,"\begin{align*}
L_{t}(y_{g}, y_{p})= & \sum\limits_{i=1}^{t} \sum\limits_{j=0}^{i-1} \lambda_{3}\Vert (y_{p_{i}}- y_{p_{j}})-(y_{g_{i}}- y_{g_{j}})\Vert_{1} \\
+ & \sum\limits_{i=1}^{t} \lambda_{4}\Vert y_{p_{i}}-\omega(y_{p_{i-1}}, \phi_{(i-1)\rightarrow i})\Vert_{1} \tag{7}
\end{align*}",1DyxfnnowowbWYgE3VNZOku_STmIqtFwU
2022,10.1109/TVCG.2022.3209498,9903564,J,Equations,8,tvcg_2022_3209498_eq_8.png,6,284,2099,1136,2158,2352,3213,0.912,8,"\begin{equation*}
e64-e64-e80-d96-d80-d64-d64
\tag{8}
\end{equation*}",1dwe1ENOhZgW8wQDn1QhixHj_U_bQ0_9f
2022,10.1109/TVCG.2022.3209498,9903564,J,Table,1,tvcg_2022_3209498_table_1.png,6,1173,153,2239,511,2352,3213,0.971,4,,1Y9Ky1PBXLeqTGu87b30mUwWwkhVxE-pZ
2022,10.1109/TVCG.2022.3209498,9903564,J,Table,2,tvcg_2022_3209498_table_2.png,7,1210,1332,2273,1858,2352,3213,0.972,4,,1jxS7alb86cuoZ9ClhpcuquaLq4vndhMr
2022,10.1109/TVCG.2022.3209498,9903564,J,Table,3,tvcg_2022_3209498_table_3.png,9,113,274,1179,926,2352,3213,0.918,4,,1n0Z_UhcJTWZwUP5Ig2bEglqlAaCKfzbM
2022,10.1109/TVCG.2022.3209418,9904457,J,Table,1,tvcg_2022_3209418_table_1.png,8,79,1093,2240,1400,2352,3213,0.964,5,Table 1: Memory usage of our test models. Each data type is given before and after instance cluster mesh compression. All datasets are clustered into instance clusters containing 30k-60k primitives in order to keep the referenced vertices within each cluster less than 216 for mesh index compression. We also store 16 elements per leaf cluster to reduce tree memory consumption per instance cluster.,1wo7R8biYBIeVTuNVF9Qdbx6ZOMbK454q
2022,10.1109/TVCG.2022.3209418,9904457,J,Table,2,tvcg_2022_3209418_table_2.png,8,1172,1591,2266,2138,2352,3213,0.966,5,Table 2: A performance versus memory consumption evaluation of our Hilbert clusters for different cluster sizes for two NASA datasets. Base-line signifies the case where elements are not sorted along the curve.,1Ipr0WHCJ2HtwEtqLNLNbzvDtqUxmTeph
2022,10.1109/TVCG.2022.3209418,9904457,J,Table,3,tvcg_2022_3209418_table_3.png,9,114,309,1168,486,2352,3213,0.938,5,Table 3: A comparison of time to cluster elements of the mars lander dataset using different approaches (KD tree and LBVH implementations are taken from PBRT v3 [38]).,1UqGmovrWjixISsraqQVKiMhnwrMZ5Obn
2022,10.1109/TVCG.2022.3209418,9904457,J,Table,4,tvcg_2022_3209418_table_4.png,9,115,640,1152,861,2352,3213,0.959,5,Table 4: Time required to compress mesh indices using our parallel mesh reindexing method for various data sets.,1uKDFsrCrkcka7Tn0p7magzX78wtF0bHi
2022,10.1109/TVCG.2022.3209418,9904457,J,Table,5,tvcg_2022_3209418_table_5.png,9,1205,431,2272,714,2352,3213,0.963,5,"Table 5: Comparing rendering performance for alpha-composited ray marching, non-adaptive delta tracking, and our adaptive approach using ray bins and DDA. Adaptive methods use 50M hilbert clusters. Measurements are in frames per second / million rays per second. Note, our ray marcher does not include volumetric shadows, as shadows cause the marcher to not return in a reasonable time.",1HdyHBz6QhHR0cDoyN4efKrJAfMG3zS42
2022,10.1109/TVCG.2022.3209408,9903604,J,Table,1,tvcg_2022_3209408_table_1.png,7,115,205,2194,552,2352,3213,0.981,1,Table 1. The model performance under different anchor selection policies.,1lGr7D8wBOoffOi1RWTDrBxLVmZJMqe4d
2022,10.1109/TVCG.2022.3209424,9903471,J,Equations,1,tvcg_2022_3209424_eq_1.png,2,1304,2464,2232,2576,2352,3213,0.952,8,"\begin{equation*}
Pr (\mathscr{U}=(X, Y)\in \mathscr{T})=\int\nolimits_{a_{11}}^{a_{12}}\int\nolimits_{a_{21}}^{a_{22}}\text{pdf}_{X, Y}(x, y)dxdy \tag{1}
\end{equation*}",1MaKTWeBbIig6Ca_p0zdTW81qkPf0ve5Y
2022,10.1109/TVCG.2022.3209424,9903471,J,Equations,2,tvcg_2022_3209424_eq_2.png,3,1463,2689,2017,3062,2352,3213,0.944,8,"\begin{align*}
L & =(-1/2) \int \text{pdf}_{X}(x)\cdot \text{pdf}_{Y}(y)dy \\
& =(-1/2) \text{pdf}_{X}(x)[\int \text{pdf}_{Y}(y)dy] \\
M & =(1/2) \int \text{pdf}_{X}(x)\cdot \text{pdf}_{Y}(y)dx \\
& =(1/2) \text{pdf}_{Y}(y)[\int \text{pdf}_{X}(x)dx]. \tag{2}
\end{align*}",1u_7hAEiNhd6V1_0p8DGaOHd0_M3FkcAT
2022,10.1109/TVCG.2022.3209424,9903471,J,Table,1,tvcg_2022_3209424_table_1.png,4,178,206,1043,533,2352,3213,0.98,1,Table 1. Integration table,1shyGc2fqISGAku6ABFm7LcZsokUhlIny
2022,10.1109/TVCG.2022.3209424,9903471,J,Equations,3,tvcg_2022_3209424_eq_3.png,4,321,756,1138,867,2352,3213,0.936,8,"\begin{equation*}
I_{(p_{1},q_{1}),(p_{2},q_{2})}= \int\nolimits_{p_{1}}^{p_{2}}Ldx+\int\nolimits_{q_{1}}^{q_{2}}Mdy. \tag{3}
\end{equation*}",1D_T0AY6vwwg3jsEH5fb4uu-qEkvbeYB9
2022,10.1109/TVCG.2022.3209424,9903471,J,Equations,4,tvcg_2022_3209424_eq_4.png,4,170,980,1051,1399,2352,3213,0.966,8,"\begin{align*}
I_{(p_{1}, q_{1}),(p_{2}, q_{2})}= & \int\nolimits_{x= p_{1}}^{x=p_{2}}(-1/2)\text{pdf}_{X}(x)[\int \text{pdf}_{Y}(y)dy]dx+ \\
& \int\nolimits_{y= q_{1}}^{y= q_{2}}(1/2)\text{pdf}_{Y}(y)[\int\text{pdf}_{X}(x)dx]dy \\
= & \frac{-1}{2} \int\nolimits_{x= p_{1}}^{x= p_{2}}\text{pdf}_{X}(x)dx\int \text{pdf}_{Y}(y)dy+ \\
& \frac{1}{2} \int\nolimits_{y= q_{1}}^{y= q_{2}}\text{pdf}_{Y}(y)dy\int \text{pdf}_{X}(x)dx. \tag{4}
\end{align*}",1bqowzcodeSaj_5DdDXUKHn_2h8GuKUkn
2022,10.1109/TVCG.2022.3209424,9903471,J,Equations,5,tvcg_2022_3209424_eq_5.png,4,1473,328,2233,453,2352,3213,0.945,8,"\begin{equation*}
\text{pdf}_{X}(x)=\frac{1}{m}\sum_{i=1}^{i=m}K_{h_{X}}(x-x_{i}).
\tag{5}\end{equation*}",1R8NA04K0sO-YISOZ5u8dpx0InsL8JaD_
2022,10.1109/TVCG.2022.3209424,9903471,J,Equations,6,tvcg_2022_3209424_eq_6.png,4,1469,851,2233,981,2352,3213,0.954,8,"\begin{equation*}
\text{pdf}_{Y}(y)=\frac{1}{m}\sum\limits_{j=1}^{j = m}K_{h_{y}}(y-y_{j}). \tag{6}
\end{equation*}",1neoLFZH6qhzKiAHNlJfVRBClmlrB4BLu
2022,10.1109/TVCG.2022.3209424,9903471,J,Equations,7,tvcg_2022_3209424_eq_7.png,4,1271,1118,2136,1445,2352,3213,0.955,8,"\begin{align*}
& I_{(p_{1}, q_{1}),(p_{2}, q_{2})}= \\
& \frac{-1}{2} \int\nolimits_{x= p_{1}}^{x= p_{2}}\frac{1}{m} \sum\limits_{i=1}^{i=m} K_{h_{x}}(x- x_{i})dx\int \frac{1}{m} \sum\limits_{j=1}^{j = m} K_{h_{y}}(y- y_{j})dy+ \\
& \frac{1}{2} \int\nolimits_{y= q_{1}}^{y= q_{2}}\frac{1}{m} \sum\limits_{j=1}^{j=m} K_{h_{y}} (y- y_{j})dy \int \frac{1}{m} \sum\limits_{i=1}^{i=m} K_{h_{x}}(x- x_{i})dx. \tag{7}
\end{align*}",1rrSFDE_75A2box9dOumJ--b8HZGnaQm5
2022,10.1109/TVCG.2022.3209424,9903471,J,Equations,8,tvcg_2022_3209424_eq_8.png,4,1274,1547,2133,1853,2352,3213,0.958,8,"\begin{align*}
& I_{(p_{1}, q_{1}),(p_{2}, q_{2})}= \\
& \frac{1}{m^{2}}\sum\limits_{i =1}^{i =m}\sum\limits_{j =1}^{j=m}[\frac{-1}{2} \int\nolimits_{x= p_{1}}^{x= p_{2}} K_{h_{x}}(x- x_{i})dx\int K_{h_{y}}(y- y_{j})dy+ \\
& \frac{1}{2} \int\nolimits_{y= q_{1}}^{y= q_{2}} K_{h_{y}}(y- y_{j})dy\int K_{h_{x}}(x- x_{i})dx]. \tag{8}
\end{align*}",1O4ru8K9GqhVovXQXVM0pzY4g5pv4-k9F
2022,10.1109/TVCG.2022.3209439,9903339,J,Table,1,tvcg_2022_3209439_table_1.png,2,1212,2315,2314,3055,2352,3213,0.764,3,Table 1. Terminology used in this paper.,1P-ng-eEMLxTZ8QT9fpwG2Ff7jvA3stSP
2022,10.1109/TVCG.2022.3209439,9903339,J,Equations,1,tvcg_2022_3209439_eq_1.png,5,457,2648,1146,2713,2352,3213,0.928,6,\begin{equation*}n=\vert Q\vert \ll N=\vert U\vert.\tag{1}\end{equation*},15wRnJIQ6cpLN0ajw67rsrK6zBbEoflad
2022,10.1109/TVCG.2022.3209439,9903339,J,Equations,2,tvcg_2022_3209439_eq_2.png,5,442,2871,1147,2968,2352,3213,0.893,6,\begin{equation*}r_{\text{fp}}=\left(1-e^{-kn/m}\right)^{k}.\tag{2}\end{equation*},1KD1odTyd3_28nqrp20XE955yE5a1ZXwx
2022,10.1109/TVCG.2022.3209439,9903339,J,Equations,3,tvcg_2022_3209439_eq_3.png,5,1288,2578,2240,2703,2352,3213,0.932,6,"\begin{equation*}\text{global}\_\text{filter}[j]=\sum\limits_{i=1}^{d}\text{local}\_\text{filter}_{i}[j],\quad \text{for all}\ j\in[1,m],\tag{3}\end{equation*}",1myCCDFIvki6E6eAa4claKFA6fl-2Sz16
2022,10.1109/TVCG.2022.3209439,9903339,J,Equations,4,tvcg_2022_3209439_eq_4.png,5,1285,2784,2240,2856,2352,3213,0.938,6,"\begin{equation*}\text{local}\_\text{filter}_{i}[j]=\text{OR}_{b=b\_min}^{b\_max}\text{local}\_\text{filter}\_\text{range}\_\text{bin}_{i, b}[j].\tag{4}\end{equation*}",1bcQjdEcy5xp1p9C5_VHYI_GQgYbhaeRS
2022,10.1109/TVCG.2022.3209439,9903339,J,Equations,5,tvcg_2022_3209439_eq_5.png,7,402,1845,1147,1959,2352,3213,0.944,6,\begin{equation*}\#\text{supercells} < \frac{8M^{3}}{7n^{3}}=\frac{8N}{7n^{3}}.\tag{5}\end{equation*},1QnHOwLPvPFFfItoJf06vBpIvoL4nl2Vu
2022,10.1109/TVCG.2022.3209439,9903339,J,Algorithms,1,tvcg_2022_3209439_alg_1.png,7,1182,1908,2242,3044,2352,3213,1.0,1,Algorithm 1: Spatial Traversal and Occupancy Updates ($k=2$),1apJC9mJHU9fSNIiUVPyqZJqMu2vLtYNF
2022,10.1109/TVCG.2022.3209439,9903339,J,Table,2,tvcg_2022_3209439_table_2.png,8,1199,1398,2266,3061,2352,3213,0.893,3,"Table 2. Method comparisons. We compare our method without (BF) and with supercells (SC), respectively, with (1) scanning $d$ attributes, (2) minmax (octree with 163 leaves; test $d$ out of $D$ min-max per node, (3)$D$-dimensional R-tree. Our results (BF, SC) use $m=25\ \%N,\ k=2$. Our query times include false positive elimination (SC times in parentheses without). BF query times are for comparison only; no hierarchy is used.",1qZVAsZ6GD1z7zJ0M0k46UZ-IXQxH-QYg
2022,10.1109/TVCG.2022.3209439,9903339,J,Table,3,tvcg_2022_3209439_table_3.png,9,84,366,1156,1204,2352,3213,0.978,3,"Table 3. Evaluation of false positives for different bloom filter sizes. s Bloom filter size $m$, false positives (FP), true negatives (TN), and true negatives skipped by supercell early-out (SC-skip) are given in % of the data size $N$. The false positive rate (FPR; eq. 6) is in %. We compare our method without (BF) and with (SC) the use of supercells. See fig. 12.",17iwC3iQN6XqMVWjoRTD4gH7HEfiCw-pT
2022,10.1109/TVCG.2022.3209439,9903339,J,Equations,6,tvcg_2022_3209439_eq_6.png,9,474,2016,1147,2124,2352,3213,0.938,6,\begin{equation*}FPR=\frac{FP}{FP+TN}.\tag{6}\end{equation*},1a69y_yosmh6MH2_Es3aiNZNCxQy85IlY
2022,10.1109/TVCG.2022.3209463,9903343,J,Equations,1,tvcg_2022_3209463_eq_1.png,4,409,238,1138,303,2352,3213,0.921,4,,1He4mUSoeMQ68QPGfSqFM8NLynByQ_KCk
2022,10.1109/TVCG.2022.3209463,9903343,J,Equations,2,tvcg_2022_3209463_eq_2.png,4,337,472,1137,539,2352,3213,0.932,4,,1h2LBnk4o7V6Sn-enC4P1yUotFm1q-Kb0
2022,10.1109/TVCG.2022.3209463,9903343,J,Equations,3,tvcg_2022_3209463_eq_3.png,4,426,751,1136,816,2352,3213,0.894,4,,1uiWE71KsVMVGog3xuaig4_vieu83P6Ly
2022,10.1109/TVCG.2022.3209463,9903343,J,Equations,4,tvcg_2022_3209463_eq_4.png,4,428,821,1136,885,2352,3213,0.885,4,,1unw3dDa52xHLOj8bdG-9VvBJpdWl5jjE
2022,10.1109/TVCG.2022.3209463,9903343,J,Equations,5,tvcg_2022_3209463_eq_5.png,4,399,1171,1136,1235,2352,3213,0.92,4,,13YQUkk0OF4K5Z7ZHXxXR4kV1rIzijOgr
2022,10.1109/TVCG.2022.3209463,9903343,J,Equations,6,tvcg_2022_3209463_eq_6.png,4,397,1241,1136,1305,2352,3213,0.926,4,,1d72ugbWVt5gp-hIa-Dzk9HlOFjb1lqr_
2022,10.1109/TVCG.2022.3209392,9904437,J,Table,1,tvcg_2022_3209392_table_1.png,2,1225,439,2245,1603,2352,3213,0.963,1,Table 1. Comparing PC-Expo with different PCP reordering algorithms based on the type of properties (Figure 3) they can detect (blue) and the optimization schemes they follow (brown). Pairwise axes optimization refers to techniques optimizing on pairwise-dimension values of the detected properties and then finding the axes ordering using TSP [12]. Localized axes means that the technique allows local detection of properties in the data.,1xyimx24AexVxfprC2xwliE2m7ldNMt_2
2022,10.1109/TVCG.2022.3209392,9904437,J,Equations,1,tvcg_2022_3209392_eq_1.png,4,332,2736,1168,2888,2352,3213,0.952,9,\begin{equation*}r_{XY}=\frac{\sum\nolimits_{i=1}^{N}(x_{i}-\bar{x})(y_{i}-\bar{y})}{\sqrt{\sum\nolimits_{i=1}^{N}(x_{i}-\bar{x})^{2}}\sqrt{\sum\nolimits_{i=1}^{N}(y_{i}-\bar{y})^{2}}}\tag{1}\end{equation*},1QvuvoUFyh9Qpe1m3qH6A4BRF5VsiL-49
2022,10.1109/TVCG.2022.3209392,9904437,J,Equations,2,tvcg_2022_3209392_eq_2.png,4,1457,283,2263,447,2352,3213,0.953,9,\begin{equation*}g=\frac{m_{3}}{m_{2}^{3/2}}=\frac{\frac{1}{N}\sum\nolimits_{i=1}^{N}(x_{i}-\bar{x})^{3}}{\left[\frac{1}{N}\sum\nolimits_{i=1}^{N}(x_{i}-\bar{x})^{2}\right]^{3/2}}\tag{2}\end{equation*},17fJ9n_M8QAvA7EqtE30SOesx6y0_7O0z
2022,10.1109/TVCG.2022.3209392,9904437,J,Equations,3,tvcg_2022_3209392_eq_3.png,4,1533,1256,2263,1383,2352,3213,0.948,9,\begin{equation*}p_{K}(x^{\prime})=\sum\limits_{i=1}^{N}K(x^{\prime}-x_{i};h)\tag{3}\end{equation*},1YPFHhCCd-mjmvt6bZr2SHqAoHpr4OHdV
2022,10.1109/TVCG.2022.3209392,9904437,J,Equations,4,tvcg_2022_3209392_eq_4.png,4,1556,1726,2263,1835,2352,3213,0.538,9,\begin{equation*}K(x^{\prime};h)\propto\exp(-\frac{x^{\prime 2}}{2h^{2}})\tag{4}\end{equation*},15kGR7eyP9vY14TlRyRgdOaHi0WLIxp7B
2022,10.1109/TVCG.2022.3209392,9904437,J,Equations,5,tvcg_2022_3209392_eq_5.png,4,1446,1969,2263,2093,2352,3213,0.929,9,\begin{equation*}D_{KL}(X\Vert Y)=\sum\limits_{i=1}^{N}p_{K}(x_{i})log(\frac{p_{K}(x_{i})}{p_{K}(y_{i})})\tag{5}\end{equation*},1yMX_eMkmvxZ811YpW0y6OVobbe46e2T3
2022,10.1109/TVCG.2022.3209392,9904437,J,Equations,6,tvcg_2022_3209392_eq_6.png,4,1411,2623,2263,2751,2352,3213,0.948,9,\begin{equation*}p_{X}(x^{\prime}\vert x^{\prime\prime})=\frac{\exp(-(x^{\prime\prime}-x^{\prime})^{2}/\sigma_{X}^{2})}{\sum\nolimits_{x_{i}\neq x^{\prime\prime}}\exp(-(x^{\prime\prime}-x_{i})^{2}/\sigma_{X}^{2})}\tag{6}\end{equation*},1tnpFvWAhBfy7oVq-Hz_BR-CaCvgwaIKS
2022,10.1109/TVCG.2022.3209392,9904437,J,Equations,7,tvcg_2022_3209392_eq_7.png,5,259,195,1148,318,2352,3213,0.939,9,"\begin{equation*}D_{KL}(p_{X}^{x^{\prime}},p_{Y}^{y^{\prime}})=\sum\limits_{x^{\prime}\neq x^{\prime\prime}}p_{X}(x^{\prime}\vert x^{\prime\prime})log(\frac{p_{X}(x^{\prime}\vert x^{\prime\prime})}{p_{Y}(y^{\prime}\vert y^{\prime\prime})})\tag{7}\end{equation*}",1LN35kAGg6JQKQCv9vSWdWaET-aEmK-Q9
2022,10.1109/TVCG.2022.3209392,9904437,J,Equations,8,tvcg_2022_3209392_eq_8.png,5,145,815,1148,937,2352,3213,0.941,9,"\begin{equation*}D_{X, Y}=\sum\limits_{i}D_{KL}(p_{X}^{x_{i}},p_{Y}^{y_{i}})=\sum\limits_{i}\sum\limits_{j\neq i}p_{X}(x_{j}\vert x_{i})log(\frac{p_{X}(x_{j}\vert x_{i})}{p_{Y^{\prime}}(y_{j}\vert y_{i})})\tag{8}\end{equation*}",1qQvZtBDg6b4JWLqcQ2Zd79cDhWRhMBZh
2022,10.1109/TVCG.2022.3209392,9904437,J,Equations,9,tvcg_2022_3209392_eq_9.png,5,495,1967,1146,2086,2352,3213,0.939,9,\begin{equation*}p_{r}=\frac{r\sqrt{N-2}}{\sqrt{1-r^{2}}}\tag{9}\end{equation*},1XpfhXwx5X53HDGMaU1nRgezU6IAuqA0L
2022,10.1109/TVCG.2022.3209483,9912359,J,Table,1,tvcg_2022_3209483_table_1.png,4,78,208,2252,958,2352,3213,0.984,1,"Table 1. Explanation and extraction models for the six atomic features. Here, descriptions refer to those about the selected figures.",1FHP2RO8XeRxVIXjaITAFQJfhdYIFsbyJ
2022,10.1109/TVCG.2022.3209483,9912359,J,Equations,1,tvcg_2022_3209483_eq_1.png,4,1397,1717,2233,1878,2352,3213,0.628,3,,1VGlSATi3uCSoqccekVT0VQeJKBuO3Zl8
2022,10.1109/TVCG.2022.3209483,9912359,J,Equations,2,tvcg_2022_3209483_eq_2.png,4,1353,1890,2233,2045,2352,3213,0.549,3,,1vyaEeWM40DNpq91xpWWJrG33Al9lB-vA
2022,10.1109/TVCG.2022.3209483,9912359,J,Equations,3,tvcg_2022_3209483_eq_3.png,4,1475,2199,2233,2314,2352,3213,0.943,3,,1Q1pQvMu30zfiLzLMhDM1ZcgnKO2g0SFo
2022,10.1109/TVCG.2022.3209483,9912359,J,Equations,4,tvcg_2022_3209483_eq_4.png,5,455,1485,1176,1610,2352,3213,0.898,3,,1_iphCuQDCrrYZZRa2fs0SDGSO87_0VTq
2022,10.1109/TVCG.2022.3209440,9903289,J,Table,1,tvcg_2022_3209440_table_1.png,5,160,205,1127,597,2352,3213,0.982,2,Table 1. Promotion types.,1ofyTvYYB7qjfNVcQ1oJ8HO-KjhONqWHt
2022,10.1109/TVCG.2022.3209440,9903289,J,Table,2,tvcg_2022_3209440_table_2.png,5,276,1565,1012,1907,2352,3213,0.979,2,Table 2. Model performance.,1FeRvgEqfIg5eIBktlllm4z4KEIJzd5RY
2022,10.1109/TVCG.2022.3209391,9904449,J,Table,1,tvcg_2022_3209391_table_1.png,2,118,2576,1103,2891,2352,3213,0.977,3,Table 1. An example sensitive EHRs dataset.,1ruiuutWLqf3dRPcF1LiG2Iy6Mrarb4gG
2022,10.1109/TVCG.2022.3209391,9904449,J,Equations,1,tvcg_2022_3209391_eq_1.png,2,1394,1379,2232,1445,2352,3213,0.919,5,"\begin{equation*}
\Pr(G(D_{1})=O)\leq e^{\varepsilon}\cdot\Pr(G(D_{2})=O).\tag{1}
\end{equation*}",1KfGAeFMJuz0FHXeboGhv0lAEnRAaEKZz
2022,10.1109/TVCG.2022.3209391,9904449,J,Equations,2,tvcg_2022_3209391_eq_2.png,4,227,2639,1137,2760,2352,3213,0.951,5,"\begin{equation*}
\Pr\nolimits_{N}(A)=\Pr(X_{1},X_{2},\ldots, X_{d})=\prod\limits_{i=1}^{d}\Pr(X_{i}\vert\Pi_{i}),\tag{2}
\end{equation*}",1l-SbLwR---h26uttjrAF_D7VSJC2pUgd
2022,10.1109/TVCG.2022.3209391,9904449,J,Equations,3,tvcg_2022_3209391_eq_3.png,4,132,2953,1137,3079,2352,3213,0.95,5,"\begin{equation*}
D_{KL}(\Pr(A)\Vert\Pr\nolimits_{N}(A))=-\sum\limits_{i=1}^{d}I(X_{i},\Pi_{i})+\sum\limits_{i=1}^{d}H(X_{i})-H(A), \tag{3}
\end{equation*}",19epS7SXf4AeRCQSjkM3Si9Msojpw034C
2022,10.1109/TVCG.2022.3209391,9904449,J,Table,2,tvcg_2022_3209391_table_2.png,4,1175,681,2235,1328,2352,3213,0.978,3,Table 2. Notation definitions used in this paper.,1JIllLGZUUnftda91cd3uFQTXTL3tnTLP
2022,10.1109/TVCG.2022.3209391,9904449,J,Equations,4,tvcg_2022_3209391_eq_4.png,4,1485,2104,2233,2221,2352,3213,0.944,5,"\begin{equation*}
MW(r)=\sum\limits_{k=1}^{s}w_{k}1\!\mathrm{l}_{P_{k}}(r)+1,\tag{4}
\end{equation*}",15MuGMgmtPJ0zTt-G39p1usuoWYaCuyIB
2022,10.1109/TVCG.2022.3209391,9904449,J,Equations,5,tvcg_2022_3209391_eq_5.png,4,1324,2656,2233,2917,2352,3213,0.963,5,"\begin{align*}
I_{w}(X,\Pi, MW)=\sum\limits_{x\in\text{dom}(X)}\sum\limits_{\pi\in\text{dom}(\Pi)}\frac{\sum\limits_{r\in x\cap\pi}MW(r)}{\vert x\cap\pi\vert}&\\
\Pr(X=x,\Pi=\pi)\log\frac{\Pr(X=x,\Pi=\pi)}{\Pr(X=x)\Pr(\Pi=\pi)}.&\tag{5}
\end{align*}",1isXjEw5ClA-khuvBtVF_3j3di3xLqk_m
2022,10.1109/TVCG.2022.3209391,9904449,J,Table,3,tvcg_2022_3209391_table_3.png,7,1276,1472,2202,1911,2352,3213,0.969,3,Table 3. The mean of pattern metrics for different schemes. Metrics are reported for each pattern in the order mentioned above. ($\varepsilon=2$),19rYayB0xHZnGmSgL9YnnaTeE13qKrq6w
2022,10.1109/TVCG.2022.3209373,9904482,J,Equations,1,tvcg_2022_3209373_eq_1.png,2,1496,2033,1972,2100,2352,3213,0.914,7,"\begin{equation*}O=(S,\{p_{t}\vert t\in[T_{start},T_{end}]\}),\end{equation*}",1NvOp_GQsfbkRRtaFdfYSKH_8bEt-HR6x
2022,10.1109/TVCG.2022.3209373,9904482,J,Table,1,tvcg_2022_3209373_table_1.png,3,1181,598,2246,1134,2352,3213,0.965,2,Table 1. Basketball data description,157yLU0-ThIQdXIfikLzEXnVVEalgzZ3Y
2022,10.1109/TVCG.2022.3209373,9904482,J,Equations,2,tvcg_2022_3209373_eq_2.png,4,157,2170,1171,2229,2352,3213,0.934,7,\begin{equation*}E(s)=E(s\vert ball\_received=true)\cdot P(ball\_received=true).\tag{1}\end{equation*},1Yi0F3NkAy_I_q6JAd1Iua9nqxvgY1_RI
2022,10.1109/TVCG.2022.3209373,9904482,J,Equations,3,tvcg_2022_3209373_eq_3.png,4,241,2685,2264,2748,2352,3213,0.944,7,"\begin{equation*}Contribution(P_{i})=E(s, P_{i},T_{end})-E(s, P_{i},T_{start}),\tag{2}\end{equation*}",1neeb09_kUQH7RJz8DQg8S47nWgn8dlLl
2022,10.1109/TVCG.2022.3209373,9904482,J,Equations,4,tvcg_2022_3209373_eq_4.png,4,1237,1431,2264,1573,2352,3213,0.951,7,"\begin{equation*}M_{dominant}(x, y)=\frac{1}{2\pi}exp\left[-\frac{(x-x_{player})^{2}+(y-y_{player})^{2}}{2}\right],\tag{3}\end{equation*}",1WcanOM4S3f3slbLnaQMAW_51FmNfh08K
2022,10.1109/TVCG.2022.3209373,9904482,J,Equations,5,tvcg_2022_3209373_eq_5.png,4,1335,2075,2264,2211,2352,3213,0.949,7,"\begin{equation*}M_{defense}(x, y)=\begin{cases}1, &cell(x, y)\not\in Voronoi(Def)\\
0, &cell\ (x, y)\in Voronoi(Def)\end{cases},\tag{4}\end{equation*}",1cjIPnWjJvWe4Y4Fz4NGLUY0-g0L9-K6N
2022,10.1109/TVCG.2022.3209373,9904482,J,Equations,6,tvcg_2022_3209373_eq_6.png,4,1395,2683,2264,2749,2352,3213,0.914,7,"\begin{equation*}M_{shooting}(x, y)=Freq(x, y)\cdot AvgScore(x, y),\tag{5}\end{equation*}",1TPsxujB-n6hU23dmNj78EQuE1NjycPXf
2022,10.1109/TVCG.2022.3209373,9904482,J,Equations,7,tvcg_2022_3209373_eq_7.png,5,396,1474,1150,1558,2352,3213,0.931,7,"\begin{equation*}P(P_{i},T)=c_{0}+\sum\nolimits_{j}^{[1,4]}c_{j}\cdot F_{j}.\tag{6}\end{equation*}",1KSZ8jVBaDf0XTXXSvJLXYRvl-Hb02yYO
2022,10.1109/TVCG.2022.3209373,9904482,J,Table,2,tvcg_2022_3209373_table_2.png,5,1183,1230,2233,1363,2352,3213,0.964,2,Table 2. Experimental result of model evaluation,1HS7mWL2M9YIsiKOVX8giwtdhuv14GUcy
2022,10.1109/TVCG.2022.3209422,9903512,J,Table,1,tvcg_2022_3209422_table_1.png,3,1227,1413,2248,1851,2352,3213,0.845,2,,1FxsZOAm_ku3ip4Zqy2QKGbcXzmNqCbAJ
2022,10.1109/TVCG.2022.3209412,9904432,J,Table,1,tvcg_2022_3209412_table_1.png,9,143,149,2241,1323,2352,3213,0.971,1,"Table 1. The papers we included in the systematic review, classified by high-level visualization technique and attack type.",1O3NBTPo3eqgkJ-u9vjBcFHMCSqZcbooD
2022,10.1109/TVCG.2022.3209430,9908527,J,Equations,1,tvcg_2022_3209430_eq_1.png,5,221,1918,994,2030,2352,3213,0.943,1,"\begin{equation*}F_{i, j}=\begin{cases}F_{i-1,j-1}+1, &\exists_{k}\ S_{i, k}\wedge U_{j, k}\neq 0,\\
max(F_{i-1,j},F_{i, j-1}), &\qquad\ \ \text{otherwise},\end{cases}
\end{equation*}",1t_640j0xnNFv6PeFlfN_bJ1nJ5XwgkxS
2022,10.1109/TVCG.2022.3209421,9911200,J,Table,1,tvcg_2022_3209421_table_1.png,5,124,504,2263,1313,2352,3213,0.834,2,"Table 1. Collection specifications currently supported in MEDLEY. The letters in the attribute mapping column indicate attribute types, Q: quantitative, C: categorical, G: geographic, and T: temporal. Attributes with a gray background are the primary attributes that are required to generate a collection. Other attributes listed as plain text are secondary attributes that may be skipped if they are unavailable in the dataset. For example, for the m1 collection with the attribute mapping {Q, 3C, G, t}, if a dataset only had two categorical fields or did not have a geographic attribute, MEDLEY would generate two bar charts instead of three or skip recommending a map, respectively. View icons in the fourth column are color coded to match the primary attributes they visualize or are given a diverging red-blue color if they show changes. Specifically for the CAT1 and CAT2 collections, Q can either be a quantitative attribute or the count of records in a dataset (where views include donut charts and stacked bar charts, as shown in the third collection of figure 2a). Icons in the rightmost column represent the suggested data selection and filtering widget types.",1aME90YnvrvpzGHERDRzNW45XD3vLpxLF
2022,10.1109/TVCG.2022.3209421,9911200,J,Algorithms,1,tvcg_2022_3209421_alg_1.png,6,80,1142,1140,1968,2352,3213,1.0,0,,1U6CTQ-hgU_GjEmxKs9IyIitxQAFXl2Dq
2022,10.1109/TVCG.2022.3209421,9911200,J,Equations,1,tvcg_2022_3209421_eq_1.png,6,1427,1659,2233,1778,2352,3213,0.946,2,\begin{equation*}a_{display}= \underset{a\in A}{max}(\frac{\sum\nolimits_{i=1}^{n}v_{interestingness}^{i}}{n})\tag{1}\end{equation*},1TXegNM8-3St6LuPFhA2Gn6ifahizaOwt
2022,10.1109/TVCG.2022.3209421,9911200,J,Equations,2,tvcg_2022_3209421_eq_2.png,7,387,349,1177,414,2352,3213,0.798,2,\begin{equation*}C_{relevance}=C_{attrMatch}+C_{coverage}\tag{2}\end{equation*},184UVc1OLYgNBgw2ldui0Xn92q8NQ2B2F
2022,10.1109/TVCG.2022.3209421,9911200,J,Table,2,tvcg_2022_3209421_table_2.png,7,1205,191,2274,1542,2352,3213,0.445,2,Table 2. MEDLEY's interaction inference logic.,1XonajSRKbFOaE6X-IMSgSmtihIsCzsF8
2022,10.1109/TVCG.2022.3209395,9912347,J,Equations,1,tvcg_2022_3209395_eq_1.png,3,1328,1378,2149,1559,2352,3213,0.95,9,"\begin{equation*}
c(x, y)=\begin{cases}
\max\{\vert x_{1}-y_{1}\vert,\vert x_{2}-y_{2}\vert\} &x\in D_{1},y\in D_{2}\\
\frac{1}{2}\vert x_{1}-x_{2}\vert & x\in D_{1},y=\lambda\\
\frac{1}{2}\vert y_{1}-y_{2}\vert & x=\lambda, y\in D_{2}
\end{cases}
\end{equation*}",1uw06lzgrJF83fZ13xiQbtZbMyo1t_fxS
2022,10.1109/TVCG.2022.3209395,9912347,J,Equations,2,tvcg_2022_3209395_eq_2.png,4,408,1496,808,1560,2352,3213,0.924,9,"\begin{equation*}
d(\mathscr{M}_{1},\mathscr{M}_{2})\leq\Vert f-g\Vert_{\infty},
\end{equation*}",11Dq87ECKQ8_bLBTBgCyJcnzbQjyBp_YU
2022,10.1109/TVCG.2022.3209395,9912347,J,Equations,3,tvcg_2022_3209395_eq_3.png,4,362,2874,855,2942,2352,3213,0.912,9,"\begin{equation*}
d_{0}(\mathscr{M}_{f},\mathscr{M}_{g})\leq c\cdot d(\mathscr{M}_{f},\mathscr{M}_{g}),
\end{equation*}",1ULlnkwpXPRuNWpIMk_rKbNc4LVA1oPQs
2022,10.1109/TVCG.2022.3209395,9912347,J,Equations,4,tvcg_2022_3209395_eq_4.png,5,367,916,925,1004,2352,3213,0.93,9,"\begin{equation*}
\mathsf{S}(x)=\max\limits_{i=1,\ldots, n}f_{i}(y_{i})-\min\limits_{i=1,\ldots, n}f_{i}(y_{i}).
\end{equation*}",1jasKpHVE_U-7rqQncM9ks9jp6x4htmI-
2022,10.1109/TVCG.2022.3209395,9912347,J,Equations,5,tvcg_2022_3209395_eq_5.png,5,511,1104,782,1186,2352,3213,0.923,9,"\begin{equation*}
c(z)=\max\limits_{x\in\mathsf{L}}\mathsf{S}(x).
\end{equation*}",1gjeGJQZ1K8tlqtsmzuATgBxbHxXCYkmD
2022,10.1109/TVCG.2022.3209395,9912347,J,Equations,6,tvcg_2022_3209395_eq_6.png,5,1320,2124,2162,2217,2352,3213,0.943,9,"\begin{equation*}
c(M)=\min\limits_{Z\in\{Z_{f, g},Z_{g, f}\}}c(Z)=\min\limits_{\mathsf{L}\in\{\mathsf{L}(Z_{f, g}),\mathsf{L}(Z_{g, f})\}}\max\limits_{x\in\mathsf{L}(Z)}\mathsf{S}(x)
\end{equation*}",1YSYlwSDP6-VNvqW6vnVb4SmepOxLRa_e
2022,10.1109/TVCG.2022.3209395,9912347,J,Equations,7,tvcg_2022_3209395_eq_7.png,5,1421,2350,2059,2440,2352,3213,0.934,9,"\begin{equation*}
d_{M}(\mathscr{M}_{f},\mathscr{M}_{g})=\min\limits_{b_{i}\in\mathscr{B}_{f},b_{j}\in\mathscr{B}_{g}}\min\limits_{M\in\mathsf{M}_{i, j}}c(M),
\end{equation*}",13_Fn15Ab3bmBvOPNSJnQ_oQ6h68fDhnT
2022,10.1109/TVCG.2022.3209395,9912347,J,Algorithms,1,tvcg_2022_3209395_alg_1.png,7,1211,156,2271,701,2352,3213,1.0,0,,1DHyjzhEcJqxxI5H6_WPJFPmqzsbcoLN7
2022,10.1109/TVCG.2022.3209395,9912347,J,Equations,8,tvcg_2022_3209395_eq_8.png,7,1446,897,2035,967,2352,3213,0.911,9,"\begin{equation*}
A\leq d_{M}(P_{\varepsilon}(\mathscr{M}_{f}), P_{\varepsilon}(\mathscr{M}_{g}))\leq A+\frac{1}{2}\varepsilon.
\end{equation*}",1s4pCs_8N2ZH_ivMO1KN37QHB3Ott00AR
2022,10.1109/TVCG.2022.3209395,9912347,J,Equations,9,tvcg_2022_3209395_eq_9.png,7,1353,1923,2127,1994,2352,3213,0.936,9,"\begin{equation*}
A\leq d_{M}(P_{\varepsilon_{1}}(\mathscr{M}_{f}), P_{\varepsilon_{2}}(\mathscr{M}_{g}))\leq A+\frac{1}{2}\max\{\varepsilon_{1},\varepsilon_{2}\}.
\end{equation*}",1GDbp7UGoyE0gXiX4bJDtbmuINP7jHNkg
2022,10.1109/TVCG.2022.3209456,9903602,J,Table,1,tvcg_2022_3209456_table_1.png,6,80,300,1138,472,2352,3213,0.942,1,Table 1. The percentage of visualizations that participants described as interactive or annotated for each cardinality and concreteness.,1qRToUdSIWCxLoQ1NQqOC9hkeFHtIfQeE
2022,10.1109/TVCG.2022.3209383,9904452,J,Table,1,tvcg_2022_3209383_table_1.png,6,1180,1951,2233,2373,2352,3213,0.964,4,"Table 1. Detailed data about takeaways and viewed annotations, by semantic level. The rows, from top to bottom, show the total number of takeaways produced in each level, the number of annotations viewed for each level, the number of takeaways produced in each level after viewing an annotation in the given level, and the number of takeaways which matched the annotations at each level.",1MbfXMbsaWRFCVJqWnNtLVWdgCyDhhiKJ
2022,10.1109/TVCG.2022.3209383,9904452,J,Table,2,tvcg_2022_3209383_table_2.png,7,114,209,2292,528,2352,3213,0.98,4,Table 2. Pairwise comparisons between preference groups for the ‘extremes’ ranking set (A). Annotation abbreviated to ‘annot’.,1IwuW6poxEzkYF8CE4aRrE1VtGwBW28wQ
2022,10.1109/TVCG.2022.3209383,9904452,J,Table,3,tvcg_2022_3209383_table_3.png,7,114,689,1179,1006,2352,3213,0.972,4,Table 3. Pairwise comparisons between preference groups for the ‘fine-grained’ ranking set (B). Annotation abbreviated to ‘annot’.,1EZeD75udFLry_3rrHNubY4fN03r8Glk1
2022,10.1109/TVCG.2022.3209383,9904452,J,Table,4,tvcg_2022_3209383_table_4.png,8,80,507,1145,657,2352,3213,0.967,4,"Table 4. Average reliance scores (1 = ‘entirely text’, 5 = ‘entirely visual’) between semantic levels.",1uuTwhCe0iDzc-JSvr0FqtyMy9X8DJKhE
2022,10.1109/TVCG.2022.3209464,9906007,J,Equations,1,tvcg_2022_3209464_eq_1.png,5,174,2286,1121,2350,2352,3213,0.922,1,"\begin{equation*}
(\{\beta_{1,k}, \beta_{2,k}, \ldots, \beta_{m, k}\}, S_{\text{out},k})=\mathbf{M}(\{\alpha_{1,k}, \alpha_{2,k}, \ldots, \alpha_{n, k}\}, S_{\text{in},k})
\end{equation*}",1GZ_U3sV7LTKtqr68KvtN6iYh406vJOWC
2023,10.1109/TVCG.2023.3326915,10294201,J,Equations,1,tvcg_2023_3326915_eq_1.png,2,258,1237,1140,1302,2352,3213,0.92,22,"\begin{equation*}
\mathbf{w}(x, t)=a(t)\ \mathbf{e}_{1}(x)+b(t)\ \mathbf{e}_{2}(x)+\omega(t)\ \mathbf{e}_{3} (x), \tag{1}
\end{equation*}",15KahX10KNVxgfGQizeev-NQxmF1mhjYz
2023,10.1109/TVCG.2023.3326915,10294201,J,Equations,2,tvcg_2023_3326915_eq_2.png,2,133,1943,1140,2050,2352,3213,0.945,22,"\begin{equation*}
\min\limits_{c(t),\mathbf{w}(x, t)}\left\Vert(\mathbf{v}-\mathbf{w})(c(t), t)\right\Vert+\frac{\mu}{A}\int\nolimits_{R(t)}\left\Vert L_{\mathbf{w}} (\mathbf{v}-\mathbf{w}) (x, t)\right\Vert dA. \tag{2}
\end{equation*}",1L7ziCB6qTf3l_dVwPDvv1moqxJJh74y4
2023,10.1109/TVCG.2023.3326915,10294201,J,Equations,3,tvcg_2023_3326915_eq_3.png,2,507,2523,1140,2583,2352,3213,0.912,22,"\begin{equation*}
(\mathbf{v}-\mathbf{w}) =0. \tag{3}
\end{equation*}",1ueJtgFeu39nlGB_QyxzXVxBJtyiz5cBD
2023,10.1109/TVCG.2023.3326915,10294201,J,Equations,4,tvcg_2023_3326915_eq_4.png,2,483,2805,1140,2865,2352,3213,0.912,22,"\begin{equation*}
L_{\mathbf{w}} (\mathbf{v}-\mathbf{w}) =0. \tag{4}
\end{equation*}",1oqIFMYBaEcRjR-hR5PPEAKVeuUi0sp01
2023,10.1109/TVCG.2023.3326915,10294201,J,Equations,5,tvcg_2023_3326915_eq_5.png,2,1633,2565,2235,2627,2352,3213,0.919,22,"\begin{equation*}
(\mathbf{v}-\mathbf{w}). \tag{5}
\end{equation*}",1Ibl7ZeQ-6HKZ5eOSEuSZdYl379SwpYky
2023,10.1109/TVCG.2023.3326915,10294201,J,Equations,6,tvcg_2023_3326915_eq_6.png,3,461,671,1179,742,2352,3213,0.928,22,"\begin{equation*}
R(t+\tau)=\phi_{t}^{t+\tau}(R(t)). \tag{6}
\end{equation*}",1v-_6_T1PfzsZMz6Bv3gwTkQxsvAqCsSw
2023,10.1109/TVCG.2023.3326915,10294201,J,Equations,7,tvcg_2023_3326915_eq_7.png,5,117,999,1186,1204,2352,3213,0.95,22,"\begin{align*}
\Delta=(\nabla_{1}v^{1}+ \nabla_{2}v^{2})^{2}-4 & (\nabla_{1}v^{1} \nabla_{2}v^{2}-(\nabla_{2}v^{1}- \nabla_{2}w^{1})(\nabla_{1}v^{2}- \nabla_{1}w^{2})),\\
=(\nabla_{1}v^{1}+ \nabla_{2}v^{2})^{2}-4 & (\nabla_{1}v^{1} \nabla_{2}v^{2}- \nabla_{2}v^{1} \nabla_{1}v^{2}+ \tag{7}\\
& \nabla_{2}v^{1} \nabla_{1}w^{2}+ \nabla_{1}v^{2} \nabla_{2}w^{1}- \nabla_{2}w^{1} \nabla_{1}w^{2}).
\end{align*}",11n3Bl9MYJszd2EJk0JTnq_v-evgwBeW2
2023,10.1109/TVCG.2023.3326915,10294201,J,Equations,8,tvcg_2023_3326915_eq_8.png,5,1290,633,2274,758,2352,3213,0.951,22,"\begin{equation*}
\mathbf{e}_{1}(x, y)=\begin{bmatrix}
1\\
0
\end{bmatrix},\ \mathbf{e}_{2}(x, y)=\begin{bmatrix}
0\\
1
\end{bmatrix},\ \mathbf{e}_{3} (x, y)=\begin{bmatrix}
0 & -1\\
1 & 0
\end{bmatrix}\begin{bmatrix}
x\\
y
\end{bmatrix}. \tag{8}
\end{equation*}",1ND-Qyy4mk2uNumeYxFo8ROHErosAPniL
2023,10.1109/TVCG.2023.3326915,10294201,J,Equations,9,tvcg_2023_3326915_eq_9.png,5,1454,1652,2273,1756,2352,3213,0.95,22,"\begin{equation*}
\frac{\partial \mathbf{v}^{\ast}}{\partial t}(x^{\ast},t)=\psi_{t}^{\ast}(L_{\mathbf{w}}(\mathbf{v}-\mathbf{w})(x, t)). \tag{9}
\end{equation*}",1lEkQv3EGEC8lhq14RrnnS7R5elTtfSwY
2023,10.1109/TVCG.2023.3326915,10294201,J,Equations,10,tvcg_2023_3326915_eq_10.png,5,1406,1934,2273,2042,2352,3213,0.93,22,"\begin{equation*}
L_{\mathbf{w}} (\mathbf{v}-\mathbf{w}) = \frac{\partial \mathbf{v}}{\partial t}-\frac{\partial \mathbf{w}}{\partial t}+\nabla \mathbf{v}(\mathbf{w})-\nabla \mathbf{w}(\mathbf{v}). \tag{10}
\end{equation*}",1wrJ7-fDbK2xx2SNvojhofSECF5J9Y-dl
2023,10.1109/TVCG.2023.3326915,10294201,J,Equations,11,tvcg_2023_3326915_eq_11.png,5,1300,2175,2274,2399,2352,3213,0.953,22,"\begin{align*}
\mathbf{w}(x, t) & =a(t)\mathbf{e}_{1}(x)+b(t)\mathbf{e}_{2}(x)+\omega(t) \mathbf{e}_{3} (x),\\
\nabla \mathbf{w}(x, t) & =a(t)\nabla \mathbf{e}_{1}(x)+b(t)\nabla \mathbf{e}_{2}(x)+\omega(t)\nabla \mathbf{e}_{3}(x), \tag{11}\\
\frac{\partial \mathbf{w}}{\partial t}(x, t) & =\frac{da(t)}{dt}\mathbf{e}_{1}(x)+\frac{db(t)}{dt}\mathbf{e}_{2}(x)+\frac{d\omega(t)}{dt} \mathbf{e}_{3} (x).
\end{align*}",10200AjCK-iwrBfjg7eNJO4SQHU0nfwgC
2023,10.1109/TVCG.2023.3326915,10294201,J,Equations,12,tvcg_2023_3326915_eq_12.png,5,1416,2527,2274,2647,2352,3213,0.95,22,"\begin{equation*}
\nabla \mathbf{e}_{1}=0,\quad \nabla \mathbf{e}_{2}=0,\quad \nabla \mathbf{e}_{3}=
\begin{bmatrix}0 & -1\\1 & 0\end{bmatrix}. \tag{12}
\end{equation*}",1rxfRH-OFUC0Mqg-gcTzSgE_RQ9g_WTr2
2023,10.1109/TVCG.2023.3326915,10294201,J,Equations,13,tvcg_2023_3326915_eq_13.png,6,1536,488,2236,571,2352,3213,0.923,22,"\begin{equation*}
\underset{\mathbf{x}}{\arg\!\min}\ f(\mathbf{x})+g(\mathbf{x}). \tag{13}
\end{equation*}",1Bc_rFB6v0vwAN-kzckH-FlcZOPlJb9Un
2023,10.1109/TVCG.2023.3326915,10294201,J,Equations,14,tvcg_2023_3326915_eq_14.png,6,1414,1012,2236,1092,2352,3213,0.94,22,"\begin{equation*}
\mathbf{x}=[\ \ x_{k}\quad y_{k}\quad a_{k}\quad b_{k}\quad \omega_{k}\ \ ]^{T}. \tag{14}
\end{equation*}",1R0wXXRYhMTCvSYLRdSXXDSO99Dh2MeGi
2023,10.1109/TVCG.2023.3326915,10294201,J,Equations,15,tvcg_2023_3326915_eq_15.png,6,1470,1180,2236,1418,2352,3213,0.945,22,"\begin{align*}
\mathbf{x}^{k+1} &: =\mathbf{prox}_{\lambda f}\left(\mathbf{z}^{k}-\mathbf{u}^{k}\right),\\
\mathbf{z}^{k+1} &: =\mathbf{prox}_{\lambda g}\left(\mathbf{x}^{k+1}+\mathbf{u}^{k}\right), \tag{15}\\
\mathbf{u}^{k+1} &: =\mathbf{u}^{k}+\mathbf{x}^{k+1}-\mathbf{z}^{k+1}.
\end{align*}",1PskgKnGUWa12yo19-z0uFTOyoy0YuVrR
2023,10.1109/TVCG.2023.3326915,10294201,J,Equations,16,tvcg_2023_3326915_eq_16.png,6,1356,1897,2236,2002,2352,3213,0.943,22,"\begin{equation*}
\mathbf{prox}_{\lambda h}(\mathbf{y}): = \underset{\mathbf{x}}{\arg\!\min}\left(h(\mathbf{x})+\frac{1}{2\lambda}\Vert \mathbf{x}-\mathbf{y}\Vert ^{2}\right). \tag{16}
\end{equation*}",1Z7-26DgwtbTjcvYI9Dg6zAHYqgCo1UaD
2023,10.1109/TVCG.2023.3326915,10294201,J,Equations,17,tvcg_2023_3326915_eq_17.png,6,1352,2265,2236,2369,2352,3213,0.95,22,"\begin{equation*}
\mathbf{prox}_{\lambda f}(\mathbf{y}): = \underset{\mathbf{x}}{\arg\!\min}\left(f(\mathbf{x})+\frac{1}{2\lambda}\Vert \mathbf{x}-\mathbf{y}\Vert ^{2}\right), \tag{17}
\end{equation*}",1vGylDEWaoEHCmuJGZ5UMgVKo-qcGyhbp
2023,10.1109/TVCG.2023.3326915,10294201,J,Equations,18,tvcg_2023_3326915_eq_18.png,6,1374,2461,2236,2571,2352,3213,0.95,22,"\begin{equation*}
f(\mathbf{x})=\frac{\mu}{A}\int\nolimits_{R(t_{i})}\left\Vert L_{\mathbf{w}} (\mathbf{v}-\mathbf{w}) (c_{k}(t_{i}), t_{i})\right\Vert dA. \tag{18}
\end{equation*}",1v6-vCetCqt1JkjNblWV1n1fLGBBNks2F
2023,10.1109/TVCG.2023.3326915,10294201,J,Equations,19,tvcg_2023_3326915_eq_19.png,7,199,529,1177,631,2352,3213,0.894,22,"\begin{equation*}
\mathbf{prox}_{\lambda g}(\mathbf{y}): = \underset{\mathbf{x}}{\arg\!\min}\left(g_{1}(\mathbf{x})+g_{2}(\mathbf{x})+\frac{1}{2\lambda}\Vert \mathbf{x}-\mathbf{y}\Vert ^{2}\right). \tag{19}
\end{equation*}",1GzFF2Xjqq_oRmikn_nUCKUuRm2fu3ANw
2023,10.1109/TVCG.2023.3326915,10294201,J,Equations,20,tvcg_2023_3326915_eq_20.png,7,406,718,1177,786,2352,3213,0.924,22,"\begin{equation*}
g_{1}(\mathbf{x})=\Vert \mathbf{v}(c_{k},t_{i})-\mathbf{w}(c_{k},t_{i})\Vert. \tag{20}
\end{equation*}",1mqsph5OlC-9WS4Smm2zZ5LGbMYya_zsj
2023,10.1109/TVCG.2023.3326915,10294201,J,Equations,21,tvcg_2023_3326915_eq_21.png,7,392,867,1178,937,2352,3213,0.933,22,"\begin{equation*}
g_{2}(\mathbf{x})=\max(0, \Vert c_{k}-c_{0}\Vert-r_{s}). \tag{21}
\end{equation*}",1_On2gHW4O7787WIpypE9gCqk86D37KDe
2023,10.1109/TVCG.2023.3326915,10294201,J,Table,1,tvcg_2023_3326915_table_1.png,8,91,1473,1119,1798,2352,3213,0.974,1,Table 1: Average lagrangian deviation error rate comparisons.,1PVqnPfYPT3WaR04aaVHlxvUAat-OnI50
2023,10.1109/TVCG.2023.3326915,10294201,J,Equations,22,tvcg_2023_3326915_eq_22.png,8,122,2186,1140,2309,2352,3213,0.941,22,"\begin{equation*}
\text{LDER} (c;t_{i}, T)=\frac{1}{T}\sum\limits_{j=1}^{n}\left\Vert u(t_{i+j})-c(t_{i+j})\right\Vert(t_{i+j}-t_{i+j-1}). \tag{22}
\end{equation*}",1deanMKjdD89i0-JeU-TmbxQAAfMNHiaH
2023,10.1109/TVCG.2023.3326586,10292616,J,Equations,1,tvcg_2023_3326586_eq_1.png,4,1252,1812,2234,1925,2352,3213,0.945,1,"\begin{equation*}
L(\mathcal{C})=\sum\limits_{(P, G)\in \mathcal{C}}\text{len}(P)+\alpha\sum\limits_{(P, G)\in\mathcal{C}}\sum\limits_{s\in G}\Vert edits(s, P)\Vert+\lambda\Vert \mathcal{C}\Vert\tag{1}
\end{equation*}",1ycwuzr6wyFIoFkCFyBpWmjW622u_nlU_
2023,10.1109/TVCG.2023.3326586,10292616,J,Table,1,tvcg_2023_3326586_table_1.png,7,1265,822,2212,1103,2352,3213,0.972,2,"Table 1: Performance improvement using VideoPro on the engagement classification task, measured by the accuracy of each class and overall F1 score (larger is better).",1thco3tcwfmPWgYoQK1ZV6uXA0lGl-gsq
2023,10.1109/TVCG.2023.3326586,10292616,J,Table,2,tvcg_2023_3326586_table_2.png,7,1265,2168,2224,2561,2352,3213,0.976,2,Table 2: The number of labeled samples and time cost comparison between the active learning-based approach and VideoPro.,1x2OUWjiROP7vgoUAfrK3GnD-OliX_q_X
2023,10.1109/TVCG.2023.3327363,10308697,J,Equations,1,tvcg_2023_3327363_eq_1.png,4,1390,997,2232,1070,2352,3213,0.931,6,,1rkSsh7YrU0KgO0PaifgNkh8Nn9jagtPn
2023,10.1109/TVCG.2023.3327363,10308697,J,Equations,2,tvcg_2023_3327363_eq_2.png,4,1540,1619,2233,1710,2352,3213,0.906,6,,1kdZ_jlTfPzRqtC8YOaoPn3xuq38T0BeM
2023,10.1109/TVCG.2023.3327363,10308697,J,Equations,3,tvcg_2023_3327363_eq_3.png,4,1499,2450,2233,2525,2352,3213,0.926,6,,1S4y-bnA9Nfq8U0-FOgPEKAw_bXOQzYjN
2023,10.1109/TVCG.2023.3327363,10308697,J,Algorithms,1,tvcg_2023_3327363_alg_1.png,5,1211,156,2271,822,2352,3213,1.0,1,Algorithm 1 Question Selection,14G0TxrYM2XuEKJfoFx5wccM5tvJL2ML5
2023,10.1109/TVCG.2023.3327363,10308697,J,Equations,4,tvcg_2023_3327363_eq_4.png,5,1422,1612,2270,1688,2352,3213,0.929,6,,13Q_wyO2h6Gg_omCl2T8vRN9xZTpnGgt2
2023,10.1109/TVCG.2023.3327363,10308697,J,Equations,5,tvcg_2023_3327363_eq_5.png,7,1328,2382,2270,2498,2352,3213,0.942,6,,1xU5JDbCs8KS2Fy6tuYAnxENoNrQ7SE2J
2023,10.1109/TVCG.2023.3327363,10308697,J,Equations,6,tvcg_2023_3327363_eq_6.png,7,1458,2617,2270,2683,2352,3213,0.935,6,,1H1zOiVF9pwVCy3yj0StMaKWlkUXq8PBO
2023,10.1109/TVCG.2023.3327363,10308697,J,Equations,7,tvcg_2023_3327363_eq_7.png,7,1474,2695,2270,2760,2352,3213,0.929,6,,1MNM9SGzgAMl8ah-7ISg-9NwZyB3AEWZV
2023,10.1109/TVCG.2023.3326930,10297121,J,Equations,1,tvcg_2023_3326930_eq_1.png,5,1464,2581,2016,2700,2352,3213,0.768,2,"\begin{equation*}
\mathsf{APS} (T_{j})=1- \frac{\sum\nolimits_{i=1}^{n}(t_{j}[i]_{e}-t_{j}[i]_{s})}{n\times(j_{e}-j_{s})}.
\end{equation*}",1doG3iuOrFcRRbp9kl6TZ7TS-33-pgPsX
2023,10.1109/TVCG.2023.3326930,10297121,J,Equations,2,tvcg_2023_3326930_eq_2.png,6,255,629,969,749,2352,3213,0.942,2,"\begin{equation*}
\mathsf{ADS} (T_{j})= \sum\limits_{i=2}^{m}F(c[i])\cdot (N(c[i])-N(c[i-1]))
\end{equation*}",1Pteb5pV-qMVnI51RGnXkeFQ3Xr3flDPs
2023,10.1109/TVCG.2023.3326600,10294259,J,Equations,1,tvcg_2023_3326600_eq_1.png,2,1431,988,2235,1116,2352,3213,0.957,8,,1SRDJuVflfxHZSb_Tk46K9rP1YNiW28Gp
2023,10.1109/TVCG.2023.3326600,10294259,J,Equations,2,tvcg_2023_3326600_eq_2.png,2,1199,1495,2235,1621,2352,3213,0.947,8,,1Fqr6s0IRQNcfCCiK6axEhlXZDmbJ9eV4
2023,10.1109/TVCG.2023.3326600,10294259,J,Equations,3,tvcg_2023_3326600_eq_3.png,2,1460,1829,2235,1954,2352,3213,0.953,8,,17sZaLbHKNRfSGlhmZhCQajjW6uGXC1Q3
2023,10.1109/TVCG.2023.3326600,10294259,J,Table,1,tvcg_2023_3326600_table_1.png,4,75,208,2239,1291,2352,3213,0.976,1,Table 1: Visual patterns when combining data features and class probabilities.,11a0aoesPNAYJWZcGx5yVpHKvahHHb_0C
2023,10.1109/TVCG.2023.3326600,10294259,J,Equations,4,tvcg_2023_3326600_eq_4.png,4,1197,2873,2235,2942,2352,3213,0.896,8,,13SrgfD6cvTB2lmCeFzUxwhWT9X2qsq_c
2023,10.1109/TVCG.2023.3326600,10294259,J,Equations,5,tvcg_2023_3326600_eq_5.png,4,1195,2939,2235,3059,2352,3213,0.869,8,,14N92alCU9b9Hh82ivYBCV4gvP6uqgXMn
2023,10.1109/TVCG.2023.3326600,10294259,J,Equations,6,tvcg_2023_3326600_eq_6.png,5,384,574,1178,639,2352,3213,0.923,8,,14LMnkZ5O61CT_4xPihVhF49PwkNvBW7K
2023,10.1109/TVCG.2023.3326600,10294259,J,Equations,7,tvcg_2023_3326600_eq_7.png,5,401,850,1178,970,2352,3213,0.945,8,,1ELbTTHd8p2IR27vL1QGOYpOyASKAVQe4
2023,10.1109/TVCG.2023.3326600,10294259,J,Equations,8,tvcg_2023_3326600_eq_8.png,5,422,2752,1178,2816,2352,3213,0.679,8,,1Y7A9PXEVUkp5QLRhnXZNeBtCWhIy6RtG
2023,10.1109/TVCG.2023.3326600,10294259,J,Equations,9,tvcg_2023_3326600_eq_9.png,5,427,2811,1178,2869,2352,3213,0.502,8,,1FSvCrxrQ69XNGu6frcdPYG643QgjwE5O
2023,10.1109/TVCG.2023.3326600,10294259,J,Algorithms,1,tvcg_2023_3326600_alg_1.png,5,1211,168,2271,1060,2352,3213,1.0,0,,1BL9UEDJ9BCBgipF26Ngf3l-De-1R6sAX
2023,10.1109/TVCG.2023.3326600,10294259,J,Equations,10,tvcg_2023_3326600_eq_10.png,5,1273,1806,2192,2333,2352,3213,0.916,8,,1XtbM_G20P03MTgdx3oQ5eE4Ge-5AxVYk
2023,10.1109/TVCG.2023.3326594,10292608,J,Equations,1,tvcg_2023_3326594_eq_1.png,5,1498,2252,2273,2447,2352,3213,0.937,2,"\begin{align*}
& S= \min(width/ N_{x},height/ N_{y})\\
& r=
\begin{cases}S, & \text{if}\ S > \alpha\\
\alpha, & otherwise\end{cases} \tag{1}
\end{align*}",1i1TkE5zcpQlEVyHqeW64BiEfvH8FSRMO
2023,10.1109/TVCG.2023.3326594,10292608,J,Equations,2,tvcg_2023_3326594_eq_2.png,5,1622,2843,2274,2961,2352,3213,0.897,2,"\begin{align*}
width & = N_{x}\cdot r\\
height & = N_{y}\cdot r \tag{2}
\end{align*}",1Sah3WVUkGrI9ku4xBGYQhnqnUB2uCOfM
2023,10.1109/TVCG.2023.3327367,10301695,J,Table,1,tvcg_2023_3327367_table_1.png,6,113,153,2205,945,2352,3213,0.984,1,"Table 1: Description of each of the errors and insights on our “rubric” of participant performance. We include the percentage of participants that discovered each error/insight, noting that some discoveries were found far more often than others. As the same information was present in both AutoProfiler and StaticProfiler, the discovery rate in each condition is largely comparable. The first 13 insights and errors were things we expected participants to discover ahead of time, and the last 3 were valid extra findings discovered by participants.",10EnFV8ALUYDvOnJefTCg5yjNwVQxtriM
2023,10.1109/TVCG.2023.3326934,10292929,J,Equations,1,tvcg_2023_3326934_eq_1.png,5,1335,2705,2273,2789,2352,3213,0.948,5,"\begin{equation*}
\text{Prox} = \sum\nolimits_{i=1}^{n}\sum\nolimits_{j=1}^{n}(w\Vert g(s_{i})-g(s_{j})\Vert-(1-c_{ij}))^{2}, \tag{1}
\end{equation*}",10Q-BRgfRt7rlQwTRTuY3LlBDAEWNhgb0
2023,10.1109/TVCG.2023.3326934,10292929,J,Equations,2,tvcg_2023_3326934_eq_2.png,6,382,284,1140,357,2352,3213,0.931,5,"\begin{equation*}
\text{Comp} = \sum\nolimits_{i=1}^{n}\Vert g(s_{i})-\mu_{i}\Vert^{2}, \tag{2}
\end{equation*}",10GL254T6vOBRu0MSIe6qA4XTcL64rXU7
2023,10.1109/TVCG.2023.3326934,10292929,J,Equations,3,tvcg_2023_3326934_eq_3.png,6,159,1889,1140,1970,2352,3213,0.935,5,"\begin{equation*}
\text{Prox} (\boldsymbol{\delta})=\sum\nolimits_{i=1}^{n}\Vert g(s_{i})-v_{i}\Vert^{2}=\sum\nolimits_{i=1}^{n}\sum\nolimits_{j=1}^{n}\Vert v_{j}-v_{i}\Vert^{2}\delta_{ij}. \tag{3}
\end{equation*}",1DH9XlDuKtoRAWtWs081V5qm8C20dHXqg
2023,10.1109/TVCG.2023.3326934,10292929,J,Equations,4,tvcg_2023_3326934_eq_4.png,6,122,2061,1139,2145,2352,3213,0.941,5,"\begin{equation*}
\text{Comp} (\boldsymbol{\delta})=\sum\nolimits_{i=1}^{n}\Vert g(s_{i})-\mu_{i}\Vert^{2}=\sum\nolimits_{i=1}^{n}\sum\nolimits_{j=1}^{n}\Vert v_{j}-\mu_{i}\Vert^{2}\delta_{ij}. \tag{4}
\end{equation*}",1PtqKR3cjIgjCJ-99Z7ppItfXs6d1dWMh
2023,10.1109/TVCG.2023.3326934,10292929,J,Equations,5,tvcg_2023_3326934_eq_5.png,6,102,2322,1140,2617,2352,3213,0.961,5,"\begin{align*}
\underset{\delta}{\text{minimize}}\quad & \sum\nolimits_{i=1}^{n} \sum\nolimits_{j=1}^{n}\left(\lambda\Vert v_{j}- v_{i}\Vert^{2}+(1-\lambda)\Vert v_{j}- \mu_{i}\Vert^{2}\right) \delta_{ij},\\
\text{subject to}\quad & \sum\nolimits_{i=1}^{n} \delta_{ij}=1,\ \forall j\in\{1,2, \ldots, n\}, \tag{5}\\
& \sum\nolimits_{j=1}^{n} \delta_{ij}=1,\ \forall i\in\{1,2, \ldots, n\},\\
& \delta_{ij}\in\{0,1\},\ \forall i, j,
\end{align*}",1Z5IVxVHW68fE_vXFd_4C4-ADWSBlbSq-
2023,10.1109/TVCG.2023.3326934,10292929,J,Table,1,tvcg_2023_3326934_table_1.png,7,119,216,2261,512,2352,3213,0.95,3,Table 1: Comparison of six measures of all the methods. Baseline: OoDAnalyzer [9]; G: global; L: local; T: triple ratio; P: perimeter ratio.,17YN6Xsc_F7hDsXtKZZyK6CGFlAloo_64
2023,10.1109/TVCG.2023.3326934,10292929,J,Table,2,tvcg_2023_3326934_table_2.png,7,117,585,2275,812,2352,3213,0.911,3,"Table 2: Comparison of six measures of the baseline (OoDAnalyzer [9]), ours-T, and ours-P with 3 different grid sizes.",1QEFjVfMfo05W0_yxWcisa3rDSzQ-5hjM
2023,10.1109/TVCG.2023.3326934,10292929,J,Table,3,tvcg_2023_3326934_table_3.png,8,95,2448,1123,3059,2352,3213,0.422,3,Table 3: Running time comparison (in seconds) of different methods to generate grid layouts with different sizes. Baseline: OoDAnalyzer [9].,1MTu2h4Eo7UmwUiceh0dsezbENOjiOewC
2023,10.1109/TVCG.2023.3327163,10297591,J,Equations,1,tvcg_2023_3327163_eq_1.png,2,407,2578,811,2687,2352,3213,0.934,3,"\begin{equation*}f(x, y)=\frac{1}{\sqrt{d}}\langle W_{Q}x, W_{K}y\rangle\end{equation*}",1R-5RnyCKrC5dwb3wyK8P4Zp0GLB5fXV_
2023,10.1109/TVCG.2023.3327163,10297591,J,Equations,2,tvcg_2023_3327163_eq_2.png,2,90,2804,1131,2909,2352,3213,0.921,3,"\begin{equation*}attn(x_{i},x_{j})=\text{softmax}_{j}(f(x_{i},x),\ldots, f(x_{i},x_{n}))=e^{f(x_{i},x_{j})}/\sum\limits_{k}e^{f(x_{i},x_{k})}\end{equation*}",1ko96lLzcRBL7ehhyjA0JuErYNMHqVZ2W
2023,10.1109/TVCG.2023.3327163,10297591,J,Equations,3,tvcg_2023_3327163_eq_3.png,4,153,2406,1066,2583,2352,3213,0.954,3,"\begin{align*}
\text{attention}_{j}(x)&=\text{softmax}_{j}(\langle x, y_{1}\rangle,\langle x, y_{2}\rangle,\ldots)\\
&=\text{softmax}_{j}(\langle x, y_{1}\rangle+\langle x, v\rangle,\langle x, y_{2}\rangle+\langle x, v\rangle,\ldots)\\
&=\text{softmax}_{j}(\langle x, y_{1}+v\rangle,\langle x, y_{2}+v\rangle,\ldots)
\end{align*}",1xhQaWKoMvKCpCOpMR_5iT8DoPRMg8m9T
2023,10.1109/TVCG.2023.3327153,10297594,J,Table,1,tvcg_2023_3327153_table_1.png,8,1326,229,2065,401,2352,3213,0.846,1,Table 1: The frequencies and durations of user interactions.,1n9rKA95NSIhYc0wI5bDWi5EVP4H7k5dZ
2023,10.1109/TVCG.2023.3326913,10296520,J,Equations,1,tvcg_2023_3326913_eq_1.png,4,1435,2965,2235,3080,2352,3213,0.809,4,,1JBn8AF63trNpv1dJYso5vR6dKPPZgicT
2023,10.1109/TVCG.2023.3326913,10296520,J,Equations,2,tvcg_2023_3326913_eq_2.png,5,483,1456,1178,1562,2352,3213,0.937,4,,1pAoWp81y99J5A1mdee1NIpwoyd4uEYXq
2023,10.1109/TVCG.2023.3326913,10296520,J,Equations,3,tvcg_2023_3326913_eq_3.png,5,446,1568,1177,1632,2352,3213,0.914,4,,1Sdmz6oDOgBasXWy3TsG-C2wOvfWBf-Zw
2023,10.1109/TVCG.2023.3326913,10296520,J,Equations,4,tvcg_2023_3326913_eq_4.png,5,525,1634,1177,1705,2352,3213,0.931,4,,18g_7-AgivbYVrt_onjHZSWNZVyf7Eh02
2023,10.1109/TVCG.2023.3326913,10296520,J,Equations,5,tvcg_2023_3326913_eq_5.png,5,1394,2134,2273,2215,2352,3213,0.919,4,,1VWVglBRcOsdJCXJgHWXy4_LG--a8wRYF
2023,10.1109/TVCG.2023.3326913,10296520,J,Equations,6,tvcg_2023_3326913_eq_6.png,6,436,2950,1141,3080,2352,3213,0.947,4,,1D2XXtvmptQzOji7SPblF1ff-_lpzNuin
2023,10.1109/TVCG.2023.3326513,10290994,J,Table,1,tvcg_2023_3326513_table_1.png,2,1420,153,1990,364,2352,3213,0.971,11,Table 1: Notation for defining a visualization experiment (assuming a single visualization strategy).,1J8ITOpZMDK3nafEy0TAEFsdWYShCmeA0
2023,10.1109/TVCG.2023.3326513,10290994,J,Equations,1,tvcg_2023_3326513_eq_1.png,2,1430,1606,2235,1669,2352,3213,0.919,17,,17M_JOYJ_E1PzP1zwgv3x-VswAuagrzYP
2023,10.1109/TVCG.2023.3326513,10290994,J,Equations,2,tvcg_2023_3326513_eq_2.png,2,1209,2277,2235,2464,2352,3213,0.95,17,,1HKGd8BdIQrbGrVUFikJhBcyKw24zc8Z9
2023,10.1109/TVCG.2023.3326513,10290994,J,Table,2,tvcg_2023_3326513_table_2.png,3,216,1662,1080,1800,2352,3213,0.979,11,Table 2: The joint distribution $\pi\in\Delta(V\times\Theta)$ on signal and state for the three non-trivial visualization strategies in the weather forecasting experiment.,1bfcn3C7DjOKuL-DHCbpLHqHKXH9aYRrA
2023,10.1109/TVCG.2023.3326513,10290994,J,Table,3,tvcg_2023_3326513_table_3.png,3,200,2067,1095,2663,2352,3213,0.982,11,Table 3: Notation for the freezing-salting example.,15nkQCq8WO0hvY8EN-E_MCtzpuPrp6NQX
2023,10.1109/TVCG.2023.3326513,10290994,J,Equations,3,tvcg_2023_3326513_eq_3.png,3,135,2890,1177,3079,2352,3213,0.929,17,,16c3kxeU8GD1VOOM5R_gXjScjsC0r-b76
2023,10.1109/TVCG.2023.3326513,10290994,J,Equations,4,tvcg_2023_3326513_eq_4.png,3,1513,640,2273,710,2352,3213,0.918,17,,1KBOJZT6hO3VU91QQsW7-bPXBOj6bjEnd
2023,10.1109/TVCG.2023.3326513,10290994,J,Equations,5,tvcg_2023_3326513_eq_5.png,3,1516,792,2273,873,2352,3213,0.947,17,,1nRC9K6EDjd6Sto5KffYOxKrEI5CzdsAZ
2023,10.1109/TVCG.2023.3326513,10290994,J,Equations,6,tvcg_2023_3326513_eq_6.png,3,1614,1220,2273,1287,2352,3213,0.921,17,,1EKt5i34brp2nfi9Al7JpnU98mHTPaYTY
2023,10.1109/TVCG.2023.3326513,10290994,J,Equations,7,tvcg_2023_3326513_eq_7.png,3,1552,1422,2273,1488,2352,3213,0.928,17,,1h9rCu9LSuoYQKy1uwWg3TnxPDX3Za8pC
2023,10.1109/TVCG.2023.3326513,10290994,J,Equations,8,tvcg_2023_3326513_eq_8.png,3,1663,1718,1900,1774,2352,3213,0.91,17,,1wBqPnM-2Fme1NVWqFORSR33BFt6xXmEs
2023,10.1109/TVCG.2023.3326513,10290994,J,Equations,9,tvcg_2023_3326513_eq_9.png,3,1539,2344,2273,2413,2352,3213,0.924,17,,1_fo7j80_2WHhOj6uha1r3vm9Bhb29e83
2023,10.1109/TVCG.2023.3326513,10290994,J,Equations,10,tvcg_2023_3326513_eq_10.png,3,1505,2765,2273,2837,2352,3213,0.931,17,,1lf5tP1IXV6IGF8oa3L-vDrYjKb2Os7tT
2023,10.1109/TVCG.2023.3326513,10290994,J,Table,4,tvcg_2023_3326513_table_4.png,4,313,2589,904,2687,2352,3213,0.964,11,"Table 4: $f(\mathrm{R}_{\varnothing})$ shows the expected payment to a rational agent without the visualization, $f(\mathrm{R}_{V})$ shows the expected payment to a rational agent who reads the visualization, while $\Delta_{f}=f(\mathrm{R}_{V})-f(\mathrm{R}_{\varnothing})$ is the incentive to consult the visualization.",1GVncAbZuApMtIow4qDQnatWJPATL5mej
2023,10.1109/TVCG.2023.3326513,10290994,J,Equations,11,tvcg_2023_3326513_eq_11.png,4,158,3007,571,3069,2352,3213,0.829,17,,1LZyhqWapxZwqz5Nv_jcfBRsKUaQ2sAVG
2023,10.1109/TVCG.2023.3326513,10290994,J,Equations,12,tvcg_2023_3326513_eq_12.png,4,1559,1263,2236,1330,2352,3213,0.905,17,,1yY1uXHn8MlnOXQEXujdQvcBXPq5frgQQ
2023,10.1109/TVCG.2023.3326513,10290994,J,Equations,13,tvcg_2023_3326513_eq_13.png,4,1563,1475,1925,1537,2352,3213,0.898,17,,1_GUuCRG5kVumLIDc2yu04GspIkQeeXt8
2023,10.1109/TVCG.2023.3326513,10290994,J,Equations,14,tvcg_2023_3326513_eq_14.png,4,1496,2846,2235,2917,2352,3213,0.937,17,,1UysWZ0uIISAmBnP9DeJVMeuqGJnmsEyD
2023,10.1109/TVCG.2023.3326513,10290994,J,Table,5,tvcg_2023_3326513_table_5.png,6,138,151,1073,856,2352,3213,0.983,11,Table 5: Kale et al. [19] decision problem under our framework.,1sCOrHXz0IncEWQ0vcdb83lrqI_AaPB-I
2023,10.1109/TVCG.2023.3326513,10290994,J,Equations,15,tvcg_2023_3326513_eq_15.png,6,1232,580,2148,763,2352,3213,0.94,17,,1G4ADBNAP9eYlEHyOvac-KSjYn2geMT50
2023,10.1109/TVCG.2023.3326513,10290994,J,Equations,16,tvcg_2023_3326513_eq_16.png,6,1536,1549,1831,1610,2352,3213,0.864,17,,1qXO3P78-6VOAFm5vRskRq2k8rtQmz051
2023,10.1109/TVCG.2023.3326513,10290994,J,Equations,17,tvcg_2023_3326513_eq_17.png,6,1213,1602,1829,1664,2352,3213,0.619,17,,1L8mTVVmcbqBFmaRNt5dfRd-Bw8E4sSUi
2023,10.1109/TVCG.2023.3326513,10290994,J,Table,6,tvcg_2023_3326513_table_6.png,7,358,1606,928,1704,2352,3213,0.953,11,"Table 6: $f(\mathrm{R}_{\varnothing})$ shows the expected payment to a rational agent, $f(\mathrm{R}_{V})$ shows the expected payment to a rational agent who reads the visualization, while $\Delta_{f}=f(\mathrm{R}_{V})-f(\mathrm{R}_{\varnothing})$ is the incentive to consult the visualization.",1Qk2ib6GVkRaMTV4sQjaQNjrg4CkpiDQF
2023,10.1109/TVCG.2023.3326513,10290994,J,Table,7,tvcg_2023_3326513_table_7.png,8,224,1771,992,1989,2352,3213,0.973,11,Table 7: Decision problem for Fernandes et al. [6],10YAG8uynyd7L5M1D0MB52XRUJFVCuB10
2023,10.1109/TVCG.2023.3326513,10290994,J,Equations,18,tvcg_2023_3326513_eq_18.png,8,431,2732,807,2788,2352,3213,0.821,17,,1q8b5KsHL8u3zAlQdGkQmOlH-cBrykYwn
2023,10.1109/TVCG.2023.3326513,10290994,J,Table,8,tvcg_2023_3326513_table_8.png,8,1423,129,1981,306,2352,3213,0.956,11,Table 8: Payoffs of decision tasks for different scenarios.,1wBzzafDEJWoyqxay3xAcUOtBs4-mx-FO
2023,10.1109/TVCG.2023.3326513,10290994,J,Equations,19,tvcg_2023_3326513_eq_19.png,8,1472,504,2269,600,2352,3213,0.881,17,,1IJ3mly0o4Q57MBuiAIf8TBa9d4AGgw5A
2023,10.1109/TVCG.2023.3326513,10290994,J,Equations,20,tvcg_2023_3326513_eq_20.png,8,1175,600,2266,698,2352,3213,0.505,17,,1Nl09ggmzohF2G9egDKmZApHzwlPkfHZt
2023,10.1109/TVCG.2023.3326513,10290994,J,Table,9,tvcg_2023_3326513_table_9.png,8,1200,865,2200,1241,2352,3213,0.98,11,"Table 9: The rational baseline $\mathrm{R}_{Q}$ for different scenarios, the visualization optimal $\mathrm{R}_{V}$ for different scenarios and visualization strategies, the rational benchmark $\mathrm{R}_{V}^{R}$ for different scenarios, and the value of information $\Delta=\mathrm{R}_{V}^{R}-\mathrm{R}_{V}$ for different scenarios.",10COf_GpKeAti3GxBj9mb9URlwWYkVt3d
2023,10.1109/TVCG.2023.3326513,10290994,J,Table,10,tvcg_2023_3326513_table_10.png,8,1230,2198,2171,2456,2352,3213,0.98,11,Table 10: The information loss $(\mathrm{R}_{V}^{R}-\mathrm{R}_{V})/\Delta$ for different scenarios and visualization conditions.,1GIh0jLpw7bDmQPgZEU7A6G_DGw-RbMVk
2023,10.1109/TVCG.2023.3326513,10290994,J,Table,11,tvcg_2023_3326513_table_11.png,9,254,117,1038,293,2352,3213,0.964,11,"Table 11: $f(\mathrm{R}_{\varnothing})$ shows the expected payment to a rational agent who takes the optimal fixed action, $f(\mathrm{R}_{V})$ shows the expected payment to a rational agent who reads the visualization, while $\Delta_{f}=f(\mathrm{R}_{V})-f(\mathrm{R}_{\varnothing})$ is the incentive to consult the visualization.",1ypmFtPzD8Xy9byxQ3QghmNWPzrcPMHc1
2023,10.1109/TVCG.2023.3326525,10296834,J,Table,1,tvcg_2023_3326525_table_1.png,4,81,482,2234,1312,2352,3213,0.788,1,"Table 1: Demographics of our 17 interview participants. The relevant demographics are: distinction between management or worker role; gender ( man/ woman); age; highest degree (h – high school, B – bachelors, M – masters, P – phd); field of study (b – business/economics, CS – computer science, E – engineering, F – finance/accounting/logistics); total working experience and within the company (in years); level of expertise proficient, knowledgeable, working, and little to none) in fields relevant to data analysis; data science roles specified by crisan et al. [18] (dst – data steward, dsh – data shaper, DE – data engineer, ml/ai – ml/ai engineer, $G$ – generalist, $RS$ – research scientist, $TA$ – technical analyst, $M$ – moonlighter, $E$ – evangelist). The background color of the roles signifies higher order processes preparation, deployment & engineering, analysis, communication).",1A0IGySbMJSqv4b2cSfQ8e_cXWadecaAz
2023,10.1109/TVCG.2023.3326912,10294308,J,Table,1,tvcg_2023_3326912_table_1.png,9,151,155,1160,487,2352,3213,0.943,1,"Table 1: Evaluation results. This table shows the evaluation scores according to the evaluation components insight, time, essence, and confidence as defined by Wall et al. [48] (an average value greater as five is considered as success). Participants showed good scores for time, followed by insight and essence. Confidence was rated low, which shows that participants would have to familiarize themselves with the topic and the visualization more.",1aYZ0mw6m-tUMRkrvoAy9H325WI15l6XO
2023,10.1109/TVCG.2023.3326907,10294197,J,Equations,1,tvcg_2023_3326907_eq_1.png,5,348,2886,947,2948,2352,3213,0.877,1,"\begin{equation*}CD(A, B)=C(AB)\quad \min(C(A), C(B))\end{equation*}",1FxY7hvPk-mkjYlYxXyP6AQWqrnpm64dg
2023,10.1109/TVCG.2023.3326517,10292508,J,Equations,1,tvcg_2023_3326517_eq_1.png,5,268,1351,1178,1537,2352,3213,0.952,10,"\begin{align*}
&P:x\in \mathbb{R}^{+}\mapsto \mathbb{R}^{3},P(0)=\mathbf{r}^{(m_{i})},P(end)=\mathbf{r}^{(m_{i+1})},\\
&P^{\prime}(x)= \frac{\nabla f(P(x))}{\Vert\nabla f(P(x))\Vert}+2\frac{(P(m_{i+1})-P(x))}{\Vert(P(m_{i+1})-P(x))\Vert},\tag{1}
\end{align*}",1rLwXvdq_TtHDRmoV6pLrdcOeAv6Rm8PU
2023,10.1109/TVCG.2023.3326517,10292508,J,Equations,2,tvcg_2023_3326517_eq_2.png,5,346,2199,1179,2273,2352,3213,0.932,10,"\begin{equation*}V_{\text{init}}=\{\mathbf{r}\vert \mathbf{r}\in B, \exists j\in J,\Vert \mathbf{r}^{(r;j)}\Vert\leq 1\},\tag{2}\end{equation*}",1rpIdPG4qMakfgueqKf2Na9KsHhF8hOgN
2023,10.1109/TVCG.2023.3326517,10292508,J,Equations,3,tvcg_2023_3326517_eq_3.png,5,1571,1082,2273,1213,2352,3213,0.902,10,"\begin{equation*}\rho_{0}= \frac{1}{N_{T}}\sum\limits_{n=1}^{N_{T}}\rho(\mathbf{r}^{(n)}),\tag{3}\end{equation*}",1jdrPFe9TozUCdrQkT56IQmRbBxPOozPl
2023,10.1109/TVCG.2023.3326517,10292508,J,Equations,4,tvcg_2023_3326517_eq_4.png,5,1560,2109,2273,2171,2352,3213,0.91,10,"\begin{equation*}\nabla\rho(\mathbf{r})=0\ \text{and}\ \lambda_{1} < 0,\tag{4}\end{equation*}",1k1DSu9TgaYhluOA6bDvwhDd89aWM0scS
2023,10.1109/TVCG.2023.3326517,10292508,J,Equations,5,tvcg_2023_3326517_eq_5.png,5,1329,2415,2273,2487,2352,3213,0.944,10,"\begin{equation*}P:t\in \mathbb{R}^{+}\mapsto \mathbb{R}^{3},\quad P(0)=\mathbf{r}^{(s)},\quad P^{\prime}(t)=\nabla\rho(P(t)).\tag{5}\end{equation*}",1UwRMSp_GdbjbIKyXYwNtvM-KIL92FHzT
2023,10.1109/TVCG.2023.3326517,10292508,J,Equations,6,tvcg_2023_3326517_eq_6.png,6,1259,2735,2146,2853,2352,3213,0.947,10,\begin{equation*}\text{MCC}=\frac{TP\cdot TN-FP\cdot FN}{\sqrt{(TP+FP)(TP+FN)(TN+FP)(TN+FN)}}.\end{equation*},1il1lfTVUo6_dLM1uMxio3CkA6HYXAMV4
2023,10.1109/TVCG.2023.3326517,10292508,J,Equations,7,tvcg_2023_3326517_eq_7.png,12,389,2480,1140,2563,2352,3213,0.93,10,\begin{equation*}\ell_{k}=2(P_{k}^{(80)}-P_{k}^{(20)})/\log N\tag{6}\end{equation*},1H3uDmVQru85iASTd5kHycN9JMDfzi5d1
2023,10.1109/TVCG.2023.3326517,10292508,J,Equations,8,tvcg_2023_3326517_eq_8.png,12,289,2818,1140,2946,2352,3213,0.957,10,"\begin{equation*}p(\mathbf{r}^{(i)})=\frac{15}{8\pi N}\sum\limits_{j}\frac{1}{\ell_{x}^{(j)}\ell_{y}^{(j)}\ell_{z}^{(j)}}E(\Vert \mathbf{r}^{(j;i)}\Vert),\tag{7}\end{equation*}",1JtURK0NLcCYPyaa6fl0frwRuoc3YcVc-
2023,10.1109/TVCG.2023.3326517,10292508,J,Equations,9,tvcg_2023_3326517_eq_9.png,12,418,2996,1141,3083,2352,3213,0.926,10,\begin{equation*}\mathbf{r}_{k}^{(j;i)}=(\mathbf{r}_{k}^{(j)}-\mathbf{r}_{k}^{(i)})/\ell_{k}^{(j)}\tag{8}\end{equation*},1xqkL16M1LJhWoplG-CS5oC8cnNIdQZIj
2023,10.1109/TVCG.2023.3326517,10292508,J,Equations,10,tvcg_2023_3326517_eq_10.png,12,1470,1454,2235,1573,2352,3213,0.912,10,"\begin{equation*}E(x)=\begin{cases}1-x^{2}, &\vert x\vert < 1,\\
0, &\vert x\vert \geq 1.\end{cases}\tag{9}\end{equation*}",1SVnrw5yfl5NW_Rc88vClaSmd5NSYatc1
2023,10.1109/TVCG.2023.3326517,10292508,J,Table,1,tvcg_2023_3326517_table_1.png,12,1172,2016,2238,2307,2352,3213,0.979,4,Table 1: MeTACAST performance. Times are in seconds.,1pjm7mKfoUOWxEuZCszOsst2bfRhmaP3L
2023,10.1109/TVCG.2023.3326517,10292508,J,Table,2,tvcg_2023_3326517_table_2.png,13,114,238,1180,1220,2352,3213,0.96,4,"Table 2: The mean task completion times, accuracy scores, and their corresponding 95% confidence intervals for T1 to T5.",1yMaUkh4zk8SmdO4UQf0xHHTnU_Xcf92i
2023,10.1109/TVCG.2023.3326517,10292508,J,Table,3,tvcg_2023_3326517_table_3.png,13,117,1342,1181,1600,2352,3213,0.927,4,"Table 3: The overall (T1 to T4) mean task completion times, accuracy scores, and their corresponding 95% confidence intervals.",11mfpwr-X_rumbjAUpE1H3ChluoWLtFEp
2023,10.1109/TVCG.2023.3326517,10292508,J,Table,4,tvcg_2023_3326517_table_4.png,15,151,198,2230,1130,2352,3213,0.971,4,Table 4: An overview of spatial selection techniques for 3D data.,1cSX6z-l8iXPES-hgNHbYAroKCgd1X18-
2023,10.1109/TVCG.2023.3327387,10296058,J,Equations,1,tvcg_2023_3327387_eq_1.png,4,490,2153,1140,2263,2352,3213,0.941,6,"\begin{equation*}
D= \frac{n_{i}-n_{j}}{n_{i}+n_{j}+n_{k}} \tag{1}
\end{equation*}",1I1r1E-jvSbvVafZpPM_4G59JFjaswVwT
2023,10.1109/TVCG.2023.3327387,10296058,J,Equations,2,tvcg_2023_3327387_eq_2.png,4,1546,2764,2235,2834,2352,3213,0.925,6,"\begin{equation*}
H = \text{ReLU}(\hat{A}XW^{0}) \tag{2}
\end{equation*}",1XVnrJsYHWp18WjxvQfeSIsLa5dzrFgK7
2023,10.1109/TVCG.2023.3327387,10296058,J,Equations,3,tvcg_2023_3327387_eq_3.png,5,473,1508,1179,1577,2352,3213,0.908,6,"\begin{equation*}
Z= softmax(\hat{A}HW^{1}) \tag{3}
\end{equation*}",14xnX_Vq_60ss1pLhp5J7u3cP2-pwXv_V
2023,10.1109/TVCG.2023.3327387,10296058,J,Equations,4,tvcg_2023_3327387_eq_4.png,5,450,1901,1178,2029,2352,3213,0.953,6,"\begin{equation*}
\mathscr{L}=-\sum\limits_{l\in \mathbb{N}_{T}}\sum\limits_{c=1}^{C}Y_{lc}\ln Z_{lc} \tag{4}
\end{equation*}",1DJYqHrE4D1st7Gp6ARdcgr8JPaJQ1ny_
2023,10.1109/TVCG.2023.3327387,10296058,J,Equations,5,tvcg_2023_3327387_eq_5.png,6,365,2754,856,2873,2352,3213,0.935,6,"\begin{equation*}
diversity =- \sum\limits_{i=1}^{n}P(x_{i})logP(x_{i})
\end{equation*}",1NOORnakouVRGdIDFY2efiVdJfBs9_but
2023,10.1109/TVCG.2023.3327387,10296058,J,Equations,6,tvcg_2023_3327387_eq_6.png,6,1195,1125,2212,1252,2352,3213,0.943,6,"\begin{equation*}
\alpha\sum\limits_{i < j}w_{ij}\left\Vert x_{Q_{i}}-x_{Q_{j}}\right\Vert^{2}+\beta\sum\limits_{i=1}^{m}\left\Vert x_{Q_{i}}-x_{Q_{i}^{\prime}}\right\Vert^{2}+\gamma\sum\limits_{i=1}^{m}\sum\limits_{j=1}^{n}\left\Vert x_{Q_{i}}-x_{P_{j}}\right\Vert^{2}
\end{equation*}",1EPrmw7IUFGSZnQJ4VSVyWLcTgei3tVRE
2023,10.1109/TVCG.2023.3326932,10292871,J,Table,1,tvcg_2023_3326932_table_1.png,4,74,285,1143,1197,2352,3213,0.981,1,"Table 1: Presentation techniques, multimodal features and corresponding factors considered in SpeechMirror. The significance of factors with * indicates a significant correlation with speech effectiveness ($p < 0.05$).",1JHs7X52cNX9FXTipiX46VSF2tc9_jSo_
2023,10.1109/TVCG.2023.3327165,10295997,J,Equations,1,tvcg_2023_3327165_eq_1.png,3,405,2308,1179,2421,2352,3213,0.94,8,"\begin{equation*}
p_{i}(\theta)=\frac{1}{1+\exp(-a_{i}(\theta+b_{i}))} \tag{1}
\end{equation*}",1xlc70bZ0gZge4pzsieBdnZ_xCvx5_vB4
2023,10.1109/TVCG.2023.3327165,10295997,J,Equations,2,tvcg_2023_3327165_eq_2.png,4,394,655,1139,723,2352,3213,0.939,8,"\begin{equation*}
I_{i}(\theta)=a_{i}^{2}p_{i}(\theta)(1-p_{i}(\theta)) \tag{2}
\end{equation*}",1kVrgMItoQULJhwTThHGzjWAP5IWpa53N
2023,10.1109/TVCG.2023.3327165,10295997,J,Equations,3,tvcg_2023_3327165_eq_3.png,4,484,1195,1140,1270,2352,3213,0.942,8,"\begin{equation*}
I(\theta)=\sum I_{i}(\theta) \tag{3}
\end{equation*}",1k4oJM_1Iw-z_0fu3fUeJwTij6UW2ConC
2023,10.1109/TVCG.2023.3327165,10295997,J,Equations,4,tvcg_2023_3327165_eq_4.png,4,464,1364,2235,1480,2352,3213,0.933,8,"\begin{equation*} SE (\theta)=\frac{1}{\sqrt{I(\theta)}}. \tag{4}
\end{equation*}",1wAsCRAv7xFx6-Rc3Tx0B47EbTFG2S507
2023,10.1109/TVCG.2023.3327165,10295997,J,Equations,5,tvcg_2023_3327165_eq_5.png,4,1314,1333,2235,1448,2352,3213,0.928,8,"\begin{equation*}\text{relative difference in}\ SE= \frac{SE_{\mathrm{A}}(\theta)-SE_{\mathrm{O}}(\theta)}{SE_{\mathrm{O}}(\theta)}, \tag{5}
\end{equation*}",1JlGza83DbMMffe8zuJDsyimbpo_oN3Qk
2023,10.1109/TVCG.2023.3327165,10295997,J,Equations,6,tvcg_2023_3327165_eq_6.png,6,1501,895,1908,1068,2352,3213,0.912,8,"\begin{align*}
\theta^{\ast}\sim &\text{Normal}(\mu+ \alpha_{j}, \sigma_{\varepsilon})\\
\theta\sim &\text{Normal} (\theta^{\ast}, \text{se} (\theta))\\
\alpha_{j}\sim &\text{Normal} (0, \sigma_{\alpha}),
\end{align*}",1gpJtymaWTZJWj6AJUkUPS8yfppAn8MJT
2023,10.1109/TVCG.2023.3327165,10295997,J,Equations,7,tvcg_2023_3327165_eq_7.png,6,1570,1675,1838,1791,2352,3213,0.929,8,"\begin{equation*}\text{ICC}= \frac{\sigma_{\alpha}^{2}}{\sigma_{\alpha}^{2}+\sigma_{\varepsilon}^{2}}.
\end{equation*}",1-g85gAM_5h3nna3_CdCdUuJwIi9459Y1
2023,10.1109/TVCG.2023.3327165,10295997,J,Equations,8,tvcg_2023_3327165_eq_8.png,7,1465,1134,2022,1363,2352,3213,0.942,8,"\begin{align*}
\begin{bmatrix}\theta_{\mathrm{O}}^{\ast}\\
\theta_{\mathrm{A}}^{\ast}\end{bmatrix}&\sim \text{Normal}_{2}\left(\begin{bmatrix}
\mu_{\mathrm{O}}\\
\mu_{\mathrm{A}}\end{bmatrix}, \sigma_{\mathrm{O}}, \sigma_{\mathrm{A}}, \rho\right)\\
\theta_{\mathrm{O}} &\sim \text{Normal} (\theta_{\mathrm{O}}^{\ast}, \text{se} (\theta_{\mathrm{O}}))\\
\theta_{\mathrm{A}} &\sim \text{Normal} (\theta_{\mathrm{A}}^{\ast}, \text{se} (\theta_{\mathrm{A}})).
\end{align*}",1BarsVtCxbbk2cyvlrvLIVyr66mspZMWO
2023,10.1109/TVCG.2023.3326921,10294213,J,Equations,1,tvcg_2023_3326921_eq_1.png,3,368,1387,1178,1451,2352,3213,0.934,2,"\begin{equation*}
\min f(\mathbf{x})=(f_{1}(\mathbf{x}), f_{2}(\mathbf{x}), \ldots, f_{m}(\mathbf{x})) \tag{1}
\end{equation*}",1aUFZSPwsaHncz59DUX8s8CpoYvx-WI9F
2023,10.1109/TVCG.2023.3326921,10294213,J,Equations,2,tvcg_2023_3326921_eq_2.png,4,1408,2207,2235,2316,2352,3213,0.933,2,"\begin{equation*}
\text{IGD} (P^{\ast}, \Omega)=\frac{\sum\nolimits_{i=1}^{m}\min\nolimits_{\mathbf{x}\in S}\text{dist}(\mathbf{r}_{i},\mathbf{x})}{m} \tag{2}
\end{equation*}",1RWr5C9YaOKjFod_41tzd_qIn8amPDRQC
2023,10.1109/TVCG.2023.3326577,10290904,J,Table,1,tvcg_2023_3326577_table_1.png,6,1181,273,2237,581,2352,3213,0.97,6,Table 1: Known and unknown classes for the generic object detection use case.,14szyUVVC5BgQ4koj8w_IjR7jlGaylQdG
2023,10.1109/TVCG.2023.3326577,10290904,J,Table,2,tvcg_2023_3326577_table_2.png,7,1217,399,2278,631,2352,3213,0.972,6,Table 2: MLP's performance measured by $F1$-score (# is the number of annotated unknowns). Our method can detect newly added unknown classes with reasonable performance while preserving the performance of known classes. Combining both CLIP and patch feature-based recommendations gives better performance compared with other methods.,1dHndquLR_F7qN2bFgdpShW-IJlwX1cE8
2023,10.1109/TVCG.2023.3326577,10290904,J,Table,3,tvcg_2023_3326577_table_3.png,7,1218,845,2275,1120,2352,3213,0.972,6,"Table 3: Model's performance with the plugin MLP (measured by mAP). Our approach can extend the model's capability in detecting newly added unknowns. Moreover, the performance of known classes also improved.",17bZfSYPssfZXEI1cQ3K3gwhoWyJJ4V7j
2023,10.1109/TVCG.2023.3326577,10290904,J,Table,4,tvcg_2023_3326577_table_4.png,8,127,484,1089,705,2352,3213,0.937,6,"Table 4: Model performance (measured by mAP) after several iterations with 10 newly discovered unknown classes. Our method can detect unknown classes while slightly improving the performance of known classes compared with the baseline. Compared with a SOTA OWOD [31], we use 100x fewer annotations while getting a better overall performance. Compared with the active learning approach [16], we get better performance with the same number of annotations.",1vXgrp36WywoLQ3PYDHK2Q-JqTw9bDJaA
2023,10.1109/TVCG.2023.3326577,10290904,J,Table,5,tvcg_2023_3326577_table_5.png,8,1182,1486,2238,1930,2352,3213,0.965,6,Table 5: Knowns and unknowns classes with frequency in the nuImages dataset.,1O9rXTZa48Uc94ykPz-bAp1iNNQrB493W
2023,10.1109/TVCG.2023.3326577,10290904,J,Table,6,tvcg_2023_3326577_table_6.png,9,195,274,1099,539,2352,3213,0.938,6,Table 6: Model's performance measured by AP per IoU level. The model is trained on 50 annotated examples for the rigid bus.,1YCfMhqhqfmh1dffqDs_MehPDzjaDnn6H
2023,10.1109/TVCG.2023.3326595,10290929,J,Algorithms,1,tvcg_2023_3326595_alg_1.png,4,80,1633,1140,2676,2352,3213,1.0,1,,1Gijv5O20iI-YT5BjcjxncZnm3LjXFID_
2023,10.1109/TVCG.2023.3326595,10290929,J,Equations,1,tvcg_2023_3326595_eq_1.png,4,1492,1956,2235,2114,2352,3213,0.95,7,"\begin{equation*}
F_{d}(M_{f})= \sum\limits_{i=1}^{k} \sum\limits_{\substack{j=1\\t_{j}\in c_{i}}}^{n}d(t_{j},t_{i}^{\ast}), \tag{1}
\end{equation*}",1s1LDocj05YUDT3xolESENWbyVW2F54q7
2023,10.1109/TVCG.2023.3326595,10290929,J,Equations,2,tvcg_2023_3326595_eq_2.png,4,1574,2301,2236,2416,2352,3213,0.936,7,"\begin{equation*}
t_{i}^{\ast}= \frac{1}{\vert c_{i}\vert}\sum\limits_{t_{j}\in c_{i}}t_{j}. \tag{2}
\end{equation*}",1oCNlwso2I4emij_AV1arGPBG7D3DnzUR
2023,10.1109/TVCG.2023.3326595,10290929,J,Equations,3,tvcg_2023_3326595_eq_3.png,4,1359,2628,2235,2705,2352,3213,0.682,7,"\begin{equation*}
d(t_{j},t_{i}^{\ast})=\vert x_{j}-x_{i}^{\ast}\vert ^{2}+\vert y_{j}-y_{i}^{\ast}\vert ^{2}+\vert z_{j}-z_{i}^{\ast}\vert ^{2}. \tag{3}
\end{equation*}",1NYqoHXh73ftcfAKA3CTZCU6vHMeinHUI
2023,10.1109/TVCG.2023.3326595,10290929,J,Algorithms,2,tvcg_2023_3326595_alg_2.png,5,117,156,1177,667,2352,3213,1.0,1,,1mQ3sg0gkLkpoMXXY4tgvZsVJ7ZgdxKYR
2023,10.1109/TVCG.2023.3326595,10290929,J,Equations,4,tvcg_2023_3326595_eq_4.png,5,295,1258,1178,1324,2352,3213,0.914,7,"\begin{equation*}
Error_{max}= max(d(t_{j},t_{i}^{\ast})),\forall 1\leq i\leq k, t_{j}\in c_{i}, \tag{4}
\end{equation*}",1V0OJkEuFJg4w0VflqF17bJj6H5CN52nv
2023,10.1109/TVCG.2023.3326595,10290929,J,Equations,5,tvcg_2023_3326595_eq_5.png,5,309,1381,1178,1448,2352,3213,0.917,7,"\begin{equation*}
\overline{Error}=mean(d(t_{j},t_{i}^{\ast})),\forall 1\leq i\leq k, t_{j}\in c_{i}. \tag{5}
\end{equation*}",1ptCVjbAuvqeZVB36AmoMMTijNrWqWr1Y
2023,10.1109/TVCG.2023.3326595,10290929,J,Algorithms,3,tvcg_2023_3326595_alg_3.png,5,1211,156,2271,1376,2352,3213,1.0,1,,1mz9cXschkZGteEqZqE2OEd3XZmOJ6-sV
2023,10.1109/TVCG.2023.3326595,10290929,J,Equations,6,tvcg_2023_3326595_eq_6.png,5,1625,2168,2274,2291,2352,3213,0.935,7,"\begin{equation*}
p^{\ast}= \frac{1}{n}\sum\limits_{i=1}^{n}p_{i}. \tag{6}
\end{equation*}",1NM328AP4fsL0v5vW9DiRCxQnyIo2he7N
2023,10.1109/TVCG.2023.3326595,10290929,J,Equations,7,tvcg_2023_3326595_eq_7.png,7,170,488,1178,565,2352,3213,0.94,7,"\begin{equation*}
d^{\prime}(t_{j}^{\prime},t_{i}^{\prime\ast})=\vert w_{j}-w_{i}^{\ast}\vert ^{2}+\vert x_{j}-x_{i}^{\ast}\vert ^{2}+\vert y_{j}-y_{i}^{\ast}\vert ^{2}+\vert z_{j}-z_{i}^{\ast}\vert ^{2}, \tag{7}
\end{equation*}",1JLywedQLsxRATVK2GObVqOKg2uVGWEfN
2023,10.1109/TVCG.2023.3326595,10290929,J,Table,1,tvcg_2023_3326595_table_1.png,8,194,1139,2123,1722,2352,3213,0.926,1,"Table 1: Quantitative results. Here $M_{i}$ is the input mesh, $M_{s}$ is the simplified mesh, and $M_{f}$ is the resulting mesh of our method. $T$ is user given threshold, and $d(t, t^{\ast})$ is the average euclidean distance from the cluster centers. Here, $\overline{Length(e)}$ is the mean length of edges, % ($e$) is the percent value of the mean of $\overline{Length(e)}, d_{H}$ is calculated in % bounding box. $\overline{Error}$ is the mean clustering error calculated via equation 5.",1ISuquqOrPTB_7N6ig7qcRrS30vGiHevH
2023,10.1109/TVCG.2023.3326603,10294258,J,Table,1,tvcg_2023_3326603_table_1.png,5,119,2475,1186,3054,2352,3213,0.971,2,"Table 1: This table shows the features used for constructing vortex profiles. The geometric features (last 4 rows) are normalized with the number of points in the skeleton. The physical features (first 6 rows) are the volume averages of the vortical (unstructured) grids. For vector and tensor quantities such as velocity and jacobian, we take the average of the magnitude and norm respectively. This results in a 19-dimensional feature vector for each vortex11Readers can refer to the supplemental document for additional details. .",1jBtEIb9p_H6-bJ0gTYFctKdqvTPmbb9n
2023,10.1109/TVCG.2023.3326603,10294258,J,Equations,1,tvcg_2023_3326603_eq_1.png,6,119,1998,1140,2104,2352,3213,0.926,3,"\begin{equation*}
RMS(\omega_{y}^{\prime})=\sqrt{\frac{1}{n}\sum(\omega_{\gamma}^{\prime\prime})^{2}},\ \ \omega_{y}^{\prime\prime}=\begin{cases}
\omega_{y}^{\prime}, & if\ \omega_{y}^{\prime}\geq 0\\
0.1\times\omega_{y}^{\prime}, &if\ \omega_{y}^{\prime} < 0
\end{cases}\tag{1}
\end{equation*}",1vaY4_pEwjhmpGdLu5t_6x9nLndA8XHHn
2023,10.1109/TVCG.2023.3326603,10294258,J,Equations,2,tvcg_2023_3326603_eq_2.png,6,391,2799,1140,2854,2352,3213,0.9,3,"\begin{equation*}
C_{h}=C\times(1-S_{t})\times S_{p}\times S_{v} \tag{2}
\end{equation*}",1K7qZTyI6i5YvtVDkA9LCxs6TI7sqRDiD
2023,10.1109/TVCG.2023.3326603,10294258,J,Equations,3,tvcg_2023_3326603_eq_3.png,6,1548,1545,2235,1644,2352,3213,0.918,3,"\begin{equation*}
\tilde{C}_{h}=C_{h}\times\rho\times\frac{L}{\sqrt[4]{n}}\tag{3}
\end{equation*}",193s8P2KcwWVKqFa8atgpKPmGzGy5BX9R
2023,10.1109/TVCG.2023.3326603,10294258,J,Table,2,tvcg_2023_3326603_table_2.png,8,82,339,2250,644,2352,3213,0.957,2,"Table 2: This table shows the parameters and performance statistics of the flow datasets used in our experiments. Time shows the performance of the region growing and splitting. PP Time is the performance measure of the post-processing (PP) steps including the region simplification, surface extraction, skeletonization, and vortex profiling combined (with a serial implementation). The performance is measured on a PC with an Intel Xeon(R) CPU E5-2630 and 32G RAM. Readers can refer to the supplemental document for the details of the datasets.",1IjhOiFj5s_lPEDjc7kKIe0z-jndNo1YL
2023,10.1109/TVCG.2023.3326931,10296853,J,Equations,1,tvcg_2023_3326931_eq_1.png,3,1501,2557,2273,2671,2352,3213,0.945,5,"\begin{equation*}
M^{0}(i, j)=\begin{cases}
0, & I^{0}(i, j)=0\\
\infty, &\quad\ \ \text{else}
\end{cases},
\tag{1}
\end{equation*}",1KWOcaofSk0mKfxg5uFdZgmJJXYX7cMLy
2023,10.1109/TVCG.2023.3326931,10296853,J,Equations,2,tvcg_2023_3326931_eq_2.png,3,1371,2833,2273,2950,2352,3213,0.943,5,"\begin{equation*}
M^{\tau}(i, j)=\begin{cases}
\min\{M^{\tau-1}(i, j), t\}, & I^{\tau}(i, j)=0\\
\quad\ \ M^{\tau-1}(i, j), &\quad\ \ \text{else}
\end{cases}. \tag{2}
\end{equation*}",1yackwqoKPbWimwBFzDlqvcqA65FHh8Tb
2023,10.1109/TVCG.2023.3326931,10296853,J,Equations,3,tvcg_2023_3326931_eq_3.png,4,398,1027,1141,1144,2352,3213,0.859,5,"\begin{equation*}
\mathscr{F}^{\eta+1}=\bigcup\limits_{(i, j)\in\mathscr{F}\eta} \mathscr{N}(i, j). \tag{3}
\end{equation*}",1WHdVwbWTw3ANLgmr9NwOIyIPtTCvciPU
2023,10.1109/TVCG.2023.3326931,10296853,J,Equations,4,tvcg_2023_3326931_eq_4.png,5,245,2050,1178,2169,2352,3213,0.95,5,"\begin{equation*}
d_{H}(\Gamma^{-},\Gamma^{+})=\max\left\{\max\limits_{p\in\Gamma^{-}}d(p,\Gamma^{+}),\max\limits_{q\in\Gamma^{+}}d(q,\Gamma^{-})\right\} \tag{4}
\end{equation*}",1OaVJE5SmHpN-d1q6F3mY2Dp7AeDe0TLF
2023,10.1109/TVCG.2023.3326931,10296853,J,Equations,5,tvcg_2023_3326931_eq_5.png,5,423,2635,1178,2727,2352,3213,0.938,5,"\begin{equation*}
d_{H}^{\pm}(\Gamma,\Gamma^{\pm}):=\max\limits_{p\in\Gamma} d(p,\Gamma^{\pm}). \tag{5}
\end{equation*}",1QQKGuStGgmM2k4nAuhCYNARTumfFQTeK
2023,10.1109/TVCG.2023.3326931,10296853,J,Table,1,tvcg_2023_3326931_table_1.png,11,1373,2171,2114,2368,2352,3213,0.962,2,Table 1: Information for the datasets with varying geometries. Performance was measured from loading the image files to rendering.,1DEzvREor7rVXnGs1QFigWD6SX7epN53j
2023,10.1109/TVCG.2023.3326931,10296853,J,Table,2,tvcg_2023_3326931_table_2.png,11,1210,2559,2284,3025,2352,3213,0.61,2,Table 2: Information for the ensemble datasets. Performance was measured from loading the image files to rendering. Please find the cell legend in the upper right cell of the table.,1OVljloCbd_CyD0lStddNJJiN9RzUGXa_
2023,10.1109/TVCG.2023.3327201,10308641,J,Table,1,tvcg_2023_3327201_table_1.png,5,143,154,2265,577,2352,3213,0.976,2,"Table 1: The visual clustering factors revealed by our preliminary user study (sect. 4.1; first column) and the corresponding features designed for the regression module predicting the human-judged separability of gaussian components (sect. 4.2; second column). The third column depicts how we compute each feature, and the fourth column represents whether or not the feature is used in the final regression module (sect. 5.1). Empowered by the designed features, the module succeeds in precisely estimating the separability scores.",1DGfHO5Vy5jUi7bxbPlOOzJ-R2ccMLTD4
2023,10.1109/TVCG.2023.3327201,10308641,J,Table,2,tvcg_2023_3327201_table_2.png,5,1218,864,2267,1569,2352,3213,0.883,2,"Table 2: The result of an ablation study (sect. 5.1) analyzing the performance of a regression module estimating human-judged separability scores. We seek how the performance of the module varies as we remove a single (a) or a pair (b) of features, reporting the $R^{2}$ score (first row in (a), upper right half in (b)), and the change rate compared to the model using entire features (second row in (a), lower left half in (b)).",1rMI_z4CWVodVRgXQhL_8rQn7q--nq3yf
2023,10.1109/TVCG.2023.3327201,10308641,J,Equations,1,tvcg_2023_3327201_eq_1.png,8,89,2532,1124,2639,2352,3213,0.922,1,"\begin{equation*}loss (h, h_{1})=\begin{cases}CA(t(X,\ h)) &\text{if}\ \ \vert m(t(Z, h_{1}))-m(t(Z, h))\vert < \tau\\
\qquad\infty &\text{if}\ \ \vert m(t(Z, h_{1}))-m(t(Z, h))\vert > \tau
\end{cases}.\end{equation*}",1dQc-gri_BXs5fm9gc0GjdPNVJ6zKuQSU
2023,10.1109/TVCG.2023.3327187,10308618,J,Equations,1,tvcg_2023_3327187_eq_1.png,3,1227,1386,2252,1538,2352,3213,0.917,1,,13eSsxbqb9lFTsgKaZEIA1u5eSokydcTY
2023,10.1109/TVCG.2023.3327187,10308618,J,Equations,2,tvcg_2023_3327187_eq_2.png,3,1383,1915,2091,2057,2352,3213,0.897,1,,1Dyw-jU6CHEdX_tv6bW3rXUwrOjT6rRGL
2023,10.1109/TVCG.2023.3326596,10292566,J,Equations,1,tvcg_2023_3326596_eq_1.png,2,1430,1998,2232,2106,2352,3213,0.932,8,,1Z21e2PtkfKzSSUkzvMnc3h6yh1nfrC9-
2023,10.1109/TVCG.2023.3326596,10292566,J,Algorithms,1,tvcg_2023_3326596_alg_1.png,3,1211,156,2271,2119,2352,3213,1.0,0,,1M7zfujbSZ6Eu10a6lgawMfRtP3amGA-5
2023,10.1109/TVCG.2023.3326596,10292566,J,Equations,2,tvcg_2023_3326596_eq_2.png,4,432,2316,1136,2382,2352,3213,0.907,8,,1aeGHkeWqebhfJwC4PNOm99Q7lN_ln4rS
2023,10.1109/TVCG.2023.3326596,10292566,J,Equations,3,tvcg_2023_3326596_eq_3.png,4,324,2396,1137,2510,2352,3213,0.876,8,,1jLbjXO_Zo8MTqb2orNAWcXCvMkWqvCKJ
2023,10.1109/TVCG.2023.3326596,10292566,J,Equations,4,tvcg_2023_3326596_eq_4.png,4,1347,915,2234,1108,2352,3213,0.961,8,,11HUEtQQcwHUu-XmcDAaRGDaCn47IwUS9
2023,10.1109/TVCG.2023.3326596,10292566,J,Equations,5,tvcg_2023_3326596_eq_5.png,4,1374,1790,2233,1966,2352,3213,0.953,8,,1h2ZFpxYR9UZkeN1XtH5MzOrRnlYYO0F0
2023,10.1109/TVCG.2023.3326596,10292566,J,Equations,6,tvcg_2023_3326596_eq_6.png,4,1311,2656,2233,2781,2352,3213,0.951,8,,1HGWfjAmdlzGHvOHZNf2LJqqb7FfVc96A
2023,10.1109/TVCG.2023.3326596,10292566,J,Equations,7,tvcg_2023_3326596_eq_7.png,5,422,514,1176,637,2352,3213,0.938,8,,1R0MZeNpUb8dirDpybZ6NZhHAFhW2ucfv
2023,10.1109/TVCG.2023.3326596,10292566,J,Equations,8,tvcg_2023_3326596_eq_8.png,5,343,888,1176,1056,2352,3213,0.956,8,,1MHPQlfHkEW2K3dof43MHCOywMkPGFYLA
2023,10.1109/TVCG.2023.3326596,10292566,J,Equations,9,tvcg_2023_3326596_eq_9.png,5,425,1413,1177,1504,2352,3213,0.938,8,,19ocITCDx1I8WdLUmnQYG6VpXoqJDBg3z
2023,10.1109/TVCG.2023.3326937,10308620,J,Equations,1,tvcg_2023_3326937_eq_1.png,5,1342,940,1761,1104,2352,3213,0.881,0,,1HuO0M3CQwf4NAh1eoDwAJeJilDBpl9Ev
2023,10.1109/TVCG.2023.3326937,10308620,J,Table,1,tvcg_2023_3326937_table_1.png,6,99,233,2209,463,2352,3213,0.758,3,Table 1: Task types. List of task types and corresponding question structures for our user study. Each trial corresponded to a given task sub-type.,1z6aeJk8ptVFRWRPFX2dnDWH-PYDD8Fmb
2023,10.1109/TVCG.2023.3326937,10308620,J,Table,2,tvcg_2023_3326937_table_2.png,8,129,1569,2174,2096,2352,3213,0.975,3,Table 2: Performance comparison. Comparing tactile graphics and TactualPlot for the numerosity (N) task.,1sR5qoxNN44WNcwSTd3Cw1bnbR0vhscca
2023,10.1109/TVCG.2023.3326937,10308620,J,Table,3,tvcg_2023_3326937_table_3.png,8,1172,2240,2264,2431,2352,3213,0.962,3,Table 3: Expert reviewer demographics and experience.,15wSUHsy8uNhiHA0DPLz1qEcrlnnmQmMT
2023,10.1109/TVCG.2023.3327198,10303764,J,Equations,1,tvcg_2023_3327198_eq_1.png,3,1677,1903,2273,2001,2352,3213,0.929,5,\begin{equation*}r=\frac{\rho l}{a}\tag{1}\end{equation*},1fz-_7-x2d6FVsgLiWiLjIzSAuXLtoyC1
2023,10.1109/TVCG.2023.3327198,10303764,J,Equations,2,tvcg_2023_3327198_eq_2.png,3,1571,2383,2273,2470,2352,3213,0.926,5,\begin{equation*}v(t)=v_{\text{in}}\left(1-e^{-\frac{t}{cr}}\right)\tag{2}\end{equation*},1tOJWEVr96gmh_avIKhio63-V6JVHiIFr
2023,10.1109/TVCG.2023.3327198,10303764,J,Equations,3,tvcg_2023_3327198_eq_3.png,4,1296,1958,2234,2056,2352,3213,0.651,5,"\begin{equation*}
\underset{\mathbf{r}\in\mathbb{R}^{N-1},r_{\min}\leq r_{k}\leq r_{\max}}{\arg\max}
\min\{d_{i, j}(\mathbf{r})\vert 1\leq i\leq N, 1\leq j\leq N\} \tag{3}
\end{equation*}",1FiRtmXQq34Dx2nWn15HYQyeb6sy7f943
2023,10.1109/TVCG.2023.3327198,10303764,J,Algorithms,1,tvcg_2023_3327198_alg_1.png,5,117,156,1177,1047,2352,3213,1.0,0,,1FXvunX7ITn089yuDm9qhZvt2lMVijHc7
2023,10.1109/TVCG.2023.3327198,10303764,J,Equations,4,tvcg_2023_3327198_eq_4.png,5,1553,787,2274,846,2352,3213,0.92,5,"\begin{equation*}\mathbf{r}\leftarrow\mathbf{r}-\alpha\,\text{grad}(d_{x, y})(\mathbf{r}) \tag{4}\end{equation*}",1Zqx8BmSU1Ias5JP_I5Jm1vy0n59zWVg4
2023,10.1109/TVCG.2023.3327198,10303764,J,Equations,5,tvcg_2023_3327198_eq_5.png,5,1294,2974,2273,3076,2352,3213,0.916,5,"\begin{equation*}J_{\text{int}}=\sum\limits_{i}\sum\limits_{j, j\neq i}\text{ReLU}\left(\text{dist}(e_{i},e_{j})-\text{radius}(e_{i})-\text{radius}(e_{j})\right)\tag{5}
\end{equation*}",1TKpmRqJU-4t45t6dic-zfcPNOAC_pRrZ
2023,10.1109/TVCG.2023.3327170,10296056,J,Table,1,tvcg_2023_3327170_table_1.png,5,115,350,2304,1018,2352,3213,0.985,1,"Table 1: The table displays eight data fact types and their corresponding attributes, including the data types involved, the number of data points related, and the text description template. C, T, N indicate the categorical, temporal, and numerical data types, respectively. Breakdown represents the independent variables of a chart, measure refers to the dependent variables, focus denotes the data points related to the data fact, and others such as rank and corr are parameters which describe the data fact.",1oH41B1qpNYGyiFBxfraxMJ-odsx8LCqD
2023,10.1109/TVCG.2023.3327194,10297599,J,Equations,1,tvcg_2023_3327194_eq_1.png,3,1370,2608,2273,2819,2352,3213,0.951,9,"\begin{equation*}\begin{bmatrix}p_{x}^{l}\\ p_{y}^{l}\\ p_{z}^{l}\\ 1\end{bmatrix}=
\begin{bmatrix}G_{i, 0,0} &G_{i, 0,1} &G_{i, 0,2} &G_{i, 0,3}\\
G_{i, 1,0} &G_{i, 1,1} &G_{i, 1,2} &G_{i, 1,3}\\
G_{i, 2,0} &G_{i, 2,1} &G_{i, 2,2} &G_{i, 2,3}\\
0 &0 &0 &1\end{bmatrix}\begin{bmatrix}p_{x}^{g}\\ p_{y}^{g}\\ p_{z}^{g}\\ 1\end{bmatrix},\tag{1}
\end{equation*}",10mUQihmiiZ8462h6MHZrLBV5c_9Y2ZRU
2023,10.1109/TVCG.2023.3327194,10297599,J,Equations,2,tvcg_2023_3327194_eq_2.png,4,272,572,2236,705,2352,3213,0.943,9,"\begin{equation*}e_{i}(x_{l})=\begin{cases}
\text{interp}(F_{i},x_{l}) &\text{if}-1\leq x_{l}\leq 1\\
0, &\text{otherwise}\end{cases}\tag{2}\end{equation*}",18TAjUWkZ6izw_Xd9RjabERJgsPHOvqe-
2023,10.1109/TVCG.2023.3327194,10297599,J,Equations,3,tvcg_2023_3327194_eq_3.png,4,160,1052,1141,1118,2352,3213,0.941,9,\begin{equation*}e(x_{g})=e_{0}(G_{0}(x_{g}))\oplus e_{1}(G_{1}(x_{g}))\oplus\ldots\oplus e_{M-1}(G_{M-1}(x_{g}))\tag{3}\end{equation*},1A15yievbaz1qzzBXI3azdDelUyf6Hf4S
2023,10.1109/TVCG.2023.3327194,10297599,J,Equations,4,tvcg_2023_3327194_eq_4.png,4,1400,568,2236,706,2352,3213,0.95,9,"\begin{equation*}\rho(x)=\sum\limits_{i=0}^{M-1}\begin{cases}1 &\text{if}-1\leq G_{i}(x)\leq 1\\
0, &\text{otherwise}\end{cases},\tag{4}\end{equation*}",1QaH31S0-9ACFkoJ1xXEZApVwiz32w-hl
2023,10.1109/TVCG.2023.3327194,10297599,J,Equations,5,tvcg_2023_3327194_eq_5.png,4,1314,1046,2236,1184,2352,3213,0.951,9,"\begin{equation*}\rho(x)=\sum\limits_{i=0}^{M-1}\begin{cases}
\det(G_{i, 0:3,0:3}) &\text{if}-1\leq G_{i}(x)\leq 1\\
0, &\text{otherwise}\end{cases},\tag{5}\end{equation*}",1jiNKcebXsdxr48ITWs-jpJWfFDzYHqwc
2023,10.1109/TVCG.2023.3327194,10297599,J,Equations,6,tvcg_2023_3327194_eq_6.png,4,1422,1941,2235,2061,2352,3213,0.514,9,"\begin{equation*}g(x, p)=A\exp\left(-\left(\frac{(x-\mu)^{2p}}{2\sigma^{2}}\right)\right),\tag{6}\end{equation*}",1HQWxZ1YpdqVLG5anmOfmYYGOGby14U97
2023,10.1109/TVCG.2023.3327194,10297599,J,Equations,7,tvcg_2023_3327194_eq_7.png,4,1211,2395,2235,2538,2352,3213,0.953,9,"\begin{equation*}\rho(x)=\sum\limits_{i=0}^{M-1}\left(\det(G_{i, 0:3,0:3})\cdot\exp\left(-\left(\sum\limits_{d=0}^{2}(G_{i}(x)_{d})^{2p}\right)\right)\right),\tag{7}\end{equation*}",1MPgV7Zmuiudr-56U0RWClM7yyLUV_1bp
2023,10.1109/TVCG.2023.3327194,10297599,J,Equations,8,tvcg_2023_3327194_eq_8.png,5,303,278,1178,397,2352,3213,0.951,9,\begin{equation*}\rho^{\ast}(x)= \exp\left(\frac{\overline{h}}{h(x)+\varepsilon}\log(\rho_{\text{scaled}}(x)+\varepsilon)\right)\tag{8}\end{equation*},1Kr3gYl7ykwYUzojmLsWZzRJTeUrNMbob
2023,10.1109/TVCG.2023.3327194,10297599,J,Equations,9,tvcg_2023_3327194_eq_9.png,5,287,1061,1178,1183,2352,3213,0.954,9,"\begin{equation*}\mathscr{L}_{\text{density}}=\frac{1}{\vert X\vert}\sum\limits_{x\in X}\rho_{\text{scaled}}(x) \log\left(\frac{\rho_{\text{scaled}}(x)}{\rho^{\ast}(x)}\right),\tag{9}\end{equation*}",1MfD--xpXvnixiL0vhPscy-3koPUCOZDs
2023,10.1109/TVCG.2023.3327171,10309865,J,Equations,1,tvcg_2023_3327171_eq_1.png,2,1447,1640,2235,1704,2352,3213,0.927,14,,14Kq2FzN4z793RzdjwaxnlE-Nzdx8CU83
2023,10.1109/TVCG.2023.3327171,10309865,J,Equations,2,tvcg_2023_3327171_eq_2.png,2,1337,1943,2235,2067,2352,3213,0.951,14,,1gFgWVk7oZ1LiwfPgE9VF-v2zM3kZGNOT
2023,10.1109/TVCG.2023.3327171,10309865,J,Equations,3,tvcg_2023_3327171_eq_3.png,2,1213,2135,2235,2260,2352,3213,0.934,14,,1ktz2M_YoARy4M3HyVCDN1RL2q6K9zBvg
2023,10.1109/TVCG.2023.3327171,10309865,J,Equations,4,tvcg_2023_3327171_eq_4.png,3,321,303,1179,429,2352,3213,0.938,14,,1sk4ZFSNG9F1oNSi5p9PdjQrKnPFqbKRp
2023,10.1109/TVCG.2023.3327171,10309865,J,Equations,5,tvcg_2023_3327171_eq_5.png,3,291,652,1179,777,2352,3213,0.869,14,,1QhQIv22TR9TRY_yIvDf_HyBEZuTQgnyR
2023,10.1109/TVCG.2023.3327171,10309865,J,Equations,6,tvcg_2023_3327171_eq_6.png,3,1364,2062,2273,2127,2352,3213,0.898,14,,1uHwbqa1Fsg_zo-5PhSDdB__GZ6iJFW1W
2023,10.1109/TVCG.2023.3327171,10309865,J,Equations,7,tvcg_2023_3327171_eq_7.png,3,1509,2849,2273,2908,2352,3213,0.933,14,,1xx0Tx8ilbH46plY3BjafuU3KOI8jwaAC
2023,10.1109/TVCG.2023.3327171,10309865,J,Equations,8,tvcg_2023_3327171_eq_8.png,3,1475,2907,2272,2969,2352,3213,0.909,14,,1-OcKg3yB32RmkkypbvsSHadvVdTF4JgX
2023,10.1109/TVCG.2023.3327171,10309865,J,Equations,9,tvcg_2023_3327171_eq_9.png,4,518,2046,1140,2107,2352,3213,0.918,14,,1sgp00HcUbkho-dYUUZKMLUeBm-QygQJk
2023,10.1109/TVCG.2023.3327171,10309865,J,Equations,10,tvcg_2023_3327171_eq_10.png,4,314,2423,1141,2490,2352,3213,0.928,14,,1PdMbu30hEMchJrU1fz46188nUt2q79YL
2023,10.1109/TVCG.2023.3327171,10309865,J,Equations,11,tvcg_2023_3327171_eq_11.png,4,1591,263,2236,322,2352,3213,0.919,14,,111jRSbc-zsgLeTs3PdiJ01JynYKYxw4V
2023,10.1109/TVCG.2023.3327171,10309865,J,Equations,12,tvcg_2023_3327171_eq_12.png,4,1234,331,2235,394,2352,3213,0.936,14,,1faQvM6LvL1SISVEFzVz6-QuR86iQkm-o
2023,10.1109/TVCG.2023.3327171,10309865,J,Equations,13,tvcg_2023_3327171_eq_13.png,4,1283,1152,2071,1428,2352,3213,0.805,14,,1hi9yuFWIH2peWDeZ6pQTiS8pGGlBC7qd
2023,10.1109/TVCG.2023.3327171,10309865,J,Equations,14,tvcg_2023_3327171_eq_14.png,4,1195,1421,2153,1540,2352,3213,0.78,14,,1EYtAz9zAHkeXCjJvtq1rXmHfWGeWdkev
2023,10.1109/TVCG.2023.3327171,10309865,J,Algorithms,1,tvcg_2023_3327171_alg_1.png,5,117,395,1177,1250,2352,3213,1.0,1,Algorithm 1: Uncertainty Aware Super-Resolution,1S-3t-fFYXQxGLX7Ub4vyS6FnSSnSC2gI
2023,10.1109/TVCG.2023.3327171,10309865,J,Equations,15,tvcg_2023_3327171_eq_15.png,5,444,2324,1178,2390,2352,3213,0.924,14,,1gjUSkGlrgeRrmfoPq9-cAygfH_qCoirQ
2023,10.1109/TVCG.2023.3327171,10309865,J,Equations,16,tvcg_2023_3327171_eq_16.png,5,450,2590,1178,2658,2352,3213,0.936,14,,1PFlPxAooEYsYBJG20rpn6xeQsWquup4E
2023,10.1109/TVCG.2023.3327171,10309865,J,Equations,17,tvcg_2023_3327171_eq_17.png,5,501,2857,1178,2922,2352,3213,0.937,14,,1DNGQS6Cp8TKIIjb2rnMrUE8U6_wChLVC
2023,10.1109/TVCG.2023.3327171,10309865,J,Table,1,tvcg_2023_3327171_table_1.png,5,1210,2211,2289,2430,2352,3213,0.977,3,"Table 1: Dataset name, training data, validation data, the total number of data pairs for training, and high-resolution output block size.",1RMwAukO0dTkVy1nax4xMEoUgk-BaUoUb
2023,10.1109/TVCG.2023.3327171,10309865,J,Table,2,tvcg_2023_3327171_table_2.png,6,153,2132,1050,2461,2352,3213,0.979,3,"Table 2: Model size (G: generator, D: discriminator), total training time, and testing time for an upscale factor of 2x for vortex data.",17pJccgjlIpjOq53U5JOoqQ3oxEIm1rzH
2023,10.1109/TVCG.2023.3327171,10309865,J,Table,3,tvcg_2023_3327171_table_3.png,7,352,188,2026,1008,2352,3213,0.2,3,Table 3: PSNR and volume rendering image SSIM for psrflow and baselines' SR output. The best ones within 2% difference are highlighted in bold.,1kHQPwTF8-W0QlJPCgRxszBhSb2xH2MMB
2023,10.1109/TVCG.2023.3326590,10291030,J,Table,1,tvcg_2023_3326590_table_1.png,5,1261,197,2225,859,2352,3213,0.981,1,Table 1: Demographics of participants per experiment,1226fuseHdlxkQnXMkBWR3D6UkIFNCa2N
2023,10.1109/TVCG.2023.3326527,10290999,J,Equations,1,tvcg_2023_3326527_eq_1.png,5,204,2700,1178,2763,2352,3213,0.752,3,"\begin{equation*}n_{i}=(e_{i}-b_{i})/e_{max};\ where\ e_{max}= \max(\vert e_{1}\vert,\vert e_{2}\vert,\ldots,\vert e_{n}\vert)\tag{1}\end{equation*}",107b2m1f8HgeSaVJpeVkSkfnOM44boA1W
2023,10.1109/TVCG.2023.3326527,10290999,J,Table,1,tvcg_2023_3326527_table_1.png,6,81,1186,1129,1954,2352,3213,0.962,1,Table 1: Functionalities of Draco soft constraints covered by existing graphical perception work.,1PjCXOtO-D_XnFrajn_rkHIIMBH_LzFPL
2023,10.1109/TVCG.2023.3326527,10290999,J,Equations,2,tvcg_2023_3326527_eq_2.png,6,1562,2663,2235,2723,2352,3213,0.927,3,\begin{equation*}s_{i}=sign(p_{i}-b_{i})\tag{2}\end{equation*},1d7yUsUOO7rvki4D1XhsFj2MxjXMaAUM2
2023,10.1109/TVCG.2023.3326527,10290999,J,Equations,3,tvcg_2023_3326527_eq_3.png,7,1223,1893,2273,1962,2352,3213,0.706,3,"\begin{equation*}n_{i}=(p_{i}-b_{i})/w_{max};\ where\ w_{max}= \max(\vert p_{i}^{1}\vert, \vert p_{i}^{2}\vert, \ldots,\vert p_{i}^{k}\vert, \vert b_{i}\vert)\tag{3}\end{equation*}",1pHRb-Vf4iP8xbbjqJOphVCNXYPlejegW
2023,10.1109/TVCG.2023.3326592,10292439,J,Equations,1,tvcg_2023_3326592_eq_1.png,5,349,1438,945,1556,2352,3213,0.946,4,"\begin{equation*}
f(x, y, z)=\mathscr{N}(x, y, z)+\sum\limits_{i}^{NOF}\mathscr{G}_{i}(x, y, z),
\end{equation*}",1oPuCRQWKaUZ6AeP_ocGDt8GBpbgmcjHp
2023,10.1109/TVCG.2023.3326592,10292439,J,Equations,2,tvcg_2023_3326592_eq_2.png,5,180,1716,1112,1833,2352,3213,0.95,4,"\begin{equation*}
\mathcal{G}_{i}(x, y, z)=a_{i}\cdot\exp\left(-\left(\frac{(x-x_{i})^{2}+(y-y_{i})^{2}+(z-z_{i})^{2}}{2\sigma^{2}}\right)\right),
\end{equation*}",1X1o8KH2aC2a8sXRxYVRQ3KBeH_VTqbI2
2023,10.1109/TVCG.2023.3326592,10292439,J,Equations,3,tvcg_2023_3326592_eq_3.png,5,406,2015,891,2077,2352,3213,0.923,4,"\begin{equation*}
\mathscr{N}(x, y, z)=S_{N}.Perlin (x, y, z),
\end{equation*}",1sNGSTiFfvA4XaJE-7GWS55kibfnXl-LE
2023,10.1109/TVCG.2023.3326592,10292439,J,Equations,4,tvcg_2023_3326592_eq_4.png,5,1529,1196,1953,1255,2352,3213,0.927,4,"\begin{equation*}
A^{\prime}=\vert d(A_{0},B)-d(A_{1},B)\vert,
\end{equation*}",1O3_70A5jvGwqi9l3RDFXFqdGdjtjakYi
2023,10.1109/TVCG.2023.3326592,10292439,J,Table,1,tvcg_2023_3326592_table_1.png,7,1221,1614,2264,1946,2352,3213,0.966,2,Table 1: Summary of the results for the positional variation trials. Accuracy was measured as $N_{correct}/(N_{correct}+N_{inorrect})$. Bold indicates statistical significance ($p <. 05$) calculated using a binomial test.,1a0Av7t103E59B7BKGJ8JEHje7Rx5FV3d
2023,10.1109/TVCG.2023.3326592,10292439,J,Table,2,tvcg_2023_3326592_table_2.png,8,93,2735,1132,3061,2352,3213,0.956,2,Table 2: Summary of the results for the amplitude variation trials. Accuracy was measured as $N_{correct}/(N_{correct}+N_{incorrect})$. Bold indicates statistical significance ($p <. 05$) calculated using a binomial test.,1YyQ3mnQwfIsPZOeRsAb-UEBe-hqRnnsq
2023,10.1109/TVCG.2023.3326601,10296528,J,Equations,1,tvcg_2023_3326601_eq_1.png,3,297,2311,999,2486,2352,3213,0.953,5,"\begin{align*}
\text{rel} (M) & =\{(\ell_{1}(p_{1}), \ell_{2}(p_{2}))\ \vert\ (p_{1}, p_{2})\in M\},\\
\text{ins} (M) & =\{(0, \ell_{2}(e_{2}))\ \vert\ e_{2}\in E(T_{2}), e_{2}\not\in M\},\\
\text{del} (M) & =\{(\ell_{1}(e_{1}), 0)\ \vert\ e_{1}\in E(T_{1}), e_{1}\not\in M\}.
\end{align*}",1zbjdj04sPGvhpBKhFaacu63ws3cs8u9o
2023,10.1109/TVCG.2023.3326601,10296528,J,Equations,2,tvcg_2023_3326601_eq_2.png,3,162,2658,1178,2764,2352,3213,0.93,5,"\begin{equation*}
\mathrm{c}(M)=\sum\limits_{(l_{1},l_{2})\in \text{edits} (M)} \mathrm{c}(l_{1}, l_{2}),\ \delta_{P}(T_{1}, T_{2})= \min\limits_{M\ between\ T_{1},T_{2}} \{c(M)\}.
\tag{1}
\end{equation*}",15wIrTPVRpws-fF-xDhP3Wa4pS1-Gig8j
2023,10.1109/TVCG.2023.3326601,10296528,J,Equations,3,tvcg_2023_3326601_eq_3.png,3,1252,692,2232,761,2352,3213,0.932,5,"\begin{equation*}
\mathscr{B}_{1}^{\prime}=\mathscr{B}_{1}\cup\{\Delta(b_{2})\ \vert\ b_{2}\in \mathscr{B}_{2}\},\ \mathscr{B}_{2}^{\prime}=\mathscr{B}_{2}\cup\{\Delta(b_{1})\ \vert\ b_{1}\in \mathscr{B}_{1}\},
\end{equation*}",1NWRO_CCe2U9AdEewB6wwaWjgzNb9EGHr
2023,10.1109/TVCG.2023.3326601,10296528,J,Equations,4,tvcg_2023_3326601_eq_4.png,3,1279,1192,2117,1266,2352,3213,0.942,5,"\begin{equation*}
d_{2}(b_{1},b_{2})=(\vert x_{2}-x_{1}\vert ^{2}+\vert y_{2}-y_{1}\vert ^{2})^{1/2}=\Vert b_{1}-b_{2}\Vert_{2}.
\end{equation*}",1LzZhJilbHO4gYlqz11vt-mIC5UWdMvDs
2023,10.1109/TVCG.2023.3326601,10296528,J,Equations,5,tvcg_2023_3326601_eq_5.png,3,1351,1404,2274,1522,2352,3213,0.953,5,"\begin{equation*}
W_{2}^{\mathscr{T}}(\mathscr{B}_{1},\mathscr{B}_{2})=\min\limits_{\psi\in\Phi}(\sum\limits_{b_{1}\in \mathscr{B}_{1}^{\prime}}d_{2}(b_{1}, \phi(b_{1}))^{2})^{1/2}, \tag{2}
\end{equation*}",1bH36gB8umy7UVRUguEaucySOSkWgYN_2
2023,10.1109/TVCG.2023.3326601,10296528,J,Algorithms,1,tvcg_2023_3326601_alg_1.png,5,117,168,1177,1822,2352,3213,1.0,0,,1hw_WdViO-PKLvtS45g_2ISFWhlHW4ycl
2023,10.1109/TVCG.2023.3326601,10296528,J,Table,1,tvcg_2023_3326601_table_1.png,9,1230,1468,2267,1985,2352,3213,0.952,1,"Table 1: Runtime performance of the path mapping and wasserstein barycenters for various datasets. $\vert T\vert$ denotes the average size of the member trees, k the amount of members. The columns labeled $\vert B\vert$ show the minimum and maximum barycenter size, averaged over the different runs. The average number of iterations is denoted by $n$ and average runtime by $t$.",1gu8LVz2-N_OZOxGJUKxnWh-GI_tZ7xyf
2023,10.1109/TVCG.2023.3326911,10295389,J,Table,1,tvcg_2023_3326911_table_1.png,4,1172,2341,2237,2549,2352,3213,0.96,1,Table 1: Time-series feedback retrieved from platform back-end.,126ixWZtm6a_ZzJ-fmrY7vNFMZU7yTbBk
2023,10.1109/TVCG.2023.3326585,10292609,J,Table,1,tvcg_2023_3326585_table_1.png,8,118,272,1084,550,2352,3213,0.975,1,Table 1: The average and standard deviation of task time (in minutes) and the total number of hints provided for chart reproduction tasks.,1DPo7fmaZA0qG1-LKMiNoocZQlPpdHblw
2023,10.1109/TVCG.2023.3327366,10296023,J,Equations,1,tvcg_2023_3327366_eq_1.png,3,1547,1817,2273,1891,2352,3213,0.931,7,,181T0TSl6-_W0hBSN-ijyhqc6xi9HDXf8
2023,10.1109/TVCG.2023.3327366,10296023,J,Equations,2,tvcg_2023_3327366_eq_2.png,3,1292,1909,2273,2045,2352,3213,0.941,7,,1HdYgZkE6qgX6b41XnKMhWo3KK5FbCBY6
2023,10.1109/TVCG.2023.3327366,10296023,J,Equations,3,tvcg_2023_3327366_eq_3.png,3,1550,2173,2273,2289,2352,3213,0.939,7,,1LVmo36S0XaKYNL-cQc7yW9a8eHBcLGFU
2023,10.1109/TVCG.2023.3327366,10296023,J,Equations,4,tvcg_2023_3327366_eq_4.png,4,276,1848,1139,1985,2352,3213,0.954,7,,18Jfncl1TiI3PaLzT2-2lie4DJ-8ddOPR
2023,10.1109/TVCG.2023.3327366,10296023,J,Equations,5,tvcg_2023_3327366_eq_5.png,4,336,2206,1140,2322,2352,3213,0.932,7,,1fM3yO2Uo8yS6QdfddfRQDKncN3FDlPMf
2023,10.1109/TVCG.2023.3327366,10296023,J,Equations,6,tvcg_2023_3327366_eq_6.png,7,436,245,1178,316,2352,3213,0.919,7,,1sBg7S39SPrkCwc-mueQz9bZq09RCfUpD
2023,10.1109/TVCG.2023.3327366,10296023,J,Equations,7,tvcg_2023_3327366_eq_7.png,7,450,958,1178,1066,2352,3213,0.931,7,,1dDFinBUGH_JVMz-obtYFK_s391ffdogU
2023,10.1109/TVCG.2023.3327366,10296023,J,Equations,8,tvcg_2023_3327366_eq_8.png,7,467,1290,1178,1408,2352,3213,0.907,7,,1DOub9HMIWSoi8angsEIDDdQtxqZY3KOw
2023,10.1109/TVCG.2023.3327366,10296023,J,Table,1,tvcg_2023_3327366_table_1.png,8,1172,1080,2239,1436,2352,3213,0.945,3,"Table 1: Rebuild and refit times (in ms, rebuild before “/” and refit after) for increasing particles per leaf from left to right. We observe faster tree updates with more particles per leaf.",1Go4-uHlWtJAdXSrvMhUyust1WNLtvuhe
2023,10.1109/TVCG.2023.3327366,10296023,J,Table,2,tvcg_2023_3327366_table_2.png,8,1174,1571,2243,2012,2352,3213,0.951,3,Table 2: Accel structure size for increasing particles per leaf from left to right. We observe that more particles per leaf result in linear memory savings. (in MB. OOM indicates “out of memory”),1EEUAsbGB0Sssb7H63RZxRlycrc_hVKM6
2023,10.1109/TVCG.2023.3327366,10296023,J,Table,3,tvcg_2023_3327366_table_3.png,9,1221,445,2262,802,2352,3213,0.971,3,"Table 3: A performance comparison against a pre-interpolated 5123 voxel grid and to Knoll et al.'s RT core splatter [15] for emission and absorption versions of the images in Figure 8, using a pre-interpolated classification. To capture time series exploration performance, we re-build trees every frame for our method and Knoll et al.'s, and for voxels we re-voxelize particles into the grid every frame. All numbers are reported in milliseconds per frame for single-sample-per-pixel images.",1IUCpXcIBOs3Xvxoczy9Ap0EfF3LugINX
2023,10.1109/TVCG.2023.3326576,10290958,J,Table,1,tvcg_2023_3326576_table_1.png,6,144,1315,1074,2264,2352,3213,0.706,3,Table 1: P-values of the pairwise wilcoxon-test for the error analysis per tasks with significant kruskal-wallis-test.,14dECbFEhO17o_gjzs4hJhd9q9wrildbK
2023,10.1109/TVCG.2023.3326576,10290958,J,Table,2,tvcg_2023_3326576_table_2.png,7,1275,866,2204,1485,2352,3213,0.634,3,Table 2: P-values of the pairwise $\chi^{2}$-test for the confidences per tasks with significant -test on all designs.,1AAJq5OZbVvtPxKcO7dmd69Wp_5p7kPix
2023,10.1109/TVCG.2023.3326576,10290958,J,Table,3,tvcg_2023_3326576_table_3.png,8,154,148,1065,764,2352,3213,0.545,3,Table 3: P-values of the pairwise wilcoxon-test for the response time analysis per tasks with significant kruskal-wallis-test.,1pzP1dIsr6TXZ69ArmKi35h96DVrRpq-4
2023,10.1109/TVCG.2023.3327200,10297595,J,Equations,1,tvcg_2023_3327200_eq_1.png,3,1562,574,2273,638,2352,3213,0.91,8,"\begin{equation*}
MDP=\{S, A, P, R, \gamma\}, \tag{1}
\end{equation*}",1KXRJ8MFaJOdENEYDO5um3jIVwl80dl3I
2023,10.1109/TVCG.2023.3327200,10297595,J,Equations,2,tvcg_2023_3327200_eq_2.png,3,1389,2312,2273,2380,2352,3213,0.919,8,"\begin{equation*}
\mathrm{S}=\{\{i_{1},i_{2}, \cdots, i_{j},\cdots, i_{n}\},i_{j}\in I\vert n\in[1,N]\} \tag{2}
\end{equation*}",1ezDdfLMPNpzTDHrpwsDS0E1pK0h_cPnq
2023,10.1109/TVCG.2023.3327200,10297595,J,Equations,3,tvcg_2023_3327200_eq_3.png,3,1279,2850,2273,2954,2352,3213,0.905,8,"\begin{equation*}
\text{insight} = \{\underbrace{\mathsf{type}, \mathsf{subspace}, \mathsf{breakdown}, \mathsf{measure}}_{metadata}, \underbrace{\mathsf{raw\ value}, \mathsf{derived\ value}}_{value}\}
\tag{3}
\end{equation*}",1WfM0TK3j-JGDIxu3RANerAZKu5qTbivR
2023,10.1109/TVCG.2023.3327200,10297595,J,Table,1,tvcg_2023_3327200_table_1.png,4,1170,152,2254,933,2352,3213,0.984,1,Table 1: The action space in our formulation.,1ypiU5W1XGSHlknu-9bmcS4-mHgtJGK2Q
2023,10.1109/TVCG.2023.3327200,10297595,J,Equations,4,tvcg_2023_3327200_eq_4.png,4,1461,1137,2236,1263,2352,3213,0.913,8,"\begin{equation*}
RF= \frac{1}{4\ast(n-1)}\sum\limits_{k=1}^{n-1}\vert m_{k}\cap m_{n}\vert \tag{4}
\end{equation*}",19E0F6F_BjG5zX-zUitUA5NlzBzQVWcgi
2023,10.1109/TVCG.2023.3327200,10297595,J,Equations,5,tvcg_2023_3327200_eq_5.png,4,1418,1795,2236,1921,2352,3213,0.952,8,"\begin{equation*}
RC_{r}= \frac{1}{n-1}\sum\limits_{k=1}^{n-1}\{1-cosine(e_{n}, e_{k})\} \tag{5}
\end{equation*}",1M5p6PlKJfUbxh2M7FNW6HBReb64ERPtR
2023,10.1109/TVCG.2023.3327200,10297595,J,Equations,6,tvcg_2023_3327200_eq_6.png,4,1572,2379,2236,2441,2352,3213,0.912,8,"\begin{equation*}
RC_{d}= \text{score} (i_{k}) \tag{6}
\end{equation*}",1a3awwDoZ8PaS3ZYeXjA3X5aIRC06JTYr
2023,10.1109/TVCG.2023.3327200,10297595,J,Equations,7,tvcg_2023_3327200_eq_7.png,4,1469,2635,2235,2696,2352,3213,0.915,8,"\begin{equation*}
r_{n}=w_{1}RF+w_{2}RC_{r}+w_{3}RC_{d} \tag{7}
\end{equation*}",1GliAxlQq0rB4Oak4savTPtSSox1wA2po
2023,10.1109/TVCG.2023.3327200,10297595,J,Equations,8,tvcg_2023_3327200_eq_8.png,6,238,3003,1140,3071,2352,3213,0.842,8,"\begin{equation*}
L(\theta)=E[w\cdot \hat{A}_{n}],\ \text{where}\ \hat{A}_{n}=r_{n}+\gamma \hat{G_{n+1}}-\hat{G}_{n} \tag{8}
\end{equation*}",1HY0rKM0Yd55NGAoYE9VS6FHpRpUH6pyq
2023,10.1109/TVCG.2023.3326929,10295394,J,Table,1,tvcg_2023_3326929_table_1.png,4,1272,2035,2128,2323,2352,3213,0.976,2,Table 1: Model performance.,1kTGNyxD0YZt4P3adowatwlc2XqSvPgTn
2023,10.1109/TVCG.2023.3326929,10295394,J,Table,2,tvcg_2023_3326929_table_2.png,5,326,1820,970,2007,2352,3213,0.975,2,Table 2: Experimental results of fusion strategy.,1kWdVxJyNFy_gLnrGiYDWYkwR7UUs93N_
2023,10.1109/TVCG.2023.3326933,10294203,J,Equations,1,tvcg_2023_3326933_eq_1.png,5,533,2378,1176,2437,2352,3213,0.837,6,,1KkucH5da9gEEFe_LNWr4cxWvyYFg9Udd
2023,10.1109/TVCG.2023.3326933,10294203,J,Equations,2,tvcg_2023_3326933_eq_2.png,5,535,2432,1174,2491,2352,3213,0.759,6,,1IMKz6OytJTvMYVdv_vZLfFYNaKLhQyw9
2023,10.1109/TVCG.2023.3326933,10294203,J,Equations,3,tvcg_2023_3326933_eq_3.png,5,535,2486,1176,2544,2352,3213,0.844,6,,1aONGQ6gkh3unUTbq42Xrcg6V-K4WKO_l
2023,10.1109/TVCG.2023.3326933,10294203,J,Equations,4,tvcg_2023_3326933_eq_4.png,5,510,2891,1176,2957,2352,3213,0.909,6,,1k_yXldiC7uDmIvVngQmdh7BSLAu-w6jx
2023,10.1109/TVCG.2023.3326933,10294203,J,Equations,5,tvcg_2023_3326933_eq_5.png,7,400,1139,1176,1258,2352,3213,0.916,6,,1XD-BqeAbuQsJC-7c_vYse7OusdSyykoa
2023,10.1109/TVCG.2023.3326933,10294203,J,Equations,6,tvcg_2023_3326933_eq_6.png,7,399,2628,1176,2752,2352,3213,0.865,6,,1stFm-NnPT3koKW3b94dMdh889iyGD4iA
2023,10.1109/TVCG.2023.3326933,10294203,J,Equations,7,tvcg_2023_3326933_eq_7.png,7,1518,758,2271,882,2352,3213,0.925,6,,1e9ASVcHON88WomT75_pL-hElXcHu66b6
2023,10.1109/TVCG.2023.3326933,10294203,J,Equations,8,tvcg_2023_3326933_eq_8.png,8,321,1266,1137,1332,2352,3213,0.919,6,,1eMYoFg9YngudSudjkgVGXkg_gXLK_u7d
2023,10.1109/TVCG.2023.3326927,10294217,J,Equations,1,tvcg_2023_3326927_eq_1.png,4,409,2081,1136,2208,2352,3213,0.942,9,,1lgtD3ai99qgiuwfzs3K3k6FuL9nnWrdU
2023,10.1109/TVCG.2023.3326927,10294217,J,Table,1,tvcg_2023_3326927_table_1.png,4,1170,152,2240,885,2352,3213,0.975,1,"Table 1: Our enumeration of all two-dimensional kaleidoscopic orbifolds based on the cardinality and the universal cover of the orbifolds. The orbifolds on each row have the same $N$, which is the cardinality of the underlying polygon.",1lt7N3HaKY9gfEBhK4RKJ0bp7osxlqDzY
2023,10.1109/TVCG.2023.3326927,10294217,J,Equations,2,tvcg_2023_3326927_eq_2.png,5,1337,2493,2271,2668,2352,3213,0.938,9,,1JtaBUVF-rAgopSLkELvUSuYXYbREe-wc
2023,10.1109/TVCG.2023.3326927,10294217,J,Equations,3,tvcg_2023_3326927_eq_3.png,6,335,1158,1136,1281,2352,3213,0.935,9,,1jUVJNj_CHfKzauxcA9pcCP1YdQQh1q1R
2023,10.1109/TVCG.2023.3326927,10294217,J,Equations,4,tvcg_2023_3326927_eq_4.png,6,458,1851,1137,1955,2352,3213,0.916,9,,16m9Hz-M6TQ9ZjzhYLXOpvJ603-xv3tk0
2023,10.1109/TVCG.2023.3326927,10294217,J,Equations,5,tvcg_2023_3326927_eq_5.png,6,1289,1550,2233,1726,2352,3213,0.952,9,,1P47nHrZiCFbtomzMZxlYPpEEbwvW3cEd
2023,10.1109/TVCG.2023.3326927,10294217,J,Equations,6,tvcg_2023_3326927_eq_6.png,6,1348,1965,2233,2088,2352,3213,0.95,9,,1CNn7CP6J6MttGOYQTo6IiWmkdWpiIyDU
2023,10.1109/TVCG.2023.3326927,10294217,J,Equations,7,tvcg_2023_3326927_eq_7.png,6,1559,2651,2233,2756,2352,3213,0.918,9,,1hIFflRXRrNHOHAYoPOOre3ezyeaf7Pix
2023,10.1109/TVCG.2023.3326927,10294217,J,Equations,8,tvcg_2023_3326927_eq_8.png,7,247,1503,1177,2002,2352,3213,0.908,9,,1wvzz924uCI4geQjKSd-2oxFqYa2o_7Xa
2023,10.1109/TVCG.2023.3326927,10294217,J,Equations,9,tvcg_2023_3326927_eq_9.png,7,232,2591,1049,2918,2352,3213,0.878,9,,1XBfCfVHDd7-G1G1Cs_8a17_7DgRX8E3W
2023,10.1109/TVCG.2023.3326927,10294217,J,Equations,10,tvcg_2023_3326927_eq_10.png,7,235,2916,1047,3081,2352,3213,0.759,9,,1vt82fRXWfWHcLmYyGtkF2xvykbCrbfXS
2023,10.1109/TVCG.2023.3326920,10309863,J,Equations,1,tvcg_2023_3326920_eq_1.png,4,198,2346,1140,2477,2352,3213,0.946,1,"\begin{equation*}\begin{cases}
l=f(b), u=f(a), &\forall x\in\phi^{-1}(e), x\neq a, x\neq b\\
l=f(x), u=f(x), &x=a\ \text{or}\ b
\end{cases}\tag{1}\end{equation*}",17AzQBbXTUpF1XXeQtT5YmAy1b5j9SZ9l
2023,10.1109/TVCG.2023.3326920,10309863,J,Table,1,tvcg_2023_3326920_table_1.png,6,86,399,2233,721,2352,3213,0.971,4,"Table 1: Comparing run time between TopoSZ and other lossy-compressors, including SZ3, ZFP, FPZIP, TTHRESH, and TopoQZ. Compression of TopoSZ contains two parts: initialization and iteration. CT, UBLB, and CSZ-1.4 represent the run time for computing the simplified contour tree with its induced segmentation, updating the lower and upper bound, and applying a customized SZ-1.4. # means the number of iterations. CM and DC stand for compression and decompression, respectively. All experiments use a global error bound $\xi=0.06$. For TopoSZ and TopoQZ, the persistence threshold $\varepsilon=0.06$ all times are in seconds.",1Afu0DwW20lpgamVjX3VV-8icuuu6dJ81
2023,10.1109/TVCG.2023.3326920,10309863,J,Table,2,tvcg_2023_3326920_table_2.png,6,202,841,1020,1159,2352,3213,0.973,4,Table 2: Datasets used in our experiments.,1HYk8Ol2p7ob-VE_2uxN6XjO9PNfl5n5E
2023,10.1109/TVCG.2023.3326920,10309863,J,Table,3,tvcg_2023_3326920_table_3.png,7,1220,1321,2265,1566,2352,3213,0.952,4,"Table 3: The analysis of compression quality during iterations for the viscous fingers dataset. Init. And iter. Represent the initialization and iteration steps. #FC, EB (%), and RO represent the number of false cases after each step, updated upper and lower bound w.r.t. The data domain (%), and the compression ratio, respectively.",1b9kQxF4ZAz1EY0jenuVOTl4r3xs4gbKr
2023,10.1109/TVCG.2023.3326920,10309863,J,Table,4,tvcg_2023_3326920_table_4.png,9,123,1762,1177,2421,2352,3213,0.96,4,Table 4: A detailed run time analysis of TopoSZ with a varying persistence threshold $\varepsilon$. Notations in this table follow those of Table 1. All times are in seconds.,1BMs7Ch80hOvAH-7PeBxRseL7JtRgPsam
2023,10.1109/TVCG.2023.3327186,10308629,J,Algorithms,1,tvcg_2023_3327186_alg_1.png,3,1211,156,2271,619,2352,3213,1.0,0,,121u59kcfXXp3s_ta-taE32w-185AULFA
2023,10.1109/TVCG.2023.3327186,10308629,J,Algorithms,2,tvcg_2023_3327186_alg_2.png,3,1211,602,2271,1044,2352,3213,1.0,0,,1zA0RABZ35f_1aEHFjsq23xiMnc6gb50R
2023,10.1109/TVCG.2023.3327186,10308629,J,Equations,1,tvcg_2023_3327186_eq_1.png,3,1350,2317,2274,2439,2352,3213,0.943,3,,1aFmNqGfCdh_Y_MYf2tYzf3E9UJYwHzjt
2023,10.1109/TVCG.2023.3327186,10308629,J,Table,1,tvcg_2023_3327186_table_1.png,4,74,232,1150,596,2352,3213,0.973,2,Table 1: Data sets used to benchmark our approach.,1wIt882GHFjb0cKBYVfpCqgE3L0RuLx1V
2023,10.1109/TVCG.2023.3327186,10308629,J,Table,2,tvcg_2023_3327186_table_2.png,4,1201,270,2199,671,2352,3213,0.972,2,Table 2: Compressors used in our multi-component framework (top) and compared against (bottom).,1u4XTD_EjqnqcBNFcii9YA7NhNCbvz9sb
2023,10.1109/TVCG.2023.3327186,10308629,J,Equations,2,tvcg_2023_3327186_eq_2.png,4,1570,2777,2235,2872,2352,3213,0.934,3,,1RM31iAD8P2YLKH3xvq-Tdk86BtEc2L4_
2023,10.1109/TVCG.2023.3326598,10290965,J,Equations,1,tvcg_2023_3326598_eq_1.png,4,248,2476,1058,2709,2352,3213,0.469,10,,1lDIDrsg2FXa6ZO3EEzU7GgtFsEgexOXp
2023,10.1109/TVCG.2023.3326598,10290965,J,Equations,2,tvcg_2023_3326598_eq_2.png,4,1313,2510,2100,2687,2352,3213,0.716,10,,1RrLWoYE_qiGqeFOqtCoaHKNVKI9A5G7T
2023,10.1109/TVCG.2023.3326598,10290965,J,Equations,3,tvcg_2023_3326598_eq_3.png,4,1194,2871,2223,3039,2352,3213,0.792,10,,1MzkDN33I4tB5rUKOKeghVB42YnjAstlL
2023,10.1109/TVCG.2023.3326914,10294261,J,Table,1,tvcg_2023_3326914_table_1.png,4,99,959,1122,1460,2352,3213,0.97,2,Table 1: Description of the visualisations used in the interviews. Type indicates whether the visualisation is embellished (e) or plain (p).,1TbYgEasqjZicFcJGaZYbB6eYK-wZaC2W
2023,10.1109/TVCG.2023.3326914,10294261,J,Table,2,tvcg_2023_3326914_table_2.png,4,130,2167,1092,3007,2352,3213,0.972,2,Table 2: Overview of our interview participants' demographic data,1sS4-DirJpnG4vPjYVGInjrZSy4SV5O7A
2024,10.1109/TVCG.2024.3456216,10670523,J,Table,1,tvcg_2024_3456216_table_1.png,3,1215,2060,2270,2736,2352,3213,0.979,2,Table 1: Player and event attributes,1IwRnUod8JkuN2fhR_78uoqrUiT8W4CwX
2024,10.1109/TVCG.2024.3456216,10670523,J,Equations,1,tvcg_2024_3456216_eq_1.png,4,1419,2843,2235,2910,2352,3213,0.929,2,\begin{equation*}C_{match}(p_{j})=I_{match}(P_{j})-I_{match}(P_{i}).\tag{1}\end{equation*},1BntWdK79a03VlxfOvwBFhjVF269HFIDg
2024,10.1109/TVCG.2024.3456216,10670523,J,Equations,2,tvcg_2024_3456216_eq_2.png,5,259,1489,1178,1554,2352,3213,0.94,2,"\begin{equation*}C_{behavior}(p_{j})=I_{action}(a(p_{j},S))-I_{action}(a(p_{i},S)),\tag{2}\end{equation*}",1PMeLWa10XrnrE8RUBTyg-S_3iOtRs17r
2024,10.1109/TVCG.2024.3456216,10670523,J,Table,2,tvcg_2024_3456216_table_2.png,5,117,2604,1163,3047,2352,3213,0.816,2,Table 2: The model evaluation results,1kGPyoV5mbEHE44mcFDq_cYU3no99oEIj
2024,10.1109/TVCG.2024.3456200,10670515,J,Table,1,tvcg_2024_3456200_table_1.png,3,1214,1198,2273,1719,2352,3213,0.915,1,Table 1: Basketball Data Description,1S8SVejShn2VHXeZiIs9isojJOrcLt5Uq
2024,10.1109/TVCG.2024.3456160,10670532,J,Equations,1,tvcg_2024_3456160_eq_1.png,6,136,1254,1081,1406,2352,3213,0.934,1,\begin{equation*}cd=\alpha \ast \sqrt{\frac{1}{\vert X\vert} \sum\limits_{x \in X}\left(\ln (\frac{p_{x}}{p_{x}-1})-\frac{1}{\vert X\vert} \sum\limits_{k \in X}\left(\ln (\frac{p_{k}}{p_{k}-1})\right)\right)^{2}}\end{equation*},1mj8ca99JqZIOEBWgscdmUWEKZyI3t_It
2024,10.1109/TVCG.2024.3456319,10680339,J,Table,1,tvcg_2024_3456319_table_1.png,3,118,195,1177,713,2352,3213,0.941,4,Table 1: Representations of collected in-game visualizations in motion,1Vf-jrgdPf_N6CCDIqmT5AH_NmJdZXmhD
2024,10.1109/TVCG.2024.3456319,10680339,J,Table,2,tvcg_2024_3456319_table_2.png,3,1220,233,2254,653,2352,3213,0.943,4,Table 2: Embedding locations and movement autonomy of collected data types visualized under motion,1JBRClFw72bXfYRhDp2GCG-S9hREHvJzQ
2024,10.1109/TVCG.2024.3456319,10680339,J,Table,3,tvcg_2024_3456319_table_3.png,7,118,314,1178,808,2352,3213,0.936,4,"Table 3: Gaming performance scores across all 18 participants: Every single square represents a participant. : non-integrated design, : partial-match design, : fully-integrated design",1ieVUMMbiFMv6g24Sg5JHHBLp6aN6Y0CQ
2024,10.1109/TVCG.2024.3456319,10680339,J,Table,4,tvcg_2024_3456319_table_4.png,8,84,273,2237,725,2352,3213,0.97,4,"Table 4: Right: Measured aesthetics and readabilities from the in-game questionnaire on 7-point Likert scales. Left: Rankings of visualization designs according to the questions asked in the post-questionnaire. : non-integrated design, : partial-match design, : fully-integrated design",1djqoPpuox6spaEkEZykukIrDnWeEVhNK
2024,10.1109/TVCG.2024.3456365,10670572,J,Algorithms,1,tvcg_2024_3456365_alg_1.png,3,117,1737,1177,2586,2352,3213,1.0,0,,1cg0NUHGDhJjZgy0q0nOBKao18bXPc6Vw
2024,10.1109/TVCG.2024.3456365,10670572,J,Algorithms,2,tvcg_2024_3456365_alg_2.png,4,1174,1405,2234,1812,2352,3213,1.0,0,,1cRQ7QkrlTyRf0qV6f9Kdr8_g4EabrY2q
2024,10.1109/TVCG.2024.3456365,10670572,J,Table,1,tvcg_2024_3456365_table_1.png,5,1327,213,2158,615,2352,3213,0.972,4,Table 1: Data sets used in our experiments.,14RNSWR_dJVc_eYcrLL5__9GIsyhP9Uch
2024,10.1109/TVCG.2024.3456365,10670572,J,Table,2,tvcg_2024_3456365_table_2.png,5,1370,769,2108,1210,2352,3213,0.97,4,"Table 2: Comparing time to compute the EMST and the AMST. Note that as the data size/dimension increases, we are able to achieve a significant speedup in the running times.",15zspC3OH3WhuQ4QrDT0xFVMWRFxqd3Kq
2024,10.1109/TVCG.2024.3456365,10670572,J,Table,3,tvcg_2024_3456365_table_3.png,6,217,202,998,610,2352,3213,0.976,4,Table 3: Approximation quality of the AMST.,16KMi2nXPUaIKkaKaNfSruLp8Pe873qjW
2024,10.1109/TVCG.2024.3456365,10670572,J,Table,4,tvcg_2024_3456365_table_4.png,7,290,2292,996,2518,2352,3213,0.971,4,Table 4: Number of correct and model answers from each option.,1O7uVOA2BEcvhKFlnUa4g8sDVYgylDIZq
2024,10.1109/TVCG.2024.3456315,10689484,J,Table,1,tvcg_2024_3456315_table_1.png,4,1190,753,2204,1438,2352,3213,0.979,2,Table 1: Common terminology used in the BIM-to-BEM conversion workflow and in this paper.,11l0YOtqdmRTgrlZnn3oQMm4IRcDPaJ5X
2024,10.1109/TVCG.2024.3456315,10689484,J,Table,2,tvcg_2024_3456315_table_2.png,9,122,349,1171,685,2352,3213,0.959,2,"Table 2: Evaluation results. the scores are according to the evaluation components Insight, Time, Essence, and Confidence as defined by Wall et al. [62]. An average value greater than five is considered a success.",1zO3FtZT9KikCs6muRbusBYNxZOTd5aGd
2024,10.1109/TVCG.2024.3456370,10672535,J,Equations,1,tvcg_2024_3456370_eq_1.png,6,432,924,786,1031,2352,3213,0.478,3,,1dHmQgPpNRVsdaxQF5ClIsgPDiARanmAs
2024,10.1109/TVCG.2024.3456370,10672535,J,Equations,2,tvcg_2024_3456370_eq_2.png,6,313,1435,905,1524,2352,3213,0.813,3,,1cEEOxxpoXceLx-gM4d74GpCzgBGZKv8y
2024,10.1109/TVCG.2024.3456199,10670434,J,Table,1,tvcg_2024_3456199_table_1.png,3,110,282,2275,1108,2352,3213,0.969,3,,1PXwoms_W3GcWiCrYbPMzkCoAQWgbiUS5
2024,10.1109/TVCG.2024.3456199,10670434,J,Table,2,tvcg_2024_3456199_table_2.png,4,1220,2575,2215,2663,2352,3213,0.896,3,,16IwNs-Jwsk-Frw2Ia4LR-u7DSU0_5SSn
2024,10.1109/TVCG.2024.3456199,10670434,J,Table,3,tvcg_2024_3456199_table_3.png,7,113,357,1182,562,2352,3213,0.962,3,,1bFVDqHWsIcF7_OnzUV5wmNxbkH6aWE7p
2024,10.1109/TVCG.2024.3456199,10670434,J,Table,4,tvcg_2024_3456199_table_4.png,7,1206,438,2274,641,2352,3213,0.962,3,,1wTTWua8wtCu5Gj0QnvXjRzDKXa8feXRR
2024,10.1109/TVCG.2024.3456317,10675731,J,Equations,1,tvcg_2024_3456317_eq_1.png,4,1197,1099,2140,1311,2352,3213,0.407,0,,1769lZFENKMd2OBNRTFOX_EvVqqC6NA06
2024,10.1109/TVCG.2024.3456317,10675731,J,Equations,2,tvcg_2024_3456317_eq_2.png,4,1203,1370,2219,1731,2352,3213,0.74,0,,1dDQCk6LWiq7T5REsQSfTUCOXinEcE0oK
2024,10.1109/TVCG.2024.3456359,10670067,J,Table,1,tvcg_2024_3456359_table_1.png,7,1237,2788,2243,3056,2352,3213,0.943,1,"Table 1: Distribution of various annotation categories based on their data sources across different annotation types, quantified from a total of 3,610 instances. Box colors indicate frequency: . the last row shows the count of unique occurrences of different annotation categories based on data sources across different annotation types.",18m3-O5KXmFN_wRp-QLlWa4qg1niYhmZ4
2024,10.1109/TVCG.2024.3456601,10672553,J,Table,1,tvcg_2024_3456601_table_1.png,8,142,155,2168,678,2352,3213,0.975,1,"Table 1: Our set of 12 heuristics for the use of text in dashboards, based on the work of Setlur et al. [48].",1FX-8ZGauFGGXGX98-nFXikR2-WjukvGK
2024,10.1109/TVCG.2024.3456364,10670469,J,Equations,1,tvcg_2024_3456364_eq_1.png,4,1567,1260,1843,1326,2352,3213,0.908,4,"\begin{equation*} Q=(N,\{T\vert N^{\prime}\})\end{equation*}",1WmMupFYaq8GvYWaapCn5t073KnzUYCMg
2024,10.1109/TVCG.2024.3456364,10670469,J,Equations,2,tvcg_2024_3456364_eq_2.png,4,1509,1682,1899,1743,2352,3213,0.911,4,"\begin{equation*} context_{t}=(q_{0}, q_{1}, \ldots,
                            q_{t})\end{equation*}",1E_cxHCCZXocUiiG09UzG7FtfWdCQzF-O
2024,10.1109/TVCG.2024.3456364,10670469,J,Equations,3,tvcg_2024_3456364_eq_3.png,4,1399,2139,2007,2246,2352,3213,0.946,4,"\begin{equation*} Subgraph_{Q}=\bigcup_{n_{i}\in
                            n_{1},n_{2},..,n_{k}}Neighbor(n_{i})\end{equation*}",16_e46FV61cvp8VvUqBfLbGqmytlO66hi
2024,10.1109/TVCG.2024.3456364,10670469,J,Equations,4,tvcg_2024_3456364_eq_4.png,4,1270,2394,2144,2507,2352,3213,0.899,4,"\begin{equation*} Recommendations =\bigcup_{n_{i} \in context
                            \wedge\{n_{j} \vert t_{k}\} \in Subgraph _{Q}}(n_{i}, n_{j} \vert
                            t_{k})\end{equation*}",1enkBk_hEoYhx8pZSjUZBC40-3jnbnV-B
2024,10.1109/TVCG.2024.3456406,10672552,J,Equations,1,tvcg_2024_3456406_eq_1.png,6,347,2180,1140,2327,2352,3213,0.955,1,"\begin{equation*} W_{p}(P,Q)=\left(\frac{1}{n}\sum_{i=1}^{n}\Vert
                                X_{i}-Y_{i}\Vert^{p}\right)^{\frac{1}{p}}\tag{1}\end{equation*}",11BKXP0ZJrAYRNsYxe2wGRBRQFkTQpA6A
2024,10.1109/TVCG.2024.3456372,10670072,J,Equations,1,tvcg_2024_3456372_eq_1.png,2,1442,1506,2235,1571,2352,3213,0.939,18,"\begin{equation*}\mathbf{x}=\mathbf{z}_{K}=f_{K} \circ f_{K-1} \circ \cdots \circ f_{1}(\mathbf{z}_{0}),\tag{1}\end{equation*}",14Mx4nL6EpKOfOVpAfreowmOxkZbpf9C0
2024,10.1109/TVCG.2024.3456372,10670072,J,Equations,2,tvcg_2024_3456372_eq_2.png,2,1296,1848,2235,1972,2352,3213,0.95,18,\begin{equation*}\log p_{K}(\mathbf{z}_{K})=\log p_{0}(\mathbf{z}_{0})-\sum_{i=1}^{K} \log \left\vert\text{det} \frac{\partial f_{i}(\mathbf{z}_{i-1})}{\partial \mathbf{z}}{ }_{i-1}\right\vert.\tag{2}\end{equation*},1AZDRkZ78D8eVOqJHZzIvzOsPs6ioge8l
2024,10.1109/TVCG.2024.3456372,10670072,J,Equations,3,tvcg_2024_3456372_eq_3.png,2,1425,2461,2236,2599,2352,3213,0.941,18,"\begin{gather*}\mathbf{z}_{1: j}^{\prime}=\mathbf{z}_{1: j}, \\
\mathbf{z}_{j+1: d}^{\prime}=T(\mathbf{z}_{1: j})+S(\mathbf{z}_{1: j}) \odot \mathbf{z}_{j+1: d}.\tag{3}\end{gather*}",1pvsl0BY4mqYB3YN_p0UlIHDghAgrvc33
2024,10.1109/TVCG.2024.3456372,10670072,J,Equations,4,tvcg_2024_3456372_eq_4.png,2,1423,2824,2235,2960,2352,3213,0.941,18,"\begin{gather*}\mathbf{z}_{1: j}=\mathbf{z}_{1: j}^{\prime}, \\
\mathbf{z}_{j+1: d}=(\mathbf{z}_{j+1: d}^{\prime}-T(\mathbf{z}_{1: j})) / S(\mathbf{z}_{1: j}).\tag{4}\end{gather*}",1gffY2We1MrblZwdc6y_xXLs94kWDzM2q
2024,10.1109/TVCG.2024.3456372,10670072,J,Equations,5,tvcg_2024_3456372_eq_5.png,3,1532,1300,2273,1365,2352,3213,0.929,18,"\begin{equation*}\mathbf{z}=g_{e}(\mathbf{x}), \text { and } \mathbf{x}^{\prime}=g_{d}(\mathbf{z}).\tag{5}\end{equation*}",12GjMRbBIeprhCsavZZ_obt2YkEC-fRcj
2024,10.1109/TVCG.2024.3456372,10670072,J,Equations,6,tvcg_2024_3456372_eq_6.png,3,1594,3009,2274,3070,2352,3213,0.93,18,"\begin{equation*}\mathbf{z}=\mathbf{z}_{K}=f(\mathbf{z}_{0},\mathbf{c}),\tag{6}\end{equation*}",1T1vevCJ5WJ8lm040R5dZ0kIblEC-TMsL
2024,10.1109/TVCG.2024.3456372,10670072,J,Equations,7,tvcg_2024_3456372_eq_7.png,4,392,1221,1140,1287,2352,3213,0.93,18,"\begin{equation*}
p_{0}(\mathbf{z}_{0} \vert \mathbf{c})=\mathscr{N}(\mathbf{z}_{0}; \mu_{c}, \Sigma_{c}),\tag{7}\end{equation*}",12J1dqLlyLZxZREmLu94s50zE_Y6qYp0G
2024,10.1109/TVCG.2024.3456372,10670072,J,Equations,8,tvcg_2024_3456372_eq_8.png,4,269,1520,2235,1707,2352,3213,0.959,18,"\begin{gather*}\log p(\mathbf{z} \vert \mathbf{c})=\log p_{K}(\mathbf{z}_{K} \vert\mathbf{c}) \\
=\log p_{0}(\mathbf{z}_{0} \vert\mathbf{c})-\sum_{i=1}^{K} \log \left\vert\text{det} \frac{\partial f_{i}(\mathbf{z}_{i-1} \vert\mathbf{c})}{\partial \mathbf{z}_{i-1}}\right\vert.\tag{8}\end{gather*}",1xg0gXkBtbGFQjAWueKHY-hSwMFZG6m6H
2024,10.1109/TVCG.2024.3456372,10670072,J,Equations,9,tvcg_2024_3456372_eq_9.png,4,493,2220,1140,2337,2352,3213,0.835,18,"\begin{gather*}\mathbf{m}=f_{c}(\mathbf{z}_{0}, \mathbf{c}), \\
\mathbf{z}_{K}=f_{u}(\mathbf{m}),\tag{9}\end{gather*}",1mic87EBO4CcTdCUV22K4dz-VYIMZRqBn
2024,10.1109/TVCG.2024.3456372,10670072,J,Algorithms,1,tvcg_2024_3456372_alg_1.png,4,1174,156,2234,881,2352,3213,1.0,2,Algorithm 1 Surrogate prediction with uncertainty quantification,1G1xA9HX0q2ty4Yxpmmp68p3L1d7yhuzh
2024,10.1109/TVCG.2024.3456372,10670072,J,Equations,10,tvcg_2024_3456372_eq_10.png,4,1510,1537,2235,1657,2352,3213,0.899,18,"\begin{align*}
< \ldots, \mathbf{z}_{c} > & =f_{u}^{-1}(g_{e}(\mathbf{x})), \\
\mathbf{c} & =\mathbf{z}_{c}.\tag{10}\end{align*}",1SMfK0UYznAO4DI5_Fyl5Mtj6hdyQsOla
2024,10.1109/TVCG.2024.3456372,10670072,J,Equations,11,tvcg_2024_3456372_eq_11.png,4,1534,2421,2235,2487,2352,3213,0.922,18,\begin{equation*}\mathscr{L}_{a e}=\mathbb{E}_{\mathbf{x}}[\Vert\mathbf{x}-\mathbf{x}^{\prime}\Vert_{2}^{2}]. \tag{11}\end{equation*},1UN16Pulzu4HGWQX65KcyO3xmdb5_izJo
2024,10.1109/TVCG.2024.3456372,10670072,J,Equations,12,tvcg_2024_3456372_eq_12.png,4,1536,2732,2235,2800,2352,3213,0.936,18,\begin{equation*}\mathscr{L}_{flow}=\mathscr{L}_{f}+\alpha \mathscr{L}_{c}.\tag{12}\end{equation*},1CObMf958gWpM_oeRfx3vcZoi_mV7WBid
2024,10.1109/TVCG.2024.3456372,10670072,J,Equations,13,tvcg_2024_3456372_eq_13.png,4,1501,3006,2236,3072,2352,3213,0.927,18,"\begin{equation*}\mathscr{L}_{f}=\mathbb{E}_{\mathbf{z}, \mathbf{c}}[-\log p(\mathbf{z} \vert \mathbf{c})]. \tag{13}\end{equation*}",1FyGCtD2B1faKHsdGtN_xnEo6wgyx3obV
2024,10.1109/TVCG.2024.3456372,10670072,J,Equations,14,tvcg_2024_3456372_eq_14.png,5,471,482,1178,549,2352,3213,0.92,18,"\begin{equation*}\mathscr{L}_{c}=\mathbb{E}_{\mathbf{x}, \mathbf{c}}[\Vert\mathbf{z}_{c}-\mathbf{c}\Vert_{1}].\tag{14}\end{equation*}",1jjGKx2WN49OVHB_CC2PtovT5XwWdVYsO
2024,10.1109/TVCG.2024.3456372,10670072,J,Equations,15,tvcg_2024_3456372_eq_15.png,5,170,2537,1178,2654,2352,3213,0.829,18,"\begin{gather*}
F(\mathbf{c}, C_{u s r}, S_{u s r}) \\
=w_{1} \cdot \text{sim}(\bar{\mathbf{x}}, X_{u s r}, S_{u s r})+w_{2} \cdot \text{div}(\mathbf{c}, C_{u s r})+w_{3} \cdot \text{unc}(\mathbf{x}_{v a r}),\tag{15}\end{gather*}",1uN06tpn3K2UBBYe2bVwy3RXwgs0rWVdC
2024,10.1109/TVCG.2024.3456372,10670072,J,Equations,16,tvcg_2024_3456372_eq_16.png,5,1310,268,2274,390,2352,3213,0.937,18,"\begin{equation*}\text{sim}(\bar{\mathbf{x}}, X_{u s r}, S_{u s r})=\sum_{\bar{\mathbf{x}}_{u s r} \in X_{u s r}, s_{u s r} \in S_{u s r}} \frac{1}{\text{distance}(\bar{\mathbf{x}}, \bar{\mathbf{x}}_{u s r})} \cdot s_{u s r}.\tag{16}\end{equation*}",1nV1vg8Zi8CdI2XbjOkriD1m8zyzYAB7u
2024,10.1109/TVCG.2024.3456372,10670072,J,Equations,17,tvcg_2024_3456372_eq_17.png,5,1474,763,2274,875,2352,3213,0.948,18,"\begin{equation*}\text{div}(\mathbf{c}, C_{u s r})=\sum_{\mathbf{c}_{u s r} \in N_{k}(\mathbf{c})} \text{distance}(\mathbf{c}, \mathbf{c}_{u s r}).\tag{17}\end{equation*}",10zOTdi5d-BQS-LJqytfwXbxS5PLXFoJf
2024,10.1109/TVCG.2024.3456372,10670072,J,Equations,18,tvcg_2024_3456372_eq_18.png,5,1582,1152,2273,1265,2352,3213,0.943,18,\begin{equation*}\text{unc}(\mathbf{x}_{var})=\frac{1}{n} \sum_{i=1}^{n}(\mathbf{x}_{var})_{i}.\tag{18}\end{equation*},1qfZSvOxgH0Ik6Wilhj0LDmmRPcO-XC4p
2024,10.1109/TVCG.2024.3456372,10670072,J,Algorithms,2,tvcg_2024_3456372_alg_2.png,5,1211,1905,2271,2459,2352,3213,1.0,2,Algorithm 2 Simulation parameter candidate generation using GA,14QpbkQjiIjgtNn-We_V3g5l2GG6ONi8j
2024,10.1109/TVCG.2024.3456372,10670072,J,Table,1,tvcg_2024_3456372_table_1.png,7,143,280,1141,461,2352,3213,0.943,5,Table 1: Simulation dataset name and simulation parameter range.,1zarN0xvE1lDIBP7HIoR1p_Jt8xF6OzQI
2024,10.1109/TVCG.2024.3456372,10670072,J,Table,2,tvcg_2024_3456372_table_2.png,7,137,520,1147,743,2352,3213,0.953,5,"Table 2: Model size, training time, and test time for each dataset.",1Q4Di98bjAlN5-Ad4-62zvWdQK8wu8tos
2024,10.1109/TVCG.2024.3456372,10670072,J,Table,3,tvcg_2024_3456372_table_3.png,7,266,2348,1017,2644,2352,3213,0.977,5,"Table 3: PSNR and SSIM for AE, SurroFlow and baseline's results.",1FxN9u-BgWiYIOnbqUooG-00V1CvkHcGO
2024,10.1109/TVCG.2024.3456372,10670072,J,Table,4,tvcg_2024_3456372_table_4.png,7,1479,864,1992,1009,2352,3213,0.967,5,Table 4: MAE and cosine similarity for SurroFlow's parameter predictions.,1L8ibmWdZ75fH3CxusXAjI_yTHgEPnqsA
2024,10.1109/TVCG.2024.3456372,10670072,J,Table,5,tvcg_2024_3456372_table_5.png,7,1325,1081,2142,1597,2352,3213,0.966,5,Table 5: Examples of predicted and ground truth simulation parameters,1-F4eX0f0fs-i00Sx9P4fwVkK5vMZbL2l
2024,10.1109/TVCG.2024.3456367,10673783,J,Table,1,tvcg_2024_3456367_table_1.png,7,116,947,2261,1225,2352,3213,0.977,1,Table 1: Comparison of hypergraph simplification methods for reducing forbidden sub-hypergraphs in paper-author datasets. Each dataset is collected from the DBLP database [22] and consists of a maximal connected subset of publications in the specified year range from the IEEE journals transactions on pattern analysis and machine intelligence (TPAMI) and transactions on visualization and computer graphics (TVCG). Each simplification was run until the input no longer contained forbidden sub-hypergraphs. Note that our method is more efficient and uses fewer operations to achieve this.,1n9a0Z_lxgrHHtehuUwXhYZ-rqzc_vFh7
2024,10.1109/TVCG.2024.3456192,10681196,J,Table,1,tvcg_2024_3456192_table_1.png,8,1176,721,2228,845,2352,3213,0.943,1,Table 1: The average number of patterns participants correctly identified in three testing matrices in the quantitative study. SL: Strong links.,1bMLrswbeACvQweSKIBNHWF2MccgYfGvd
2024,10.1109/TVCG.2024.3456321,10673788,J,Table,1,tvcg_2024_3456321_table_1.png,7,1211,1423,2287,1955,2352,3213,0.934,3,"Table 1: The accuracy and time taken for tasks between the original graph and the AdaMotif. The tested datasets are classified into three scales, and the tasks are divided into three categories.",1WDYlH8vZD1yi9SYVc8dHFbLylGiwK75r
2024,10.1109/TVCG.2024.3456321,10673788,J,Table,2,tvcg_2024_3456321_table_2.png,8,74,309,1150,630,2352,3213,0.971,3,"Table 2: The results of the normal distribution test for the objective questions (*, $p < 0.05$), where * indicates that the data significantly deviates from a normal distribution.",1gGPM944pxW8kCA21f2HqP9VgAlK3TR7Y
2024,10.1109/TVCG.2024.3456321,10673788,J,Table,3,tvcg_2024_3456321_table_3.png,8,221,823,992,1061,2352,3213,0.975,3,"Table 3: The results of the normal distribution test for the subjective questions (*, $p < 0.05$), where * indicates that the data significantly deviates from a normal distribution.",1xJTeK2_Z4wXopfLaXzb-RURhwaKbA8wW
2024,10.1109/TVCG.2024.3456296,10670558,J,Equations,1,tvcg_2024_3456296_eq_1.png,3,1251,2457,1547,2510,2352,3213,0.746,11,,1TtJSvg0z7mo_vPSe-hLbHfMFqUMsYpQC
2024,10.1109/TVCG.2024.3456296,10670558,J,Equations,2,tvcg_2024_3456296_eq_2.png,6,1214,343,1816,396,2352,3213,0.479,11,,1XYaOALoG2917QHey9PphEZAitKHqS5NB
2024,10.1109/TVCG.2024.3456296,10670558,J,Equations,3,tvcg_2024_3456296_eq_3.png,6,1215,568,1442,619,2352,3213,0.467,11,,1YbRH1sZUaZfU-Zhu_Xe1Lr7F4mC8IIWF
2024,10.1109/TVCG.2024.3456296,10670558,J,Equations,4,tvcg_2024_3456296_eq_4.png,6,1214,966,1716,1017,2352,3213,0.407,11,,1FOkXRvX1K5qeUsK0GG5MKmeGGjatNrbz
2024,10.1109/TVCG.2024.3456296,10670558,J,Table,1,tvcg_2024_3456296_table_1.png,8,81,311,2232,1289,2352,3213,0.978,1,"Table 1: A comparison of the primitives (i.e., components and operations) defined in various data visualization frameworks. A ✓ means the primitive is included in the framework, but the paper does not formally name it. If a primitive is named, we include the name used in the paper in the corresponding cell. A ✗ means the primitive is not included in the paper.",1Uwl7F3x9p4GlOpLtRZcSptjt4MkeYV6a
2024,10.1109/TVCG.2024.3456369,10670565,J,Equations,1,tvcg_2024_3456369_eq_1.png,4,1440,2361,2235,2431,2352,3213,0.931,7,,1ItWIx_cXqh1hEC2evGWnuWIlrthO612S
2024,10.1109/TVCG.2024.3456369,10670565,J,Equations,2,tvcg_2024_3456369_eq_2.png,4,1363,2695,2235,2783,2352,3213,0.936,7,,1_V2cS1mws94PzkTiwSIA89_msGZZ1O8v
2024,10.1109/TVCG.2024.3456369,10670565,J,Equations,3,tvcg_2024_3456369_eq_3.png,5,239,732,1178,872,2352,3213,0.953,7,,1ldu09IYgX1d_7HayjItIKXTNpYgpJxEL
2024,10.1109/TVCG.2024.3456369,10670565,J,Equations,4,tvcg_2024_3456369_eq_4.png,5,207,1390,1179,1528,2352,3213,0.955,7,,1CpQpJ2X7gfWQxR_QQsJ5LZckSK9of7F9
2024,10.1109/TVCG.2024.3456369,10670565,J,Equations,5,tvcg_2024_3456369_eq_5.png,5,257,1969,1178,2071,2352,3213,0.953,7,,1Q60xeOW9PXprscb1kNlzLkQMGoY63xMH
2024,10.1109/TVCG.2024.3456369,10670565,J,Equations,6,tvcg_2024_3456369_eq_6.png,5,1453,416,2274,532,2352,3213,0.918,7,,1ty-j9ymrwXMqJ45kem8ZseXaq-vIWQlS
2024,10.1109/TVCG.2024.3456369,10670565,J,Equations,7,tvcg_2024_3456369_eq_7.png,5,1330,603,2273,700,2352,3213,0.505,7,,1wbIII_kfSxRAEXqpS9PBw2kL1QgWWIna
2024,10.1109/TVCG.2024.3456369,10670565,J,Equations,8,tvcg_2024_3456369_eq_8.png,5,1771,695,2273,809,2352,3213,0.918,7,,1gHY_CraISgSKtR9O1EfKB-T3bAzpvkey
2024,10.1109/TVCG.2024.3456369,10670565,J,Table,1,tvcg_2024_3456369_table_1.png,7,1306,291,2160,950,2352,3213,0.976,2,Table 1: The t-tests results for main measures in our study. Significant effects are indicated by bold text and the corresponding rows are highlighted in green.,1nmOL2lzK9IYaC94RwHbXULD-O-uNZIKw
2024,10.1109/TVCG.2024.3456369,10670565,J,Equations,9,tvcg_2024_3456369_eq_9.png,7,1434,1293,2273,1418,2352,3213,0.952,7,,1dcYzil17MfCGeYIMAps8pWPL-GgtaTuS
2024,10.1109/TVCG.2024.3456369,10670565,J,Table,2,tvcg_2024_3456369_table_2.png,8,175,291,1028,991,2352,3213,0.975,2,Table 2: Significance results for different interaction behaviors in our study. Significant effects are indicated by bold text and the corresponding rows are highlighted in green.,18XGxqM_l4DM9GQmYWHc19RWr6tG-B-Gq
2024,10.1109/TVCG.2024.3456371,10672545,J,Table,1,tvcg_2024_3456371_table_1.png,6,1174,1359,2230,1697,2352,3213,0.889,1,"Table 1: We evaluate COMPRESS AND COMPARE with 8 compression practitioners. While each participant uses compression in their work, they have diverse roles, ML applications, and compression workflows.",1ADDdd8H7G33khvC3qr1iH_3DA5UjAtjq
2024,10.1109/TVCG.2024.3456187,10670552,J,Table,1,tvcg_2024_3456187_table_1.png,4,143,229,2156,929,2352,3213,0.985,1,"Table 1: Alignment of tasks with bloom's Taxonomy of cognitive processes, associated strategy components, and discovered exploration strategies.",1di04scArSoZk3n5OL4yz3rqG6jr1VSm8
2024,10.1109/TVCG.2024.3456510,10684003,J,Table,1,tvcg_2024_3456510_table_1.png,4,77,323,2229,3019,2352,3213,0.97,2,"Table 1: The action-input-output-criteria quartet characterizing techniques in our multi-level task framework. Each technique is defined by the action performed, the input data components, the desired output components, and the criteria guiding the transformation.",1szzGvHDBbERixvVX8dps-E8eMAMymgpb
2024,10.1109/TVCG.2024.3456510,10684003,J,Table,2,tvcg_2024_3456510_table_2.png,8,77,246,2257,1404,2352,3213,0.98,2,"Table 2: Comparative analysis of task mappings for three case study excerpts from SeqCausal [30], RASIPAM [68] and FlexEvent [41] using our multi-level task framework and existing task taxonomies (Plaisant et al. [54], Du et al. [14], Peiris et al. [49]). The color scheme indicates the level of alignment: No match and partial match. Our framework demonstrates more comprehensive mapping compared to existing taxonomies",1iiQk3gOALle2kxYMr-91Frk1vDRljqz3
2024,10.1109/TVCG.2024.3456358,10670085,J,Table,1,tvcg_2024_3456358_table_1.png,3,1326,1496,2150,1968,2352,3213,0.913,5,"Table 1: Participant demographic information, detailing age, level of blindness (TB = totally blind, LB = legally blind), onset of vision loss, and self-rated competency using Tactile Graphics (TG).",1DUz_fB9VuYttRvKEht_OXphZH8kM8ArZ
2024,10.1109/TVCG.2024.3456358,10670085,J,Table,2,tvcg_2024_3456358_table_2.png,5,1244,351,2244,925,2352,3213,0.972,5,"Table 2: Modalities that participants used when performing basic functions and data operations (T = touch, C = conversation, G = touch gesture, K = keyboard, G+C = touch gesture and conversation); modalities used in more than 20% of each task/operation are highlighted.",1u7qiwopq3Ja3OpN7ioxgKgYLGo_mNAlb
2024,10.1109/TVCG.2024.3456358,10670085,J,Table,3,tvcg_2024_3456358_table_3.png,5,1229,1074,2258,1649,2352,3213,0.975,5,"Table 3: Modality interaction patterns specified; the modalities involved in each pattern (T = touch, G = touch gestures, C = conversation).",1-bbKhypixWf85gumSD6RXLXFd87d3NKi
2024,10.1109/TVCG.2024.3456358,10670085,J,Table,4,tvcg_2024_3456358_table_4.png,6,100,310,2214,827,2352,3213,0.975,5,"Table 4: Modality interaction patterns for four task types (exploration, identifying specific values, identifying extreme values, and describing a trend); Touch is directed unless otherwise specified; number of times each pattern was used, percentage for each task type, and number of unique participants that performed each pattern during each task type; finally, the top two patterns employed during each task type are highlighted.",1EOxSFTX53PrdQiV9ISEy9vj4yylsSGU1
2024,10.1109/TVCG.2024.3456358,10670085,J,Table,5,tvcg_2024_3456358_table_5.png,7,118,351,1179,863,2352,3213,0.939,5,"Table 5: QA strategy use classified by self-reported level of tactile experience (low [limited/none] = P4, P5, P9; medium [some] = P6, P7, P8; high [substantial] = P1, P2, P3, P10, P11); the top two patterns employed by each group, based on tactile experience, are highlighted.",1PxMPnfwpli36bsGPghvSYt2Cd5gKFBsO
2024,10.1109/TVCG.2024.3456316,10673881,J,Equations,1,tvcg_2024_3456316_eq_1.png,3,467,721,1179,782,2352,3213,0.916,4,"\begin{equation*}\mathrm{F}_{k}:=-\kappa(\mathrm{s}-\mathrm{p})-\tau\dot{\mathrm{s}},\tag{1}\end{equation*}",1j6ZdYJyaYH935otflP2vumegZUtriaFz
2024,10.1109/TVCG.2024.3456316,10673881,J,Equations,2,tvcg_2024_3456316_eq_2.png,3,1289,1202,2272,1271,2352,3213,0.933,4,"\begin{equation*}
f_{\text {decay}}(x)=A g(x) e^{-B g(x)}, \quad \text {where} g(x)=0.78 x+0.02\tag{2}\end{equation*}",13l9O8u_wH58nvp-Ku7qPzl-uwQ1zzmHs
2024,10.1109/TVCG.2024.3456316,10673881,J,Equations,3,tvcg_2024_3456316_eq_3.png,7,367,2681,1178,2809,2352,3213,0.945,4,"\begin{equation*}\left[\frac{1}{|\mathcal{B}|} \sum_{(i, j) \in \mathcal{B}}\left(D_{\mathrm{G}}[i, j]-D_{\mathrm{X}}[i, j]\right)^2\right]^{\frac{1}{2}}\tag{3}\end{equation*}",1vH_ZmQ2_BdxCYOhdH1b-M-2UD4vDyRcy
2024,10.1109/TVCG.2024.3456316,10673881,J,Equations,4,tvcg_2024_3456316_eq_4.png,8,366,1751,1140,1819,2352,3213,0.94,4,"\begin{equation*}\text{SD}\left[\left\{\nabla^2 D_X[i, j]:(i, j) \in \mathcal{B}\right\}\right]\tag{4}\end{equation*}",1-76BCnMij5O8veDuoNSNq2DggtG3KSRL
2024,10.1109/TVCG.2024.3456368,10670539,J,Equations,1,tvcg_2024_3456368_eq_1.png,6,1518,2850,2235,2976,2352,3213,0.908,2,"\begin{equation*}\rho_{0}=\frac{1}{N_{V_{CR}}}\sum\limits_{n=1}^{N_{V_{CR}}}\rho(\mathbf{r}^{(n)}),\tag{1}\end{equation*}",1ufjp7ES01C5KU6esy8quJ4g5KGd7PG1w
2024,10.1109/TVCG.2024.3456368,10670539,J,Equations,2,tvcg_2024_3456368_eq_2.png,7,366,202,1179,266,2352,3213,0.914,2,"\begin{equation*}
V=\{\mathbf{r}\vert \mathbf{r}\in B, \mathbf{r}\in V_{CR}, \rho(\mathbf{r}) > \rho_{0}\},\tag{2}\end{equation*}",1Xkftoz4sRTPxY46rORa9kuz2XboPiYx0
2024,10.1109/TVCG.2024.3456363,10689494,J,Equations,1,tvcg_2024_3456363_eq_1.png,5,337,1985,957,2097,2352,3213,0.934,1,"\begin{equation*}\text{IG} (P, Q)=\sum\limits_{i}P(i)\log\left(\frac{P(i)}{Q(i)}\right)\times R\times C,\end{equation*}",1uDIfdEc1bTAlclQfeNBCEGFYNt_RidQi
2024,10.1109/TVCG.2024.3456300,10670073,J,Table,1,tvcg_2024_3456300_table_1.png,4,304,1242,918,1402,2352,3213,0.975,2,"Table 1: AAV implementations. We provide two AAV implementations; a data-agnostic one for 2D, and a data-aware one for 3D.",1pL65uX5WMKqWjscR44dGAmbUzBbMKNXB
2024,10.1109/TVCG.2024.3456300,10670073,J,Table,2,tvcg_2024_3456300_table_2.png,7,203,1907,1093,2262,2352,3213,0.963,2,Table 2: Experimental conditions. Six combinations of presentation and triggers used for the experiment; three per platform (2d and 3d).,1zTQoq31xwmIf85dthjXmT2AOzDbDnfgw
2024,10.1109/TVCG.2024.3456291,10678815,J,Table,1,tvcg_2024_3456291_table_1.png,5,113,210,2325,832,2352,3213,0.977,2,Table 1: Summary of the visualization courses for the participants in our final analysis.,1eRxrWyVrOYcUrUCxJHW2FTUMU-BPq961
2024,10.1109/TVCG.2024.3456291,10678815,J,Table,2,tvcg_2024_3456291_table_2.png,6,102,209,2219,1984,2352,3213,0.71,2,"Table 2: The higher-level qualitative codes, a description and example of each, and a list of sub-codes if applicable.",1zG5SsOxCtlL2CkHanra-0VtL3BF3_RsX
2024,10.1109/TVCG.2024.3456318,10681245,J,Table,1,tvcg_2024_3456318_table_1.png,5,113,206,1183,675,2352,3213,0.975,2,Table 1: Summary of our terms collection.,1lPtexylNn-Hm-1eTQY7uLnaix90qBgpH
2024,10.1109/TVCG.2024.3456318,10681245,J,Table,2,tvcg_2024_3456318_table_2.png,7,114,249,1181,400,2352,3213,0.963,2,Table 2: Survey-wise and stimulus-wise parallel analyses suggest that 3 to 5 factors are necessary to explain the data better than at random.,1FZNS6eySlUwuLhnOtZwZdSc1RKG-EK4v
2024,10.1109/TVCG.2024.3456333,10679256,J,Table,1,tvcg_2024_3456333_table_1.png,4,93,357,2223,625,2352,3213,0.976,3,"Table 1: Experiment one results: accuracy (acc.) represents the ratio of correct answers to the total questions asked. the f1-score (f1) is the harmonic mean of precision (prec.) and recall (rec.). Across prompts, the models showed higher recall and lower precision, suggesting a tendency toward false positive in prompt #2, copilot chose 3 on a 5-point likert scale in 78% of cases, with accurate scores in the remaining six cases (three misleading and three valid). Relevance (rel.) is the percentage of relevant responses. An LLM's response is considered as relevant if the chart issue is mentioned in the response through keyword matching.",19a2QmIzXX-SvCQOAgcrSIXZewiXtopFI
2024,10.1109/TVCG.2024.3456333,10679256,J,Table,2,tvcg_2024_3456333_table_2.png,6,93,358,2223,625,2352,3213,0.977,3,"Table 2: Experiment two results: the f1-score (F1), precision (prec.), and recall (rec.) assess the llms' performance in an imbalanced setting $(N_{misleading}=30,N_{valid}=12$). Compared to experiment one, the high-recall, low-precision situation has been improved but we are still observing large percentage of false positives. Relevance (rel.) is the percentage of relevant responses. An LLM's response is considered as relevant if the chart issue is reported as one of the pitfalls. Factual correctness (fact.) measures the percentage of correct answers to the factual questions about the chart, e.g., chart type, title, axis, scale, and encoding.",1I4GCNdE5gjNGXePG-I6Ol0ICmQASzcXV
2024,10.1109/TVCG.2024.3456333,10679256,J,Table,3,tvcg_2024_3456333_table_3.png,9,128,316,2257,585,2352,3213,0.954,3,"Table 3: Experiment three results: the f1-score (F1), precision (prec.), and recall (rec.) assess the LLMs' performance in an imbalanced setting (nmisleading = = 12). Relevance (rel.) is the percentage of relevant responses. An LLM's response is considered as relevant if the chart issue is reported as one of the pitfalls. Factual correctness (fact.) measures the percentage of correct answers to the factual questions about the chart, e.g., chart type, title, axis, scale, and encoding. It does not apply to prompt #8 since it instructed LLMs to reply only to the summary question.",1xFGr9pYRXY-8l6ZVXcuHnX6dCfCsIU1h
2024,10.1109/TVCG.2024.3456324,10672520,J,Table,1,tvcg_2024_3456324_table_1.png,3,1277,152,2206,1203,2352,3213,0.97,3,Table 1: Information about participants' experience and work context.,1ev272ED8sStORkQbsVbAAWcz8JJKbVdN
2024,10.1109/TVCG.2024.3456324,10672520,J,Table,2,tvcg_2024_3456324_table_2.png,6,405,152,1912,468,2352,3213,0.977,3,"Table 2: Average ratings for each rudder variant for the different stages of visualization design, as well as the average rating overall. Standard deviations are included in parentheses. Ratings were made on a scale from 1 (negatively impact) to 5 (positively impact).",1m-WrDtbxnxgoHdReAXbSxXKqiCHxO2ue
2024,10.1109/TVCG.2024.3456324,10672520,J,Table,3,tvcg_2024_3456324_table_3.png,7,118,170,2253,1597,2352,3213,0.905,3,"Table 3: Participant responses and quotes regarding the use of written rudders, grouped according to the rudder type chosen by the participant. “process start” refers to how the participant usually begins their design process. Average ratings for selected rudders of all participants were 4.25 or greater. All participants reported that they would use their selected variant in future contexts.",1OWxhrQttYu5O3bBavsnrWqxLtTtGMiUM
2024,10.1109/TVCG.2024.3456407,10670549,J,Table,1,tvcg_2024_3456407_table_1.png,3,1213,190,2264,987,2352,3213,0.976,1,Table 1: Example selection criteria and definitions,1RfpGQyIzKQbaENZvirQfcHloTulC3HMM
2024,10.1109/TVCG.2024.3456298,10681582,J,Table,1,tvcg_2024_3456298_table_1.png,4,91,153,2234,860,2352,3213,0.848,1,"Table 1: The 20 user study participants assigned to newly identified personas for genomics data visualization authoring―“Biologists”, “Computational Biologists”, “Bioinformaticians”, “Software Engineers”, and “Visualization Experts”―with their demographics and skills in genomics (gen.), data processing (data), programming (prog.), and visualization (vis.) and mappings to Bioinformatics personas [78] and Data Science personas [18].",1iECM4c__ZQfEu7eEJdFb23uU5Lw7hzCH
2024,10.1109/TVCG.2024.3456320,10670425,J,Table,1,tvcg_2024_3456320_table_1.png,6,645,2726,1131,2925,2352,3213,0.97,4,"Table 1: Comparison of SRCC and consumed prompt tokens among different readability evaluator prompts. We compare: default, without scale & ticks check, without layout check, and without both checks.",1iYnp7YMOd29rbVViQNfEb7O9wOLNq3Xc
2024,10.1109/TVCG.2024.3456320,10670425,J,Table,2,tvcg_2024_3456320_table_2.png,7,116,249,1180,640,2352,3213,0.956,4,"Table 2: Performance of llms on viseval benchmark. We compare invalid rate, illegal rate, pass rate, readability score, and quality score.",1ruXGvDQypnJyQTJHOCK4CaOE34xmVXzr
2024,10.1109/TVCG.2024.3456320,10670425,J,Table,3,tvcg_2024_3456320_table_3.png,8,1172,2225,2235,2559,2352,3213,0.935,4,Table 3: A comparison of pass rate and readability scores across different approaches for queries involving a single table. the evaluation results are obtained using the GPT-3.5 model.,1Je_vhaOgWZDRY_YY88SVk9qThSO3rLec
2024,10.1109/TVCG.2024.3456320,10670425,J,Table,4,tvcg_2024_3456320_table_4.png,9,139,2529,1147,2708,2352,3213,0.973,4,Table 4: Evaluating the impact of table disruption on pass rate (%).,1hOcbgQVoKtixcEI06ZmJIZ-xdnZEi4o_
2024,10.1109/TVCG.2024.3456360,10669790,J,Table,1,tvcg_2024_3456360_table_1.png,3,1321,193,2163,474,2352,3213,0.862,11,Table 1: Description of data sets used in the experimentation.,1re13ka5qezQuE6Z5zWj2U0Q81ka_510y
2024,10.1109/TVCG.2024.3456360,10669790,J,Table,2,tvcg_2024_3456360_table_2.png,6,1182,2432,2232,2760,2352,3213,0.973,11,"Table 2: Comparison of reconstruction quality (PSNR), error (RMSE), and model storage overhead between mcdropout and ensemble methods.",1tM6lLdx-Xax15-QHncSDw3Ozzz06NTR7
2024,10.1109/TVCG.2024.3456360,10669790,J,Table,3,tvcg_2024_3456360_table_3.png,7,229,1238,1066,1573,2352,3213,0.967,11,"Table 3: PSNR (db) values when the varying number of MC samples are used for computation in the mcdropout method. PSNR increases slowly as the number of MC samples increases. Here, we use 100 MC samples to produce stable reconstruction and uncertainty estimates.",1idkEvfKsyFkRQYGEOZLocq47a4DUyVEw
2024,10.1109/TVCG.2024.3456360,10669790,J,Table,4,tvcg_2024_3456360_table_4.png,7,202,2738,1095,3060,2352,3213,0.971,11,Table 4: PSNR (db) values when varying numbers of ensemble members are used for the ensemble method. We observe that PSNR increase is almost insignificant beyond 15 members upto 30.,1GpaRREp6ZUzZ3-7ieWTUTBCY8O5QnW7a
2024,10.1109/TVCG.2024.3456360,10669790,J,Table,5,tvcg_2024_3456360_table_5.png,7,1218,391,2265,777,2352,3213,0.973,11,"Table 5: Streamline error analysis for mcdropout and ensemble method using chamfer and hausdorff distance metrics. We generate streamlines from 100 uniformly randomly selected seed points for each data set and report their average chamfer and hausdorff distances when compared against ground truth streamlines. We observe that, on average, the ensemble method produces more accurate streamlines.",1FzFeyHH7Nbf9e5DnxIRrbOmRqgg4mYTV
2024,10.1109/TVCG.2024.3456360,10669790,J,Table,6,tvcg_2024_3456360_table_6.png,7,1273,936,2212,1128,2352,3213,0.975,11,Table 6: Average RMSE in predicted critical point locations are reported for mcdropout and ensemble methods. We observe that the ensemble method produces more accurate critical points.,1QSfqNl6r1urm0_Nts2_1k8IiZYrOYntg
2024,10.1109/TVCG.2024.3456360,10669790,J,Table,7,tvcg_2024_3456360_table_7.png,7,1274,2914,2213,3060,2352,3213,0.951,11,"Table 7: We report how the reconstruction quality (psnr) changes when different numbers of dropout layers are used for the mcdropout method. Three configurations are studied: dropout used (1) only at the last residual block; (2) at the last half of the residual blocks; (3) at all the residual blocks. We observe that PSNR decreases with an increasing number of dropout layers as it acts as a strong regularizer. Hence, dropout only at the last residual block is used.",1GE2Vnbw5xgjWczTxAQDedAz8W4RgmvIv
2024,10.1109/TVCG.2024.3456360,10669790,J,Table,8,tvcg_2024_3456360_table_8.png,8,136,233,1083,544,2352,3213,0.969,11,Table 8: PSNR (db) of 100 MC samples with different dropout probabilities during inference.,1h9Oikz2q7m5wlXiCwA7C9FlE0JeBK1Pi
2024,10.1109/TVCG.2024.3456360,10669790,J,Table,9,tvcg_2024_3456360_table_9.png,8,86,736,1135,1063,2352,3213,0.959,11,Table 9: Training time (hours) for mcdropout and ensemble (30 ensemble members) for 500 epochs with a batch size of 2048 and inference time (seconds) for generating final vector field using mcdropout (100 MC samples) and ensemble (30 ensemble members) methods.,1sGAcX4UdCNyprUXZ-Sbm-Be_TdH9DhGS
2024,10.1109/TVCG.2024.3456360,10669790,J,Table,10,tvcg_2024_3456360_table_10.png,8,1179,233,2229,421,2352,3213,0.927,11,Table 10: Evaluating reconstruction quality under different hyperparameter combinations for mcdropout method.,1zdPZk15t6aYoTPZ-GaKQlM4puaP7JS2T
2024,10.1109/TVCG.2024.3456360,10669790,J,Table,11,tvcg_2024_3456360_table_11.png,8,1232,1965,2181,2190,2352,3213,0.973,11,Table 11: Reconstruction quality with varying network depth.,1urXicVC5NfGe3MvC_5PNo5njNgmCGTNp
2025,10.1109/TVCG.2025.3633866,11264315,J,Table,1,tvcg_2025_3633866_table_1.png,5,324,319,2047,852,2352,3213,0.977,2,"Table 1: Demographics of our study participants, including pseudonyms, professional titles, years of experience, and markers of expertise.",1VPNnB-d3qOZtP2pbxiydsYL8gfjTz00J
2025,10.1109/TVCG.2025.3633866,11264315,J,Table,2,tvcg_2025_3633866_table_2.png,5,175,1195,1123,1722,2352,3213,0.969,2,"Table 2: Study participants with word counts from design challenge responses (R1, R2), average word count from diary entries, and interview durations.",1RGEkKzP2jvCaX84YZvrxDmbuyh3jytcG
